tile_id,dataset,parent_id,source_image,x,y,boundary_fraction,split,patch,image_path,gt_path,crop_left,crop_top,crop_width,crop_height,pad_right,pad_bottom
MetalDam/micrograph0/x0_y0,MetalDam,micrograph0,micrograph0.jpg,0,0,0.138428,val,256,/content/drive/MyDrive/phase11-data/data/MetalDam/images/micrograph0.jpg,/content/drive/MyDrive/phase11-persistent/gt_boundaries/MetalDam/micrograph0.png,0,0,1024,703,0,65
MetalDam/micrograph0/x0_y128,MetalDam,micrograph0,micrograph0.jpg,0,128,0.142471,val,256,/content/drive/MyDrive/phase11-data/data/MetalDam/images/micrograph0.jpg,/content/drive/MyDrive/phase11-persistent/gt_boundaries/MetalDam/micrograph0.png,0,0,1024,703,0,65
MetalDam/micrograph0/x0_y256,MetalDam,micrograph0,micrograph0.jpg,0,256,0.137665,val,256,/content/drive/MyDrive/phase11-data/data/MetalDam/images/micrograph0.jpg,/content/drive/MyDrive/phase11-persistent/gt_boundaries/MetalDam/micrograph0.png,0,0,1024,703,0,65
MetalDam/micrograph0/x0_y384,MetalDam,micrograph0,micrograph0.jpg,0,384,0.141327,val,256,/content/drive/MyDrive/phase11-data/data/MetalDam/images/micrograph0.jpg,/content/drive/MyDrive/phase11-persistent/gt_boundaries/MetalDam/micrograph0.png,0,0,1024,703,0,65
MetalDam/micrograph0/x0_y512,MetalDam,micrograph0,micrograph0.jpg,0,512,0.137161,val,256,/content/drive/MyDrive/phase11-data/data/MetalDam/images/micrograph0.jpg,/content/drive/MyDrive/phase11-persistent/gt_boundaries/MetalDam/micrograph0.png,0,0,1024,703,0,65
MetalDam/micrograph0/x128_y0,MetalDam,micrograph0,micrograph0.jpg,128,0,0.152603,val,256,/content/drive/MyDrive/phase11-data/data/MetalDam/images/micrograph0.jpg,/content/drive/MyDrive/phase11-persistent/gt_boundaries/MetalDam/micrograph0.png,0,0,1024,703,0,65
MetalDam/micrograph0/x128_y128,MetalDam,micrograph0,micrograph0.jpg,128,128,0.147842,val,256,/content/drive/MyDrive/phase11-data/data/MetalDam/images/micrograph0.jpg,/content/drive/MyDrive/phase11-persistent/gt_boundaries/MetalDam/micrograph0.png,0,0,1024,703,0,65
MetalDam/micrograph0/x128_y256,MetalDam,micrograph0,micrograph0.jpg,128,256,0.130844,val,256,/content/drive/MyDrive/phase11-data/data/MetalDam/images/micrograph0.jpg,/content/drive/MyDrive/phase11-persistent/gt_boundaries/MetalDam/micrograph0.png,0,0,1024,703,0,65
MetalDam/micrograph0/x128_y384,MetalDam,micrograph0,micrograph0.jpg,128,384,0.131485,val,256,/content/drive/MyDrive/phase11-data/data/MetalDam/images/micrograph0.jpg,/content/drive/MyDrive/phase11-persistent/gt_boundaries/MetalDam/micrograph0.png,0,0,1024,703,0,65
MetalDam/micrograph0/x128_y512,MetalDam,micrograph0,micrograph0.jpg,128,512,0.154694,val,256,/content/drive/MyDrive/phase11-data/data/MetalDam/images/micrograph0.jpg,/content/drive/MyDrive/phase11-persistent/gt_boundaries/MetalDam/micrograph0.png,0,0,1024,703,0,65
MetalDam/micrograph0/x256_y0,MetalDam,micrograph0,micrograph0.jpg,256,0,0.196121,val,256,/content/drive/MyDrive/phase11-data/data/MetalDam/images/micrograph0.jpg,/content/drive/MyDrive/phase11-persistent/gt_boundaries/MetalDam/micrograph0.png,0,0,1024,703,0,65
MetalDam/micrograph0/x256_y128,MetalDam,micrograph0,micrograph0.jpg,256,128,0.185699,val,256,/content/drive/MyDrive/phase11-data/data/MetalDam/images/micrograph0.jpg,/content/drive/MyDrive/phase11-persistent/gt_boundaries/MetalDam/micrograph0.png,0,0,1024,703,0,65
MetalDam/micrograph0/x256_y256,MetalDam,micrograph0,micrograph0.jpg,256,256,0.152237,val,256,/content/drive/MyDrive/phase11-data/data/MetalDam/images/micrograph0.jpg,/content/drive/MyDrive/phase11-persistent/gt_boundaries/MetalDam/micrograph0.png,0,0,1024,703,0,65
MetalDam/micrograph0/x256_y384,MetalDam,micrograph0,micrograph0.jpg,256,384,0.152481,val,256,/content/drive/MyDrive/phase11-data/data/MetalDam/images/micrograph0.jpg,/content/drive/MyDrive/phase11-persistent/gt_boundaries/MetalDam/micrograph0.png,0,0,1024,703,0,65
MetalDam/micrograph0/x256_y512,MetalDam,micrograph0,micrograph0.jpg,256,512,0.174805,val,256,/content/drive/MyDrive/phase11-data/data/MetalDam/images/micrograph0.jpg,/content/drive/MyDrive/phase11-persistent/gt_boundaries/MetalDam/micrograph0.png,0,0,1024,703,0,65
MetalDam/micrograph0/x384_y0,MetalDam,micrograph0,micrograph0.jpg,384,0,0.205505,val,256,/content/drive/MyDrive/phase11-data/data/MetalDam/images/micrograph0.jpg,/content/drive/MyDrive/phase11-persistent/gt_boundaries/MetalDam/micrograph0.png,0,0,1024,703,0,65
MetalDam/micrograph0/x384_y128,MetalDam,micrograph0,micrograph0.jpg,384,128,0.205032,val,256,/content/drive/MyDrive/phase11-data/data/MetalDam/images/micrograph0.jpg,/content/drive/MyDrive/phase11-persistent/gt_boundaries/MetalDam/micrograph0.png,0,0,1024,703,0,65
MetalDam/micrograph0/x384_y256,MetalDam,micrograph0,micrograph0.jpg,384,256,0.148026,val,256,/content/drive/MyDrive/phase11-data/data/MetalDam/images/micrograph0.jpg,/content/drive/MyDrive/phase11-persistent/gt_boundaries/MetalDam/micrograph0.png,0,0,1024,703,0,65
MetalDam/micrograph0/x384_y384,MetalDam,micrograph0,micrograph0.jpg,384,384,0.132156,val,256,/content/drive/MyDrive/phase11-data/data/MetalDam/images/micrograph0.jpg,/content/drive/MyDrive/phase11-persistent/gt_boundaries/MetalDam/micrograph0.png,0,0,1024,703,0,65
MetalDam/micrograph0/x384_y512,MetalDam,micrograph0,micrograph0.jpg,384,512,0.175888,val,256,/content/drive/MyDrive/phase11-data/data/MetalDam/images/micrograph0.jpg,/content/drive/MyDrive/phase11-persistent/gt_boundaries/MetalDam/micrograph0.png,0,0,1024,703,0,65
MetalDam/micrograph0/x512_y0,MetalDam,micrograph0,micrograph0.jpg,512,0,0.199234,val,256,/content/drive/MyDrive/phase11-data/data/MetalDam/images/micrograph0.jpg,/content/drive/MyDrive/phase11-persistent/gt_boundaries/MetalDam/micrograph0.png,0,0,1024,703,0,65
MetalDam/micrograph0/x512_y128,MetalDam,micrograph0,micrograph0.jpg,512,128,0.171036,val,256,/content/drive/MyDrive/phase11-data/data/MetalDam/images/micrograph0.jpg,/content/drive/MyDrive/phase11-persistent/gt_boundaries/MetalDam/micrograph0.png,0,0,1024,703,0,65
MetalDam/micrograph0/x512_y256,MetalDam,micrograph0,micrograph0.jpg,512,256,0.124908,val,256,/content/drive/MyDrive/phase11-data/data/MetalDam/images/micrograph0.jpg,/content/drive/MyDrive/phase11-persistent/gt_boundaries/MetalDam/micrograph0.png,0,0,1024,703,0,65
MetalDam/micrograph0/x512_y384,MetalDam,micrograph0,micrograph0.jpg,512,384,0.131729,val,256,/content/drive/MyDrive/phase11-data/data/MetalDam/images/micrograph0.jpg,/content/drive/MyDrive/phase11-persistent/gt_boundaries/MetalDam/micrograph0.png,0,0,1024,703,0,65
MetalDam/micrograph0/x512_y512,MetalDam,micrograph0,micrograph0.jpg,512,512,0.182663,val,256,/content/drive/MyDrive/phase11-data/data/MetalDam/images/micrograph0.jpg,/content/drive/MyDrive/phase11-persistent/gt_boundaries/MetalDam/micrograph0.png,0,0,1024,703,0,65
MetalDam/micrograph0/x640_y0,MetalDam,micrograph0,micrograph0.jpg,640,0,0.169937,val,256,/content/drive/MyDrive/phase11-data/data/MetalDam/images/micrograph0.jpg,/content/drive/MyDrive/phase11-persistent/gt_boundaries/MetalDam/micrograph0.png,0,0,1024,703,0,65
MetalDam/micrograph0/x640_y128,MetalDam,micrograph0,micrograph0.jpg,640,128,0.130814,val,256,/content/drive/MyDrive/phase11-data/data/MetalDam/images/micrograph0.jpg,/content/drive/MyDrive/phase11-persistent/gt_boundaries/MetalDam/micrograph0.png,0,0,1024,703,0,65
MetalDam/micrograph0/x640_y256,MetalDam,micrograph0,micrograph0.jpg,640,256,0.124664,val,256,/content/drive/MyDrive/phase11-data/data/MetalDam/images/micrograph0.jpg,/content/drive/MyDrive/phase11-persistent/gt_boundaries/MetalDam/micrograph0.png,0,0,1024,703,0,65
MetalDam/micrograph0/x640_y384,MetalDam,micrograph0,micrograph0.jpg,640,384,0.169342,val,256,/content/drive/MyDrive/phase11-data/data/MetalDam/images/micrograph0.jpg,/content/drive/MyDrive/phase11-persistent/gt_boundaries/MetalDam/micrograph0.png,0,0,1024,703,0,65
MetalDam/micrograph0/x640_y512,MetalDam,micrograph0,micrograph0.jpg,640,512,0.19577,val,256,/content/drive/MyDrive/phase11-data/data/MetalDam/images/micrograph0.jpg,/content/drive/MyDrive/phase11-persistent/gt_boundaries/MetalDam/micrograph0.png,0,0,1024,703,0,65
MetalDam/micrograph0/x768_y0,MetalDam,micrograph0,micrograph0.jpg,768,0,0.164581,val,256,/content/drive/MyDrive/phase11-data/data/MetalDam/images/micrograph0.jpg,/content/drive/MyDrive/phase11-persistent/gt_boundaries/MetalDam/micrograph0.png,0,0,1024,703,0,65
MetalDam/micrograph0/x768_y128,MetalDam,micrograph0,micrograph0.jpg,768,128,0.148438,val,256,/content/drive/MyDrive/phase11-data/data/MetalDam/images/micrograph0.jpg,/content/drive/MyDrive/phase11-persistent/gt_boundaries/MetalDam/micrograph0.png,0,0,1024,703,0,65
MetalDam/micrograph0/x768_y256,MetalDam,micrograph0,micrograph0.jpg,768,256,0.13063,val,256,/content/drive/MyDrive/phase11-data/data/MetalDam/images/micrograph0.jpg,/content/drive/MyDrive/phase11-persistent/gt_boundaries/MetalDam/micrograph0.png,0,0,1024,703,0,65
MetalDam/micrograph0/x768_y384,MetalDam,micrograph0,micrograph0.jpg,768,384,0.160812,val,256,/content/drive/MyDrive/phase11-data/data/MetalDam/images/micrograph0.jpg,/content/drive/MyDrive/phase11-persistent/gt_boundaries/MetalDam/micrograph0.png,0,0,1024,703,0,65
MetalDam/micrograph0/x768_y512,MetalDam,micrograph0,micrograph0.jpg,768,512,0.166336,val,256,/content/drive/MyDrive/phase11-data/data/MetalDam/images/micrograph0.jpg,/content/drive/MyDrive/phase11-persistent/gt_boundaries/MetalDam/micrograph0.png,0,0,1024,703,0,65
MetalDam/micrograph1/x0_y0,MetalDam,micrograph1,micrograph1.jpg,0,0,0.155487,val,256,/content/drive/MyDrive/phase11-data/data/MetalDam/images/micrograph1.jpg,/content/drive/MyDrive/phase11-persistent/gt_boundaries/MetalDam/micrograph1.png,0,0,1024,703,0,65
MetalDam/micrograph1/x0_y128,MetalDam,micrograph1,micrograph1.jpg,0,128,0.172302,val,256,/content/drive/MyDrive/phase11-data/data/MetalDam/images/micrograph1.jpg,/content/drive/MyDrive/phase11-persistent/gt_boundaries/MetalDam/micrograph1.png,0,0,1024,703,0,65
MetalDam/micrograph1/x0_y256,MetalDam,micrograph1,micrograph1.jpg,0,256,0.185913,val,256,/content/drive/MyDrive/phase11-data/data/MetalDam/images/micrograph1.jpg,/content/drive/MyDrive/phase11-persistent/gt_boundaries/MetalDam/micrograph1.png,0,0,1024,703,0,65
MetalDam/micrograph1/x0_y384,MetalDam,micrograph1,micrograph1.jpg,0,384,0.197144,val,256,/content/drive/MyDrive/phase11-data/data/MetalDam/images/micrograph1.jpg,/content/drive/MyDrive/phase11-persistent/gt_boundaries/MetalDam/micrograph1.png,0,0,1024,703,0,65
MetalDam/micrograph1/x0_y512,MetalDam,micrograph1,micrograph1.jpg,0,512,0.205765,val,256,/content/drive/MyDrive/phase11-data/data/MetalDam/images/micrograph1.jpg,/content/drive/MyDrive/phase11-persistent/gt_boundaries/MetalDam/micrograph1.png,0,0,1024,703,0,65
MetalDam/micrograph1/x128_y0,MetalDam,micrograph1,micrograph1.jpg,128,0,0.148895,val,256,/content/drive/MyDrive/phase11-data/data/MetalDam/images/micrograph1.jpg,/content/drive/MyDrive/phase11-persistent/gt_boundaries/MetalDam/micrograph1.png,0,0,1024,703,0,65
MetalDam/micrograph1/x128_y128,MetalDam,micrograph1,micrograph1.jpg,128,128,0.157791,val,256,/content/drive/MyDrive/phase11-data/data/MetalDam/images/micrograph1.jpg,/content/drive/MyDrive/phase11-persistent/gt_boundaries/MetalDam/micrograph1.png,0,0,1024,703,0,65
MetalDam/micrograph1/x128_y256,MetalDam,micrograph1,micrograph1.jpg,128,256,0.172684,val,256,/content/drive/MyDrive/phase11-data/data/MetalDam/images/micrograph1.jpg,/content/drive/MyDrive/phase11-persistent/gt_boundaries/MetalDam/micrograph1.png,0,0,1024,703,0,65
MetalDam/micrograph1/x128_y384,MetalDam,micrograph1,micrograph1.jpg,128,384,0.171555,val,256,/content/drive/MyDrive/phase11-data/data/MetalDam/images/micrograph1.jpg,/content/drive/MyDrive/phase11-persistent/gt_boundaries/MetalDam/micrograph1.png,0,0,1024,703,0,65
MetalDam/micrograph1/x128_y512,MetalDam,micrograph1,micrograph1.jpg,128,512,0.169693,val,256,/content/drive/MyDrive/phase11-data/data/MetalDam/images/micrograph1.jpg,/content/drive/MyDrive/phase11-persistent/gt_boundaries/MetalDam/micrograph1.png,0,0,1024,703,0,65
MetalDam/micrograph1/x256_y0,MetalDam,micrograph1,micrograph1.jpg,256,0,0.146866,val,256,/content/drive/MyDrive/phase11-data/data/MetalDam/images/micrograph1.jpg,/content/drive/MyDrive/phase11-persistent/gt_boundaries/MetalDam/micrograph1.png,0,0,1024,703,0,65
MetalDam/micrograph1/x256_y128,MetalDam,micrograph1,micrograph1.jpg,256,128,0.141479,val,256,/content/drive/MyDrive/phase11-data/data/MetalDam/images/micrograph1.jpg,/content/drive/MyDrive/phase11-persistent/gt_boundaries/MetalDam/micrograph1.png,0,0,1024,703,0,65
MetalDam/micrograph1/x256_y256,MetalDam,micrograph1,micrograph1.jpg,256,256,0.156647,val,256,/content/drive/MyDrive/phase11-data/data/MetalDam/images/micrograph1.jpg,/content/drive/MyDrive/phase11-persistent/gt_boundaries/MetalDam/micrograph1.png,0,0,1024,703,0,65
MetalDam/micrograph1/x256_y384,MetalDam,micrograph1,micrograph1.jpg,256,384,0.150314,val,256,/content/drive/MyDrive/phase11-data/data/MetalDam/images/micrograph1.jpg,/content/drive/MyDrive/phase11-persistent/gt_boundaries/MetalDam/micrograph1.png,0,0,1024,703,0,65
MetalDam/micrograph1/x256_y512,MetalDam,micrograph1,micrograph1.jpg,256,512,0.149918,val,256,/content/drive/MyDrive/phase11-data/data/MetalDam/images/micrograph1.jpg,/content/drive/MyDrive/phase11-persistent/gt_boundaries/MetalDam/micrograph1.png,0,0,1024,703,0,65
MetalDam/micrograph1/x384_y0,MetalDam,micrograph1,micrograph1.jpg,384,0,0.150787,val,256,/content/drive/MyDrive/phase11-data/data/MetalDam/images/micrograph1.jpg,/content/drive/MyDrive/phase11-persistent/gt_boundaries/MetalDam/micrograph1.png,0,0,1024,703,0,65
MetalDam/micrograph1/x384_y128,MetalDam,micrograph1,micrograph1.jpg,384,128,0.152878,val,256,/content/drive/MyDrive/phase11-data/data/MetalDam/images/micrograph1.jpg,/content/drive/MyDrive/phase11-persistent/gt_boundaries/MetalDam/micrograph1.png,0,0,1024,703,0,65
MetalDam/micrograph1/x384_y256,MetalDam,micrograph1,micrograph1.jpg,384,256,0.169662,val,256,/content/drive/MyDrive/phase11-data/data/MetalDam/images/micrograph1.jpg,/content/drive/MyDrive/phase11-persistent/gt_boundaries/MetalDam/micrograph1.png,0,0,1024,703,0,65
MetalDam/micrograph1/x384_y384,MetalDam,micrograph1,micrograph1.jpg,384,384,0.162033,val,256,/content/drive/MyDrive/phase11-data/data/MetalDam/images/micrograph1.jpg,/content/drive/MyDrive/phase11-persistent/gt_boundaries/MetalDam/micrograph1.png,0,0,1024,703,0,65
MetalDam/micrograph1/x384_y512,MetalDam,micrograph1,micrograph1.jpg,384,512,0.173294,val,256,/content/drive/MyDrive/phase11-data/data/MetalDam/images/micrograph1.jpg,/content/drive/MyDrive/phase11-persistent/gt_boundaries/MetalDam/micrograph1.png,0,0,1024,703,0,65
MetalDam/micrograph1/x512_y0,MetalDam,micrograph1,micrograph1.jpg,512,0,0.15654,val,256,/content/drive/MyDrive/phase11-data/data/MetalDam/images/micrograph1.jpg,/content/drive/MyDrive/phase11-persistent/gt_boundaries/MetalDam/micrograph1.png,0,0,1024,703,0,65
MetalDam/micrograph1/x512_y128,MetalDam,micrograph1,micrograph1.jpg,512,128,0.174225,val,256,/content/drive/MyDrive/phase11-data/data/MetalDam/images/micrograph1.jpg,/content/drive/MyDrive/phase11-persistent/gt_boundaries/MetalDam/micrograph1.png,0,0,1024,703,0,65
MetalDam/micrograph1/x512_y256,MetalDam,micrograph1,micrograph1.jpg,512,256,0.192245,val,256,/content/drive/MyDrive/phase11-data/data/MetalDam/images/micrograph1.jpg,/content/drive/MyDrive/phase11-persistent/gt_boundaries/MetalDam/micrograph1.png,0,0,1024,703,0,65
MetalDam/micrograph1/x512_y384,MetalDam,micrograph1,micrograph1.jpg,512,384,0.169083,val,256,/content/drive/MyDrive/phase11-data/data/MetalDam/images/micrograph1.jpg,/content/drive/MyDrive/phase11-persistent/gt_boundaries/MetalDam/micrograph1.png,0,0,1024,703,0,65
MetalDam/micrograph1/x512_y512,MetalDam,micrograph1,micrograph1.jpg,512,512,0.166016,val,256,/content/drive/MyDrive/phase11-data/data/MetalDam/images/micrograph1.jpg,/content/drive/MyDrive/phase11-persistent/gt_boundaries/MetalDam/micrograph1.png,0,0,1024,703,0,65
MetalDam/micrograph1/x640_y0,MetalDam,micrograph1,micrograph1.jpg,640,0,0.155624,val,256,/content/drive/MyDrive/phase11-data/data/MetalDam/images/micrograph1.jpg,/content/drive/MyDrive/phase11-persistent/gt_boundaries/MetalDam/micrograph1.png,0,0,1024,703,0,65
MetalDam/micrograph1/x640_y128,MetalDam,micrograph1,micrograph1.jpg,640,128,0.163406,val,256,/content/drive/MyDrive/phase11-data/data/MetalDam/images/micrograph1.jpg,/content/drive/MyDrive/phase11-persistent/gt_boundaries/MetalDam/micrograph1.png,0,0,1024,703,0,65
MetalDam/micrograph1/x640_y256,MetalDam,micrograph1,micrograph1.jpg,640,256,0.17276,val,256,/content/drive/MyDrive/phase11-data/data/MetalDam/images/micrograph1.jpg,/content/drive/MyDrive/phase11-persistent/gt_boundaries/MetalDam/micrograph1.png,0,0,1024,703,0,65
MetalDam/micrograph1/x640_y384,MetalDam,micrograph1,micrograph1.jpg,640,384,0.147537,val,256,/content/drive/MyDrive/phase11-data/data/MetalDam/images/micrograph1.jpg,/content/drive/MyDrive/phase11-persistent/gt_boundaries/MetalDam/micrograph1.png,0,0,1024,703,0,65
MetalDam/micrograph1/x640_y512,MetalDam,micrograph1,micrograph1.jpg,640,512,0.149292,val,256,/content/drive/MyDrive/phase11-data/data/MetalDam/images/micrograph1.jpg,/content/drive/MyDrive/phase11-persistent/gt_boundaries/MetalDam/micrograph1.png,0,0,1024,703,0,65
MetalDam/micrograph1/x768_y0,MetalDam,micrograph1,micrograph1.jpg,768,0,0.164825,val,256,/content/drive/MyDrive/phase11-data/data/MetalDam/images/micrograph1.jpg,/content/drive/MyDrive/phase11-persistent/gt_boundaries/MetalDam/micrograph1.png,0,0,1024,703,0,65
MetalDam/micrograph1/x768_y128,MetalDam,micrograph1,micrograph1.jpg,768,128,0.152771,val,256,/content/drive/MyDrive/phase11-data/data/MetalDam/images/micrograph1.jpg,/content/drive/MyDrive/phase11-persistent/gt_boundaries/MetalDam/micrograph1.png,0,0,1024,703,0,65
MetalDam/micrograph1/x768_y256,MetalDam,micrograph1,micrograph1.jpg,768,256,0.145645,val,256,/content/drive/MyDrive/phase11-data/data/MetalDam/images/micrograph1.jpg,/content/drive/MyDrive/phase11-persistent/gt_boundaries/MetalDam/micrograph1.png,0,0,1024,703,0,65
MetalDam/micrograph1/x768_y384,MetalDam,micrograph1,micrograph1.jpg,768,384,0.154068,val,256,/content/drive/MyDrive/phase11-data/data/MetalDam/images/micrograph1.jpg,/content/drive/MyDrive/phase11-persistent/gt_boundaries/MetalDam/micrograph1.png,0,0,1024,703,0,65
MetalDam/micrograph1/x768_y512,MetalDam,micrograph1,micrograph1.jpg,768,512,0.177444,val,256,/content/drive/MyDrive/phase11-data/data/MetalDam/images/micrograph1.jpg,/content/drive/MyDrive/phase11-persistent/gt_boundaries/MetalDam/micrograph1.png,0,0,1024,703,0,65
MetalDam/micrograph10/x0_y0,MetalDam,micrograph10,micrograph10.jpg,0,0,0.168549,val,256,/content/drive/MyDrive/phase11-data/data/MetalDam/images/micrograph10.jpg,/content/drive/MyDrive/phase11-persistent/gt_boundaries/MetalDam/micrograph10.png,0,0,1024,703,0,65
MetalDam/micrograph10/x0_y128,MetalDam,micrograph10,micrograph10.jpg,0,128,0.176529,val,256,/content/drive/MyDrive/phase11-data/data/MetalDam/images/micrograph10.jpg,/content/drive/MyDrive/phase11-persistent/gt_boundaries/MetalDam/micrograph10.png,0,0,1024,703,0,65
MetalDam/micrograph10/x0_y256,MetalDam,micrograph10,micrograph10.jpg,0,256,0.172073,val,256,/content/drive/MyDrive/phase11-data/data/MetalDam/images/micrograph10.jpg,/content/drive/MyDrive/phase11-persistent/gt_boundaries/MetalDam/micrograph10.png,0,0,1024,703,0,65
MetalDam/micrograph10/x0_y384,MetalDam,micrograph10,micrograph10.jpg,0,384,0.15303,val,256,/content/drive/MyDrive/phase11-data/data/MetalDam/images/micrograph10.jpg,/content/drive/MyDrive/phase11-persistent/gt_boundaries/MetalDam/micrograph10.png,0,0,1024,703,0,65
MetalDam/micrograph10/x0_y512,MetalDam,micrograph10,micrograph10.jpg,0,512,0.149841,val,256,/content/drive/MyDrive/phase11-data/data/MetalDam/images/micrograph10.jpg,/content/drive/MyDrive/phase11-persistent/gt_boundaries/MetalDam/micrograph10.png,0,0,1024,703,0,65
MetalDam/micrograph10/x128_y0,MetalDam,micrograph10,micrograph10.jpg,128,0,0.193375,val,256,/content/drive/MyDrive/phase11-data/data/MetalDam/images/micrograph10.jpg,/content/drive/MyDrive/phase11-persistent/gt_boundaries/MetalDam/micrograph10.png,0,0,1024,703,0,65
MetalDam/micrograph10/x128_y128,MetalDam,micrograph10,micrograph10.jpg,128,128,0.200485,val,256,/content/drive/MyDrive/phase11-data/data/MetalDam/images/micrograph10.jpg,/content/drive/MyDrive/phase11-persistent/gt_boundaries/MetalDam/micrograph10.png,0,0,1024,703,0,65
MetalDam/micrograph10/x128_y256,MetalDam,micrograph10,micrograph10.jpg,128,256,0.193787,val,256,/content/drive/MyDrive/phase11-data/data/MetalDam/images/micrograph10.jpg,/content/drive/MyDrive/phase11-persistent/gt_boundaries/MetalDam/micrograph10.png,0,0,1024,703,0,65
MetalDam/micrograph10/x128_y384,MetalDam,micrograph10,micrograph10.jpg,128,384,0.184128,val,256,/content/drive/MyDrive/phase11-data/data/MetalDam/images/micrograph10.jpg,/content/drive/MyDrive/phase11-persistent/gt_boundaries/MetalDam/micrograph10.png,0,0,1024,703,0,65
MetalDam/micrograph10/x128_y512,MetalDam,micrograph10,micrograph10.jpg,128,512,0.181732,val,256,/content/drive/MyDrive/phase11-data/data/MetalDam/images/micrograph10.jpg,/content/drive/MyDrive/phase11-persistent/gt_boundaries/MetalDam/micrograph10.png,0,0,1024,703,0,65
MetalDam/micrograph10/x256_y0,MetalDam,micrograph10,micrograph10.jpg,256,0,0.195587,val,256,/content/drive/MyDrive/phase11-data/data/MetalDam/images/micrograph10.jpg,/content/drive/MyDrive/phase11-persistent/gt_boundaries/MetalDam/micrograph10.png,0,0,1024,703,0,65
MetalDam/micrograph10/x256_y128,MetalDam,micrograph10,micrograph10.jpg,256,128,0.195419,val,256,/content/drive/MyDrive/phase11-data/data/MetalDam/images/micrograph10.jpg,/content/drive/MyDrive/phase11-persistent/gt_boundaries/MetalDam/micrograph10.png,0,0,1024,703,0,65
MetalDam/micrograph10/x256_y256,MetalDam,micrograph10,micrograph10.jpg,256,256,0.185074,val,256,/content/drive/MyDrive/phase11-data/data/MetalDam/images/micrograph10.jpg,/content/drive/MyDrive/phase11-persistent/gt_boundaries/MetalDam/micrograph10.png,0,0,1024,703,0,65
MetalDam/micrograph10/x256_y384,MetalDam,micrograph10,micrograph10.jpg,256,384,0.187408,val,256,/content/drive/MyDrive/phase11-data/data/MetalDam/images/micrograph10.jpg,/content/drive/MyDrive/phase11-persistent/gt_boundaries/MetalDam/micrograph10.png,0,0,1024,703,0,65
MetalDam/micrograph10/x256_y512,MetalDam,micrograph10,micrograph10.jpg,256,512,0.193542,val,256,/content/drive/MyDrive/phase11-data/data/MetalDam/images/micrograph10.jpg,/content/drive/MyDrive/phase11-persistent/gt_boundaries/MetalDam/micrograph10.png,0,0,1024,703,0,65
MetalDam/micrograph10/x384_y0,MetalDam,micrograph10,micrograph10.jpg,384,0,0.191071,val,256,/content/drive/MyDrive/phase11-data/data/MetalDam/images/micrograph10.jpg,/content/drive/MyDrive/phase11-persistent/gt_boundaries/MetalDam/micrograph10.png,0,0,1024,703,0,65
MetalDam/micrograph10/x384_y128,MetalDam,micrograph10,micrograph10.jpg,384,128,0.188705,val,256,/content/drive/MyDrive/phase11-data/data/MetalDam/images/micrograph10.jpg,/content/drive/MyDrive/phase11-persistent/gt_boundaries/MetalDam/micrograph10.png,0,0,1024,703,0,65
MetalDam/micrograph10/x384_y256,MetalDam,micrograph10,micrograph10.jpg,384,256,0.182053,val,256,/content/drive/MyDrive/phase11-data/data/MetalDam/images/micrograph10.jpg,/content/drive/MyDrive/phase11-persistent/gt_boundaries/MetalDam/micrograph10.png,0,0,1024,703,0,65
MetalDam/micrograph10/x384_y384,MetalDam,micrograph10,micrograph10.jpg,384,384,0.184418,val,256,/content/drive/MyDrive/phase11-data/data/MetalDam/images/micrograph10.jpg,/content/drive/MyDrive/phase11-persistent/gt_boundaries/MetalDam/micrograph10.png,0,0,1024,703,0,65
MetalDam/micrograph10/x384_y512,MetalDam,micrograph10,micrograph10.jpg,384,512,0.183075,val,256,/content/drive/MyDrive/phase11-data/data/MetalDam/images/micrograph10.jpg,/content/drive/MyDrive/phase11-persistent/gt_boundaries/MetalDam/micrograph10.png,0,0,1024,703,0,65
MetalDam/micrograph10/x512_y0,MetalDam,micrograph10,micrograph10.jpg,512,0,0.20163,val,256,/content/drive/MyDrive/phase11-data/data/MetalDam/images/micrograph10.jpg,/content/drive/MyDrive/phase11-persistent/gt_boundaries/MetalDam/micrograph10.png,0,0,1024,703,0,65
MetalDam/micrograph10/x512_y128,MetalDam,micrograph10,micrograph10.jpg,512,128,0.193893,val,256,/content/drive/MyDrive/phase11-data/data/MetalDam/images/micrograph10.jpg,/content/drive/MyDrive/phase11-persistent/gt_boundaries/MetalDam/micrograph10.png,0,0,1024,703,0,65
MetalDam/micrograph10/x512_y256,MetalDam,micrograph10,micrograph10.jpg,512,256,0.185806,val,256,/content/drive/MyDrive/phase11-data/data/MetalDam/images/micrograph10.jpg,/content/drive/MyDrive/phase11-persistent/gt_boundaries/MetalDam/micrograph10.png,0,0,1024,703,0,65
MetalDam/micrograph10/x512_y384,MetalDam,micrograph10,micrograph10.jpg,512,384,0.194412,val,256,/content/drive/MyDrive/phase11-data/data/MetalDam/images/micrograph10.jpg,/content/drive/MyDrive/phase11-persistent/gt_boundaries/MetalDam/micrograph10.png,0,0,1024,703,0,65
MetalDam/micrograph10/x512_y512,MetalDam,micrograph10,micrograph10.jpg,512,512,0.178543,val,256,/content/drive/MyDrive/phase11-data/data/MetalDam/images/micrograph10.jpg,/content/drive/MyDrive/phase11-persistent/gt_boundaries/MetalDam/micrograph10.png,0,0,1024,703,0,65
MetalDam/micrograph10/x640_y0,MetalDam,micrograph10,micrograph10.jpg,640,0,0.206009,val,256,/content/drive/MyDrive/phase11-data/data/MetalDam/images/micrograph10.jpg,/content/drive/MyDrive/phase11-persistent/gt_boundaries/MetalDam/micrograph10.png,0,0,1024,703,0,65
MetalDam/micrograph10/x640_y128,MetalDam,micrograph10,micrograph10.jpg,640,128,0.190186,val,256,/content/drive/MyDrive/phase11-data/data/MetalDam/images/micrograph10.jpg,/content/drive/MyDrive/phase11-persistent/gt_boundaries/MetalDam/micrograph10.png,0,0,1024,703,0,65
MetalDam/micrograph10/x640_y256,MetalDam,micrograph10,micrograph10.jpg,640,256,0.16806,val,256,/content/drive/MyDrive/phase11-data/data/MetalDam/images/micrograph10.jpg,/content/drive/MyDrive/phase11-persistent/gt_boundaries/MetalDam/micrograph10.png,0,0,1024,703,0,65
MetalDam/micrograph10/x640_y384,MetalDam,micrograph10,micrograph10.jpg,640,384,0.174545,val,256,/content/drive/MyDrive/phase11-data/data/MetalDam/images/micrograph10.jpg,/content/drive/MyDrive/phase11-persistent/gt_boundaries/MetalDam/micrograph10.png,0,0,1024,703,0,65
MetalDam/micrograph10/x640_y512,MetalDam,micrograph10,micrograph10.jpg,640,512,0.169312,val,256,/content/drive/MyDrive/phase11-data/data/MetalDam/images/micrograph10.jpg,/content/drive/MyDrive/phase11-persistent/gt_boundaries/MetalDam/micrograph10.png,0,0,1024,703,0,65
MetalDam/micrograph10/x768_y0,MetalDam,micrograph10,micrograph10.jpg,768,0,0.188812,val,256,/content/drive/MyDrive/phase11-data/data/MetalDam/images/micrograph10.jpg,/content/drive/MyDrive/phase11-persistent/gt_boundaries/MetalDam/micrograph10.png,0,0,1024,703,0,65
MetalDam/micrograph10/x768_y128,MetalDam,micrograph10,micrograph10.jpg,768,128,0.181305,val,256,/content/drive/MyDrive/phase11-data/data/MetalDam/images/micrograph10.jpg,/content/drive/MyDrive/phase11-persistent/gt_boundaries/MetalDam/micrograph10.png,0,0,1024,703,0,65
MetalDam/micrograph10/x768_y256,MetalDam,micrograph10,micrograph10.jpg,768,256,0.153381,val,256,/content/drive/MyDrive/phase11-data/data/MetalDam/images/micrograph10.jpg,/content/drive/MyDrive/phase11-persistent/gt_boundaries/MetalDam/micrograph10.png,0,0,1024,703,0,65
MetalDam/micrograph10/x768_y384,MetalDam,micrograph10,micrograph10.jpg,768,384,0.157608,val,256,/content/drive/MyDrive/phase11-data/data/MetalDam/images/micrograph10.jpg,/content/drive/MyDrive/phase11-persistent/gt_boundaries/MetalDam/micrograph10.png,0,0,1024,703,0,65
MetalDam/micrograph10/x768_y512,MetalDam,micrograph10,micrograph10.jpg,768,512,0.163589,val,256,/content/drive/MyDrive/phase11-data/data/MetalDam/images/micrograph10.jpg,/content/drive/MyDrive/phase11-persistent/gt_boundaries/MetalDam/micrograph10.png,0,0,1024,703,0,65
MetalDam/micrograph11/x0_y0,MetalDam,micrograph11,micrograph11.jpg,0,0,0.180893,val,256,/content/drive/MyDrive/phase11-data/data/MetalDam/images/micrograph11.jpg,/content/drive/MyDrive/phase11-persistent/gt_boundaries/MetalDam/micrograph11.png,0,0,1024,703,0,65
MetalDam/micrograph11/x0_y128,MetalDam,micrograph11,micrograph11.jpg,0,128,0.192535,val,256,/content/drive/MyDrive/phase11-data/data/MetalDam/images/micrograph11.jpg,/content/drive/MyDrive/phase11-persistent/gt_boundaries/MetalDam/micrograph11.png,0,0,1024,703,0,65
MetalDam/micrograph11/x0_y256,MetalDam,micrograph11,micrograph11.jpg,0,256,0.193192,val,256,/content/drive/MyDrive/phase11-data/data/MetalDam/images/micrograph11.jpg,/content/drive/MyDrive/phase11-persistent/gt_boundaries/MetalDam/micrograph11.png,0,0,1024,703,0,65
MetalDam/micrograph11/x0_y384,MetalDam,micrograph11,micrograph11.jpg,0,384,0.207764,val,256,/content/drive/MyDrive/phase11-data/data/MetalDam/images/micrograph11.jpg,/content/drive/MyDrive/phase11-persistent/gt_boundaries/MetalDam/micrograph11.png,0,0,1024,703,0,65
MetalDam/micrograph11/x0_y512,MetalDam,micrograph11,micrograph11.jpg,0,512,0.22023,val,256,/content/drive/MyDrive/phase11-data/data/MetalDam/images/micrograph11.jpg,/content/drive/MyDrive/phase11-persistent/gt_boundaries/MetalDam/micrograph11.png,0,0,1024,703,0,65
MetalDam/micrograph11/x128_y0,MetalDam,micrograph11,micrograph11.jpg,128,0,0.188492,val,256,/content/drive/MyDrive/phase11-data/data/MetalDam/images/micrograph11.jpg,/content/drive/MyDrive/phase11-persistent/gt_boundaries/MetalDam/micrograph11.png,0,0,1024,703,0,65
MetalDam/micrograph11/x128_y128,MetalDam,micrograph11,micrograph11.jpg,128,128,0.198975,val,256,/content/drive/MyDrive/phase11-data/data/MetalDam/images/micrograph11.jpg,/content/drive/MyDrive/phase11-persistent/gt_boundaries/MetalDam/micrograph11.png,0,0,1024,703,0,65
MetalDam/micrograph11/x128_y256,MetalDam,micrograph11,micrograph11.jpg,128,256,0.195984,val,256,/content/drive/MyDrive/phase11-data/data/MetalDam/images/micrograph11.jpg,/content/drive/MyDrive/phase11-persistent/gt_boundaries/MetalDam/micrograph11.png,0,0,1024,703,0,65
MetalDam/micrograph11/x128_y384,MetalDam,micrograph11,micrograph11.jpg,128,384,0.210754,val,256,/content/drive/MyDrive/phase11-data/data/MetalDam/images/micrograph11.jpg,/content/drive/MyDrive/phase11-persistent/gt_boundaries/MetalDam/micrograph11.png,0,0,1024,703,0,65
MetalDam/micrograph11/x128_y512,MetalDam,micrograph11,micrograph11.jpg,128,512,0.218506,val,256,/content/drive/MyDrive/phase11-data/data/MetalDam/images/micrograph11.jpg,/content/drive/MyDrive/phase11-persistent/gt_boundaries/MetalDam/micrograph11.png,0,0,1024,703,0,65
MetalDam/micrograph11/x256_y0,MetalDam,micrograph11,micrograph11.jpg,256,0,0.189163,val,256,/content/drive/MyDrive/phase11-data/data/MetalDam/images/micrograph11.jpg,/content/drive/MyDrive/phase11-persistent/gt_boundaries/MetalDam/micrograph11.png,0,0,1024,703,0,65
MetalDam/micrograph11/x256_y128,MetalDam,micrograph11,micrograph11.jpg,256,128,0.197815,val,256,/content/drive/MyDrive/phase11-data/data/MetalDam/images/micrograph11.jpg,/content/drive/MyDrive/phase11-persistent/gt_boundaries/MetalDam/micrograph11.png,0,0,1024,703,0,65
MetalDam/micrograph11/x256_y256,MetalDam,micrograph11,micrograph11.jpg,256,256,0.199524,val,256,/content/drive/MyDrive/phase11-data/data/MetalDam/images/micrograph11.jpg,/content/drive/MyDrive/phase11-persistent/gt_boundaries/MetalDam/micrograph11.png,0,0,1024,703,0,65
MetalDam/micrograph11/x256_y384,MetalDam,micrograph11,micrograph11.jpg,256,384,0.208984,val,256,/content/drive/MyDrive/phase11-data/data/MetalDam/images/micrograph11.jpg,/content/drive/MyDrive/phase11-persistent/gt_boundaries/MetalDam/micrograph11.png,0,0,1024,703,0,65
MetalDam/micrograph11/x256_y512,MetalDam,micrograph11,micrograph11.jpg,256,512,0.19606,val,256,/content/drive/MyDrive/phase11-data/data/MetalDam/images/micrograph11.jpg,/content/drive/MyDrive/phase11-persistent/gt_boundaries/MetalDam/micrograph11.png,0,0,1024,703,0,65
MetalDam/micrograph11/x384_y0,MetalDam,micrograph11,micrograph11.jpg,384,0,0.190872,val,256,/content/drive/MyDrive/phase11-data/data/MetalDam/images/micrograph11.jpg,/content/drive/MyDrive/phase11-persistent/gt_boundaries/MetalDam/micrograph11.png,0,0,1024,703,0,65
MetalDam/micrograph11/x384_y128,MetalDam,micrograph11,micrograph11.jpg,384,128,0.192337,val,256,/content/drive/MyDrive/phase11-data/data/MetalDam/images/micrograph11.jpg,/content/drive/MyDrive/phase11-persistent/gt_boundaries/MetalDam/micrograph11.png,0,0,1024,703,0,65
MetalDam/micrograph11/x384_y256,MetalDam,micrograph11,micrograph11.jpg,384,256,0.18483,val,256,/content/drive/MyDrive/phase11-data/data/MetalDam/images/micrograph11.jpg,/content/drive/MyDrive/phase11-persistent/gt_boundaries/MetalDam/micrograph11.png,0,0,1024,703,0,65
MetalDam/micrograph11/x384_y384,MetalDam,micrograph11,micrograph11.jpg,384,384,0.183563,val,256,/content/drive/MyDrive/phase11-data/data/MetalDam/images/micrograph11.jpg,/content/drive/MyDrive/phase11-persistent/gt_boundaries/MetalDam/micrograph11.png,0,0,1024,703,0,65
MetalDam/micrograph11/x384_y512,MetalDam,micrograph11,micrograph11.jpg,384,512,0.178604,val,256,/content/drive/MyDrive/phase11-data/data/MetalDam/images/micrograph11.jpg,/content/drive/MyDrive/phase11-persistent/gt_boundaries/MetalDam/micrograph11.png,0,0,1024,703,0,65
MetalDam/micrograph11/x512_y0,MetalDam,micrograph11,micrograph11.jpg,512,0,0.165878,val,256,/content/drive/MyDrive/phase11-data/data/MetalDam/images/micrograph11.jpg,/content/drive/MyDrive/phase11-persistent/gt_boundaries/MetalDam/micrograph11.png,0,0,1024,703,0,65
MetalDam/micrograph11/x512_y128,MetalDam,micrograph11,micrograph11.jpg,512,128,0.171173,val,256,/content/drive/MyDrive/phase11-data/data/MetalDam/images/micrograph11.jpg,/content/drive/MyDrive/phase11-persistent/gt_boundaries/MetalDam/micrograph11.png,0,0,1024,703,0,65
MetalDam/micrograph11/x512_y256,MetalDam,micrograph11,micrograph11.jpg,512,256,0.176773,val,256,/content/drive/MyDrive/phase11-data/data/MetalDam/images/micrograph11.jpg,/content/drive/MyDrive/phase11-persistent/gt_boundaries/MetalDam/micrograph11.png,0,0,1024,703,0,65
MetalDam/micrograph11/x512_y384,MetalDam,micrograph11,micrograph11.jpg,512,384,0.170456,val,256,/content/drive/MyDrive/phase11-data/data/MetalDam/images/micrograph11.jpg,/content/drive/MyDrive/phase11-persistent/gt_boundaries/MetalDam/micrograph11.png,0,0,1024,703,0,65
MetalDam/micrograph11/x512_y512,MetalDam,micrograph11,micrograph11.jpg,512,512,0.176361,val,256,/content/drive/MyDrive/phase11-data/data/MetalDam/images/micrograph11.jpg,/content/drive/MyDrive/phase11-persistent/gt_boundaries/MetalDam/micrograph11.png,0,0,1024,703,0,65
MetalDam/micrograph11/x640_y0,MetalDam,micrograph11,micrograph11.jpg,640,0,0.169189,val,256,/content/drive/MyDrive/phase11-data/data/MetalDam/images/micrograph11.jpg,/content/drive/MyDrive/phase11-persistent/gt_boundaries/MetalDam/micrograph11.png,0,0,1024,703,0,65
MetalDam/micrograph11/x640_y128,MetalDam,micrograph11,micrograph11.jpg,640,128,0.162857,val,256,/content/drive/MyDrive/phase11-data/data/MetalDam/images/micrograph11.jpg,/content/drive/MyDrive/phase11-persistent/gt_boundaries/MetalDam/micrograph11.png,0,0,1024,703,0,65
MetalDam/micrograph11/x640_y256,MetalDam,micrograph11,micrograph11.jpg,640,256,0.175919,val,256,/content/drive/MyDrive/phase11-data/data/MetalDam/images/micrograph11.jpg,/content/drive/MyDrive/phase11-persistent/gt_boundaries/MetalDam/micrograph11.png,0,0,1024,703,0,65
MetalDam/micrograph11/x640_y384,MetalDam,micrograph11,micrograph11.jpg,640,384,0.175949,val,256,/content/drive/MyDrive/phase11-data/data/MetalDam/images/micrograph11.jpg,/content/drive/MyDrive/phase11-persistent/gt_boundaries/MetalDam/micrograph11.png,0,0,1024,703,0,65
MetalDam/micrograph11/x640_y512,MetalDam,micrograph11,micrograph11.jpg,640,512,0.177689,val,256,/content/drive/MyDrive/phase11-data/data/MetalDam/images/micrograph11.jpg,/content/drive/MyDrive/phase11-persistent/gt_boundaries/MetalDam/micrograph11.png,0,0,1024,703,0,65
MetalDam/micrograph11/x768_y0,MetalDam,micrograph11,micrograph11.jpg,768,0,0.190186,val,256,/content/drive/MyDrive/phase11-data/data/MetalDam/images/micrograph11.jpg,/content/drive/MyDrive/phase11-persistent/gt_boundaries/MetalDam/micrograph11.png,0,0,1024,703,0,65
MetalDam/micrograph11/x768_y128,MetalDam,micrograph11,micrograph11.jpg,768,128,0.175018,val,256,/content/drive/MyDrive/phase11-data/data/MetalDam/images/micrograph11.jpg,/content/drive/MyDrive/phase11-persistent/gt_boundaries/MetalDam/micrograph11.png,0,0,1024,703,0,65
MetalDam/micrograph11/x768_y256,MetalDam,micrograph11,micrograph11.jpg,768,256,0.166336,val,256,/content/drive/MyDrive/phase11-data/data/MetalDam/images/micrograph11.jpg,/content/drive/MyDrive/phase11-persistent/gt_boundaries/MetalDam/micrograph11.png,0,0,1024,703,0,65
MetalDam/micrograph11/x768_y384,MetalDam,micrograph11,micrograph11.jpg,768,384,0.16951,val,256,/content/drive/MyDrive/phase11-data/data/MetalDam/images/micrograph11.jpg,/content/drive/MyDrive/phase11-persistent/gt_boundaries/MetalDam/micrograph11.png,0,0,1024,703,0,65
MetalDam/micrograph11/x768_y512,MetalDam,micrograph11,micrograph11.jpg,768,512,0.167511,val,256,/content/drive/MyDrive/phase11-data/data/MetalDam/images/micrograph11.jpg,/content/drive/MyDrive/phase11-persistent/gt_boundaries/MetalDam/micrograph11.png,0,0,1024,703,0,65
MetalDam/micrograph12/x0_y0,MetalDam,micrograph12,micrograph12.jpg,0,0,0.177277,val,256,/content/drive/MyDrive/phase11-data/data/MetalDam/images/micrograph12.jpg,/content/drive/MyDrive/phase11-persistent/gt_boundaries/MetalDam/micrograph12.png,0,0,1024,703,0,65
MetalDam/micrograph12/x0_y128,MetalDam,micrograph12,micrograph12.jpg,0,128,0.187912,val,256,/content/drive/MyDrive/phase11-data/data/MetalDam/images/micrograph12.jpg,/content/drive/MyDrive/phase11-persistent/gt_boundaries/MetalDam/micrograph12.png,0,0,1024,703,0,65
MetalDam/micrograph12/x0_y256,MetalDam,micrograph12,micrograph12.jpg,0,256,0.197891,val,256,/content/drive/MyDrive/phase11-data/data/MetalDam/images/micrograph12.jpg,/content/drive/MyDrive/phase11-persistent/gt_boundaries/MetalDam/micrograph12.png,0,0,1024,703,0,65
MetalDam/micrograph12/x0_y384,MetalDam,micrograph12,micrograph12.jpg,0,384,0.201248,val,256,/content/drive/MyDrive/phase11-data/data/MetalDam/images/micrograph12.jpg,/content/drive/MyDrive/phase11-persistent/gt_boundaries/MetalDam/micrograph12.png,0,0,1024,703,0,65
MetalDam/micrograph12/x0_y512,MetalDam,micrograph12,micrograph12.jpg,0,512,0.19455,val,256,/content/drive/MyDrive/phase11-data/data/MetalDam/images/micrograph12.jpg,/content/drive/MyDrive/phase11-persistent/gt_boundaries/MetalDam/micrograph12.png,0,0,1024,703,0,65
MetalDam/micrograph12/x128_y0,MetalDam,micrograph12,micrograph12.jpg,128,0,0.161377,val,256,/content/drive/MyDrive/phase11-data/data/MetalDam/images/micrograph12.jpg,/content/drive/MyDrive/phase11-persistent/gt_boundaries/MetalDam/micrograph12.png,0,0,1024,703,0,65
MetalDam/micrograph12/x128_y128,MetalDam,micrograph12,micrograph12.jpg,128,128,0.170654,val,256,/content/drive/MyDrive/phase11-data/data/MetalDam/images/micrograph12.jpg,/content/drive/MyDrive/phase11-persistent/gt_boundaries/MetalDam/micrograph12.png,0,0,1024,703,0,65
MetalDam/micrograph12/x128_y256,MetalDam,micrograph12,micrograph12.jpg,128,256,0.191132,val,256,/content/drive/MyDrive/phase11-data/data/MetalDam/images/micrograph12.jpg,/content/drive/MyDrive/phase11-persistent/gt_boundaries/MetalDam/micrograph12.png,0,0,1024,703,0,65
MetalDam/micrograph12/x128_y384,MetalDam,micrograph12,micrograph12.jpg,128,384,0.207489,val,256,/content/drive/MyDrive/phase11-data/data/MetalDam/images/micrograph12.jpg,/content/drive/MyDrive/phase11-persistent/gt_boundaries/MetalDam/micrograph12.png,0,0,1024,703,0,65
MetalDam/micrograph12/x128_y512,MetalDam,micrograph12,micrograph12.jpg,128,512,0.188187,val,256,/content/drive/MyDrive/phase11-data/data/MetalDam/images/micrograph12.jpg,/content/drive/MyDrive/phase11-persistent/gt_boundaries/MetalDam/micrograph12.png,0,0,1024,703,0,65
MetalDam/micrograph12/x256_y0,MetalDam,micrograph12,micrograph12.jpg,256,0,0.159561,val,256,/content/drive/MyDrive/phase11-data/data/MetalDam/images/micrograph12.jpg,/content/drive/MyDrive/phase11-persistent/gt_boundaries/MetalDam/micrograph12.png,0,0,1024,703,0,65
MetalDam/micrograph12/x256_y128,MetalDam,micrograph12,micrograph12.jpg,256,128,0.16069,val,256,/content/drive/MyDrive/phase11-data/data/MetalDam/images/micrograph12.jpg,/content/drive/MyDrive/phase11-persistent/gt_boundaries/MetalDam/micrograph12.png,0,0,1024,703,0,65
MetalDam/micrograph12/x256_y256,MetalDam,micrograph12,micrograph12.jpg,256,256,0.163132,val,256,/content/drive/MyDrive/phase11-data/data/MetalDam/images/micrograph12.jpg,/content/drive/MyDrive/phase11-persistent/gt_boundaries/MetalDam/micrograph12.png,0,0,1024,703,0,65
MetalDam/micrograph12/x256_y384,MetalDam,micrograph12,micrograph12.jpg,256,384,0.190643,val,256,/content/drive/MyDrive/phase11-data/data/MetalDam/images/micrograph12.jpg,/content/drive/MyDrive/phase11-persistent/gt_boundaries/MetalDam/micrograph12.png,0,0,1024,703,0,65
MetalDam/micrograph12/x256_y512,MetalDam,micrograph12,micrograph12.jpg,256,512,0.189011,val,256,/content/drive/MyDrive/phase11-data/data/MetalDam/images/micrograph12.jpg,/content/drive/MyDrive/phase11-persistent/gt_boundaries/MetalDam/micrograph12.png,0,0,1024,703,0,65
MetalDam/micrograph12/x384_y0,MetalDam,micrograph12,micrograph12.jpg,384,0,0.171951,val,256,/content/drive/MyDrive/phase11-data/data/MetalDam/images/micrograph12.jpg,/content/drive/MyDrive/phase11-persistent/gt_boundaries/MetalDam/micrograph12.png,0,0,1024,703,0,65
MetalDam/micrograph12/x384_y128,MetalDam,micrograph12,micrograph12.jpg,384,128,0.166931,val,256,/content/drive/MyDrive/phase11-data/data/MetalDam/images/micrograph12.jpg,/content/drive/MyDrive/phase11-persistent/gt_boundaries/MetalDam/micrograph12.png,0,0,1024,703,0,65
MetalDam/micrograph12/x384_y256,MetalDam,micrograph12,micrograph12.jpg,384,256,0.156616,val,256,/content/drive/MyDrive/phase11-data/data/MetalDam/images/micrograph12.jpg,/content/drive/MyDrive/phase11-persistent/gt_boundaries/MetalDam/micrograph12.png,0,0,1024,703,0,65
MetalDam/micrograph12/x384_y384,MetalDam,micrograph12,micrograph12.jpg,384,384,0.179062,val,256,/content/drive/MyDrive/phase11-data/data/MetalDam/images/micrograph12.jpg,/content/drive/MyDrive/phase11-persistent/gt_boundaries/MetalDam/micrograph12.png,0,0,1024,703,0,65
MetalDam/micrograph12/x384_y512,MetalDam,micrograph12,micrograph12.jpg,384,512,0.197159,val,256,/content/drive/MyDrive/phase11-data/data/MetalDam/images/micrograph12.jpg,/content/drive/MyDrive/phase11-persistent/gt_boundaries/MetalDam/micrograph12.png,0,0,1024,703,0,65
MetalDam/micrograph12/x512_y0,MetalDam,micrograph12,micrograph12.jpg,512,0,0.164764,val,256,/content/drive/MyDrive/phase11-data/data/MetalDam/images/micrograph12.jpg,/content/drive/MyDrive/phase11-persistent/gt_boundaries/MetalDam/micrograph12.png,0,0,1024,703,0,65
MetalDam/micrograph12/x512_y128,MetalDam,micrograph12,micrograph12.jpg,512,128,0.173599,val,256,/content/drive/MyDrive/phase11-data/data/MetalDam/images/micrograph12.jpg,/content/drive/MyDrive/phase11-persistent/gt_boundaries/MetalDam/micrograph12.png,0,0,1024,703,0,65
MetalDam/micrograph12/x512_y256,MetalDam,micrograph12,micrograph12.jpg,512,256,0.180481,val,256,/content/drive/MyDrive/phase11-data/data/MetalDam/images/micrograph12.jpg,/content/drive/MyDrive/phase11-persistent/gt_boundaries/MetalDam/micrograph12.png,0,0,1024,703,0,65
MetalDam/micrograph12/x512_y384,MetalDam,micrograph12,micrograph12.jpg,512,384,0.195602,val,256,/content/drive/MyDrive/phase11-data/data/MetalDam/images/micrograph12.jpg,/content/drive/MyDrive/phase11-persistent/gt_boundaries/MetalDam/micrograph12.png,0,0,1024,703,0,65
MetalDam/micrograph12/x512_y512,MetalDam,micrograph12,micrograph12.jpg,512,512,0.202972,val,256,/content/drive/MyDrive/phase11-data/data/MetalDam/images/micrograph12.jpg,/content/drive/MyDrive/phase11-persistent/gt_boundaries/MetalDam/micrograph12.png,0,0,1024,703,0,65
MetalDam/micrograph12/x640_y0,MetalDam,micrograph12,micrograph12.jpg,640,0,0.163269,val,256,/content/drive/MyDrive/phase11-data/data/MetalDam/images/micrograph12.jpg,/content/drive/MyDrive/phase11-persistent/gt_boundaries/MetalDam/micrograph12.png,0,0,1024,703,0,65
MetalDam/micrograph12/x640_y128,MetalDam,micrograph12,micrograph12.jpg,640,128,0.170425,val,256,/content/drive/MyDrive/phase11-data/data/MetalDam/images/micrograph12.jpg,/content/drive/MyDrive/phase11-persistent/gt_boundaries/MetalDam/micrograph12.png,0,0,1024,703,0,65
MetalDam/micrograph12/x640_y256,MetalDam,micrograph12,micrograph12.jpg,640,256,0.182419,val,256,/content/drive/MyDrive/phase11-data/data/MetalDam/images/micrograph12.jpg,/content/drive/MyDrive/phase11-persistent/gt_boundaries/MetalDam/micrograph12.png,0,0,1024,703,0,65
MetalDam/micrograph12/x640_y384,MetalDam,micrograph12,micrograph12.jpg,640,384,0.190735,val,256,/content/drive/MyDrive/phase11-data/data/MetalDam/images/micrograph12.jpg,/content/drive/MyDrive/phase11-persistent/gt_boundaries/MetalDam/micrograph12.png,0,0,1024,703,0,65
MetalDam/micrograph12/x640_y512,MetalDam,micrograph12,micrograph12.jpg,640,512,0.198761,val,256,/content/drive/MyDrive/phase11-data/data/MetalDam/images/micrograph12.jpg,/content/drive/MyDrive/phase11-persistent/gt_boundaries/MetalDam/micrograph12.png,0,0,1024,703,0,65
MetalDam/micrograph12/x768_y0,MetalDam,micrograph12,micrograph12.jpg,768,0,0.170074,val,256,/content/drive/MyDrive/phase11-data/data/MetalDam/images/micrograph12.jpg,/content/drive/MyDrive/phase11-persistent/gt_boundaries/MetalDam/micrograph12.png,0,0,1024,703,0,65
MetalDam/micrograph12/x768_y128,MetalDam,micrograph12,micrograph12.jpg,768,128,0.183533,val,256,/content/drive/MyDrive/phase11-data/data/MetalDam/images/micrograph12.jpg,/content/drive/MyDrive/phase11-persistent/gt_boundaries/MetalDam/micrograph12.png,0,0,1024,703,0,65
MetalDam/micrograph12/x768_y256,MetalDam,micrograph12,micrograph12.jpg,768,256,0.188614,val,256,/content/drive/MyDrive/phase11-data/data/MetalDam/images/micrograph12.jpg,/content/drive/MyDrive/phase11-persistent/gt_boundaries/MetalDam/micrograph12.png,0,0,1024,703,0,65
MetalDam/micrograph12/x768_y384,MetalDam,micrograph12,micrograph12.jpg,768,384,0.19249,val,256,/content/drive/MyDrive/phase11-data/data/MetalDam/images/micrograph12.jpg,/content/drive/MyDrive/phase11-persistent/gt_boundaries/MetalDam/micrograph12.png,0,0,1024,703,0,65
MetalDam/micrograph12/x768_y512,MetalDam,micrograph12,micrograph12.jpg,768,512,0.20401,val,256,/content/drive/MyDrive/phase11-data/data/MetalDam/images/micrograph12.jpg,/content/drive/MyDrive/phase11-persistent/gt_boundaries/MetalDam/micrograph12.png,0,0,1024,703,0,65
MetalDam/micrograph13/x0_y0,MetalDam,micrograph13,micrograph13.jpg,0,0,0.192108,val,256,/content/drive/MyDrive/phase11-data/data/MetalDam/images/micrograph13.jpg,/content/drive/MyDrive/phase11-persistent/gt_boundaries/MetalDam/micrograph13.png,0,0,1024,703,0,65
MetalDam/micrograph13/x0_y128,MetalDam,micrograph13,micrograph13.jpg,0,128,0.175903,val,256,/content/drive/MyDrive/phase11-data/data/MetalDam/images/micrograph13.jpg,/content/drive/MyDrive/phase11-persistent/gt_boundaries/MetalDam/micrograph13.png,0,0,1024,703,0,65
MetalDam/micrograph13/x0_y256,MetalDam,micrograph13,micrograph13.jpg,0,256,0.162445,val,256,/content/drive/MyDrive/phase11-data/data/MetalDam/images/micrograph13.jpg,/content/drive/MyDrive/phase11-persistent/gt_boundaries/MetalDam/micrograph13.png,0,0,1024,703,0,65
MetalDam/micrograph13/x0_y384,MetalDam,micrograph13,micrograph13.jpg,0,384,0.157608,val,256,/content/drive/MyDrive/phase11-data/data/MetalDam/images/micrograph13.jpg,/content/drive/MyDrive/phase11-persistent/gt_boundaries/MetalDam/micrograph13.png,0,0,1024,703,0,65
MetalDam/micrograph13/x0_y512,MetalDam,micrograph13,micrograph13.jpg,0,512,0.166245,val,256,/content/drive/MyDrive/phase11-data/data/MetalDam/images/micrograph13.jpg,/content/drive/MyDrive/phase11-persistent/gt_boundaries/MetalDam/micrograph13.png,0,0,1024,703,0,65
MetalDam/micrograph13/x128_y0,MetalDam,micrograph13,micrograph13.jpg,128,0,0.196732,val,256,/content/drive/MyDrive/phase11-data/data/MetalDam/images/micrograph13.jpg,/content/drive/MyDrive/phase11-persistent/gt_boundaries/MetalDam/micrograph13.png,0,0,1024,703,0,65
MetalDam/micrograph13/x128_y128,MetalDam,micrograph13,micrograph13.jpg,128,128,0.166672,val,256,/content/drive/MyDrive/phase11-data/data/MetalDam/images/micrograph13.jpg,/content/drive/MyDrive/phase11-persistent/gt_boundaries/MetalDam/micrograph13.png,0,0,1024,703,0,65
MetalDam/micrograph13/x128_y256,MetalDam,micrograph13,micrograph13.jpg,128,256,0.152725,val,256,/content/drive/MyDrive/phase11-data/data/MetalDam/images/micrograph13.jpg,/content/drive/MyDrive/phase11-persistent/gt_boundaries/MetalDam/micrograph13.png,0,0,1024,703,0,65
MetalDam/micrograph13/x128_y384,MetalDam,micrograph13,micrograph13.jpg,128,384,0.158051,val,256,/content/drive/MyDrive/phase11-data/data/MetalDam/images/micrograph13.jpg,/content/drive/MyDrive/phase11-persistent/gt_boundaries/MetalDam/micrograph13.png,0,0,1024,703,0,65
MetalDam/micrograph13/x128_y512,MetalDam,micrograph13,micrograph13.jpg,128,512,0.181259,val,256,/content/drive/MyDrive/phase11-data/data/MetalDam/images/micrograph13.jpg,/content/drive/MyDrive/phase11-persistent/gt_boundaries/MetalDam/micrograph13.png,0,0,1024,703,0,65
MetalDam/micrograph13/x256_y0,MetalDam,micrograph13,micrograph13.jpg,256,0,0.196274,val,256,/content/drive/MyDrive/phase11-data/data/MetalDam/images/micrograph13.jpg,/content/drive/MyDrive/phase11-persistent/gt_boundaries/MetalDam/micrograph13.png,0,0,1024,703,0,65
MetalDam/micrograph13/x256_y128,MetalDam,micrograph13,micrograph13.jpg,256,128,0.177231,val,256,/content/drive/MyDrive/phase11-data/data/MetalDam/images/micrograph13.jpg,/content/drive/MyDrive/phase11-persistent/gt_boundaries/MetalDam/micrograph13.png,0,0,1024,703,0,65
MetalDam/micrograph13/x256_y256,MetalDam,micrograph13,micrograph13.jpg,256,256,0.169403,val,256,/content/drive/MyDrive/phase11-data/data/MetalDam/images/micrograph13.jpg,/content/drive/MyDrive/phase11-persistent/gt_boundaries/MetalDam/micrograph13.png,0,0,1024,703,0,65
MetalDam/micrograph13/x256_y384,MetalDam,micrograph13,micrograph13.jpg,256,384,0.172852,val,256,/content/drive/MyDrive/phase11-data/data/MetalDam/images/micrograph13.jpg,/content/drive/MyDrive/phase11-persistent/gt_boundaries/MetalDam/micrograph13.png,0,0,1024,703,0,65
MetalDam/micrograph13/x256_y512,MetalDam,micrograph13,micrograph13.jpg,256,512,0.176697,val,256,/content/drive/MyDrive/phase11-data/data/MetalDam/images/micrograph13.jpg,/content/drive/MyDrive/phase11-persistent/gt_boundaries/MetalDam/micrograph13.png,0,0,1024,703,0,65
MetalDam/micrograph13/x384_y0,MetalDam,micrograph13,micrograph13.jpg,384,0,0.1996,val,256,/content/drive/MyDrive/phase11-data/data/MetalDam/images/micrograph13.jpg,/content/drive/MyDrive/phase11-persistent/gt_boundaries/MetalDam/micrograph13.png,0,0,1024,703,0,65
MetalDam/micrograph13/x384_y128,MetalDam,micrograph13,micrograph13.jpg,384,128,0.184616,val,256,/content/drive/MyDrive/phase11-data/data/MetalDam/images/micrograph13.jpg,/content/drive/MyDrive/phase11-persistent/gt_boundaries/MetalDam/micrograph13.png,0,0,1024,703,0,65
MetalDam/micrograph13/x384_y256,MetalDam,micrograph13,micrograph13.jpg,384,256,0.176743,val,256,/content/drive/MyDrive/phase11-data/data/MetalDam/images/micrograph13.jpg,/content/drive/MyDrive/phase11-persistent/gt_boundaries/MetalDam/micrograph13.png,0,0,1024,703,0,65
MetalDam/micrograph13/x384_y384,MetalDam,micrograph13,micrograph13.jpg,384,384,0.174942,val,256,/content/drive/MyDrive/phase11-data/data/MetalDam/images/micrograph13.jpg,/content/drive/MyDrive/phase11-persistent/gt_boundaries/MetalDam/micrograph13.png,0,0,1024,703,0,65
MetalDam/micrograph13/x384_y512,MetalDam,micrograph13,micrograph13.jpg,384,512,0.159927,val,256,/content/drive/MyDrive/phase11-data/data/MetalDam/images/micrograph13.jpg,/content/drive/MyDrive/phase11-persistent/gt_boundaries/MetalDam/micrograph13.png,0,0,1024,703,0,65
MetalDam/micrograph13/x512_y0,MetalDam,micrograph13,micrograph13.jpg,512,0,0.199036,val,256,/content/drive/MyDrive/phase11-data/data/MetalDam/images/micrograph13.jpg,/content/drive/MyDrive/phase11-persistent/gt_boundaries/MetalDam/micrograph13.png,0,0,1024,703,0,65
MetalDam/micrograph13/x512_y128,MetalDam,micrograph13,micrograph13.jpg,512,128,0.167953,val,256,/content/drive/MyDrive/phase11-data/data/MetalDam/images/micrograph13.jpg,/content/drive/MyDrive/phase11-persistent/gt_boundaries/MetalDam/micrograph13.png,0,0,1024,703,0,65
MetalDam/micrograph13/x512_y256,MetalDam,micrograph13,micrograph13.jpg,512,256,0.156616,val,256,/content/drive/MyDrive/phase11-data/data/MetalDam/images/micrograph13.jpg,/content/drive/MyDrive/phase11-persistent/gt_boundaries/MetalDam/micrograph13.png,0,0,1024,703,0,65
MetalDam/micrograph13/x512_y384,MetalDam,micrograph13,micrograph13.jpg,512,384,0.166199,val,256,/content/drive/MyDrive/phase11-data/data/MetalDam/images/micrograph13.jpg,/content/drive/MyDrive/phase11-persistent/gt_boundaries/MetalDam/micrograph13.png,0,0,1024,703,0,65
MetalDam/micrograph13/x512_y512,MetalDam,micrograph13,micrograph13.jpg,512,512,0.158005,val,256,/content/drive/MyDrive/phase11-data/data/MetalDam/images/micrograph13.jpg,/content/drive/MyDrive/phase11-persistent/gt_boundaries/MetalDam/micrograph13.png,0,0,1024,703,0,65
MetalDam/micrograph13/x640_y0,MetalDam,micrograph13,micrograph13.jpg,640,0,0.19989,val,256,/content/drive/MyDrive/phase11-data/data/MetalDam/images/micrograph13.jpg,/content/drive/MyDrive/phase11-persistent/gt_boundaries/MetalDam/micrograph13.png,0,0,1024,703,0,65
MetalDam/micrograph13/x640_y128,MetalDam,micrograph13,micrograph13.jpg,640,128,0.167542,val,256,/content/drive/MyDrive/phase11-data/data/MetalDam/images/micrograph13.jpg,/content/drive/MyDrive/phase11-persistent/gt_boundaries/MetalDam/micrograph13.png,0,0,1024,703,0,65
MetalDam/micrograph13/x640_y256,MetalDam,micrograph13,micrograph13.jpg,640,256,0.144638,val,256,/content/drive/MyDrive/phase11-data/data/MetalDam/images/micrograph13.jpg,/content/drive/MyDrive/phase11-persistent/gt_boundaries/MetalDam/micrograph13.png,0,0,1024,703,0,65
MetalDam/micrograph13/x640_y384,MetalDam,micrograph13,micrograph13.jpg,640,384,0.157211,val,256,/content/drive/MyDrive/phase11-data/data/MetalDam/images/micrograph13.jpg,/content/drive/MyDrive/phase11-persistent/gt_boundaries/MetalDam/micrograph13.png,0,0,1024,703,0,65
MetalDam/micrograph13/x640_y512,MetalDam,micrograph13,micrograph13.jpg,640,512,0.168472,val,256,/content/drive/MyDrive/phase11-data/data/MetalDam/images/micrograph13.jpg,/content/drive/MyDrive/phase11-persistent/gt_boundaries/MetalDam/micrograph13.png,0,0,1024,703,0,65
MetalDam/micrograph13/x768_y0,MetalDam,micrograph13,micrograph13.jpg,768,0,0.209869,val,256,/content/drive/MyDrive/phase11-data/data/MetalDam/images/micrograph13.jpg,/content/drive/MyDrive/phase11-persistent/gt_boundaries/MetalDam/micrograph13.png,0,0,1024,703,0,65
MetalDam/micrograph13/x768_y128,MetalDam,micrograph13,micrograph13.jpg,768,128,0.185776,val,256,/content/drive/MyDrive/phase11-data/data/MetalDam/images/micrograph13.jpg,/content/drive/MyDrive/phase11-persistent/gt_boundaries/MetalDam/micrograph13.png,0,0,1024,703,0,65
MetalDam/micrograph13/x768_y256,MetalDam,micrograph13,micrograph13.jpg,768,256,0.152008,val,256,/content/drive/MyDrive/phase11-data/data/MetalDam/images/micrograph13.jpg,/content/drive/MyDrive/phase11-persistent/gt_boundaries/MetalDam/micrograph13.png,0,0,1024,703,0,65
MetalDam/micrograph13/x768_y384,MetalDam,micrograph13,micrograph13.jpg,768,384,0.151993,val,256,/content/drive/MyDrive/phase11-data/data/MetalDam/images/micrograph13.jpg,/content/drive/MyDrive/phase11-persistent/gt_boundaries/MetalDam/micrograph13.png,0,0,1024,703,0,65
MetalDam/micrograph13/x768_y512,MetalDam,micrograph13,micrograph13.jpg,768,512,0.158981,val,256,/content/drive/MyDrive/phase11-data/data/MetalDam/images/micrograph13.jpg,/content/drive/MyDrive/phase11-persistent/gt_boundaries/MetalDam/micrograph13.png,0,0,1024,703,0,65
MetalDam/micrograph14/x0_y0,MetalDam,micrograph14,micrograph14.jpg,0,0,0.133972,val,256,/content/drive/MyDrive/phase11-data/data/MetalDam/images/micrograph14.jpg,/content/drive/MyDrive/phase11-persistent/gt_boundaries/MetalDam/micrograph14.png,0,0,1024,703,0,65
MetalDam/micrograph14/x0_y128,MetalDam,micrograph14,micrograph14.jpg,0,128,0.131744,val,256,/content/drive/MyDrive/phase11-data/data/MetalDam/images/micrograph14.jpg,/content/drive/MyDrive/phase11-persistent/gt_boundaries/MetalDam/micrograph14.png,0,0,1024,703,0,65
MetalDam/micrograph14/x0_y256,MetalDam,micrograph14,micrograph14.jpg,0,256,0.136871,val,256,/content/drive/MyDrive/phase11-data/data/MetalDam/images/micrograph14.jpg,/content/drive/MyDrive/phase11-persistent/gt_boundaries/MetalDam/micrograph14.png,0,0,1024,703,0,65
MetalDam/micrograph14/x0_y384,MetalDam,micrograph14,micrograph14.jpg,0,384,0.141312,val,256,/content/drive/MyDrive/phase11-data/data/MetalDam/images/micrograph14.jpg,/content/drive/MyDrive/phase11-persistent/gt_boundaries/MetalDam/micrograph14.png,0,0,1024,703,0,65
MetalDam/micrograph14/x0_y512,MetalDam,micrograph14,micrograph14.jpg,0,512,0.161224,val,256,/content/drive/MyDrive/phase11-data/data/MetalDam/images/micrograph14.jpg,/content/drive/MyDrive/phase11-persistent/gt_boundaries/MetalDam/micrograph14.png,0,0,1024,703,0,65
MetalDam/micrograph14/x128_y0,MetalDam,micrograph14,micrograph14.jpg,128,0,0.13063,val,256,/content/drive/MyDrive/phase11-data/data/MetalDam/images/micrograph14.jpg,/content/drive/MyDrive/phase11-persistent/gt_boundaries/MetalDam/micrograph14.png,0,0,1024,703,0,65
MetalDam/micrograph14/x128_y128,MetalDam,micrograph14,micrograph14.jpg,128,128,0.130951,val,256,/content/drive/MyDrive/phase11-data/data/MetalDam/images/micrograph14.jpg,/content/drive/MyDrive/phase11-persistent/gt_boundaries/MetalDam/micrograph14.png,0,0,1024,703,0,65
MetalDam/micrograph14/x128_y256,MetalDam,micrograph14,micrograph14.jpg,128,256,0.15033,val,256,/content/drive/MyDrive/phase11-data/data/MetalDam/images/micrograph14.jpg,/content/drive/MyDrive/phase11-persistent/gt_boundaries/MetalDam/micrograph14.png,0,0,1024,703,0,65
MetalDam/micrograph14/x128_y384,MetalDam,micrograph14,micrograph14.jpg,128,384,0.152069,val,256,/content/drive/MyDrive/phase11-data/data/MetalDam/images/micrograph14.jpg,/content/drive/MyDrive/phase11-persistent/gt_boundaries/MetalDam/micrograph14.png,0,0,1024,703,0,65
MetalDam/micrograph14/x128_y512,MetalDam,micrograph14,micrograph14.jpg,128,512,0.151947,val,256,/content/drive/MyDrive/phase11-data/data/MetalDam/images/micrograph14.jpg,/content/drive/MyDrive/phase11-persistent/gt_boundaries/MetalDam/micrograph14.png,0,0,1024,703,0,65
MetalDam/micrograph14/x256_y0,MetalDam,micrograph14,micrograph14.jpg,256,0,0.144028,val,256,/content/drive/MyDrive/phase11-data/data/MetalDam/images/micrograph14.jpg,/content/drive/MyDrive/phase11-persistent/gt_boundaries/MetalDam/micrograph14.png,0,0,1024,703,0,65
MetalDam/micrograph14/x256_y128,MetalDam,micrograph14,micrograph14.jpg,256,128,0.144867,val,256,/content/drive/MyDrive/phase11-data/data/MetalDam/images/micrograph14.jpg,/content/drive/MyDrive/phase11-persistent/gt_boundaries/MetalDam/micrograph14.png,0,0,1024,703,0,65
MetalDam/micrograph14/x256_y256,MetalDam,micrograph14,micrograph14.jpg,256,256,0.154877,val,256,/content/drive/MyDrive/phase11-data/data/MetalDam/images/micrograph14.jpg,/content/drive/MyDrive/phase11-persistent/gt_boundaries/MetalDam/micrograph14.png,0,0,1024,703,0,65
MetalDam/micrograph14/x256_y384,MetalDam,micrograph14,micrograph14.jpg,256,384,0.153152,val,256,/content/drive/MyDrive/phase11-data/data/MetalDam/images/micrograph14.jpg,/content/drive/MyDrive/phase11-persistent/gt_boundaries/MetalDam/micrograph14.png,0,0,1024,703,0,65
MetalDam/micrograph14/x256_y512,MetalDam,micrograph14,micrograph14.jpg,256,512,0.16217,val,256,/content/drive/MyDrive/phase11-data/data/MetalDam/images/micrograph14.jpg,/content/drive/MyDrive/phase11-persistent/gt_boundaries/MetalDam/micrograph14.png,0,0,1024,703,0,65
MetalDam/micrograph14/x384_y0,MetalDam,micrograph14,micrograph14.jpg,384,0,0.14299,val,256,/content/drive/MyDrive/phase11-data/data/MetalDam/images/micrograph14.jpg,/content/drive/MyDrive/phase11-persistent/gt_boundaries/MetalDam/micrograph14.png,0,0,1024,703,0,65
MetalDam/micrograph14/x384_y128,MetalDam,micrograph14,micrograph14.jpg,384,128,0.143524,val,256,/content/drive/MyDrive/phase11-data/data/MetalDam/images/micrograph14.jpg,/content/drive/MyDrive/phase11-persistent/gt_boundaries/MetalDam/micrograph14.png,0,0,1024,703,0,65
MetalDam/micrograph14/x384_y256,MetalDam,micrograph14,micrograph14.jpg,384,256,0.14183,val,256,/content/drive/MyDrive/phase11-data/data/MetalDam/images/micrograph14.jpg,/content/drive/MyDrive/phase11-persistent/gt_boundaries/MetalDam/micrograph14.png,0,0,1024,703,0,65
MetalDam/micrograph14/x384_y384,MetalDam,micrograph14,micrograph14.jpg,384,384,0.137207,val,256,/content/drive/MyDrive/phase11-data/data/MetalDam/images/micrograph14.jpg,/content/drive/MyDrive/phase11-persistent/gt_boundaries/MetalDam/micrograph14.png,0,0,1024,703,0,65
MetalDam/micrograph14/x384_y512,MetalDam,micrograph14,micrograph14.jpg,384,512,0.14537,val,256,/content/drive/MyDrive/phase11-data/data/MetalDam/images/micrograph14.jpg,/content/drive/MyDrive/phase11-persistent/gt_boundaries/MetalDam/micrograph14.png,0,0,1024,703,0,65
MetalDam/micrograph14/x512_y0,MetalDam,micrograph14,micrograph14.jpg,512,0,0.153702,val,256,/content/drive/MyDrive/phase11-data/data/MetalDam/images/micrograph14.jpg,/content/drive/MyDrive/phase11-persistent/gt_boundaries/MetalDam/micrograph14.png,0,0,1024,703,0,65
MetalDam/micrograph14/x512_y128,MetalDam,micrograph14,micrograph14.jpg,512,128,0.145447,val,256,/content/drive/MyDrive/phase11-data/data/MetalDam/images/micrograph14.jpg,/content/drive/MyDrive/phase11-persistent/gt_boundaries/MetalDam/micrograph14.png,0,0,1024,703,0,65
MetalDam/micrograph14/x512_y256,MetalDam,micrograph14,micrograph14.jpg,512,256,0.139954,val,256,/content/drive/MyDrive/phase11-data/data/MetalDam/images/micrograph14.jpg,/content/drive/MyDrive/phase11-persistent/gt_boundaries/MetalDam/micrograph14.png,0,0,1024,703,0,65
MetalDam/micrograph14/x512_y384,MetalDam,micrograph14,micrograph14.jpg,512,384,0.134338,val,256,/content/drive/MyDrive/phase11-data/data/MetalDam/images/micrograph14.jpg,/content/drive/MyDrive/phase11-persistent/gt_boundaries/MetalDam/micrograph14.png,0,0,1024,703,0,65
MetalDam/micrograph14/x512_y512,MetalDam,micrograph14,micrograph14.jpg,512,512,0.119507,val,256,/content/drive/MyDrive/phase11-data/data/MetalDam/images/micrograph14.jpg,/content/drive/MyDrive/phase11-persistent/gt_boundaries/MetalDam/micrograph14.png,0,0,1024,703,0,65
MetalDam/micrograph14/x640_y0,MetalDam,micrograph14,micrograph14.jpg,640,0,0.164337,val,256,/content/drive/MyDrive/phase11-data/data/MetalDam/images/micrograph14.jpg,/content/drive/MyDrive/phase11-persistent/gt_boundaries/MetalDam/micrograph14.png,0,0,1024,703,0,65
MetalDam/micrograph14/x640_y128,MetalDam,micrograph14,micrograph14.jpg,640,128,0.136627,val,256,/content/drive/MyDrive/phase11-data/data/MetalDam/images/micrograph14.jpg,/content/drive/MyDrive/phase11-persistent/gt_boundaries/MetalDam/micrograph14.png,0,0,1024,703,0,65
MetalDam/micrograph14/x640_y256,MetalDam,micrograph14,micrograph14.jpg,640,256,0.136047,val,256,/content/drive/MyDrive/phase11-data/data/MetalDam/images/micrograph14.jpg,/content/drive/MyDrive/phase11-persistent/gt_boundaries/MetalDam/micrograph14.png,0,0,1024,703,0,65
MetalDam/micrograph14/x640_y384,MetalDam,micrograph14,micrograph14.jpg,640,384,0.145401,val,256,/content/drive/MyDrive/phase11-data/data/MetalDam/images/micrograph14.jpg,/content/drive/MyDrive/phase11-persistent/gt_boundaries/MetalDam/micrograph14.png,0,0,1024,703,0,65
MetalDam/micrograph14/x640_y512,MetalDam,micrograph14,micrograph14.jpg,640,512,0.121902,val,256,/content/drive/MyDrive/phase11-data/data/MetalDam/images/micrograph14.jpg,/content/drive/MyDrive/phase11-persistent/gt_boundaries/MetalDam/micrograph14.png,0,0,1024,703,0,65
MetalDam/micrograph14/x768_y0,MetalDam,micrograph14,micrograph14.jpg,768,0,0.150955,val,256,/content/drive/MyDrive/phase11-data/data/MetalDam/images/micrograph14.jpg,/content/drive/MyDrive/phase11-persistent/gt_boundaries/MetalDam/micrograph14.png,0,0,1024,703,0,65
MetalDam/micrograph14/x768_y128,MetalDam,micrograph14,micrograph14.jpg,768,128,0.147629,val,256,/content/drive/MyDrive/phase11-data/data/MetalDam/images/micrograph14.jpg,/content/drive/MyDrive/phase11-persistent/gt_boundaries/MetalDam/micrograph14.png,0,0,1024,703,0,65
MetalDam/micrograph14/x768_y256,MetalDam,micrograph14,micrograph14.jpg,768,256,0.151031,val,256,/content/drive/MyDrive/phase11-data/data/MetalDam/images/micrograph14.jpg,/content/drive/MyDrive/phase11-persistent/gt_boundaries/MetalDam/micrograph14.png,0,0,1024,703,0,65
MetalDam/micrograph14/x768_y384,MetalDam,micrograph14,micrograph14.jpg,768,384,0.142792,val,256,/content/drive/MyDrive/phase11-data/data/MetalDam/images/micrograph14.jpg,/content/drive/MyDrive/phase11-persistent/gt_boundaries/MetalDam/micrograph14.png,0,0,1024,703,0,65
MetalDam/micrograph14/x768_y512,MetalDam,micrograph14,micrograph14.jpg,768,512,0.125458,val,256,/content/drive/MyDrive/phase11-data/data/MetalDam/images/micrograph14.jpg,/content/drive/MyDrive/phase11-persistent/gt_boundaries/MetalDam/micrograph14.png,0,0,1024,703,0,65
MetalDam/micrograph15/x0_y0,MetalDam,micrograph15,micrograph15.jpg,0,0,0.14209,val,256,/content/drive/MyDrive/phase11-data/data/MetalDam/images/micrograph15.jpg,/content/drive/MyDrive/phase11-persistent/gt_boundaries/MetalDam/micrograph15.png,0,0,1024,702,0,66
MetalDam/micrograph15/x0_y128,MetalDam,micrograph15,micrograph15.jpg,0,128,0.142975,val,256,/content/drive/MyDrive/phase11-data/data/MetalDam/images/micrograph15.jpg,/content/drive/MyDrive/phase11-persistent/gt_boundaries/MetalDam/micrograph15.png,0,0,1024,702,0,66
MetalDam/micrograph15/x0_y256,MetalDam,micrograph15,micrograph15.jpg,0,256,0.149048,val,256,/content/drive/MyDrive/phase11-data/data/MetalDam/images/micrograph15.jpg,/content/drive/MyDrive/phase11-persistent/gt_boundaries/MetalDam/micrograph15.png,0,0,1024,702,0,66
MetalDam/micrograph15/x0_y384,MetalDam,micrograph15,micrograph15.jpg,0,384,0.157578,val,256,/content/drive/MyDrive/phase11-data/data/MetalDam/images/micrograph15.jpg,/content/drive/MyDrive/phase11-persistent/gt_boundaries/MetalDam/micrograph15.png,0,0,1024,702,0,66
MetalDam/micrograph15/x0_y512,MetalDam,micrograph15,micrograph15.jpg,0,512,0.157257,val,256,/content/drive/MyDrive/phase11-data/data/MetalDam/images/micrograph15.jpg,/content/drive/MyDrive/phase11-persistent/gt_boundaries/MetalDam/micrograph15.png,0,0,1024,702,0,66
MetalDam/micrograph15/x128_y0,MetalDam,micrograph15,micrograph15.jpg,128,0,0.154022,val,256,/content/drive/MyDrive/phase11-data/data/MetalDam/images/micrograph15.jpg,/content/drive/MyDrive/phase11-persistent/gt_boundaries/MetalDam/micrograph15.png,0,0,1024,702,0,66
MetalDam/micrograph15/x128_y128,MetalDam,micrograph15,micrograph15.jpg,128,128,0.151871,val,256,/content/drive/MyDrive/phase11-data/data/MetalDam/images/micrograph15.jpg,/content/drive/MyDrive/phase11-persistent/gt_boundaries/MetalDam/micrograph15.png,0,0,1024,702,0,66
MetalDam/micrograph15/x128_y256,MetalDam,micrograph15,micrograph15.jpg,128,256,0.16156,val,256,/content/drive/MyDrive/phase11-data/data/MetalDam/images/micrograph15.jpg,/content/drive/MyDrive/phase11-persistent/gt_boundaries/MetalDam/micrograph15.png,0,0,1024,702,0,66
MetalDam/micrograph15/x128_y384,MetalDam,micrograph15,micrograph15.jpg,128,384,0.173279,val,256,/content/drive/MyDrive/phase11-data/data/MetalDam/images/micrograph15.jpg,/content/drive/MyDrive/phase11-persistent/gt_boundaries/MetalDam/micrograph15.png,0,0,1024,702,0,66
MetalDam/micrograph15/x128_y512,MetalDam,micrograph15,micrograph15.jpg,128,512,0.165939,val,256,/content/drive/MyDrive/phase11-data/data/MetalDam/images/micrograph15.jpg,/content/drive/MyDrive/phase11-persistent/gt_boundaries/MetalDam/micrograph15.png,0,0,1024,702,0,66
MetalDam/micrograph15/x256_y0,MetalDam,micrograph15,micrograph15.jpg,256,0,0.145508,val,256,/content/drive/MyDrive/phase11-data/data/MetalDam/images/micrograph15.jpg,/content/drive/MyDrive/phase11-persistent/gt_boundaries/MetalDam/micrograph15.png,0,0,1024,702,0,66
MetalDam/micrograph15/x256_y128,MetalDam,micrograph15,micrograph15.jpg,256,128,0.147003,val,256,/content/drive/MyDrive/phase11-data/data/MetalDam/images/micrograph15.jpg,/content/drive/MyDrive/phase11-persistent/gt_boundaries/MetalDam/micrograph15.png,0,0,1024,702,0,66
MetalDam/micrograph15/x256_y256,MetalDam,micrograph15,micrograph15.jpg,256,256,0.176834,val,256,/content/drive/MyDrive/phase11-data/data/MetalDam/images/micrograph15.jpg,/content/drive/MyDrive/phase11-persistent/gt_boundaries/MetalDam/micrograph15.png,0,0,1024,702,0,66
MetalDam/micrograph15/x256_y384,MetalDam,micrograph15,micrograph15.jpg,256,384,0.17244,val,256,/content/drive/MyDrive/phase11-data/data/MetalDam/images/micrograph15.jpg,/content/drive/MyDrive/phase11-persistent/gt_boundaries/MetalDam/micrograph15.png,0,0,1024,702,0,66
MetalDam/micrograph15/x256_y512,MetalDam,micrograph15,micrograph15.jpg,256,512,0.156555,val,256,/content/drive/MyDrive/phase11-data/data/MetalDam/images/micrograph15.jpg,/content/drive/MyDrive/phase11-persistent/gt_boundaries/MetalDam/micrograph15.png,0,0,1024,702,0,66
MetalDam/micrograph15/x384_y0,MetalDam,micrograph15,micrograph15.jpg,384,0,0.137299,val,256,/content/drive/MyDrive/phase11-data/data/MetalDam/images/micrograph15.jpg,/content/drive/MyDrive/phase11-persistent/gt_boundaries/MetalDam/micrograph15.png,0,0,1024,702,0,66
MetalDam/micrograph15/x384_y128,MetalDam,micrograph15,micrograph15.jpg,384,128,0.142792,val,256,/content/drive/MyDrive/phase11-data/data/MetalDam/images/micrograph15.jpg,/content/drive/MyDrive/phase11-persistent/gt_boundaries/MetalDam/micrograph15.png,0,0,1024,702,0,66
MetalDam/micrograph15/x384_y256,MetalDam,micrograph15,micrograph15.jpg,384,256,0.172684,val,256,/content/drive/MyDrive/phase11-data/data/MetalDam/images/micrograph15.jpg,/content/drive/MyDrive/phase11-persistent/gt_boundaries/MetalDam/micrograph15.png,0,0,1024,702,0,66
MetalDam/micrograph15/x384_y384,MetalDam,micrograph15,micrograph15.jpg,384,384,0.168762,val,256,/content/drive/MyDrive/phase11-data/data/MetalDam/images/micrograph15.jpg,/content/drive/MyDrive/phase11-persistent/gt_boundaries/MetalDam/micrograph15.png,0,0,1024,702,0,66
MetalDam/micrograph15/x384_y512,MetalDam,micrograph15,micrograph15.jpg,384,512,0.16246,val,256,/content/drive/MyDrive/phase11-data/data/MetalDam/images/micrograph15.jpg,/content/drive/MyDrive/phase11-persistent/gt_boundaries/MetalDam/micrograph15.png,0,0,1024,702,0,66
MetalDam/micrograph15/x512_y0,MetalDam,micrograph15,micrograph15.jpg,512,0,0.143478,val,256,/content/drive/MyDrive/phase11-data/data/MetalDam/images/micrograph15.jpg,/content/drive/MyDrive/phase11-persistent/gt_boundaries/MetalDam/micrograph15.png,0,0,1024,702,0,66
MetalDam/micrograph15/x512_y128,MetalDam,micrograph15,micrograph15.jpg,512,128,0.146072,val,256,/content/drive/MyDrive/phase11-data/data/MetalDam/images/micrograph15.jpg,/content/drive/MyDrive/phase11-persistent/gt_boundaries/MetalDam/micrograph15.png,0,0,1024,702,0,66
MetalDam/micrograph15/x512_y256,MetalDam,micrograph15,micrograph15.jpg,512,256,0.162949,val,256,/content/drive/MyDrive/phase11-data/data/MetalDam/images/micrograph15.jpg,/content/drive/MyDrive/phase11-persistent/gt_boundaries/MetalDam/micrograph15.png,0,0,1024,702,0,66
MetalDam/micrograph15/x512_y384,MetalDam,micrograph15,micrograph15.jpg,512,384,0.162277,val,256,/content/drive/MyDrive/phase11-data/data/MetalDam/images/micrograph15.jpg,/content/drive/MyDrive/phase11-persistent/gt_boundaries/MetalDam/micrograph15.png,0,0,1024,702,0,66
MetalDam/micrograph15/x512_y512,MetalDam,micrograph15,micrograph15.jpg,512,512,0.156326,val,256,/content/drive/MyDrive/phase11-data/data/MetalDam/images/micrograph15.jpg,/content/drive/MyDrive/phase11-persistent/gt_boundaries/MetalDam/micrograph15.png,0,0,1024,702,0,66
MetalDam/micrograph15/x640_y0,MetalDam,micrograph15,micrograph15.jpg,640,0,0.124207,val,256,/content/drive/MyDrive/phase11-data/data/MetalDam/images/micrograph15.jpg,/content/drive/MyDrive/phase11-persistent/gt_boundaries/MetalDam/micrograph15.png,0,0,1024,702,0,66
MetalDam/micrograph15/x640_y128,MetalDam,micrograph15,micrograph15.jpg,640,128,0.13652,val,256,/content/drive/MyDrive/phase11-data/data/MetalDam/images/micrograph15.jpg,/content/drive/MyDrive/phase11-persistent/gt_boundaries/MetalDam/micrograph15.png,0,0,1024,702,0,66
MetalDam/micrograph15/x640_y256,MetalDam,micrograph15,micrograph15.jpg,640,256,0.151459,val,256,/content/drive/MyDrive/phase11-data/data/MetalDam/images/micrograph15.jpg,/content/drive/MyDrive/phase11-persistent/gt_boundaries/MetalDam/micrograph15.png,0,0,1024,702,0,66
MetalDam/micrograph15/x640_y384,MetalDam,micrograph15,micrograph15.jpg,640,384,0.139984,val,256,/content/drive/MyDrive/phase11-data/data/MetalDam/images/micrograph15.jpg,/content/drive/MyDrive/phase11-persistent/gt_boundaries/MetalDam/micrograph15.png,0,0,1024,702,0,66
MetalDam/micrograph15/x640_y512,MetalDam,micrograph15,micrograph15.jpg,640,512,0.134216,val,256,/content/drive/MyDrive/phase11-data/data/MetalDam/images/micrograph15.jpg,/content/drive/MyDrive/phase11-persistent/gt_boundaries/MetalDam/micrograph15.png,0,0,1024,702,0,66
MetalDam/micrograph15/x768_y0,MetalDam,micrograph15,micrograph15.jpg,768,0,0.12529,val,256,/content/drive/MyDrive/phase11-data/data/MetalDam/images/micrograph15.jpg,/content/drive/MyDrive/phase11-persistent/gt_boundaries/MetalDam/micrograph15.png,0,0,1024,702,0,66
MetalDam/micrograph15/x768_y128,MetalDam,micrograph15,micrograph15.jpg,768,128,0.150574,val,256,/content/drive/MyDrive/phase11-data/data/MetalDam/images/micrograph15.jpg,/content/drive/MyDrive/phase11-persistent/gt_boundaries/MetalDam/micrograph15.png,0,0,1024,702,0,66
MetalDam/micrograph15/x768_y256,MetalDam,micrograph15,micrograph15.jpg,768,256,0.149063,val,256,/content/drive/MyDrive/phase11-data/data/MetalDam/images/micrograph15.jpg,/content/drive/MyDrive/phase11-persistent/gt_boundaries/MetalDam/micrograph15.png,0,0,1024,702,0,66
MetalDam/micrograph15/x768_y384,MetalDam,micrograph15,micrograph15.jpg,768,384,0.131836,val,256,/content/drive/MyDrive/phase11-data/data/MetalDam/images/micrograph15.jpg,/content/drive/MyDrive/phase11-persistent/gt_boundaries/MetalDam/micrograph15.png,0,0,1024,702,0,66
MetalDam/micrograph15/x768_y512,MetalDam,micrograph15,micrograph15.jpg,768,512,0.131226,val,256,/content/drive/MyDrive/phase11-data/data/MetalDam/images/micrograph15.jpg,/content/drive/MyDrive/phase11-persistent/gt_boundaries/MetalDam/micrograph15.png,0,0,1024,702,0,66
MetalDam/micrograph16/x0_y0,MetalDam,micrograph16,micrograph16.jpg,0,0,0.151825,val,256,/content/drive/MyDrive/phase11-data/data/MetalDam/images/micrograph16.jpg,/content/drive/MyDrive/phase11-persistent/gt_boundaries/MetalDam/micrograph16.png,0,0,1024,703,0,65
MetalDam/micrograph16/x0_y128,MetalDam,micrograph16,micrograph16.jpg,0,128,0.180817,val,256,/content/drive/MyDrive/phase11-data/data/MetalDam/images/micrograph16.jpg,/content/drive/MyDrive/phase11-persistent/gt_boundaries/MetalDam/micrograph16.png,0,0,1024,703,0,65
MetalDam/micrograph16/x0_y256,MetalDam,micrograph16,micrograph16.jpg,0,256,0.182938,val,256,/content/drive/MyDrive/phase11-data/data/MetalDam/images/micrograph16.jpg,/content/drive/MyDrive/phase11-persistent/gt_boundaries/MetalDam/micrograph16.png,0,0,1024,703,0,65
MetalDam/micrograph16/x0_y384,MetalDam,micrograph16,micrograph16.jpg,0,384,0.172729,val,256,/content/drive/MyDrive/phase11-data/data/MetalDam/images/micrograph16.jpg,/content/drive/MyDrive/phase11-persistent/gt_boundaries/MetalDam/micrograph16.png,0,0,1024,703,0,65
MetalDam/micrograph16/x0_y512,MetalDam,micrograph16,micrograph16.jpg,0,512,0.152176,val,256,/content/drive/MyDrive/phase11-data/data/MetalDam/images/micrograph16.jpg,/content/drive/MyDrive/phase11-persistent/gt_boundaries/MetalDam/micrograph16.png,0,0,1024,703,0,65
MetalDam/micrograph16/x128_y0,MetalDam,micrograph16,micrograph16.jpg,128,0,0.156082,val,256,/content/drive/MyDrive/phase11-data/data/MetalDam/images/micrograph16.jpg,/content/drive/MyDrive/phase11-persistent/gt_boundaries/MetalDam/micrograph16.png,0,0,1024,703,0,65
MetalDam/micrograph16/x128_y128,MetalDam,micrograph16,micrograph16.jpg,128,128,0.170853,val,256,/content/drive/MyDrive/phase11-data/data/MetalDam/images/micrograph16.jpg,/content/drive/MyDrive/phase11-persistent/gt_boundaries/MetalDam/micrograph16.png,0,0,1024,703,0,65
MetalDam/micrograph16/x128_y256,MetalDam,micrograph16,micrograph16.jpg,128,256,0.166473,val,256,/content/drive/MyDrive/phase11-data/data/MetalDam/images/micrograph16.jpg,/content/drive/MyDrive/phase11-persistent/gt_boundaries/MetalDam/micrograph16.png,0,0,1024,703,0,65
MetalDam/micrograph16/x128_y384,MetalDam,micrograph16,micrograph16.jpg,128,384,0.162231,val,256,/content/drive/MyDrive/phase11-data/data/MetalDam/images/micrograph16.jpg,/content/drive/MyDrive/phase11-persistent/gt_boundaries/MetalDam/micrograph16.png,0,0,1024,703,0,65
MetalDam/micrograph16/x128_y512,MetalDam,micrograph16,micrograph16.jpg,128,512,0.15416,val,256,/content/drive/MyDrive/phase11-data/data/MetalDam/images/micrograph16.jpg,/content/drive/MyDrive/phase11-persistent/gt_boundaries/MetalDam/micrograph16.png,0,0,1024,703,0,65
MetalDam/micrograph16/x256_y0,MetalDam,micrograph16,micrograph16.jpg,256,0,0.143524,val,256,/content/drive/MyDrive/phase11-data/data/MetalDam/images/micrograph16.jpg,/content/drive/MyDrive/phase11-persistent/gt_boundaries/MetalDam/micrograph16.png,0,0,1024,703,0,65
MetalDam/micrograph16/x256_y128,MetalDam,micrograph16,micrograph16.jpg,256,128,0.145416,val,256,/content/drive/MyDrive/phase11-data/data/MetalDam/images/micrograph16.jpg,/content/drive/MyDrive/phase11-persistent/gt_boundaries/MetalDam/micrograph16.png,0,0,1024,703,0,65
MetalDam/micrograph16/x256_y256,MetalDam,micrograph16,micrograph16.jpg,256,256,0.153107,val,256,/content/drive/MyDrive/phase11-data/data/MetalDam/images/micrograph16.jpg,/content/drive/MyDrive/phase11-persistent/gt_boundaries/MetalDam/micrograph16.png,0,0,1024,703,0,65
MetalDam/micrograph16/x256_y384,MetalDam,micrograph16,micrograph16.jpg,256,384,0.158417,val,256,/content/drive/MyDrive/phase11-data/data/MetalDam/images/micrograph16.jpg,/content/drive/MyDrive/phase11-persistent/gt_boundaries/MetalDam/micrograph16.png,0,0,1024,703,0,65
MetalDam/micrograph16/x256_y512,MetalDam,micrograph16,micrograph16.jpg,256,512,0.143448,val,256,/content/drive/MyDrive/phase11-data/data/MetalDam/images/micrograph16.jpg,/content/drive/MyDrive/phase11-persistent/gt_boundaries/MetalDam/micrograph16.png,0,0,1024,703,0,65
MetalDam/micrograph16/x384_y0,MetalDam,micrograph16,micrograph16.jpg,384,0,0.159363,val,256,/content/drive/MyDrive/phase11-data/data/MetalDam/images/micrograph16.jpg,/content/drive/MyDrive/phase11-persistent/gt_boundaries/MetalDam/micrograph16.png,0,0,1024,703,0,65
MetalDam/micrograph16/x384_y128,MetalDam,micrograph16,micrograph16.jpg,384,128,0.134933,val,256,/content/drive/MyDrive/phase11-data/data/MetalDam/images/micrograph16.jpg,/content/drive/MyDrive/phase11-persistent/gt_boundaries/MetalDam/micrograph16.png,0,0,1024,703,0,65
MetalDam/micrograph16/x384_y256,MetalDam,micrograph16,micrograph16.jpg,384,256,0.14064,val,256,/content/drive/MyDrive/phase11-data/data/MetalDam/images/micrograph16.jpg,/content/drive/MyDrive/phase11-persistent/gt_boundaries/MetalDam/micrograph16.png,0,0,1024,703,0,65
MetalDam/micrograph16/x384_y384,MetalDam,micrograph16,micrograph16.jpg,384,384,0.151642,val,256,/content/drive/MyDrive/phase11-data/data/MetalDam/images/micrograph16.jpg,/content/drive/MyDrive/phase11-persistent/gt_boundaries/MetalDam/micrograph16.png,0,0,1024,703,0,65
MetalDam/micrograph16/x384_y512,MetalDam,micrograph16,micrograph16.jpg,384,512,0.132034,val,256,/content/drive/MyDrive/phase11-data/data/MetalDam/images/micrograph16.jpg,/content/drive/MyDrive/phase11-persistent/gt_boundaries/MetalDam/micrograph16.png,0,0,1024,703,0,65
MetalDam/micrograph16/x512_y0,MetalDam,micrograph16,micrograph16.jpg,512,0,0.189865,val,256,/content/drive/MyDrive/phase11-data/data/MetalDam/images/micrograph16.jpg,/content/drive/MyDrive/phase11-persistent/gt_boundaries/MetalDam/micrograph16.png,0,0,1024,703,0,65
MetalDam/micrograph16/x512_y128,MetalDam,micrograph16,micrograph16.jpg,512,128,0.1604,val,256,/content/drive/MyDrive/phase11-data/data/MetalDam/images/micrograph16.jpg,/content/drive/MyDrive/phase11-persistent/gt_boundaries/MetalDam/micrograph16.png,0,0,1024,703,0,65
MetalDam/micrograph16/x512_y256,MetalDam,micrograph16,micrograph16.jpg,512,256,0.147095,val,256,/content/drive/MyDrive/phase11-data/data/MetalDam/images/micrograph16.jpg,/content/drive/MyDrive/phase11-persistent/gt_boundaries/MetalDam/micrograph16.png,0,0,1024,703,0,65
MetalDam/micrograph16/x512_y384,MetalDam,micrograph16,micrograph16.jpg,512,384,0.15451,val,256,/content/drive/MyDrive/phase11-data/data/MetalDam/images/micrograph16.jpg,/content/drive/MyDrive/phase11-persistent/gt_boundaries/MetalDam/micrograph16.png,0,0,1024,703,0,65
MetalDam/micrograph16/x512_y512,MetalDam,micrograph16,micrograph16.jpg,512,512,0.152527,val,256,/content/drive/MyDrive/phase11-data/data/MetalDam/images/micrograph16.jpg,/content/drive/MyDrive/phase11-persistent/gt_boundaries/MetalDam/micrograph16.png,0,0,1024,703,0,65
MetalDam/micrograph16/x640_y0,MetalDam,micrograph16,micrograph16.jpg,640,0,0.203049,val,256,/content/drive/MyDrive/phase11-data/data/MetalDam/images/micrograph16.jpg,/content/drive/MyDrive/phase11-persistent/gt_boundaries/MetalDam/micrograph16.png,0,0,1024,703,0,65
MetalDam/micrograph16/x640_y128,MetalDam,micrograph16,micrograph16.jpg,640,128,0.19072,val,256,/content/drive/MyDrive/phase11-data/data/MetalDam/images/micrograph16.jpg,/content/drive/MyDrive/phase11-persistent/gt_boundaries/MetalDam/micrograph16.png,0,0,1024,703,0,65
MetalDam/micrograph16/x640_y256,MetalDam,micrograph16,micrograph16.jpg,640,256,0.164124,val,256,/content/drive/MyDrive/phase11-data/data/MetalDam/images/micrograph16.jpg,/content/drive/MyDrive/phase11-persistent/gt_boundaries/MetalDam/micrograph16.png,0,0,1024,703,0,65
MetalDam/micrograph16/x640_y384,MetalDam,micrograph16,micrograph16.jpg,640,384,0.146576,val,256,/content/drive/MyDrive/phase11-data/data/MetalDam/images/micrograph16.jpg,/content/drive/MyDrive/phase11-persistent/gt_boundaries/MetalDam/micrograph16.png,0,0,1024,703,0,65
MetalDam/micrograph16/x640_y512,MetalDam,micrograph16,micrograph16.jpg,640,512,0.148849,val,256,/content/drive/MyDrive/phase11-data/data/MetalDam/images/micrograph16.jpg,/content/drive/MyDrive/phase11-persistent/gt_boundaries/MetalDam/micrograph16.png,0,0,1024,703,0,65
MetalDam/micrograph16/x768_y0,MetalDam,micrograph16,micrograph16.jpg,768,0,0.197891,val,256,/content/drive/MyDrive/phase11-data/data/MetalDam/images/micrograph16.jpg,/content/drive/MyDrive/phase11-persistent/gt_boundaries/MetalDam/micrograph16.png,0,0,1024,703,0,65
MetalDam/micrograph16/x768_y128,MetalDam,micrograph16,micrograph16.jpg,768,128,0.191101,val,256,/content/drive/MyDrive/phase11-data/data/MetalDam/images/micrograph16.jpg,/content/drive/MyDrive/phase11-persistent/gt_boundaries/MetalDam/micrograph16.png,0,0,1024,703,0,65
MetalDam/micrograph16/x768_y256,MetalDam,micrograph16,micrograph16.jpg,768,256,0.169846,val,256,/content/drive/MyDrive/phase11-data/data/MetalDam/images/micrograph16.jpg,/content/drive/MyDrive/phase11-persistent/gt_boundaries/MetalDam/micrograph16.png,0,0,1024,703,0,65
MetalDam/micrograph16/x768_y384,MetalDam,micrograph16,micrograph16.jpg,768,384,0.120361,val,256,/content/drive/MyDrive/phase11-data/data/MetalDam/images/micrograph16.jpg,/content/drive/MyDrive/phase11-persistent/gt_boundaries/MetalDam/micrograph16.png,0,0,1024,703,0,65
MetalDam/micrograph16/x768_y512,MetalDam,micrograph16,micrograph16.jpg,768,512,0.130508,val,256,/content/drive/MyDrive/phase11-data/data/MetalDam/images/micrograph16.jpg,/content/drive/MyDrive/phase11-persistent/gt_boundaries/MetalDam/micrograph16.png,0,0,1024,703,0,65
MetalDam/micrograph17/x0_y0,MetalDam,micrograph17,micrograph17.jpg,0,0,0.206696,val,256,/content/drive/MyDrive/phase11-data/data/MetalDam/images/micrograph17.jpg,/content/drive/MyDrive/phase11-persistent/gt_boundaries/MetalDam/micrograph17.png,0,0,1024,703,0,65
MetalDam/micrograph17/x0_y128,MetalDam,micrograph17,micrograph17.jpg,0,128,0.199554,val,256,/content/drive/MyDrive/phase11-data/data/MetalDam/images/micrograph17.jpg,/content/drive/MyDrive/phase11-persistent/gt_boundaries/MetalDam/micrograph17.png,0,0,1024,703,0,65
MetalDam/micrograph17/x0_y256,MetalDam,micrograph17,micrograph17.jpg,0,256,0.205109,val,256,/content/drive/MyDrive/phase11-data/data/MetalDam/images/micrograph17.jpg,/content/drive/MyDrive/phase11-persistent/gt_boundaries/MetalDam/micrograph17.png,0,0,1024,703,0,65
MetalDam/micrograph17/x0_y384,MetalDam,micrograph17,micrograph17.jpg,0,384,0.215286,val,256,/content/drive/MyDrive/phase11-data/data/MetalDam/images/micrograph17.jpg,/content/drive/MyDrive/phase11-persistent/gt_boundaries/MetalDam/micrograph17.png,0,0,1024,703,0,65
MetalDam/micrograph17/x0_y512,MetalDam,micrograph17,micrograph17.jpg,0,512,0.223007,val,256,/content/drive/MyDrive/phase11-data/data/MetalDam/images/micrograph17.jpg,/content/drive/MyDrive/phase11-persistent/gt_boundaries/MetalDam/micrograph17.png,0,0,1024,703,0,65
MetalDam/micrograph17/x128_y0,MetalDam,micrograph17,micrograph17.jpg,128,0,0.204849,val,256,/content/drive/MyDrive/phase11-data/data/MetalDam/images/micrograph17.jpg,/content/drive/MyDrive/phase11-persistent/gt_boundaries/MetalDam/micrograph17.png,0,0,1024,703,0,65
MetalDam/micrograph17/x128_y128,MetalDam,micrograph17,micrograph17.jpg,128,128,0.206604,val,256,/content/drive/MyDrive/phase11-data/data/MetalDam/images/micrograph17.jpg,/content/drive/MyDrive/phase11-persistent/gt_boundaries/MetalDam/micrograph17.png,0,0,1024,703,0,65
MetalDam/micrograph17/x128_y256,MetalDam,micrograph17,micrograph17.jpg,128,256,0.195694,val,256,/content/drive/MyDrive/phase11-data/data/MetalDam/images/micrograph17.jpg,/content/drive/MyDrive/phase11-persistent/gt_boundaries/MetalDam/micrograph17.png,0,0,1024,703,0,65
MetalDam/micrograph17/x128_y384,MetalDam,micrograph17,micrograph17.jpg,128,384,0.19545,val,256,/content/drive/MyDrive/phase11-data/data/MetalDam/images/micrograph17.jpg,/content/drive/MyDrive/phase11-persistent/gt_boundaries/MetalDam/micrograph17.png,0,0,1024,703,0,65
MetalDam/micrograph17/x128_y512,MetalDam,micrograph17,micrograph17.jpg,128,512,0.209152,val,256,/content/drive/MyDrive/phase11-data/data/MetalDam/images/micrograph17.jpg,/content/drive/MyDrive/phase11-persistent/gt_boundaries/MetalDam/micrograph17.png,0,0,1024,703,0,65
MetalDam/micrograph17/x256_y0,MetalDam,micrograph17,micrograph17.jpg,256,0,0.199936,val,256,/content/drive/MyDrive/phase11-data/data/MetalDam/images/micrograph17.jpg,/content/drive/MyDrive/phase11-persistent/gt_boundaries/MetalDam/micrograph17.png,0,0,1024,703,0,65
MetalDam/micrograph17/x256_y128,MetalDam,micrograph17,micrograph17.jpg,256,128,0.187851,val,256,/content/drive/MyDrive/phase11-data/data/MetalDam/images/micrograph17.jpg,/content/drive/MyDrive/phase11-persistent/gt_boundaries/MetalDam/micrograph17.png,0,0,1024,703,0,65
MetalDam/micrograph17/x256_y256,MetalDam,micrograph17,micrograph17.jpg,256,256,0.175308,val,256,/content/drive/MyDrive/phase11-data/data/MetalDam/images/micrograph17.jpg,/content/drive/MyDrive/phase11-persistent/gt_boundaries/MetalDam/micrograph17.png,0,0,1024,703,0,65
MetalDam/micrograph17/x256_y384,MetalDam,micrograph17,micrograph17.jpg,256,384,0.174362,val,256,/content/drive/MyDrive/phase11-data/data/MetalDam/images/micrograph17.jpg,/content/drive/MyDrive/phase11-persistent/gt_boundaries/MetalDam/micrograph17.png,0,0,1024,703,0,65
MetalDam/micrograph17/x256_y512,MetalDam,micrograph17,micrograph17.jpg,256,512,0.188492,val,256,/content/drive/MyDrive/phase11-data/data/MetalDam/images/micrograph17.jpg,/content/drive/MyDrive/phase11-persistent/gt_boundaries/MetalDam/micrograph17.png,0,0,1024,703,0,65
MetalDam/micrograph17/x384_y0,MetalDam,micrograph17,micrograph17.jpg,384,0,0.171371,val,256,/content/drive/MyDrive/phase11-data/data/MetalDam/images/micrograph17.jpg,/content/drive/MyDrive/phase11-persistent/gt_boundaries/MetalDam/micrograph17.png,0,0,1024,703,0,65
MetalDam/micrograph17/x384_y128,MetalDam,micrograph17,micrograph17.jpg,384,128,0.167358,val,256,/content/drive/MyDrive/phase11-data/data/MetalDam/images/micrograph17.jpg,/content/drive/MyDrive/phase11-persistent/gt_boundaries/MetalDam/micrograph17.png,0,0,1024,703,0,65
MetalDam/micrograph17/x384_y256,MetalDam,micrograph17,micrograph17.jpg,384,256,0.188522,val,256,/content/drive/MyDrive/phase11-data/data/MetalDam/images/micrograph17.jpg,/content/drive/MyDrive/phase11-persistent/gt_boundaries/MetalDam/micrograph17.png,0,0,1024,703,0,65
MetalDam/micrograph17/x384_y384,MetalDam,micrograph17,micrograph17.jpg,384,384,0.185379,val,256,/content/drive/MyDrive/phase11-data/data/MetalDam/images/micrograph17.jpg,/content/drive/MyDrive/phase11-persistent/gt_boundaries/MetalDam/micrograph17.png,0,0,1024,703,0,65
MetalDam/micrograph17/x384_y512,MetalDam,micrograph17,micrograph17.jpg,384,512,0.180252,val,256,/content/drive/MyDrive/phase11-data/data/MetalDam/images/micrograph17.jpg,/content/drive/MyDrive/phase11-persistent/gt_boundaries/MetalDam/micrograph17.png,0,0,1024,703,0,65
MetalDam/micrograph17/x512_y0,MetalDam,micrograph17,micrograph17.jpg,512,0,0.164124,val,256,/content/drive/MyDrive/phase11-data/data/MetalDam/images/micrograph17.jpg,/content/drive/MyDrive/phase11-persistent/gt_boundaries/MetalDam/micrograph17.png,0,0,1024,703,0,65
MetalDam/micrograph17/x512_y128,MetalDam,micrograph17,micrograph17.jpg,512,128,0.168625,val,256,/content/drive/MyDrive/phase11-data/data/MetalDam/images/micrograph17.jpg,/content/drive/MyDrive/phase11-persistent/gt_boundaries/MetalDam/micrograph17.png,0,0,1024,703,0,65
MetalDam/micrograph17/x512_y256,MetalDam,micrograph17,micrograph17.jpg,512,256,0.198975,val,256,/content/drive/MyDrive/phase11-data/data/MetalDam/images/micrograph17.jpg,/content/drive/MyDrive/phase11-persistent/gt_boundaries/MetalDam/micrograph17.png,0,0,1024,703,0,65
MetalDam/micrograph17/x512_y384,MetalDam,micrograph17,micrograph17.jpg,512,384,0.205627,val,256,/content/drive/MyDrive/phase11-data/data/MetalDam/images/micrograph17.jpg,/content/drive/MyDrive/phase11-persistent/gt_boundaries/MetalDam/micrograph17.png,0,0,1024,703,0,65
MetalDam/micrograph17/x512_y512,MetalDam,micrograph17,micrograph17.jpg,512,512,0.199829,val,256,/content/drive/MyDrive/phase11-data/data/MetalDam/images/micrograph17.jpg,/content/drive/MyDrive/phase11-persistent/gt_boundaries/MetalDam/micrograph17.png,0,0,1024,703,0,65
MetalDam/micrograph17/x640_y0,MetalDam,micrograph17,micrograph17.jpg,640,0,0.202042,val,256,/content/drive/MyDrive/phase11-data/data/MetalDam/images/micrograph17.jpg,/content/drive/MyDrive/phase11-persistent/gt_boundaries/MetalDam/micrograph17.png,0,0,1024,703,0,65
MetalDam/micrograph17/x640_y128,MetalDam,micrograph17,micrograph17.jpg,640,128,0.192902,val,256,/content/drive/MyDrive/phase11-data/data/MetalDam/images/micrograph17.jpg,/content/drive/MyDrive/phase11-persistent/gt_boundaries/MetalDam/micrograph17.png,0,0,1024,703,0,65
MetalDam/micrograph17/x640_y256,MetalDam,micrograph17,micrograph17.jpg,640,256,0.180542,val,256,/content/drive/MyDrive/phase11-data/data/MetalDam/images/micrograph17.jpg,/content/drive/MyDrive/phase11-persistent/gt_boundaries/MetalDam/micrograph17.png,0,0,1024,703,0,65
MetalDam/micrograph17/x640_y384,MetalDam,micrograph17,micrograph17.jpg,640,384,0.157959,val,256,/content/drive/MyDrive/phase11-data/data/MetalDam/images/micrograph17.jpg,/content/drive/MyDrive/phase11-persistent/gt_boundaries/MetalDam/micrograph17.png,0,0,1024,703,0,65
MetalDam/micrograph17/x640_y512,MetalDam,micrograph17,micrograph17.jpg,640,512,0.139877,val,256,/content/drive/MyDrive/phase11-data/data/MetalDam/images/micrograph17.jpg,/content/drive/MyDrive/phase11-persistent/gt_boundaries/MetalDam/micrograph17.png,0,0,1024,703,0,65
MetalDam/micrograph17/x768_y0,MetalDam,micrograph17,micrograph17.jpg,768,0,0.197052,val,256,/content/drive/MyDrive/phase11-data/data/MetalDam/images/micrograph17.jpg,/content/drive/MyDrive/phase11-persistent/gt_boundaries/MetalDam/micrograph17.png,0,0,1024,703,0,65
MetalDam/micrograph17/x768_y128,MetalDam,micrograph17,micrograph17.jpg,768,128,0.212814,val,256,/content/drive/MyDrive/phase11-data/data/MetalDam/images/micrograph17.jpg,/content/drive/MyDrive/phase11-persistent/gt_boundaries/MetalDam/micrograph17.png,0,0,1024,703,0,65
MetalDam/micrograph17/x768_y256,MetalDam,micrograph17,micrograph17.jpg,768,256,0.172943,val,256,/content/drive/MyDrive/phase11-data/data/MetalDam/images/micrograph17.jpg,/content/drive/MyDrive/phase11-persistent/gt_boundaries/MetalDam/micrograph17.png,0,0,1024,703,0,65
MetalDam/micrograph17/x768_y384,MetalDam,micrograph17,micrograph17.jpg,768,384,0.09288,val,256,/content/drive/MyDrive/phase11-data/data/MetalDam/images/micrograph17.jpg,/content/drive/MyDrive/phase11-persistent/gt_boundaries/MetalDam/micrograph17.png,0,0,1024,703,0,65
MetalDam/micrograph17/x768_y512,MetalDam,micrograph17,micrograph17.jpg,768,512,0.094589,val,256,/content/drive/MyDrive/phase11-data/data/MetalDam/images/micrograph17.jpg,/content/drive/MyDrive/phase11-persistent/gt_boundaries/MetalDam/micrograph17.png,0,0,1024,703,0,65
MetalDam/micrograph18/x0_y0,MetalDam,micrograph18,micrograph18.jpg,0,0,0.191772,val,256,/content/drive/MyDrive/phase11-data/data/MetalDam/images/micrograph18.jpg,/content/drive/MyDrive/phase11-persistent/gt_boundaries/MetalDam/micrograph18.png,0,0,1024,703,0,65
MetalDam/micrograph18/x0_y128,MetalDam,micrograph18,micrograph18.jpg,0,128,0.183472,val,256,/content/drive/MyDrive/phase11-data/data/MetalDam/images/micrograph18.jpg,/content/drive/MyDrive/phase11-persistent/gt_boundaries/MetalDam/micrograph18.png,0,0,1024,703,0,65
MetalDam/micrograph18/x0_y256,MetalDam,micrograph18,micrograph18.jpg,0,256,0.194107,val,256,/content/drive/MyDrive/phase11-data/data/MetalDam/images/micrograph18.jpg,/content/drive/MyDrive/phase11-persistent/gt_boundaries/MetalDam/micrograph18.png,0,0,1024,703,0,65
MetalDam/micrograph18/x0_y384,MetalDam,micrograph18,micrograph18.jpg,0,384,0.187225,val,256,/content/drive/MyDrive/phase11-data/data/MetalDam/images/micrograph18.jpg,/content/drive/MyDrive/phase11-persistent/gt_boundaries/MetalDam/micrograph18.png,0,0,1024,703,0,65
MetalDam/micrograph18/x0_y512,MetalDam,micrograph18,micrograph18.jpg,0,512,0.191055,val,256,/content/drive/MyDrive/phase11-data/data/MetalDam/images/micrograph18.jpg,/content/drive/MyDrive/phase11-persistent/gt_boundaries/MetalDam/micrograph18.png,0,0,1024,703,0,65
MetalDam/micrograph18/x128_y0,MetalDam,micrograph18,micrograph18.jpg,128,0,0.196762,val,256,/content/drive/MyDrive/phase11-data/data/MetalDam/images/micrograph18.jpg,/content/drive/MyDrive/phase11-persistent/gt_boundaries/MetalDam/micrograph18.png,0,0,1024,703,0,65
MetalDam/micrograph18/x128_y128,MetalDam,micrograph18,micrograph18.jpg,128,128,0.195816,val,256,/content/drive/MyDrive/phase11-data/data/MetalDam/images/micrograph18.jpg,/content/drive/MyDrive/phase11-persistent/gt_boundaries/MetalDam/micrograph18.png,0,0,1024,703,0,65
MetalDam/micrograph18/x128_y256,MetalDam,micrograph18,micrograph18.jpg,128,256,0.182312,val,256,/content/drive/MyDrive/phase11-data/data/MetalDam/images/micrograph18.jpg,/content/drive/MyDrive/phase11-persistent/gt_boundaries/MetalDam/micrograph18.png,0,0,1024,703,0,65
MetalDam/micrograph18/x128_y384,MetalDam,micrograph18,micrograph18.jpg,128,384,0.168793,val,256,/content/drive/MyDrive/phase11-data/data/MetalDam/images/micrograph18.jpg,/content/drive/MyDrive/phase11-persistent/gt_boundaries/MetalDam/micrograph18.png,0,0,1024,703,0,65
MetalDam/micrograph18/x128_y512,MetalDam,micrograph18,micrograph18.jpg,128,512,0.192551,val,256,/content/drive/MyDrive/phase11-data/data/MetalDam/images/micrograph18.jpg,/content/drive/MyDrive/phase11-persistent/gt_boundaries/MetalDam/micrograph18.png,0,0,1024,703,0,65
MetalDam/micrograph18/x256_y0,MetalDam,micrograph18,micrograph18.jpg,256,0,0.192368,val,256,/content/drive/MyDrive/phase11-data/data/MetalDam/images/micrograph18.jpg,/content/drive/MyDrive/phase11-persistent/gt_boundaries/MetalDam/micrograph18.png,0,0,1024,703,0,65
MetalDam/micrograph18/x256_y128,MetalDam,micrograph18,micrograph18.jpg,256,128,0.194016,val,256,/content/drive/MyDrive/phase11-data/data/MetalDam/images/micrograph18.jpg,/content/drive/MyDrive/phase11-persistent/gt_boundaries/MetalDam/micrograph18.png,0,0,1024,703,0,65
MetalDam/micrograph18/x256_y256,MetalDam,micrograph18,micrograph18.jpg,256,256,0.185654,val,256,/content/drive/MyDrive/phase11-data/data/MetalDam/images/micrograph18.jpg,/content/drive/MyDrive/phase11-persistent/gt_boundaries/MetalDam/micrograph18.png,0,0,1024,703,0,65
MetalDam/micrograph18/x256_y384,MetalDam,micrograph18,micrograph18.jpg,256,384,0.176636,val,256,/content/drive/MyDrive/phase11-data/data/MetalDam/images/micrograph18.jpg,/content/drive/MyDrive/phase11-persistent/gt_boundaries/MetalDam/micrograph18.png,0,0,1024,703,0,65
MetalDam/micrograph18/x256_y512,MetalDam,micrograph18,micrograph18.jpg,256,512,0.196335,val,256,/content/drive/MyDrive/phase11-data/data/MetalDam/images/micrograph18.jpg,/content/drive/MyDrive/phase11-persistent/gt_boundaries/MetalDam/micrograph18.png,0,0,1024,703,0,65
MetalDam/micrograph18/x384_y0,MetalDam,micrograph18,micrograph18.jpg,384,0,0.204147,val,256,/content/drive/MyDrive/phase11-data/data/MetalDam/images/micrograph18.jpg,/content/drive/MyDrive/phase11-persistent/gt_boundaries/MetalDam/micrograph18.png,0,0,1024,703,0,65
MetalDam/micrograph18/x384_y128,MetalDam,micrograph18,micrograph18.jpg,384,128,0.190659,val,256,/content/drive/MyDrive/phase11-data/data/MetalDam/images/micrograph18.jpg,/content/drive/MyDrive/phase11-persistent/gt_boundaries/MetalDam/micrograph18.png,0,0,1024,703,0,65
MetalDam/micrograph18/x384_y256,MetalDam,micrograph18,micrograph18.jpg,384,256,0.188522,val,256,/content/drive/MyDrive/phase11-data/data/MetalDam/images/micrograph18.jpg,/content/drive/MyDrive/phase11-persistent/gt_boundaries/MetalDam/micrograph18.png,0,0,1024,703,0,65
MetalDam/micrograph18/x384_y384,MetalDam,micrograph18,micrograph18.jpg,384,384,0.191147,val,256,/content/drive/MyDrive/phase11-data/data/MetalDam/images/micrograph18.jpg,/content/drive/MyDrive/phase11-persistent/gt_boundaries/MetalDam/micrograph18.png,0,0,1024,703,0,65
MetalDam/micrograph18/x384_y512,MetalDam,micrograph18,micrograph18.jpg,384,512,0.185608,val,256,/content/drive/MyDrive/phase11-data/data/MetalDam/images/micrograph18.jpg,/content/drive/MyDrive/phase11-persistent/gt_boundaries/MetalDam/micrograph18.png,0,0,1024,703,0,65
MetalDam/micrograph18/x512_y0,MetalDam,micrograph18,micrograph18.jpg,512,0,0.212402,val,256,/content/drive/MyDrive/phase11-data/data/MetalDam/images/micrograph18.jpg,/content/drive/MyDrive/phase11-persistent/gt_boundaries/MetalDam/micrograph18.png,0,0,1024,703,0,65
MetalDam/micrograph18/x512_y128,MetalDam,micrograph18,micrograph18.jpg,512,128,0.194702,val,256,/content/drive/MyDrive/phase11-data/data/MetalDam/images/micrograph18.jpg,/content/drive/MyDrive/phase11-persistent/gt_boundaries/MetalDam/micrograph18.png,0,0,1024,703,0,65
MetalDam/micrograph18/x512_y256,MetalDam,micrograph18,micrograph18.jpg,512,256,0.183945,val,256,/content/drive/MyDrive/phase11-data/data/MetalDam/images/micrograph18.jpg,/content/drive/MyDrive/phase11-persistent/gt_boundaries/MetalDam/micrograph18.png,0,0,1024,703,0,65
MetalDam/micrograph18/x512_y384,MetalDam,micrograph18,micrograph18.jpg,512,384,0.194595,val,256,/content/drive/MyDrive/phase11-data/data/MetalDam/images/micrograph18.jpg,/content/drive/MyDrive/phase11-persistent/gt_boundaries/MetalDam/micrograph18.png,0,0,1024,703,0,65
MetalDam/micrograph18/x512_y512,MetalDam,micrograph18,micrograph18.jpg,512,512,0.174316,val,256,/content/drive/MyDrive/phase11-data/data/MetalDam/images/micrograph18.jpg,/content/drive/MyDrive/phase11-persistent/gt_boundaries/MetalDam/micrograph18.png,0,0,1024,703,0,65
MetalDam/micrograph18/x640_y0,MetalDam,micrograph18,micrograph18.jpg,640,0,0.207474,val,256,/content/drive/MyDrive/phase11-data/data/MetalDam/images/micrograph18.jpg,/content/drive/MyDrive/phase11-persistent/gt_boundaries/MetalDam/micrograph18.png,0,0,1024,703,0,65
MetalDam/micrograph18/x640_y128,MetalDam,micrograph18,micrograph18.jpg,640,128,0.198624,val,256,/content/drive/MyDrive/phase11-data/data/MetalDam/images/micrograph18.jpg,/content/drive/MyDrive/phase11-persistent/gt_boundaries/MetalDam/micrograph18.png,0,0,1024,703,0,65
MetalDam/micrograph18/x640_y256,MetalDam,micrograph18,micrograph18.jpg,640,256,0.184525,val,256,/content/drive/MyDrive/phase11-data/data/MetalDam/images/micrograph18.jpg,/content/drive/MyDrive/phase11-persistent/gt_boundaries/MetalDam/micrograph18.png,0,0,1024,703,0,65
MetalDam/micrograph18/x640_y384,MetalDam,micrograph18,micrograph18.jpg,640,384,0.187622,val,256,/content/drive/MyDrive/phase11-data/data/MetalDam/images/micrograph18.jpg,/content/drive/MyDrive/phase11-persistent/gt_boundaries/MetalDam/micrograph18.png,0,0,1024,703,0,65
MetalDam/micrograph18/x640_y512,MetalDam,micrograph18,micrograph18.jpg,640,512,0.188095,val,256,/content/drive/MyDrive/phase11-data/data/MetalDam/images/micrograph18.jpg,/content/drive/MyDrive/phase11-persistent/gt_boundaries/MetalDam/micrograph18.png,0,0,1024,703,0,65
MetalDam/micrograph18/x768_y0,MetalDam,micrograph18,micrograph18.jpg,768,0,0.197113,val,256,/content/drive/MyDrive/phase11-data/data/MetalDam/images/micrograph18.jpg,/content/drive/MyDrive/phase11-persistent/gt_boundaries/MetalDam/micrograph18.png,0,0,1024,703,0,65
MetalDam/micrograph18/x768_y128,MetalDam,micrograph18,micrograph18.jpg,768,128,0.195129,val,256,/content/drive/MyDrive/phase11-data/data/MetalDam/images/micrograph18.jpg,/content/drive/MyDrive/phase11-persistent/gt_boundaries/MetalDam/micrograph18.png,0,0,1024,703,0,65
MetalDam/micrograph18/x768_y256,MetalDam,micrograph18,micrograph18.jpg,768,256,0.190216,val,256,/content/drive/MyDrive/phase11-data/data/MetalDam/images/micrograph18.jpg,/content/drive/MyDrive/phase11-persistent/gt_boundaries/MetalDam/micrograph18.png,0,0,1024,703,0,65
MetalDam/micrograph18/x768_y384,MetalDam,micrograph18,micrograph18.jpg,768,384,0.193161,val,256,/content/drive/MyDrive/phase11-data/data/MetalDam/images/micrograph18.jpg,/content/drive/MyDrive/phase11-persistent/gt_boundaries/MetalDam/micrograph18.png,0,0,1024,703,0,65
MetalDam/micrograph18/x768_y512,MetalDam,micrograph18,micrograph18.jpg,768,512,0.20433,val,256,/content/drive/MyDrive/phase11-data/data/MetalDam/images/micrograph18.jpg,/content/drive/MyDrive/phase11-persistent/gt_boundaries/MetalDam/micrograph18.png,0,0,1024,703,0,65
MetalDam/micrograph19/x0_y0,MetalDam,micrograph19,micrograph19.jpg,0,0,0.171829,val,256,/content/drive/MyDrive/phase11-data/data/MetalDam/images/micrograph19.jpg,/content/drive/MyDrive/phase11-persistent/gt_boundaries/MetalDam/micrograph19.png,0,0,1024,702,0,66
MetalDam/micrograph19/x0_y128,MetalDam,micrograph19,micrograph19.jpg,0,128,0.178574,val,256,/content/drive/MyDrive/phase11-data/data/MetalDam/images/micrograph19.jpg,/content/drive/MyDrive/phase11-persistent/gt_boundaries/MetalDam/micrograph19.png,0,0,1024,702,0,66
MetalDam/micrograph19/x0_y256,MetalDam,micrograph19,micrograph19.jpg,0,256,0.180618,val,256,/content/drive/MyDrive/phase11-data/data/MetalDam/images/micrograph19.jpg,/content/drive/MyDrive/phase11-persistent/gt_boundaries/MetalDam/micrograph19.png,0,0,1024,702,0,66
MetalDam/micrograph19/x0_y384,MetalDam,micrograph19,micrograph19.jpg,0,384,0.1577,val,256,/content/drive/MyDrive/phase11-data/data/MetalDam/images/micrograph19.jpg,/content/drive/MyDrive/phase11-persistent/gt_boundaries/MetalDam/micrograph19.png,0,0,1024,702,0,66
MetalDam/micrograph19/x0_y512,MetalDam,micrograph19,micrograph19.jpg,0,512,0.120804,val,256,/content/drive/MyDrive/phase11-data/data/MetalDam/images/micrograph19.jpg,/content/drive/MyDrive/phase11-persistent/gt_boundaries/MetalDam/micrograph19.png,0,0,1024,702,0,66
MetalDam/micrograph19/x128_y0,MetalDam,micrograph19,micrograph19.jpg,128,0,0.146042,val,256,/content/drive/MyDrive/phase11-data/data/MetalDam/images/micrograph19.jpg,/content/drive/MyDrive/phase11-persistent/gt_boundaries/MetalDam/micrograph19.png,0,0,1024,702,0,66
MetalDam/micrograph19/x128_y128,MetalDam,micrograph19,micrograph19.jpg,128,128,0.169724,val,256,/content/drive/MyDrive/phase11-data/data/MetalDam/images/micrograph19.jpg,/content/drive/MyDrive/phase11-persistent/gt_boundaries/MetalDam/micrograph19.png,0,0,1024,702,0,66
MetalDam/micrograph19/x128_y256,MetalDam,micrograph19,micrograph19.jpg,128,256,0.17363,val,256,/content/drive/MyDrive/phase11-data/data/MetalDam/images/micrograph19.jpg,/content/drive/MyDrive/phase11-persistent/gt_boundaries/MetalDam/micrograph19.png,0,0,1024,702,0,66
MetalDam/micrograph19/x128_y384,MetalDam,micrograph19,micrograph19.jpg,128,384,0.179672,val,256,/content/drive/MyDrive/phase11-data/data/MetalDam/images/micrograph19.jpg,/content/drive/MyDrive/phase11-persistent/gt_boundaries/MetalDam/micrograph19.png,0,0,1024,702,0,66
MetalDam/micrograph19/x128_y512,MetalDam,micrograph19,micrograph19.jpg,128,512,0.176071,val,256,/content/drive/MyDrive/phase11-data/data/MetalDam/images/micrograph19.jpg,/content/drive/MyDrive/phase11-persistent/gt_boundaries/MetalDam/micrograph19.png,0,0,1024,702,0,66
MetalDam/micrograph19/x256_y0,MetalDam,micrograph19,micrograph19.jpg,256,0,0.15007,val,256,/content/drive/MyDrive/phase11-data/data/MetalDam/images/micrograph19.jpg,/content/drive/MyDrive/phase11-persistent/gt_boundaries/MetalDam/micrograph19.png,0,0,1024,702,0,66
MetalDam/micrograph19/x256_y128,MetalDam,micrograph19,micrograph19.jpg,256,128,0.173767,val,256,/content/drive/MyDrive/phase11-data/data/MetalDam/images/micrograph19.jpg,/content/drive/MyDrive/phase11-persistent/gt_boundaries/MetalDam/micrograph19.png,0,0,1024,702,0,66
MetalDam/micrograph19/x256_y256,MetalDam,micrograph19,micrograph19.jpg,256,256,0.164261,val,256,/content/drive/MyDrive/phase11-data/data/MetalDam/images/micrograph19.jpg,/content/drive/MyDrive/phase11-persistent/gt_boundaries/MetalDam/micrograph19.png,0,0,1024,702,0,66
MetalDam/micrograph19/x256_y384,MetalDam,micrograph19,micrograph19.jpg,256,384,0.173157,val,256,/content/drive/MyDrive/phase11-data/data/MetalDam/images/micrograph19.jpg,/content/drive/MyDrive/phase11-persistent/gt_boundaries/MetalDam/micrograph19.png,0,0,1024,702,0,66
MetalDam/micrograph19/x256_y512,MetalDam,micrograph19,micrograph19.jpg,256,512,0.174133,val,256,/content/drive/MyDrive/phase11-data/data/MetalDam/images/micrograph19.jpg,/content/drive/MyDrive/phase11-persistent/gt_boundaries/MetalDam/micrograph19.png,0,0,1024,702,0,66
MetalDam/micrograph19/x384_y0,MetalDam,micrograph19,micrograph19.jpg,384,0,0.177902,val,256,/content/drive/MyDrive/phase11-data/data/MetalDam/images/micrograph19.jpg,/content/drive/MyDrive/phase11-persistent/gt_boundaries/MetalDam/micrograph19.png,0,0,1024,702,0,66
MetalDam/micrograph19/x384_y128,MetalDam,micrograph19,micrograph19.jpg,384,128,0.182175,val,256,/content/drive/MyDrive/phase11-data/data/MetalDam/images/micrograph19.jpg,/content/drive/MyDrive/phase11-persistent/gt_boundaries/MetalDam/micrograph19.png,0,0,1024,702,0,66
MetalDam/micrograph19/x384_y256,MetalDam,micrograph19,micrograph19.jpg,384,256,0.174438,val,256,/content/drive/MyDrive/phase11-data/data/MetalDam/images/micrograph19.jpg,/content/drive/MyDrive/phase11-persistent/gt_boundaries/MetalDam/micrograph19.png,0,0,1024,702,0,66
MetalDam/micrograph19/x384_y384,MetalDam,micrograph19,micrograph19.jpg,384,384,0.177277,val,256,/content/drive/MyDrive/phase11-data/data/MetalDam/images/micrograph19.jpg,/content/drive/MyDrive/phase11-persistent/gt_boundaries/MetalDam/micrograph19.png,0,0,1024,702,0,66
MetalDam/micrograph19/x384_y512,MetalDam,micrograph19,micrograph19.jpg,384,512,0.171066,val,256,/content/drive/MyDrive/phase11-data/data/MetalDam/images/micrograph19.jpg,/content/drive/MyDrive/phase11-persistent/gt_boundaries/MetalDam/micrograph19.png,0,0,1024,702,0,66
MetalDam/micrograph19/x512_y0,MetalDam,micrograph19,micrograph19.jpg,512,0,0.179626,val,256,/content/drive/MyDrive/phase11-data/data/MetalDam/images/micrograph19.jpg,/content/drive/MyDrive/phase11-persistent/gt_boundaries/MetalDam/micrograph19.png,0,0,1024,702,0,66
MetalDam/micrograph19/x512_y128,MetalDam,micrograph19,micrograph19.jpg,512,128,0.192352,val,256,/content/drive/MyDrive/phase11-data/data/MetalDam/images/micrograph19.jpg,/content/drive/MyDrive/phase11-persistent/gt_boundaries/MetalDam/micrograph19.png,0,0,1024,702,0,66
MetalDam/micrograph19/x512_y256,MetalDam,micrograph19,micrograph19.jpg,512,256,0.185394,val,256,/content/drive/MyDrive/phase11-data/data/MetalDam/images/micrograph19.jpg,/content/drive/MyDrive/phase11-persistent/gt_boundaries/MetalDam/micrograph19.png,0,0,1024,702,0,66
MetalDam/micrograph19/x512_y384,MetalDam,micrograph19,micrograph19.jpg,512,384,0.181793,val,256,/content/drive/MyDrive/phase11-data/data/MetalDam/images/micrograph19.jpg,/content/drive/MyDrive/phase11-persistent/gt_boundaries/MetalDam/micrograph19.png,0,0,1024,702,0,66
MetalDam/micrograph19/x512_y512,MetalDam,micrograph19,micrograph19.jpg,512,512,0.150101,val,256,/content/drive/MyDrive/phase11-data/data/MetalDam/images/micrograph19.jpg,/content/drive/MyDrive/phase11-persistent/gt_boundaries/MetalDam/micrograph19.png,0,0,1024,702,0,66
MetalDam/micrograph19/x640_y0,MetalDam,micrograph19,micrograph19.jpg,640,0,0.179626,val,256,/content/drive/MyDrive/phase11-data/data/MetalDam/images/micrograph19.jpg,/content/drive/MyDrive/phase11-persistent/gt_boundaries/MetalDam/micrograph19.png,0,0,1024,702,0,66
MetalDam/micrograph19/x640_y128,MetalDam,micrograph19,micrograph19.jpg,640,128,0.189636,val,256,/content/drive/MyDrive/phase11-data/data/MetalDam/images/micrograph19.jpg,/content/drive/MyDrive/phase11-persistent/gt_boundaries/MetalDam/micrograph19.png,0,0,1024,702,0,66
MetalDam/micrograph19/x640_y256,MetalDam,micrograph19,micrograph19.jpg,640,256,0.163879,val,256,/content/drive/MyDrive/phase11-data/data/MetalDam/images/micrograph19.jpg,/content/drive/MyDrive/phase11-persistent/gt_boundaries/MetalDam/micrograph19.png,0,0,1024,702,0,66
MetalDam/micrograph19/x640_y384,MetalDam,micrograph19,micrograph19.jpg,640,384,0.139801,val,256,/content/drive/MyDrive/phase11-data/data/MetalDam/images/micrograph19.jpg,/content/drive/MyDrive/phase11-persistent/gt_boundaries/MetalDam/micrograph19.png,0,0,1024,702,0,66
MetalDam/micrograph19/x640_y512,MetalDam,micrograph19,micrograph19.jpg,640,512,0.114502,val,256,/content/drive/MyDrive/phase11-data/data/MetalDam/images/micrograph19.jpg,/content/drive/MyDrive/phase11-persistent/gt_boundaries/MetalDam/micrograph19.png,0,0,1024,702,0,66
MetalDam/micrograph19/x768_y0,MetalDam,micrograph19,micrograph19.jpg,768,0,0.18071,val,256,/content/drive/MyDrive/phase11-data/data/MetalDam/images/micrograph19.jpg,/content/drive/MyDrive/phase11-persistent/gt_boundaries/MetalDam/micrograph19.png,0,0,1024,702,0,66
MetalDam/micrograph19/x768_y128,MetalDam,micrograph19,micrograph19.jpg,768,128,0.190582,val,256,/content/drive/MyDrive/phase11-data/data/MetalDam/images/micrograph19.jpg,/content/drive/MyDrive/phase11-persistent/gt_boundaries/MetalDam/micrograph19.png,0,0,1024,702,0,66
MetalDam/micrograph19/x768_y256,MetalDam,micrograph19,micrograph19.jpg,768,256,0.173294,val,256,/content/drive/MyDrive/phase11-data/data/MetalDam/images/micrograph19.jpg,/content/drive/MyDrive/phase11-persistent/gt_boundaries/MetalDam/micrograph19.png,0,0,1024,702,0,66
MetalDam/micrograph19/x768_y384,MetalDam,micrograph19,micrograph19.jpg,768,384,0.119324,val,256,/content/drive/MyDrive/phase11-data/data/MetalDam/images/micrograph19.jpg,/content/drive/MyDrive/phase11-persistent/gt_boundaries/MetalDam/micrograph19.png,0,0,1024,702,0,66
MetalDam/micrograph19/x768_y512,MetalDam,micrograph19,micrograph19.jpg,768,512,0.082977,val,256,/content/drive/MyDrive/phase11-data/data/MetalDam/images/micrograph19.jpg,/content/drive/MyDrive/phase11-persistent/gt_boundaries/MetalDam/micrograph19.png,0,0,1024,702,0,66
MetalDam/micrograph2/x0_y0,MetalDam,micrograph2,micrograph2.jpg,0,0,0.162842,val,256,/content/drive/MyDrive/phase11-data/data/MetalDam/images/micrograph2.jpg,/content/drive/MyDrive/phase11-persistent/gt_boundaries/MetalDam/micrograph2.png,0,0,1024,703,0,65
MetalDam/micrograph2/x0_y128,MetalDam,micrograph2,micrograph2.jpg,0,128,0.165146,val,256,/content/drive/MyDrive/phase11-data/data/MetalDam/images/micrograph2.jpg,/content/drive/MyDrive/phase11-persistent/gt_boundaries/MetalDam/micrograph2.png,0,0,1024,703,0,65
MetalDam/micrograph2/x0_y256,MetalDam,micrograph2,micrograph2.jpg,0,256,0.19783,val,256,/content/drive/MyDrive/phase11-data/data/MetalDam/images/micrograph2.jpg,/content/drive/MyDrive/phase11-persistent/gt_boundaries/MetalDam/micrograph2.png,0,0,1024,703,0,65
MetalDam/micrograph2/x0_y384,MetalDam,micrograph2,micrograph2.jpg,0,384,0.212173,val,256,/content/drive/MyDrive/phase11-data/data/MetalDam/images/micrograph2.jpg,/content/drive/MyDrive/phase11-persistent/gt_boundaries/MetalDam/micrograph2.png,0,0,1024,703,0,65
MetalDam/micrograph2/x0_y512,MetalDam,micrograph2,micrograph2.jpg,0,512,0.213333,val,256,/content/drive/MyDrive/phase11-data/data/MetalDam/images/micrograph2.jpg,/content/drive/MyDrive/phase11-persistent/gt_boundaries/MetalDam/micrograph2.png,0,0,1024,703,0,65
MetalDam/micrograph2/x128_y0,MetalDam,micrograph2,micrograph2.jpg,128,0,0.170822,val,256,/content/drive/MyDrive/phase11-data/data/MetalDam/images/micrograph2.jpg,/content/drive/MyDrive/phase11-persistent/gt_boundaries/MetalDam/micrograph2.png,0,0,1024,703,0,65
MetalDam/micrograph2/x128_y128,MetalDam,micrograph2,micrograph2.jpg,128,128,0.156967,val,256,/content/drive/MyDrive/phase11-data/data/MetalDam/images/micrograph2.jpg,/content/drive/MyDrive/phase11-persistent/gt_boundaries/MetalDam/micrograph2.png,0,0,1024,703,0,65
MetalDam/micrograph2/x128_y256,MetalDam,micrograph2,micrograph2.jpg,128,256,0.182327,val,256,/content/drive/MyDrive/phase11-data/data/MetalDam/images/micrograph2.jpg,/content/drive/MyDrive/phase11-persistent/gt_boundaries/MetalDam/micrograph2.png,0,0,1024,703,0,65
MetalDam/micrograph2/x128_y384,MetalDam,micrograph2,micrograph2.jpg,128,384,0.201324,val,256,/content/drive/MyDrive/phase11-data/data/MetalDam/images/micrograph2.jpg,/content/drive/MyDrive/phase11-persistent/gt_boundaries/MetalDam/micrograph2.png,0,0,1024,703,0,65
MetalDam/micrograph2/x128_y512,MetalDam,micrograph2,micrograph2.jpg,128,512,0.215637,val,256,/content/drive/MyDrive/phase11-data/data/MetalDam/images/micrograph2.jpg,/content/drive/MyDrive/phase11-persistent/gt_boundaries/MetalDam/micrograph2.png,0,0,1024,703,0,65
MetalDam/micrograph2/x256_y0,MetalDam,micrograph2,micrograph2.jpg,256,0,0.168488,val,256,/content/drive/MyDrive/phase11-data/data/MetalDam/images/micrograph2.jpg,/content/drive/MyDrive/phase11-persistent/gt_boundaries/MetalDam/micrograph2.png,0,0,1024,703,0,65
MetalDam/micrograph2/x256_y128,MetalDam,micrograph2,micrograph2.jpg,256,128,0.149719,val,256,/content/drive/MyDrive/phase11-data/data/MetalDam/images/micrograph2.jpg,/content/drive/MyDrive/phase11-persistent/gt_boundaries/MetalDam/micrograph2.png,0,0,1024,703,0,65
MetalDam/micrograph2/x256_y256,MetalDam,micrograph2,micrograph2.jpg,256,256,0.160904,val,256,/content/drive/MyDrive/phase11-data/data/MetalDam/images/micrograph2.jpg,/content/drive/MyDrive/phase11-persistent/gt_boundaries/MetalDam/micrograph2.png,0,0,1024,703,0,65
MetalDam/micrograph2/x256_y384,MetalDam,micrograph2,micrograph2.jpg,256,384,0.181931,val,256,/content/drive/MyDrive/phase11-data/data/MetalDam/images/micrograph2.jpg,/content/drive/MyDrive/phase11-persistent/gt_boundaries/MetalDam/micrograph2.png,0,0,1024,703,0,65
MetalDam/micrograph2/x256_y512,MetalDam,micrograph2,micrograph2.jpg,256,512,0.208115,val,256,/content/drive/MyDrive/phase11-data/data/MetalDam/images/micrograph2.jpg,/content/drive/MyDrive/phase11-persistent/gt_boundaries/MetalDam/micrograph2.png,0,0,1024,703,0,65
MetalDam/micrograph2/x384_y0,MetalDam,micrograph2,micrograph2.jpg,384,0,0.172028,val,256,/content/drive/MyDrive/phase11-data/data/MetalDam/images/micrograph2.jpg,/content/drive/MyDrive/phase11-persistent/gt_boundaries/MetalDam/micrograph2.png,0,0,1024,703,0,65
MetalDam/micrograph2/x384_y128,MetalDam,micrograph2,micrograph2.jpg,384,128,0.165085,val,256,/content/drive/MyDrive/phase11-data/data/MetalDam/images/micrograph2.jpg,/content/drive/MyDrive/phase11-persistent/gt_boundaries/MetalDam/micrograph2.png,0,0,1024,703,0,65
MetalDam/micrograph2/x384_y256,MetalDam,micrograph2,micrograph2.jpg,384,256,0.159164,val,256,/content/drive/MyDrive/phase11-data/data/MetalDam/images/micrograph2.jpg,/content/drive/MyDrive/phase11-persistent/gt_boundaries/MetalDam/micrograph2.png,0,0,1024,703,0,65
MetalDam/micrograph2/x384_y384,MetalDam,micrograph2,micrograph2.jpg,384,384,0.168671,val,256,/content/drive/MyDrive/phase11-data/data/MetalDam/images/micrograph2.jpg,/content/drive/MyDrive/phase11-persistent/gt_boundaries/MetalDam/micrograph2.png,0,0,1024,703,0,65
MetalDam/micrograph2/x384_y512,MetalDam,micrograph2,micrograph2.jpg,384,512,0.194351,val,256,/content/drive/MyDrive/phase11-data/data/MetalDam/images/micrograph2.jpg,/content/drive/MyDrive/phase11-persistent/gt_boundaries/MetalDam/micrograph2.png,0,0,1024,703,0,65
MetalDam/micrograph2/x512_y0,MetalDam,micrograph2,micrograph2.jpg,512,0,0.182999,val,256,/content/drive/MyDrive/phase11-data/data/MetalDam/images/micrograph2.jpg,/content/drive/MyDrive/phase11-persistent/gt_boundaries/MetalDam/micrograph2.png,0,0,1024,703,0,65
MetalDam/micrograph2/x512_y128,MetalDam,micrograph2,micrograph2.jpg,512,128,0.165955,val,256,/content/drive/MyDrive/phase11-data/data/MetalDam/images/micrograph2.jpg,/content/drive/MyDrive/phase11-persistent/gt_boundaries/MetalDam/micrograph2.png,0,0,1024,703,0,65
MetalDam/micrograph2/x512_y256,MetalDam,micrograph2,micrograph2.jpg,512,256,0.156296,val,256,/content/drive/MyDrive/phase11-data/data/MetalDam/images/micrograph2.jpg,/content/drive/MyDrive/phase11-persistent/gt_boundaries/MetalDam/micrograph2.png,0,0,1024,703,0,65
MetalDam/micrograph2/x512_y384,MetalDam,micrograph2,micrograph2.jpg,512,384,0.153015,val,256,/content/drive/MyDrive/phase11-data/data/MetalDam/images/micrograph2.jpg,/content/drive/MyDrive/phase11-persistent/gt_boundaries/MetalDam/micrograph2.png,0,0,1024,703,0,65
MetalDam/micrograph2/x512_y512,MetalDam,micrograph2,micrograph2.jpg,512,512,0.160629,val,256,/content/drive/MyDrive/phase11-data/data/MetalDam/images/micrograph2.jpg,/content/drive/MyDrive/phase11-persistent/gt_boundaries/MetalDam/micrograph2.png,0,0,1024,703,0,65
MetalDam/micrograph2/x640_y0,MetalDam,micrograph2,micrograph2.jpg,640,0,0.187393,val,256,/content/drive/MyDrive/phase11-data/data/MetalDam/images/micrograph2.jpg,/content/drive/MyDrive/phase11-persistent/gt_boundaries/MetalDam/micrograph2.png,0,0,1024,703,0,65
MetalDam/micrograph2/x640_y128,MetalDam,micrograph2,micrograph2.jpg,640,128,0.161194,val,256,/content/drive/MyDrive/phase11-data/data/MetalDam/images/micrograph2.jpg,/content/drive/MyDrive/phase11-persistent/gt_boundaries/MetalDam/micrograph2.png,0,0,1024,703,0,65
MetalDam/micrograph2/x640_y256,MetalDam,micrograph2,micrograph2.jpg,640,256,0.148041,val,256,/content/drive/MyDrive/phase11-data/data/MetalDam/images/micrograph2.jpg,/content/drive/MyDrive/phase11-persistent/gt_boundaries/MetalDam/micrograph2.png,0,0,1024,703,0,65
MetalDam/micrograph2/x640_y384,MetalDam,micrograph2,micrograph2.jpg,640,384,0.141846,val,256,/content/drive/MyDrive/phase11-data/data/MetalDam/images/micrograph2.jpg,/content/drive/MyDrive/phase11-persistent/gt_boundaries/MetalDam/micrograph2.png,0,0,1024,703,0,65
MetalDam/micrograph2/x640_y512,MetalDam,micrograph2,micrograph2.jpg,640,512,0.138382,val,256,/content/drive/MyDrive/phase11-data/data/MetalDam/images/micrograph2.jpg,/content/drive/MyDrive/phase11-persistent/gt_boundaries/MetalDam/micrograph2.png,0,0,1024,703,0,65
MetalDam/micrograph2/x768_y0,MetalDam,micrograph2,micrograph2.jpg,768,0,0.17186,val,256,/content/drive/MyDrive/phase11-data/data/MetalDam/images/micrograph2.jpg,/content/drive/MyDrive/phase11-persistent/gt_boundaries/MetalDam/micrograph2.png,0,0,1024,703,0,65
MetalDam/micrograph2/x768_y128,MetalDam,micrograph2,micrograph2.jpg,768,128,0.167892,val,256,/content/drive/MyDrive/phase11-data/data/MetalDam/images/micrograph2.jpg,/content/drive/MyDrive/phase11-persistent/gt_boundaries/MetalDam/micrograph2.png,0,0,1024,703,0,65
MetalDam/micrograph2/x768_y256,MetalDam,micrograph2,micrograph2.jpg,768,256,0.161423,val,256,/content/drive/MyDrive/phase11-data/data/MetalDam/images/micrograph2.jpg,/content/drive/MyDrive/phase11-persistent/gt_boundaries/MetalDam/micrograph2.png,0,0,1024,703,0,65
MetalDam/micrograph2/x768_y384,MetalDam,micrograph2,micrograph2.jpg,768,384,0.157532,val,256,/content/drive/MyDrive/phase11-data/data/MetalDam/images/micrograph2.jpg,/content/drive/MyDrive/phase11-persistent/gt_boundaries/MetalDam/micrograph2.png,0,0,1024,703,0,65
MetalDam/micrograph2/x768_y512,MetalDam,micrograph2,micrograph2.jpg,768,512,0.15686,val,256,/content/drive/MyDrive/phase11-data/data/MetalDam/images/micrograph2.jpg,/content/drive/MyDrive/phase11-persistent/gt_boundaries/MetalDam/micrograph2.png,0,0,1024,703,0,65
MetalDam/micrograph20/x0_y0,MetalDam,micrograph20,micrograph20.jpg,0,0,0.169647,val,256,/content/drive/MyDrive/phase11-data/data/MetalDam/images/micrograph20.jpg,/content/drive/MyDrive/phase11-persistent/gt_boundaries/MetalDam/micrograph20.png,0,0,1024,703,0,65
MetalDam/micrograph20/x0_y128,MetalDam,micrograph20,micrograph20.jpg,0,128,0.200546,val,256,/content/drive/MyDrive/phase11-data/data/MetalDam/images/micrograph20.jpg,/content/drive/MyDrive/phase11-persistent/gt_boundaries/MetalDam/micrograph20.png,0,0,1024,703,0,65
MetalDam/micrograph20/x0_y256,MetalDam,micrograph20,micrograph20.jpg,0,256,0.180573,val,256,/content/drive/MyDrive/phase11-data/data/MetalDam/images/micrograph20.jpg,/content/drive/MyDrive/phase11-persistent/gt_boundaries/MetalDam/micrograph20.png,0,0,1024,703,0,65
MetalDam/micrograph20/x0_y384,MetalDam,micrograph20,micrograph20.jpg,0,384,0.171036,val,256,/content/drive/MyDrive/phase11-data/data/MetalDam/images/micrograph20.jpg,/content/drive/MyDrive/phase11-persistent/gt_boundaries/MetalDam/micrograph20.png,0,0,1024,703,0,65
MetalDam/micrograph20/x0_y512,MetalDam,micrograph20,micrograph20.jpg,0,512,0.171005,val,256,/content/drive/MyDrive/phase11-data/data/MetalDam/images/micrograph20.jpg,/content/drive/MyDrive/phase11-persistent/gt_boundaries/MetalDam/micrograph20.png,0,0,1024,703,0,65
MetalDam/micrograph20/x128_y0,MetalDam,micrograph20,micrograph20.jpg,128,0,0.179031,val,256,/content/drive/MyDrive/phase11-data/data/MetalDam/images/micrograph20.jpg,/content/drive/MyDrive/phase11-persistent/gt_boundaries/MetalDam/micrograph20.png,0,0,1024,703,0,65
MetalDam/micrograph20/x128_y128,MetalDam,micrograph20,micrograph20.jpg,128,128,0.198624,val,256,/content/drive/MyDrive/phase11-data/data/MetalDam/images/micrograph20.jpg,/content/drive/MyDrive/phase11-persistent/gt_boundaries/MetalDam/micrograph20.png,0,0,1024,703,0,65
MetalDam/micrograph20/x128_y256,MetalDam,micrograph20,micrograph20.jpg,128,256,0.183838,val,256,/content/drive/MyDrive/phase11-data/data/MetalDam/images/micrograph20.jpg,/content/drive/MyDrive/phase11-persistent/gt_boundaries/MetalDam/micrograph20.png,0,0,1024,703,0,65
MetalDam/micrograph20/x128_y384,MetalDam,micrograph20,micrograph20.jpg,128,384,0.178223,val,256,/content/drive/MyDrive/phase11-data/data/MetalDam/images/micrograph20.jpg,/content/drive/MyDrive/phase11-persistent/gt_boundaries/MetalDam/micrograph20.png,0,0,1024,703,0,65
MetalDam/micrograph20/x128_y512,MetalDam,micrograph20,micrograph20.jpg,128,512,0.178757,val,256,/content/drive/MyDrive/phase11-data/data/MetalDam/images/micrograph20.jpg,/content/drive/MyDrive/phase11-persistent/gt_boundaries/MetalDam/micrograph20.png,0,0,1024,703,0,65
MetalDam/micrograph20/x256_y0,MetalDam,micrograph20,micrograph20.jpg,256,0,0.179474,val,256,/content/drive/MyDrive/phase11-data/data/MetalDam/images/micrograph20.jpg,/content/drive/MyDrive/phase11-persistent/gt_boundaries/MetalDam/micrograph20.png,0,0,1024,703,0,65
MetalDam/micrograph20/x256_y128,MetalDam,micrograph20,micrograph20.jpg,256,128,0.16684,val,256,/content/drive/MyDrive/phase11-data/data/MetalDam/images/micrograph20.jpg,/content/drive/MyDrive/phase11-persistent/gt_boundaries/MetalDam/micrograph20.png,0,0,1024,703,0,65
MetalDam/micrograph20/x256_y256,MetalDam,micrograph20,micrograph20.jpg,256,256,0.165604,val,256,/content/drive/MyDrive/phase11-data/data/MetalDam/images/micrograph20.jpg,/content/drive/MyDrive/phase11-persistent/gt_boundaries/MetalDam/micrograph20.png,0,0,1024,703,0,65
MetalDam/micrograph20/x256_y384,MetalDam,micrograph20,micrograph20.jpg,256,384,0.176773,val,256,/content/drive/MyDrive/phase11-data/data/MetalDam/images/micrograph20.jpg,/content/drive/MyDrive/phase11-persistent/gt_boundaries/MetalDam/micrograph20.png,0,0,1024,703,0,65
MetalDam/micrograph20/x256_y512,MetalDam,micrograph20,micrograph20.jpg,256,512,0.175781,val,256,/content/drive/MyDrive/phase11-data/data/MetalDam/images/micrograph20.jpg,/content/drive/MyDrive/phase11-persistent/gt_boundaries/MetalDam/micrograph20.png,0,0,1024,703,0,65
MetalDam/micrograph20/x384_y0,MetalDam,micrograph20,micrograph20.jpg,384,0,0.172974,val,256,/content/drive/MyDrive/phase11-data/data/MetalDam/images/micrograph20.jpg,/content/drive/MyDrive/phase11-persistent/gt_boundaries/MetalDam/micrograph20.png,0,0,1024,703,0,65
MetalDam/micrograph20/x384_y128,MetalDam,micrograph20,micrograph20.jpg,384,128,0.152771,val,256,/content/drive/MyDrive/phase11-data/data/MetalDam/images/micrograph20.jpg,/content/drive/MyDrive/phase11-persistent/gt_boundaries/MetalDam/micrograph20.png,0,0,1024,703,0,65
MetalDam/micrograph20/x384_y256,MetalDam,micrograph20,micrograph20.jpg,384,256,0.161209,val,256,/content/drive/MyDrive/phase11-data/data/MetalDam/images/micrograph20.jpg,/content/drive/MyDrive/phase11-persistent/gt_boundaries/MetalDam/micrograph20.png,0,0,1024,703,0,65
MetalDam/micrograph20/x384_y384,MetalDam,micrograph20,micrograph20.jpg,384,384,0.179794,val,256,/content/drive/MyDrive/phase11-data/data/MetalDam/images/micrograph20.jpg,/content/drive/MyDrive/phase11-persistent/gt_boundaries/MetalDam/micrograph20.png,0,0,1024,703,0,65
MetalDam/micrograph20/x384_y512,MetalDam,micrograph20,micrograph20.jpg,384,512,0.181183,val,256,/content/drive/MyDrive/phase11-data/data/MetalDam/images/micrograph20.jpg,/content/drive/MyDrive/phase11-persistent/gt_boundaries/MetalDam/micrograph20.png,0,0,1024,703,0,65
MetalDam/micrograph20/x512_y0,MetalDam,micrograph20,micrograph20.jpg,512,0,0.189392,val,256,/content/drive/MyDrive/phase11-data/data/MetalDam/images/micrograph20.jpg,/content/drive/MyDrive/phase11-persistent/gt_boundaries/MetalDam/micrograph20.png,0,0,1024,703,0,65
MetalDam/micrograph20/x512_y128,MetalDam,micrograph20,micrograph20.jpg,512,128,0.165482,val,256,/content/drive/MyDrive/phase11-data/data/MetalDam/images/micrograph20.jpg,/content/drive/MyDrive/phase11-persistent/gt_boundaries/MetalDam/micrograph20.png,0,0,1024,703,0,65
MetalDam/micrograph20/x512_y256,MetalDam,micrograph20,micrograph20.jpg,512,256,0.174271,val,256,/content/drive/MyDrive/phase11-data/data/MetalDam/images/micrograph20.jpg,/content/drive/MyDrive/phase11-persistent/gt_boundaries/MetalDam/micrograph20.png,0,0,1024,703,0,65
MetalDam/micrograph20/x512_y384,MetalDam,micrograph20,micrograph20.jpg,512,384,0.193924,val,256,/content/drive/MyDrive/phase11-data/data/MetalDam/images/micrograph20.jpg,/content/drive/MyDrive/phase11-persistent/gt_boundaries/MetalDam/micrograph20.png,0,0,1024,703,0,65
MetalDam/micrograph20/x512_y512,MetalDam,micrograph20,micrograph20.jpg,512,512,0.181885,val,256,/content/drive/MyDrive/phase11-data/data/MetalDam/images/micrograph20.jpg,/content/drive/MyDrive/phase11-persistent/gt_boundaries/MetalDam/micrograph20.png,0,0,1024,703,0,65
MetalDam/micrograph20/x640_y0,MetalDam,micrograph20,micrograph20.jpg,640,0,0.193314,val,256,/content/drive/MyDrive/phase11-data/data/MetalDam/images/micrograph20.jpg,/content/drive/MyDrive/phase11-persistent/gt_boundaries/MetalDam/micrograph20.png,0,0,1024,703,0,65
MetalDam/micrograph20/x640_y128,MetalDam,micrograph20,micrograph20.jpg,640,128,0.158493,val,256,/content/drive/MyDrive/phase11-data/data/MetalDam/images/micrograph20.jpg,/content/drive/MyDrive/phase11-persistent/gt_boundaries/MetalDam/micrograph20.png,0,0,1024,703,0,65
MetalDam/micrograph20/x640_y256,MetalDam,micrograph20,micrograph20.jpg,640,256,0.176437,val,256,/content/drive/MyDrive/phase11-data/data/MetalDam/images/micrograph20.jpg,/content/drive/MyDrive/phase11-persistent/gt_boundaries/MetalDam/micrograph20.png,0,0,1024,703,0,65
MetalDam/micrograph20/x640_y384,MetalDam,micrograph20,micrograph20.jpg,640,384,0.200165,val,256,/content/drive/MyDrive/phase11-data/data/MetalDam/images/micrograph20.jpg,/content/drive/MyDrive/phase11-persistent/gt_boundaries/MetalDam/micrograph20.png,0,0,1024,703,0,65
MetalDam/micrograph20/x640_y512,MetalDam,micrograph20,micrograph20.jpg,640,512,0.186935,val,256,/content/drive/MyDrive/phase11-data/data/MetalDam/images/micrograph20.jpg,/content/drive/MyDrive/phase11-persistent/gt_boundaries/MetalDam/micrograph20.png,0,0,1024,703,0,65
MetalDam/micrograph20/x768_y0,MetalDam,micrograph20,micrograph20.jpg,768,0,0.178223,val,256,/content/drive/MyDrive/phase11-data/data/MetalDam/images/micrograph20.jpg,/content/drive/MyDrive/phase11-persistent/gt_boundaries/MetalDam/micrograph20.png,0,0,1024,703,0,65
MetalDam/micrograph20/x768_y128,MetalDam,micrograph20,micrograph20.jpg,768,128,0.149109,val,256,/content/drive/MyDrive/phase11-data/data/MetalDam/images/micrograph20.jpg,/content/drive/MyDrive/phase11-persistent/gt_boundaries/MetalDam/micrograph20.png,0,0,1024,703,0,65
MetalDam/micrograph20/x768_y256,MetalDam,micrograph20,micrograph20.jpg,768,256,0.171646,val,256,/content/drive/MyDrive/phase11-data/data/MetalDam/images/micrograph20.jpg,/content/drive/MyDrive/phase11-persistent/gt_boundaries/MetalDam/micrograph20.png,0,0,1024,703,0,65
MetalDam/micrograph20/x768_y384,MetalDam,micrograph20,micrograph20.jpg,768,384,0.197052,val,256,/content/drive/MyDrive/phase11-data/data/MetalDam/images/micrograph20.jpg,/content/drive/MyDrive/phase11-persistent/gt_boundaries/MetalDam/micrograph20.png,0,0,1024,703,0,65
MetalDam/micrograph20/x768_y512,MetalDam,micrograph20,micrograph20.jpg,768,512,0.201813,val,256,/content/drive/MyDrive/phase11-data/data/MetalDam/images/micrograph20.jpg,/content/drive/MyDrive/phase11-persistent/gt_boundaries/MetalDam/micrograph20.png,0,0,1024,703,0,65
MetalDam/micrograph21/x0_y0,MetalDam,micrograph21,micrograph21.jpg,0,0,0.124222,val,256,/content/drive/MyDrive/phase11-data/data/MetalDam/images/micrograph21.jpg,/content/drive/MyDrive/phase11-persistent/gt_boundaries/MetalDam/micrograph21.png,0,0,1280,895,0,1
MetalDam/micrograph21/x0_y128,MetalDam,micrograph21,micrograph21.jpg,0,128,0.12059,val,256,/content/drive/MyDrive/phase11-data/data/MetalDam/images/micrograph21.jpg,/content/drive/MyDrive/phase11-persistent/gt_boundaries/MetalDam/micrograph21.png,0,0,1280,895,0,1
MetalDam/micrograph21/x0_y256,MetalDam,micrograph21,micrograph21.jpg,0,256,0.104645,val,256,/content/drive/MyDrive/phase11-data/data/MetalDam/images/micrograph21.jpg,/content/drive/MyDrive/phase11-persistent/gt_boundaries/MetalDam/micrograph21.png,0,0,1280,895,0,1
MetalDam/micrograph21/x0_y384,MetalDam,micrograph21,micrograph21.jpg,0,384,0.101746,val,256,/content/drive/MyDrive/phase11-data/data/MetalDam/images/micrograph21.jpg,/content/drive/MyDrive/phase11-persistent/gt_boundaries/MetalDam/micrograph21.png,0,0,1280,895,0,1
MetalDam/micrograph21/x0_y512,MetalDam,micrograph21,micrograph21.jpg,0,512,0.095337,val,256,/content/drive/MyDrive/phase11-data/data/MetalDam/images/micrograph21.jpg,/content/drive/MyDrive/phase11-persistent/gt_boundaries/MetalDam/micrograph21.png,0,0,1280,895,0,1
MetalDam/micrograph21/x0_y640,MetalDam,micrograph21,micrograph21.jpg,0,640,0.088043,val,256,/content/drive/MyDrive/phase11-data/data/MetalDam/images/micrograph21.jpg,/content/drive/MyDrive/phase11-persistent/gt_boundaries/MetalDam/micrograph21.png,0,0,1280,895,0,1
MetalDam/micrograph21/x1024_y0,MetalDam,micrograph21,micrograph21.jpg,1024,0,0.10611,val,256,/content/drive/MyDrive/phase11-data/data/MetalDam/images/micrograph21.jpg,/content/drive/MyDrive/phase11-persistent/gt_boundaries/MetalDam/micrograph21.png,0,0,1280,895,0,1
MetalDam/micrograph21/x1024_y128,MetalDam,micrograph21,micrograph21.jpg,1024,128,0.117905,val,256,/content/drive/MyDrive/phase11-data/data/MetalDam/images/micrograph21.jpg,/content/drive/MyDrive/phase11-persistent/gt_boundaries/MetalDam/micrograph21.png,0,0,1280,895,0,1
MetalDam/micrograph21/x1024_y256,MetalDam,micrograph21,micrograph21.jpg,1024,256,0.116791,val,256,/content/drive/MyDrive/phase11-data/data/MetalDam/images/micrograph21.jpg,/content/drive/MyDrive/phase11-persistent/gt_boundaries/MetalDam/micrograph21.png,0,0,1280,895,0,1
MetalDam/micrograph21/x1024_y384,MetalDam,micrograph21,micrograph21.jpg,1024,384,0.118439,val,256,/content/drive/MyDrive/phase11-data/data/MetalDam/images/micrograph21.jpg,/content/drive/MyDrive/phase11-persistent/gt_boundaries/MetalDam/micrograph21.png,0,0,1280,895,0,1
MetalDam/micrograph21/x1024_y512,MetalDam,micrograph21,micrograph21.jpg,1024,512,0.122162,val,256,/content/drive/MyDrive/phase11-data/data/MetalDam/images/micrograph21.jpg,/content/drive/MyDrive/phase11-persistent/gt_boundaries/MetalDam/micrograph21.png,0,0,1280,895,0,1
MetalDam/micrograph21/x1024_y640,MetalDam,micrograph21,micrograph21.jpg,1024,640,0.118225,val,256,/content/drive/MyDrive/phase11-data/data/MetalDam/images/micrograph21.jpg,/content/drive/MyDrive/phase11-persistent/gt_boundaries/MetalDam/micrograph21.png,0,0,1280,895,0,1
MetalDam/micrograph21/x128_y0,MetalDam,micrograph21,micrograph21.jpg,128,0,0.123413,val,256,/content/drive/MyDrive/phase11-data/data/MetalDam/images/micrograph21.jpg,/content/drive/MyDrive/phase11-persistent/gt_boundaries/MetalDam/micrograph21.png,0,0,1280,895,0,1
MetalDam/micrograph21/x128_y128,MetalDam,micrograph21,micrograph21.jpg,128,128,0.120163,val,256,/content/drive/MyDrive/phase11-data/data/MetalDam/images/micrograph21.jpg,/content/drive/MyDrive/phase11-persistent/gt_boundaries/MetalDam/micrograph21.png,0,0,1280,895,0,1
MetalDam/micrograph21/x128_y256,MetalDam,micrograph21,micrograph21.jpg,128,256,0.119064,val,256,/content/drive/MyDrive/phase11-data/data/MetalDam/images/micrograph21.jpg,/content/drive/MyDrive/phase11-persistent/gt_boundaries/MetalDam/micrograph21.png,0,0,1280,895,0,1
MetalDam/micrograph21/x128_y384,MetalDam,micrograph21,micrograph21.jpg,128,384,0.128433,val,256,/content/drive/MyDrive/phase11-data/data/MetalDam/images/micrograph21.jpg,/content/drive/MyDrive/phase11-persistent/gt_boundaries/MetalDam/micrograph21.png,0,0,1280,895,0,1
MetalDam/micrograph21/x128_y512,MetalDam,micrograph21,micrograph21.jpg,128,512,0.118652,val,256,/content/drive/MyDrive/phase11-data/data/MetalDam/images/micrograph21.jpg,/content/drive/MyDrive/phase11-persistent/gt_boundaries/MetalDam/micrograph21.png,0,0,1280,895,0,1
MetalDam/micrograph21/x128_y640,MetalDam,micrograph21,micrograph21.jpg,128,640,0.100769,val,256,/content/drive/MyDrive/phase11-data/data/MetalDam/images/micrograph21.jpg,/content/drive/MyDrive/phase11-persistent/gt_boundaries/MetalDam/micrograph21.png,0,0,1280,895,0,1
MetalDam/micrograph21/x256_y0,MetalDam,micrograph21,micrograph21.jpg,256,0,0.127457,val,256,/content/drive/MyDrive/phase11-data/data/MetalDam/images/micrograph21.jpg,/content/drive/MyDrive/phase11-persistent/gt_boundaries/MetalDam/micrograph21.png,0,0,1280,895,0,1
MetalDam/micrograph21/x256_y128,MetalDam,micrograph21,micrograph21.jpg,256,128,0.120026,val,256,/content/drive/MyDrive/phase11-data/data/MetalDam/images/micrograph21.jpg,/content/drive/MyDrive/phase11-persistent/gt_boundaries/MetalDam/micrograph21.png,0,0,1280,895,0,1
MetalDam/micrograph21/x256_y256,MetalDam,micrograph21,micrograph21.jpg,256,256,0.125992,val,256,/content/drive/MyDrive/phase11-data/data/MetalDam/images/micrograph21.jpg,/content/drive/MyDrive/phase11-persistent/gt_boundaries/MetalDam/micrograph21.png,0,0,1280,895,0,1
MetalDam/micrograph21/x256_y384,MetalDam,micrograph21,micrograph21.jpg,256,384,0.135208,val,256,/content/drive/MyDrive/phase11-data/data/MetalDam/images/micrograph21.jpg,/content/drive/MyDrive/phase11-persistent/gt_boundaries/MetalDam/micrograph21.png,0,0,1280,895,0,1
MetalDam/micrograph21/x256_y512,MetalDam,micrograph21,micrograph21.jpg,256,512,0.126343,val,256,/content/drive/MyDrive/phase11-data/data/MetalDam/images/micrograph21.jpg,/content/drive/MyDrive/phase11-persistent/gt_boundaries/MetalDam/micrograph21.png,0,0,1280,895,0,1
MetalDam/micrograph21/x256_y640,MetalDam,micrograph21,micrograph21.jpg,256,640,0.108856,val,256,/content/drive/MyDrive/phase11-data/data/MetalDam/images/micrograph21.jpg,/content/drive/MyDrive/phase11-persistent/gt_boundaries/MetalDam/micrograph21.png,0,0,1280,895,0,1
MetalDam/micrograph21/x384_y0,MetalDam,micrograph21,micrograph21.jpg,384,0,0.133499,val,256,/content/drive/MyDrive/phase11-data/data/MetalDam/images/micrograph21.jpg,/content/drive/MyDrive/phase11-persistent/gt_boundaries/MetalDam/micrograph21.png,0,0,1280,895,0,1
MetalDam/micrograph21/x384_y128,MetalDam,micrograph21,micrograph21.jpg,384,128,0.137512,val,256,/content/drive/MyDrive/phase11-data/data/MetalDam/images/micrograph21.jpg,/content/drive/MyDrive/phase11-persistent/gt_boundaries/MetalDam/micrograph21.png,0,0,1280,895,0,1
MetalDam/micrograph21/x384_y256,MetalDam,micrograph21,micrograph21.jpg,384,256,0.133484,val,256,/content/drive/MyDrive/phase11-data/data/MetalDam/images/micrograph21.jpg,/content/drive/MyDrive/phase11-persistent/gt_boundaries/MetalDam/micrograph21.png,0,0,1280,895,0,1
MetalDam/micrograph21/x384_y384,MetalDam,micrograph21,micrograph21.jpg,384,384,0.133453,val,256,/content/drive/MyDrive/phase11-data/data/MetalDam/images/micrograph21.jpg,/content/drive/MyDrive/phase11-persistent/gt_boundaries/MetalDam/micrograph21.png,0,0,1280,895,0,1
MetalDam/micrograph21/x384_y512,MetalDam,micrograph21,micrograph21.jpg,384,512,0.124039,val,256,/content/drive/MyDrive/phase11-data/data/MetalDam/images/micrograph21.jpg,/content/drive/MyDrive/phase11-persistent/gt_boundaries/MetalDam/micrograph21.png,0,0,1280,895,0,1
MetalDam/micrograph21/x384_y640,MetalDam,micrograph21,micrograph21.jpg,384,640,0.109543,val,256,/content/drive/MyDrive/phase11-data/data/MetalDam/images/micrograph21.jpg,/content/drive/MyDrive/phase11-persistent/gt_boundaries/MetalDam/micrograph21.png,0,0,1280,895,0,1
MetalDam/micrograph21/x512_y0,MetalDam,micrograph21,micrograph21.jpg,512,0,0.121674,val,256,/content/drive/MyDrive/phase11-data/data/MetalDam/images/micrograph21.jpg,/content/drive/MyDrive/phase11-persistent/gt_boundaries/MetalDam/micrograph21.png,0,0,1280,895,0,1
MetalDam/micrograph21/x512_y128,MetalDam,micrograph21,micrograph21.jpg,512,128,0.1315,val,256,/content/drive/MyDrive/phase11-data/data/MetalDam/images/micrograph21.jpg,/content/drive/MyDrive/phase11-persistent/gt_boundaries/MetalDam/micrograph21.png,0,0,1280,895,0,1
MetalDam/micrograph21/x512_y256,MetalDam,micrograph21,micrograph21.jpg,512,256,0.133865,val,256,/content/drive/MyDrive/phase11-data/data/MetalDam/images/micrograph21.jpg,/content/drive/MyDrive/phase11-persistent/gt_boundaries/MetalDam/micrograph21.png,0,0,1280,895,0,1
MetalDam/micrograph21/x512_y384,MetalDam,micrograph21,micrograph21.jpg,512,384,0.134735,val,256,/content/drive/MyDrive/phase11-data/data/MetalDam/images/micrograph21.jpg,/content/drive/MyDrive/phase11-persistent/gt_boundaries/MetalDam/micrograph21.png,0,0,1280,895,0,1
MetalDam/micrograph21/x512_y512,MetalDam,micrograph21,micrograph21.jpg,512,512,0.123062,val,256,/content/drive/MyDrive/phase11-data/data/MetalDam/images/micrograph21.jpg,/content/drive/MyDrive/phase11-persistent/gt_boundaries/MetalDam/micrograph21.png,0,0,1280,895,0,1
MetalDam/micrograph21/x512_y640,MetalDam,micrograph21,micrograph21.jpg,512,640,0.105301,val,256,/content/drive/MyDrive/phase11-data/data/MetalDam/images/micrograph21.jpg,/content/drive/MyDrive/phase11-persistent/gt_boundaries/MetalDam/micrograph21.png,0,0,1280,895,0,1
MetalDam/micrograph21/x640_y0,MetalDam,micrograph21,micrograph21.jpg,640,0,0.119583,val,256,/content/drive/MyDrive/phase11-data/data/MetalDam/images/micrograph21.jpg,/content/drive/MyDrive/phase11-persistent/gt_boundaries/MetalDam/micrograph21.png,0,0,1280,895,0,1
MetalDam/micrograph21/x640_y128,MetalDam,micrograph21,micrograph21.jpg,640,128,0.115768,val,256,/content/drive/MyDrive/phase11-data/data/MetalDam/images/micrograph21.jpg,/content/drive/MyDrive/phase11-persistent/gt_boundaries/MetalDam/micrograph21.png,0,0,1280,895,0,1
MetalDam/micrograph21/x640_y256,MetalDam,micrograph21,micrograph21.jpg,640,256,0.122879,val,256,/content/drive/MyDrive/phase11-data/data/MetalDam/images/micrograph21.jpg,/content/drive/MyDrive/phase11-persistent/gt_boundaries/MetalDam/micrograph21.png,0,0,1280,895,0,1
MetalDam/micrograph21/x640_y384,MetalDam,micrograph21,micrograph21.jpg,640,384,0.124756,val,256,/content/drive/MyDrive/phase11-data/data/MetalDam/images/micrograph21.jpg,/content/drive/MyDrive/phase11-persistent/gt_boundaries/MetalDam/micrograph21.png,0,0,1280,895,0,1
MetalDam/micrograph21/x640_y512,MetalDam,micrograph21,micrograph21.jpg,640,512,0.119232,val,256,/content/drive/MyDrive/phase11-data/data/MetalDam/images/micrograph21.jpg,/content/drive/MyDrive/phase11-persistent/gt_boundaries/MetalDam/micrograph21.png,0,0,1280,895,0,1
MetalDam/micrograph21/x640_y640,MetalDam,micrograph21,micrograph21.jpg,640,640,0.11647,val,256,/content/drive/MyDrive/phase11-data/data/MetalDam/images/micrograph21.jpg,/content/drive/MyDrive/phase11-persistent/gt_boundaries/MetalDam/micrograph21.png,0,0,1280,895,0,1
MetalDam/micrograph21/x768_y0,MetalDam,micrograph21,micrograph21.jpg,768,0,0.125488,val,256,/content/drive/MyDrive/phase11-data/data/MetalDam/images/micrograph21.jpg,/content/drive/MyDrive/phase11-persistent/gt_boundaries/MetalDam/micrograph21.png,0,0,1280,895,0,1
MetalDam/micrograph21/x768_y128,MetalDam,micrograph21,micrograph21.jpg,768,128,0.11937,val,256,/content/drive/MyDrive/phase11-data/data/MetalDam/images/micrograph21.jpg,/content/drive/MyDrive/phase11-persistent/gt_boundaries/MetalDam/micrograph21.png,0,0,1280,895,0,1
MetalDam/micrograph21/x768_y256,MetalDam,micrograph21,micrograph21.jpg,768,256,0.130524,val,256,/content/drive/MyDrive/phase11-data/data/MetalDam/images/micrograph21.jpg,/content/drive/MyDrive/phase11-persistent/gt_boundaries/MetalDam/micrograph21.png,0,0,1280,895,0,1
MetalDam/micrograph21/x768_y384,MetalDam,micrograph21,micrograph21.jpg,768,384,0.130722,val,256,/content/drive/MyDrive/phase11-data/data/MetalDam/images/micrograph21.jpg,/content/drive/MyDrive/phase11-persistent/gt_boundaries/MetalDam/micrograph21.png,0,0,1280,895,0,1
MetalDam/micrograph21/x768_y512,MetalDam,micrograph21,micrograph21.jpg,768,512,0.12915,val,256,/content/drive/MyDrive/phase11-data/data/MetalDam/images/micrograph21.jpg,/content/drive/MyDrive/phase11-persistent/gt_boundaries/MetalDam/micrograph21.png,0,0,1280,895,0,1
MetalDam/micrograph21/x768_y640,MetalDam,micrograph21,micrograph21.jpg,768,640,0.135376,val,256,/content/drive/MyDrive/phase11-data/data/MetalDam/images/micrograph21.jpg,/content/drive/MyDrive/phase11-persistent/gt_boundaries/MetalDam/micrograph21.png,0,0,1280,895,0,1
MetalDam/micrograph21/x896_y0,MetalDam,micrograph21,micrograph21.jpg,896,0,0.126709,val,256,/content/drive/MyDrive/phase11-data/data/MetalDam/images/micrograph21.jpg,/content/drive/MyDrive/phase11-persistent/gt_boundaries/MetalDam/micrograph21.png,0,0,1280,895,0,1
MetalDam/micrograph21/x896_y128,MetalDam,micrograph21,micrograph21.jpg,896,128,0.125412,val,256,/content/drive/MyDrive/phase11-data/data/MetalDam/images/micrograph21.jpg,/content/drive/MyDrive/phase11-persistent/gt_boundaries/MetalDam/micrograph21.png,0,0,1280,895,0,1
MetalDam/micrograph21/x896_y256,MetalDam,micrograph21,micrograph21.jpg,896,256,0.135269,val,256,/content/drive/MyDrive/phase11-data/data/MetalDam/images/micrograph21.jpg,/content/drive/MyDrive/phase11-persistent/gt_boundaries/MetalDam/micrograph21.png,0,0,1280,895,0,1
MetalDam/micrograph21/x896_y384,MetalDam,micrograph21,micrograph21.jpg,896,384,0.138855,val,256,/content/drive/MyDrive/phase11-data/data/MetalDam/images/micrograph21.jpg,/content/drive/MyDrive/phase11-persistent/gt_boundaries/MetalDam/micrograph21.png,0,0,1280,895,0,1
MetalDam/micrograph21/x896_y512,MetalDam,micrograph21,micrograph21.jpg,896,512,0.136307,val,256,/content/drive/MyDrive/phase11-data/data/MetalDam/images/micrograph21.jpg,/content/drive/MyDrive/phase11-persistent/gt_boundaries/MetalDam/micrograph21.png,0,0,1280,895,0,1
MetalDam/micrograph21/x896_y640,MetalDam,micrograph21,micrograph21.jpg,896,640,0.13266,val,256,/content/drive/MyDrive/phase11-data/data/MetalDam/images/micrograph21.jpg,/content/drive/MyDrive/phase11-persistent/gt_boundaries/MetalDam/micrograph21.png,0,0,1280,895,0,1
MetalDam/micrograph22/x0_y0,MetalDam,micrograph22,micrograph22.jpg,0,0,0.15387,val,256,/content/drive/MyDrive/phase11-data/data/MetalDam/images/micrograph22.jpg,/content/drive/MyDrive/phase11-persistent/gt_boundaries/MetalDam/micrograph22.png,0,0,1280,895,0,1
MetalDam/micrograph22/x0_y128,MetalDam,micrograph22,micrograph22.jpg,0,128,0.155441,val,256,/content/drive/MyDrive/phase11-data/data/MetalDam/images/micrograph22.jpg,/content/drive/MyDrive/phase11-persistent/gt_boundaries/MetalDam/micrograph22.png,0,0,1280,895,0,1
MetalDam/micrograph22/x0_y256,MetalDam,micrograph22,micrograph22.jpg,0,256,0.150757,val,256,/content/drive/MyDrive/phase11-data/data/MetalDam/images/micrograph22.jpg,/content/drive/MyDrive/phase11-persistent/gt_boundaries/MetalDam/micrograph22.png,0,0,1280,895,0,1
MetalDam/micrograph22/x0_y384,MetalDam,micrograph22,micrograph22.jpg,0,384,0.14505,val,256,/content/drive/MyDrive/phase11-data/data/MetalDam/images/micrograph22.jpg,/content/drive/MyDrive/phase11-persistent/gt_boundaries/MetalDam/micrograph22.png,0,0,1280,895,0,1
MetalDam/micrograph22/x0_y512,MetalDam,micrograph22,micrograph22.jpg,0,512,0.158081,val,256,/content/drive/MyDrive/phase11-data/data/MetalDam/images/micrograph22.jpg,/content/drive/MyDrive/phase11-persistent/gt_boundaries/MetalDam/micrograph22.png,0,0,1280,895,0,1
MetalDam/micrograph22/x0_y640,MetalDam,micrograph22,micrograph22.jpg,0,640,0.167664,val,256,/content/drive/MyDrive/phase11-data/data/MetalDam/images/micrograph22.jpg,/content/drive/MyDrive/phase11-persistent/gt_boundaries/MetalDam/micrograph22.png,0,0,1280,895,0,1
MetalDam/micrograph22/x1024_y0,MetalDam,micrograph22,micrograph22.jpg,1024,0,0.19635,val,256,/content/drive/MyDrive/phase11-data/data/MetalDam/images/micrograph22.jpg,/content/drive/MyDrive/phase11-persistent/gt_boundaries/MetalDam/micrograph22.png,0,0,1280,895,0,1
MetalDam/micrograph22/x1024_y128,MetalDam,micrograph22,micrograph22.jpg,1024,128,0.167816,val,256,/content/drive/MyDrive/phase11-data/data/MetalDam/images/micrograph22.jpg,/content/drive/MyDrive/phase11-persistent/gt_boundaries/MetalDam/micrograph22.png,0,0,1280,895,0,1
MetalDam/micrograph22/x1024_y256,MetalDam,micrograph22,micrograph22.jpg,1024,256,0.148132,val,256,/content/drive/MyDrive/phase11-data/data/MetalDam/images/micrograph22.jpg,/content/drive/MyDrive/phase11-persistent/gt_boundaries/MetalDam/micrograph22.png,0,0,1280,895,0,1
MetalDam/micrograph22/x1024_y384,MetalDam,micrograph22,micrograph22.jpg,1024,384,0.138321,val,256,/content/drive/MyDrive/phase11-data/data/MetalDam/images/micrograph22.jpg,/content/drive/MyDrive/phase11-persistent/gt_boundaries/MetalDam/micrograph22.png,0,0,1280,895,0,1
MetalDam/micrograph22/x1024_y512,MetalDam,micrograph22,micrograph22.jpg,1024,512,0.120087,val,256,/content/drive/MyDrive/phase11-data/data/MetalDam/images/micrograph22.jpg,/content/drive/MyDrive/phase11-persistent/gt_boundaries/MetalDam/micrograph22.png,0,0,1280,895,0,1
MetalDam/micrograph22/x1024_y640,MetalDam,micrograph22,micrograph22.jpg,1024,640,0.134521,val,256,/content/drive/MyDrive/phase11-data/data/MetalDam/images/micrograph22.jpg,/content/drive/MyDrive/phase11-persistent/gt_boundaries/MetalDam/micrograph22.png,0,0,1280,895,0,1
MetalDam/micrograph22/x128_y0,MetalDam,micrograph22,micrograph22.jpg,128,0,0.177933,val,256,/content/drive/MyDrive/phase11-data/data/MetalDam/images/micrograph22.jpg,/content/drive/MyDrive/phase11-persistent/gt_boundaries/MetalDam/micrograph22.png,0,0,1280,895,0,1
MetalDam/micrograph22/x128_y128,MetalDam,micrograph22,micrograph22.jpg,128,128,0.163742,val,256,/content/drive/MyDrive/phase11-data/data/MetalDam/images/micrograph22.jpg,/content/drive/MyDrive/phase11-persistent/gt_boundaries/MetalDam/micrograph22.png,0,0,1280,895,0,1
MetalDam/micrograph22/x128_y256,MetalDam,micrograph22,micrograph22.jpg,128,256,0.137329,val,256,/content/drive/MyDrive/phase11-data/data/MetalDam/images/micrograph22.jpg,/content/drive/MyDrive/phase11-persistent/gt_boundaries/MetalDam/micrograph22.png,0,0,1280,895,0,1
MetalDam/micrograph22/x128_y384,MetalDam,micrograph22,micrograph22.jpg,128,384,0.136307,val,256,/content/drive/MyDrive/phase11-data/data/MetalDam/images/micrograph22.jpg,/content/drive/MyDrive/phase11-persistent/gt_boundaries/MetalDam/micrograph22.png,0,0,1280,895,0,1
MetalDam/micrograph22/x128_y512,MetalDam,micrograph22,micrograph22.jpg,128,512,0.150894,val,256,/content/drive/MyDrive/phase11-data/data/MetalDam/images/micrograph22.jpg,/content/drive/MyDrive/phase11-persistent/gt_boundaries/MetalDam/micrograph22.png,0,0,1280,895,0,1
MetalDam/micrograph22/x128_y640,MetalDam,micrograph22,micrograph22.jpg,128,640,0.156876,val,256,/content/drive/MyDrive/phase11-data/data/MetalDam/images/micrograph22.jpg,/content/drive/MyDrive/phase11-persistent/gt_boundaries/MetalDam/micrograph22.png,0,0,1280,895,0,1
MetalDam/micrograph22/x256_y0,MetalDam,micrograph22,micrograph22.jpg,256,0,0.180847,val,256,/content/drive/MyDrive/phase11-data/data/MetalDam/images/micrograph22.jpg,/content/drive/MyDrive/phase11-persistent/gt_boundaries/MetalDam/micrograph22.png,0,0,1280,895,0,1
MetalDam/micrograph22/x256_y128,MetalDam,micrograph22,micrograph22.jpg,256,128,0.165802,val,256,/content/drive/MyDrive/phase11-data/data/MetalDam/images/micrograph22.jpg,/content/drive/MyDrive/phase11-persistent/gt_boundaries/MetalDam/micrograph22.png,0,0,1280,895,0,1
MetalDam/micrograph22/x256_y256,MetalDam,micrograph22,micrograph22.jpg,256,256,0.148331,val,256,/content/drive/MyDrive/phase11-data/data/MetalDam/images/micrograph22.jpg,/content/drive/MyDrive/phase11-persistent/gt_boundaries/MetalDam/micrograph22.png,0,0,1280,895,0,1
MetalDam/micrograph22/x256_y384,MetalDam,micrograph22,micrograph22.jpg,256,384,0.150879,val,256,/content/drive/MyDrive/phase11-data/data/MetalDam/images/micrograph22.jpg,/content/drive/MyDrive/phase11-persistent/gt_boundaries/MetalDam/micrograph22.png,0,0,1280,895,0,1
MetalDam/micrograph22/x256_y512,MetalDam,micrograph22,micrograph22.jpg,256,512,0.146149,val,256,/content/drive/MyDrive/phase11-data/data/MetalDam/images/micrograph22.jpg,/content/drive/MyDrive/phase11-persistent/gt_boundaries/MetalDam/micrograph22.png,0,0,1280,895,0,1
MetalDam/micrograph22/x256_y640,MetalDam,micrograph22,micrograph22.jpg,256,640,0.13707,val,256,/content/drive/MyDrive/phase11-data/data/MetalDam/images/micrograph22.jpg,/content/drive/MyDrive/phase11-persistent/gt_boundaries/MetalDam/micrograph22.png,0,0,1280,895,0,1
MetalDam/micrograph22/x384_y0,MetalDam,micrograph22,micrograph22.jpg,384,0,0.174545,val,256,/content/drive/MyDrive/phase11-data/data/MetalDam/images/micrograph22.jpg,/content/drive/MyDrive/phase11-persistent/gt_boundaries/MetalDam/micrograph22.png,0,0,1280,895,0,1
MetalDam/micrograph22/x384_y128,MetalDam,micrograph22,micrograph22.jpg,384,128,0.174652,val,256,/content/drive/MyDrive/phase11-data/data/MetalDam/images/micrograph22.jpg,/content/drive/MyDrive/phase11-persistent/gt_boundaries/MetalDam/micrograph22.png,0,0,1280,895,0,1
MetalDam/micrograph22/x384_y256,MetalDam,micrograph22,micrograph22.jpg,384,256,0.15303,val,256,/content/drive/MyDrive/phase11-data/data/MetalDam/images/micrograph22.jpg,/content/drive/MyDrive/phase11-persistent/gt_boundaries/MetalDam/micrograph22.png,0,0,1280,895,0,1
MetalDam/micrograph22/x384_y384,MetalDam,micrograph22,micrograph22.jpg,384,384,0.142197,val,256,/content/drive/MyDrive/phase11-data/data/MetalDam/images/micrograph22.jpg,/content/drive/MyDrive/phase11-persistent/gt_boundaries/MetalDam/micrograph22.png,0,0,1280,895,0,1
MetalDam/micrograph22/x384_y512,MetalDam,micrograph22,micrograph22.jpg,384,512,0.131592,val,256,/content/drive/MyDrive/phase11-data/data/MetalDam/images/micrograph22.jpg,/content/drive/MyDrive/phase11-persistent/gt_boundaries/MetalDam/micrograph22.png,0,0,1280,895,0,1
MetalDam/micrograph22/x384_y640,MetalDam,micrograph22,micrograph22.jpg,384,640,0.112381,val,256,/content/drive/MyDrive/phase11-data/data/MetalDam/images/micrograph22.jpg,/content/drive/MyDrive/phase11-persistent/gt_boundaries/MetalDam/micrograph22.png,0,0,1280,895,0,1
MetalDam/micrograph22/x512_y0,MetalDam,micrograph22,micrograph22.jpg,512,0,0.191101,val,256,/content/drive/MyDrive/phase11-data/data/MetalDam/images/micrograph22.jpg,/content/drive/MyDrive/phase11-persistent/gt_boundaries/MetalDam/micrograph22.png,0,0,1280,895,0,1
MetalDam/micrograph22/x512_y128,MetalDam,micrograph22,micrograph22.jpg,512,128,0.18367,val,256,/content/drive/MyDrive/phase11-data/data/MetalDam/images/micrograph22.jpg,/content/drive/MyDrive/phase11-persistent/gt_boundaries/MetalDam/micrograph22.png,0,0,1280,895,0,1
MetalDam/micrograph22/x512_y256,MetalDam,micrograph22,micrograph22.jpg,512,256,0.155045,val,256,/content/drive/MyDrive/phase11-data/data/MetalDam/images/micrograph22.jpg,/content/drive/MyDrive/phase11-persistent/gt_boundaries/MetalDam/micrograph22.png,0,0,1280,895,0,1
MetalDam/micrograph22/x512_y384,MetalDam,micrograph22,micrograph22.jpg,512,384,0.143173,val,256,/content/drive/MyDrive/phase11-data/data/MetalDam/images/micrograph22.jpg,/content/drive/MyDrive/phase11-persistent/gt_boundaries/MetalDam/micrograph22.png,0,0,1280,895,0,1
MetalDam/micrograph22/x512_y512,MetalDam,micrograph22,micrograph22.jpg,512,512,0.13588,val,256,/content/drive/MyDrive/phase11-data/data/MetalDam/images/micrograph22.jpg,/content/drive/MyDrive/phase11-persistent/gt_boundaries/MetalDam/micrograph22.png,0,0,1280,895,0,1
MetalDam/micrograph22/x512_y640,MetalDam,micrograph22,micrograph22.jpg,512,640,0.118088,val,256,/content/drive/MyDrive/phase11-data/data/MetalDam/images/micrograph22.jpg,/content/drive/MyDrive/phase11-persistent/gt_boundaries/MetalDam/micrograph22.png,0,0,1280,895,0,1
MetalDam/micrograph22/x640_y0,MetalDam,micrograph22,micrograph22.jpg,640,0,0.198547,val,256,/content/drive/MyDrive/phase11-data/data/MetalDam/images/micrograph22.jpg,/content/drive/MyDrive/phase11-persistent/gt_boundaries/MetalDam/micrograph22.png,0,0,1280,895,0,1
MetalDam/micrograph22/x640_y128,MetalDam,micrograph22,micrograph22.jpg,640,128,0.184082,val,256,/content/drive/MyDrive/phase11-data/data/MetalDam/images/micrograph22.jpg,/content/drive/MyDrive/phase11-persistent/gt_boundaries/MetalDam/micrograph22.png,0,0,1280,895,0,1
MetalDam/micrograph22/x640_y256,MetalDam,micrograph22,micrograph22.jpg,640,256,0.155777,val,256,/content/drive/MyDrive/phase11-data/data/MetalDam/images/micrograph22.jpg,/content/drive/MyDrive/phase11-persistent/gt_boundaries/MetalDam/micrograph22.png,0,0,1280,895,0,1
MetalDam/micrograph22/x640_y384,MetalDam,micrograph22,micrograph22.jpg,640,384,0.148682,val,256,/content/drive/MyDrive/phase11-data/data/MetalDam/images/micrograph22.jpg,/content/drive/MyDrive/phase11-persistent/gt_boundaries/MetalDam/micrograph22.png,0,0,1280,895,0,1
MetalDam/micrograph22/x640_y512,MetalDam,micrograph22,micrograph22.jpg,640,512,0.148041,val,256,/content/drive/MyDrive/phase11-data/data/MetalDam/images/micrograph22.jpg,/content/drive/MyDrive/phase11-persistent/gt_boundaries/MetalDam/micrograph22.png,0,0,1280,895,0,1
MetalDam/micrograph22/x640_y640,MetalDam,micrograph22,micrograph22.jpg,640,640,0.134369,val,256,/content/drive/MyDrive/phase11-data/data/MetalDam/images/micrograph22.jpg,/content/drive/MyDrive/phase11-persistent/gt_boundaries/MetalDam/micrograph22.png,0,0,1280,895,0,1
MetalDam/micrograph22/x768_y0,MetalDam,micrograph22,micrograph22.jpg,768,0,0.19725,val,256,/content/drive/MyDrive/phase11-data/data/MetalDam/images/micrograph22.jpg,/content/drive/MyDrive/phase11-persistent/gt_boundaries/MetalDam/micrograph22.png,0,0,1280,895,0,1
MetalDam/micrograph22/x768_y128,MetalDam,micrograph22,micrograph22.jpg,768,128,0.17334,val,256,/content/drive/MyDrive/phase11-data/data/MetalDam/images/micrograph22.jpg,/content/drive/MyDrive/phase11-persistent/gt_boundaries/MetalDam/micrograph22.png,0,0,1280,895,0,1
MetalDam/micrograph22/x768_y256,MetalDam,micrograph22,micrograph22.jpg,768,256,0.137772,val,256,/content/drive/MyDrive/phase11-data/data/MetalDam/images/micrograph22.jpg,/content/drive/MyDrive/phase11-persistent/gt_boundaries/MetalDam/micrograph22.png,0,0,1280,895,0,1
MetalDam/micrograph22/x768_y384,MetalDam,micrograph22,micrograph22.jpg,768,384,0.139984,val,256,/content/drive/MyDrive/phase11-data/data/MetalDam/images/micrograph22.jpg,/content/drive/MyDrive/phase11-persistent/gt_boundaries/MetalDam/micrograph22.png,0,0,1280,895,0,1
MetalDam/micrograph22/x768_y512,MetalDam,micrograph22,micrograph22.jpg,768,512,0.15126,val,256,/content/drive/MyDrive/phase11-data/data/MetalDam/images/micrograph22.jpg,/content/drive/MyDrive/phase11-persistent/gt_boundaries/MetalDam/micrograph22.png,0,0,1280,895,0,1
MetalDam/micrograph22/x768_y640,MetalDam,micrograph22,micrograph22.jpg,768,640,0.149246,val,256,/content/drive/MyDrive/phase11-data/data/MetalDam/images/micrograph22.jpg,/content/drive/MyDrive/phase11-persistent/gt_boundaries/MetalDam/micrograph22.png,0,0,1280,895,0,1
MetalDam/micrograph22/x896_y0,MetalDam,micrograph22,micrograph22.jpg,896,0,0.202698,val,256,/content/drive/MyDrive/phase11-data/data/MetalDam/images/micrograph22.jpg,/content/drive/MyDrive/phase11-persistent/gt_boundaries/MetalDam/micrograph22.png,0,0,1280,895,0,1
MetalDam/micrograph22/x896_y128,MetalDam,micrograph22,micrograph22.jpg,896,128,0.165817,val,256,/content/drive/MyDrive/phase11-data/data/MetalDam/images/micrograph22.jpg,/content/drive/MyDrive/phase11-persistent/gt_boundaries/MetalDam/micrograph22.png,0,0,1280,895,0,1
MetalDam/micrograph22/x896_y256,MetalDam,micrograph22,micrograph22.jpg,896,256,0.132919,val,256,/content/drive/MyDrive/phase11-data/data/MetalDam/images/micrograph22.jpg,/content/drive/MyDrive/phase11-persistent/gt_boundaries/MetalDam/micrograph22.png,0,0,1280,895,0,1
MetalDam/micrograph22/x896_y384,MetalDam,micrograph22,micrograph22.jpg,896,384,0.141571,val,256,/content/drive/MyDrive/phase11-data/data/MetalDam/images/micrograph22.jpg,/content/drive/MyDrive/phase11-persistent/gt_boundaries/MetalDam/micrograph22.png,0,0,1280,895,0,1
MetalDam/micrograph22/x896_y512,MetalDam,micrograph22,micrograph22.jpg,896,512,0.153702,val,256,/content/drive/MyDrive/phase11-data/data/MetalDam/images/micrograph22.jpg,/content/drive/MyDrive/phase11-persistent/gt_boundaries/MetalDam/micrograph22.png,0,0,1280,895,0,1
MetalDam/micrograph22/x896_y640,MetalDam,micrograph22,micrograph22.jpg,896,640,0.165482,val,256,/content/drive/MyDrive/phase11-data/data/MetalDam/images/micrograph22.jpg,/content/drive/MyDrive/phase11-persistent/gt_boundaries/MetalDam/micrograph22.png,0,0,1280,895,0,1
MetalDam/micrograph23/x0_y0,MetalDam,micrograph23,micrograph23.jpg,0,0,0.165359,val,256,/content/drive/MyDrive/phase11-data/data/MetalDam/images/micrograph23.jpg,/content/drive/MyDrive/phase11-persistent/gt_boundaries/MetalDam/micrograph23.png,0,0,1024,703,0,65
MetalDam/micrograph23/x0_y128,MetalDam,micrograph23,micrograph23.jpg,0,128,0.146118,val,256,/content/drive/MyDrive/phase11-data/data/MetalDam/images/micrograph23.jpg,/content/drive/MyDrive/phase11-persistent/gt_boundaries/MetalDam/micrograph23.png,0,0,1024,703,0,65
MetalDam/micrograph23/x0_y256,MetalDam,micrograph23,micrograph23.jpg,0,256,0.140335,val,256,/content/drive/MyDrive/phase11-data/data/MetalDam/images/micrograph23.jpg,/content/drive/MyDrive/phase11-persistent/gt_boundaries/MetalDam/micrograph23.png,0,0,1024,703,0,65
MetalDam/micrograph23/x0_y384,MetalDam,micrograph23,micrograph23.jpg,0,384,0.157471,val,256,/content/drive/MyDrive/phase11-data/data/MetalDam/images/micrograph23.jpg,/content/drive/MyDrive/phase11-persistent/gt_boundaries/MetalDam/micrograph23.png,0,0,1024,703,0,65
MetalDam/micrograph23/x0_y512,MetalDam,micrograph23,micrograph23.jpg,0,512,0.162186,val,256,/content/drive/MyDrive/phase11-data/data/MetalDam/images/micrograph23.jpg,/content/drive/MyDrive/phase11-persistent/gt_boundaries/MetalDam/micrograph23.png,0,0,1024,703,0,65
MetalDam/micrograph23/x128_y0,MetalDam,micrograph23,micrograph23.jpg,128,0,0.139221,val,256,/content/drive/MyDrive/phase11-data/data/MetalDam/images/micrograph23.jpg,/content/drive/MyDrive/phase11-persistent/gt_boundaries/MetalDam/micrograph23.png,0,0,1024,703,0,65
MetalDam/micrograph23/x128_y128,MetalDam,micrograph23,micrograph23.jpg,128,128,0.108688,val,256,/content/drive/MyDrive/phase11-data/data/MetalDam/images/micrograph23.jpg,/content/drive/MyDrive/phase11-persistent/gt_boundaries/MetalDam/micrograph23.png,0,0,1024,703,0,65
MetalDam/micrograph23/x128_y256,MetalDam,micrograph23,micrograph23.jpg,128,256,0.138962,val,256,/content/drive/MyDrive/phase11-data/data/MetalDam/images/micrograph23.jpg,/content/drive/MyDrive/phase11-persistent/gt_boundaries/MetalDam/micrograph23.png,0,0,1024,703,0,65
MetalDam/micrograph23/x128_y384,MetalDam,micrograph23,micrograph23.jpg,128,384,0.168381,val,256,/content/drive/MyDrive/phase11-data/data/MetalDam/images/micrograph23.jpg,/content/drive/MyDrive/phase11-persistent/gt_boundaries/MetalDam/micrograph23.png,0,0,1024,703,0,65
MetalDam/micrograph23/x128_y512,MetalDam,micrograph23,micrograph23.jpg,128,512,0.17157,val,256,/content/drive/MyDrive/phase11-data/data/MetalDam/images/micrograph23.jpg,/content/drive/MyDrive/phase11-persistent/gt_boundaries/MetalDam/micrograph23.png,0,0,1024,703,0,65
MetalDam/micrograph23/x256_y0,MetalDam,micrograph23,micrograph23.jpg,256,0,0.069702,val,256,/content/drive/MyDrive/phase11-data/data/MetalDam/images/micrograph23.jpg,/content/drive/MyDrive/phase11-persistent/gt_boundaries/MetalDam/micrograph23.png,0,0,1024,703,0,65
MetalDam/micrograph23/x256_y128,MetalDam,micrograph23,micrograph23.jpg,256,128,0.062576,val,256,/content/drive/MyDrive/phase11-data/data/MetalDam/images/micrograph23.jpg,/content/drive/MyDrive/phase11-persistent/gt_boundaries/MetalDam/micrograph23.png,0,0,1024,703,0,65
MetalDam/micrograph23/x256_y256,MetalDam,micrograph23,micrograph23.jpg,256,256,0.128235,val,256,/content/drive/MyDrive/phase11-data/data/MetalDam/images/micrograph23.jpg,/content/drive/MyDrive/phase11-persistent/gt_boundaries/MetalDam/micrograph23.png,0,0,1024,703,0,65
MetalDam/micrograph23/x256_y384,MetalDam,micrograph23,micrograph23.jpg,256,384,0.165268,val,256,/content/drive/MyDrive/phase11-data/data/MetalDam/images/micrograph23.jpg,/content/drive/MyDrive/phase11-persistent/gt_boundaries/MetalDam/micrograph23.png,0,0,1024,703,0,65
MetalDam/micrograph23/x256_y512,MetalDam,micrograph23,micrograph23.jpg,256,512,0.173294,val,256,/content/drive/MyDrive/phase11-data/data/MetalDam/images/micrograph23.jpg,/content/drive/MyDrive/phase11-persistent/gt_boundaries/MetalDam/micrograph23.png,0,0,1024,703,0,65
MetalDam/micrograph23/x384_y0,MetalDam,micrograph23,micrograph23.jpg,384,0,0.031418,val,256,/content/drive/MyDrive/phase11-data/data/MetalDam/images/micrograph23.jpg,/content/drive/MyDrive/phase11-persistent/gt_boundaries/MetalDam/micrograph23.png,0,0,1024,703,0,65
MetalDam/micrograph23/x384_y128,MetalDam,micrograph23,micrograph23.jpg,384,128,0.073837,val,256,/content/drive/MyDrive/phase11-data/data/MetalDam/images/micrograph23.jpg,/content/drive/MyDrive/phase11-persistent/gt_boundaries/MetalDam/micrograph23.png,0,0,1024,703,0,65
MetalDam/micrograph23/x384_y256,MetalDam,micrograph23,micrograph23.jpg,384,256,0.146973,val,256,/content/drive/MyDrive/phase11-data/data/MetalDam/images/micrograph23.jpg,/content/drive/MyDrive/phase11-persistent/gt_boundaries/MetalDam/micrograph23.png,0,0,1024,703,0,65
MetalDam/micrograph23/x384_y384,MetalDam,micrograph23,micrograph23.jpg,384,384,0.172043,val,256,/content/drive/MyDrive/phase11-data/data/MetalDam/images/micrograph23.jpg,/content/drive/MyDrive/phase11-persistent/gt_boundaries/MetalDam/micrograph23.png,0,0,1024,703,0,65
MetalDam/micrograph23/x384_y512,MetalDam,micrograph23,micrograph23.jpg,384,512,0.189484,val,256,/content/drive/MyDrive/phase11-data/data/MetalDam/images/micrograph23.jpg,/content/drive/MyDrive/phase11-persistent/gt_boundaries/MetalDam/micrograph23.png,0,0,1024,703,0,65
MetalDam/micrograph23/x512_y0,MetalDam,micrograph23,micrograph23.jpg,512,0,0.107391,val,256,/content/drive/MyDrive/phase11-data/data/MetalDam/images/micrograph23.jpg,/content/drive/MyDrive/phase11-persistent/gt_boundaries/MetalDam/micrograph23.png,0,0,1024,703,0,65
MetalDam/micrograph23/x512_y128,MetalDam,micrograph23,micrograph23.jpg,512,128,0.139999,val,256,/content/drive/MyDrive/phase11-data/data/MetalDam/images/micrograph23.jpg,/content/drive/MyDrive/phase11-persistent/gt_boundaries/MetalDam/micrograph23.png,0,0,1024,703,0,65
MetalDam/micrograph23/x512_y256,MetalDam,micrograph23,micrograph23.jpg,512,256,0.166534,val,256,/content/drive/MyDrive/phase11-data/data/MetalDam/images/micrograph23.jpg,/content/drive/MyDrive/phase11-persistent/gt_boundaries/MetalDam/micrograph23.png,0,0,1024,703,0,65
MetalDam/micrograph23/x512_y384,MetalDam,micrograph23,micrograph23.jpg,512,384,0.15863,val,256,/content/drive/MyDrive/phase11-data/data/MetalDam/images/micrograph23.jpg,/content/drive/MyDrive/phase11-persistent/gt_boundaries/MetalDam/micrograph23.png,0,0,1024,703,0,65
MetalDam/micrograph23/x512_y512,MetalDam,micrograph23,micrograph23.jpg,512,512,0.180634,val,256,/content/drive/MyDrive/phase11-data/data/MetalDam/images/micrograph23.jpg,/content/drive/MyDrive/phase11-persistent/gt_boundaries/MetalDam/micrograph23.png,0,0,1024,703,0,65
MetalDam/micrograph23/x640_y0,MetalDam,micrograph23,micrograph23.jpg,640,0,0.171875,val,256,/content/drive/MyDrive/phase11-data/data/MetalDam/images/micrograph23.jpg,/content/drive/MyDrive/phase11-persistent/gt_boundaries/MetalDam/micrograph23.png,0,0,1024,703,0,65
MetalDam/micrograph23/x640_y128,MetalDam,micrograph23,micrograph23.jpg,640,128,0.178864,val,256,/content/drive/MyDrive/phase11-data/data/MetalDam/images/micrograph23.jpg,/content/drive/MyDrive/phase11-persistent/gt_boundaries/MetalDam/micrograph23.png,0,0,1024,703,0,65
MetalDam/micrograph23/x640_y256,MetalDam,micrograph23,micrograph23.jpg,640,256,0.164978,val,256,/content/drive/MyDrive/phase11-data/data/MetalDam/images/micrograph23.jpg,/content/drive/MyDrive/phase11-persistent/gt_boundaries/MetalDam/micrograph23.png,0,0,1024,703,0,65
MetalDam/micrograph23/x640_y384,MetalDam,micrograph23,micrograph23.jpg,640,384,0.131577,val,256,/content/drive/MyDrive/phase11-data/data/MetalDam/images/micrograph23.jpg,/content/drive/MyDrive/phase11-persistent/gt_boundaries/MetalDam/micrograph23.png,0,0,1024,703,0,65
MetalDam/micrograph23/x640_y512,MetalDam,micrograph23,micrograph23.jpg,640,512,0.136078,val,256,/content/drive/MyDrive/phase11-data/data/MetalDam/images/micrograph23.jpg,/content/drive/MyDrive/phase11-persistent/gt_boundaries/MetalDam/micrograph23.png,0,0,1024,703,0,65
MetalDam/micrograph23/x768_y0,MetalDam,micrograph23,micrograph23.jpg,768,0,0.175919,val,256,/content/drive/MyDrive/phase11-data/data/MetalDam/images/micrograph23.jpg,/content/drive/MyDrive/phase11-persistent/gt_boundaries/MetalDam/micrograph23.png,0,0,1024,703,0,65
MetalDam/micrograph23/x768_y128,MetalDam,micrograph23,micrograph23.jpg,768,128,0.169952,val,256,/content/drive/MyDrive/phase11-data/data/MetalDam/images/micrograph23.jpg,/content/drive/MyDrive/phase11-persistent/gt_boundaries/MetalDam/micrograph23.png,0,0,1024,703,0,65
MetalDam/micrograph23/x768_y256,MetalDam,micrograph23,micrograph23.jpg,768,256,0.130051,val,256,/content/drive/MyDrive/phase11-data/data/MetalDam/images/micrograph23.jpg,/content/drive/MyDrive/phase11-persistent/gt_boundaries/MetalDam/micrograph23.png,0,0,1024,703,0,65
MetalDam/micrograph23/x768_y384,MetalDam,micrograph23,micrograph23.jpg,768,384,0.116547,val,256,/content/drive/MyDrive/phase11-data/data/MetalDam/images/micrograph23.jpg,/content/drive/MyDrive/phase11-persistent/gt_boundaries/MetalDam/micrograph23.png,0,0,1024,703,0,65
MetalDam/micrograph23/x768_y512,MetalDam,micrograph23,micrograph23.jpg,768,512,0.129517,val,256,/content/drive/MyDrive/phase11-data/data/MetalDam/images/micrograph23.jpg,/content/drive/MyDrive/phase11-persistent/gt_boundaries/MetalDam/micrograph23.png,0,0,1024,703,0,65
MetalDam/micrograph24/x0_y0,MetalDam,micrograph24,micrograph24.jpg,0,0,0.183914,val,256,/content/drive/MyDrive/phase11-data/data/MetalDam/images/micrograph24.jpg,/content/drive/MyDrive/phase11-persistent/gt_boundaries/MetalDam/micrograph24.png,0,0,1024,703,0,65
MetalDam/micrograph24/x0_y128,MetalDam,micrograph24,micrograph24.jpg,0,128,0.19043,val,256,/content/drive/MyDrive/phase11-data/data/MetalDam/images/micrograph24.jpg,/content/drive/MyDrive/phase11-persistent/gt_boundaries/MetalDam/micrograph24.png,0,0,1024,703,0,65
MetalDam/micrograph24/x0_y256,MetalDam,micrograph24,micrograph24.jpg,0,256,0.20546,val,256,/content/drive/MyDrive/phase11-data/data/MetalDam/images/micrograph24.jpg,/content/drive/MyDrive/phase11-persistent/gt_boundaries/MetalDam/micrograph24.png,0,0,1024,703,0,65
MetalDam/micrograph24/x0_y384,MetalDam,micrograph24,micrograph24.jpg,0,384,0.193222,val,256,/content/drive/MyDrive/phase11-data/data/MetalDam/images/micrograph24.jpg,/content/drive/MyDrive/phase11-persistent/gt_boundaries/MetalDam/micrograph24.png,0,0,1024,703,0,65
MetalDam/micrograph24/x0_y512,MetalDam,micrograph24,micrograph24.jpg,0,512,0.180069,val,256,/content/drive/MyDrive/phase11-data/data/MetalDam/images/micrograph24.jpg,/content/drive/MyDrive/phase11-persistent/gt_boundaries/MetalDam/micrograph24.png,0,0,1024,703,0,65
MetalDam/micrograph24/x128_y0,MetalDam,micrograph24,micrograph24.jpg,128,0,0.186249,val,256,/content/drive/MyDrive/phase11-data/data/MetalDam/images/micrograph24.jpg,/content/drive/MyDrive/phase11-persistent/gt_boundaries/MetalDam/micrograph24.png,0,0,1024,703,0,65
MetalDam/micrograph24/x128_y128,MetalDam,micrograph24,micrograph24.jpg,128,128,0.184952,val,256,/content/drive/MyDrive/phase11-data/data/MetalDam/images/micrograph24.jpg,/content/drive/MyDrive/phase11-persistent/gt_boundaries/MetalDam/micrograph24.png,0,0,1024,703,0,65
MetalDam/micrograph24/x128_y256,MetalDam,micrograph24,micrograph24.jpg,128,256,0.188751,val,256,/content/drive/MyDrive/phase11-data/data/MetalDam/images/micrograph24.jpg,/content/drive/MyDrive/phase11-persistent/gt_boundaries/MetalDam/micrograph24.png,0,0,1024,703,0,65
MetalDam/micrograph24/x128_y384,MetalDam,micrograph24,micrograph24.jpg,128,384,0.193741,val,256,/content/drive/MyDrive/phase11-data/data/MetalDam/images/micrograph24.jpg,/content/drive/MyDrive/phase11-persistent/gt_boundaries/MetalDam/micrograph24.png,0,0,1024,703,0,65
MetalDam/micrograph24/x128_y512,MetalDam,micrograph24,micrograph24.jpg,128,512,0.202606,val,256,/content/drive/MyDrive/phase11-data/data/MetalDam/images/micrograph24.jpg,/content/drive/MyDrive/phase11-persistent/gt_boundaries/MetalDam/micrograph24.png,0,0,1024,703,0,65
MetalDam/micrograph24/x256_y0,MetalDam,micrograph24,micrograph24.jpg,256,0,0.181503,val,256,/content/drive/MyDrive/phase11-data/data/MetalDam/images/micrograph24.jpg,/content/drive/MyDrive/phase11-persistent/gt_boundaries/MetalDam/micrograph24.png,0,0,1024,703,0,65
MetalDam/micrograph24/x256_y128,MetalDam,micrograph24,micrograph24.jpg,256,128,0.180145,val,256,/content/drive/MyDrive/phase11-data/data/MetalDam/images/micrograph24.jpg,/content/drive/MyDrive/phase11-persistent/gt_boundaries/MetalDam/micrograph24.png,0,0,1024,703,0,65
MetalDam/micrograph24/x256_y256,MetalDam,micrograph24,micrograph24.jpg,256,256,0.177078,val,256,/content/drive/MyDrive/phase11-data/data/MetalDam/images/micrograph24.jpg,/content/drive/MyDrive/phase11-persistent/gt_boundaries/MetalDam/micrograph24.png,0,0,1024,703,0,65
MetalDam/micrograph24/x256_y384,MetalDam,micrograph24,micrograph24.jpg,256,384,0.188614,val,256,/content/drive/MyDrive/phase11-data/data/MetalDam/images/micrograph24.jpg,/content/drive/MyDrive/phase11-persistent/gt_boundaries/MetalDam/micrograph24.png,0,0,1024,703,0,65
MetalDam/micrograph24/x256_y512,MetalDam,micrograph24,micrograph24.jpg,256,512,0.218124,val,256,/content/drive/MyDrive/phase11-data/data/MetalDam/images/micrograph24.jpg,/content/drive/MyDrive/phase11-persistent/gt_boundaries/MetalDam/micrograph24.png,0,0,1024,703,0,65
MetalDam/micrograph24/x384_y0,MetalDam,micrograph24,micrograph24.jpg,384,0,0.192474,val,256,/content/drive/MyDrive/phase11-data/data/MetalDam/images/micrograph24.jpg,/content/drive/MyDrive/phase11-persistent/gt_boundaries/MetalDam/micrograph24.png,0,0,1024,703,0,65
MetalDam/micrograph24/x384_y128,MetalDam,micrograph24,micrograph24.jpg,384,128,0.203369,val,256,/content/drive/MyDrive/phase11-data/data/MetalDam/images/micrograph24.jpg,/content/drive/MyDrive/phase11-persistent/gt_boundaries/MetalDam/micrograph24.png,0,0,1024,703,0,65
MetalDam/micrograph24/x384_y256,MetalDam,micrograph24,micrograph24.jpg,384,256,0.204559,val,256,/content/drive/MyDrive/phase11-data/data/MetalDam/images/micrograph24.jpg,/content/drive/MyDrive/phase11-persistent/gt_boundaries/MetalDam/micrograph24.png,0,0,1024,703,0,65
MetalDam/micrograph24/x384_y384,MetalDam,micrograph24,micrograph24.jpg,384,384,0.200867,val,256,/content/drive/MyDrive/phase11-data/data/MetalDam/images/micrograph24.jpg,/content/drive/MyDrive/phase11-persistent/gt_boundaries/MetalDam/micrograph24.png,0,0,1024,703,0,65
MetalDam/micrograph24/x384_y512,MetalDam,micrograph24,micrograph24.jpg,384,512,0.223602,val,256,/content/drive/MyDrive/phase11-data/data/MetalDam/images/micrograph24.jpg,/content/drive/MyDrive/phase11-persistent/gt_boundaries/MetalDam/micrograph24.png,0,0,1024,703,0,65
MetalDam/micrograph24/x512_y0,MetalDam,micrograph24,micrograph24.jpg,512,0,0.218689,val,256,/content/drive/MyDrive/phase11-data/data/MetalDam/images/micrograph24.jpg,/content/drive/MyDrive/phase11-persistent/gt_boundaries/MetalDam/micrograph24.png,0,0,1024,703,0,65
MetalDam/micrograph24/x512_y128,MetalDam,micrograph24,micrograph24.jpg,512,128,0.222824,val,256,/content/drive/MyDrive/phase11-data/data/MetalDam/images/micrograph24.jpg,/content/drive/MyDrive/phase11-persistent/gt_boundaries/MetalDam/micrograph24.png,0,0,1024,703,0,65
MetalDam/micrograph24/x512_y256,MetalDam,micrograph24,micrograph24.jpg,512,256,0.222015,val,256,/content/drive/MyDrive/phase11-data/data/MetalDam/images/micrograph24.jpg,/content/drive/MyDrive/phase11-persistent/gt_boundaries/MetalDam/micrograph24.png,0,0,1024,703,0,65
MetalDam/micrograph24/x512_y384,MetalDam,micrograph24,micrograph24.jpg,512,384,0.217407,val,256,/content/drive/MyDrive/phase11-data/data/MetalDam/images/micrograph24.jpg,/content/drive/MyDrive/phase11-persistent/gt_boundaries/MetalDam/micrograph24.png,0,0,1024,703,0,65
MetalDam/micrograph24/x512_y512,MetalDam,micrograph24,micrograph24.jpg,512,512,0.218445,val,256,/content/drive/MyDrive/phase11-data/data/MetalDam/images/micrograph24.jpg,/content/drive/MyDrive/phase11-persistent/gt_boundaries/MetalDam/micrograph24.png,0,0,1024,703,0,65
MetalDam/micrograph24/x640_y0,MetalDam,micrograph24,micrograph24.jpg,640,0,0.217682,val,256,/content/drive/MyDrive/phase11-data/data/MetalDam/images/micrograph24.jpg,/content/drive/MyDrive/phase11-persistent/gt_boundaries/MetalDam/micrograph24.png,0,0,1024,703,0,65
MetalDam/micrograph24/x640_y128,MetalDam,micrograph24,micrograph24.jpg,640,128,0.209656,val,256,/content/drive/MyDrive/phase11-data/data/MetalDam/images/micrograph24.jpg,/content/drive/MyDrive/phase11-persistent/gt_boundaries/MetalDam/micrograph24.png,0,0,1024,703,0,65
MetalDam/micrograph24/x640_y256,MetalDam,micrograph24,micrograph24.jpg,640,256,0.20575,val,256,/content/drive/MyDrive/phase11-data/data/MetalDam/images/micrograph24.jpg,/content/drive/MyDrive/phase11-persistent/gt_boundaries/MetalDam/micrograph24.png,0,0,1024,703,0,65
MetalDam/micrograph24/x640_y384,MetalDam,micrograph24,micrograph24.jpg,640,384,0.208878,val,256,/content/drive/MyDrive/phase11-data/data/MetalDam/images/micrograph24.jpg,/content/drive/MyDrive/phase11-persistent/gt_boundaries/MetalDam/micrograph24.png,0,0,1024,703,0,65
MetalDam/micrograph24/x640_y512,MetalDam,micrograph24,micrograph24.jpg,640,512,0.205612,val,256,/content/drive/MyDrive/phase11-data/data/MetalDam/images/micrograph24.jpg,/content/drive/MyDrive/phase11-persistent/gt_boundaries/MetalDam/micrograph24.png,0,0,1024,703,0,65
MetalDam/micrograph24/x768_y0,MetalDam,micrograph24,micrograph24.jpg,768,0,0.214462,val,256,/content/drive/MyDrive/phase11-data/data/MetalDam/images/micrograph24.jpg,/content/drive/MyDrive/phase11-persistent/gt_boundaries/MetalDam/micrograph24.png,0,0,1024,703,0,65
MetalDam/micrograph24/x768_y128,MetalDam,micrograph24,micrograph24.jpg,768,128,0.204681,val,256,/content/drive/MyDrive/phase11-data/data/MetalDam/images/micrograph24.jpg,/content/drive/MyDrive/phase11-persistent/gt_boundaries/MetalDam/micrograph24.png,0,0,1024,703,0,65
MetalDam/micrograph24/x768_y256,MetalDam,micrograph24,micrograph24.jpg,768,256,0.19516,val,256,/content/drive/MyDrive/phase11-data/data/MetalDam/images/micrograph24.jpg,/content/drive/MyDrive/phase11-persistent/gt_boundaries/MetalDam/micrograph24.png,0,0,1024,703,0,65
MetalDam/micrograph24/x768_y384,MetalDam,micrograph24,micrograph24.jpg,768,384,0.202362,val,256,/content/drive/MyDrive/phase11-data/data/MetalDam/images/micrograph24.jpg,/content/drive/MyDrive/phase11-persistent/gt_boundaries/MetalDam/micrograph24.png,0,0,1024,703,0,65
MetalDam/micrograph24/x768_y512,MetalDam,micrograph24,micrograph24.jpg,768,512,0.208694,val,256,/content/drive/MyDrive/phase11-data/data/MetalDam/images/micrograph24.jpg,/content/drive/MyDrive/phase11-persistent/gt_boundaries/MetalDam/micrograph24.png,0,0,1024,703,0,65
MetalDam/micrograph25/x0_y0,MetalDam,micrograph25,micrograph25.jpg,0,0,0.198425,val,256,/content/drive/MyDrive/phase11-data/data/MetalDam/images/micrograph25.jpg,/content/drive/MyDrive/phase11-persistent/gt_boundaries/MetalDam/micrograph25.png,0,0,1024,703,0,65
MetalDam/micrograph25/x0_y128,MetalDam,micrograph25,micrograph25.jpg,0,128,0.195114,val,256,/content/drive/MyDrive/phase11-data/data/MetalDam/images/micrograph25.jpg,/content/drive/MyDrive/phase11-persistent/gt_boundaries/MetalDam/micrograph25.png,0,0,1024,703,0,65
MetalDam/micrograph25/x0_y256,MetalDam,micrograph25,micrograph25.jpg,0,256,0.187515,val,256,/content/drive/MyDrive/phase11-data/data/MetalDam/images/micrograph25.jpg,/content/drive/MyDrive/phase11-persistent/gt_boundaries/MetalDam/micrograph25.png,0,0,1024,703,0,65
MetalDam/micrograph25/x0_y384,MetalDam,micrograph25,micrograph25.jpg,0,384,0.189545,val,256,/content/drive/MyDrive/phase11-data/data/MetalDam/images/micrograph25.jpg,/content/drive/MyDrive/phase11-persistent/gt_boundaries/MetalDam/micrograph25.png,0,0,1024,703,0,65
MetalDam/micrograph25/x0_y512,MetalDam,micrograph25,micrograph25.jpg,0,512,0.20932,val,256,/content/drive/MyDrive/phase11-data/data/MetalDam/images/micrograph25.jpg,/content/drive/MyDrive/phase11-persistent/gt_boundaries/MetalDam/micrograph25.png,0,0,1024,703,0,65
MetalDam/micrograph25/x128_y0,MetalDam,micrograph25,micrograph25.jpg,128,0,0.192993,val,256,/content/drive/MyDrive/phase11-data/data/MetalDam/images/micrograph25.jpg,/content/drive/MyDrive/phase11-persistent/gt_boundaries/MetalDam/micrograph25.png,0,0,1024,703,0,65
MetalDam/micrograph25/x128_y128,MetalDam,micrograph25,micrograph25.jpg,128,128,0.192825,val,256,/content/drive/MyDrive/phase11-data/data/MetalDam/images/micrograph25.jpg,/content/drive/MyDrive/phase11-persistent/gt_boundaries/MetalDam/micrograph25.png,0,0,1024,703,0,65
MetalDam/micrograph25/x128_y256,MetalDam,micrograph25,micrograph25.jpg,128,256,0.192032,val,256,/content/drive/MyDrive/phase11-data/data/MetalDam/images/micrograph25.jpg,/content/drive/MyDrive/phase11-persistent/gt_boundaries/MetalDam/micrograph25.png,0,0,1024,703,0,65
MetalDam/micrograph25/x128_y384,MetalDam,micrograph25,micrograph25.jpg,128,384,0.197922,val,256,/content/drive/MyDrive/phase11-data/data/MetalDam/images/micrograph25.jpg,/content/drive/MyDrive/phase11-persistent/gt_boundaries/MetalDam/micrograph25.png,0,0,1024,703,0,65
MetalDam/micrograph25/x128_y512,MetalDam,micrograph25,micrograph25.jpg,128,512,0.215271,val,256,/content/drive/MyDrive/phase11-data/data/MetalDam/images/micrograph25.jpg,/content/drive/MyDrive/phase11-persistent/gt_boundaries/MetalDam/micrograph25.png,0,0,1024,703,0,65
MetalDam/micrograph25/x256_y0,MetalDam,micrograph25,micrograph25.jpg,256,0,0.198135,val,256,/content/drive/MyDrive/phase11-data/data/MetalDam/images/micrograph25.jpg,/content/drive/MyDrive/phase11-persistent/gt_boundaries/MetalDam/micrograph25.png,0,0,1024,703,0,65
MetalDam/micrograph25/x256_y128,MetalDam,micrograph25,micrograph25.jpg,256,128,0.196045,val,256,/content/drive/MyDrive/phase11-data/data/MetalDam/images/micrograph25.jpg,/content/drive/MyDrive/phase11-persistent/gt_boundaries/MetalDam/micrograph25.png,0,0,1024,703,0,65
MetalDam/micrograph25/x256_y256,MetalDam,micrograph25,micrograph25.jpg,256,256,0.198822,val,256,/content/drive/MyDrive/phase11-data/data/MetalDam/images/micrograph25.jpg,/content/drive/MyDrive/phase11-persistent/gt_boundaries/MetalDam/micrograph25.png,0,0,1024,703,0,65
MetalDam/micrograph25/x256_y384,MetalDam,micrograph25,micrograph25.jpg,256,384,0.213058,val,256,/content/drive/MyDrive/phase11-data/data/MetalDam/images/micrograph25.jpg,/content/drive/MyDrive/phase11-persistent/gt_boundaries/MetalDam/micrograph25.png,0,0,1024,703,0,65
MetalDam/micrograph25/x256_y512,MetalDam,micrograph25,micrograph25.jpg,256,512,0.220779,val,256,/content/drive/MyDrive/phase11-data/data/MetalDam/images/micrograph25.jpg,/content/drive/MyDrive/phase11-persistent/gt_boundaries/MetalDam/micrograph25.png,0,0,1024,703,0,65
MetalDam/micrograph25/x384_y0,MetalDam,micrograph25,micrograph25.jpg,384,0,0.200577,val,256,/content/drive/MyDrive/phase11-data/data/MetalDam/images/micrograph25.jpg,/content/drive/MyDrive/phase11-persistent/gt_boundaries/MetalDam/micrograph25.png,0,0,1024,703,0,65
MetalDam/micrograph25/x384_y128,MetalDam,micrograph25,micrograph25.jpg,384,128,0.195969,val,256,/content/drive/MyDrive/phase11-data/data/MetalDam/images/micrograph25.jpg,/content/drive/MyDrive/phase11-persistent/gt_boundaries/MetalDam/micrograph25.png,0,0,1024,703,0,65
MetalDam/micrograph25/x384_y256,MetalDam,micrograph25,micrograph25.jpg,384,256,0.209732,val,256,/content/drive/MyDrive/phase11-data/data/MetalDam/images/micrograph25.jpg,/content/drive/MyDrive/phase11-persistent/gt_boundaries/MetalDam/micrograph25.png,0,0,1024,703,0,65
MetalDam/micrograph25/x384_y384,MetalDam,micrograph25,micrograph25.jpg,384,384,0.23024,val,256,/content/drive/MyDrive/phase11-data/data/MetalDam/images/micrograph25.jpg,/content/drive/MyDrive/phase11-persistent/gt_boundaries/MetalDam/micrograph25.png,0,0,1024,703,0,65
MetalDam/micrograph25/x384_y512,MetalDam,micrograph25,micrograph25.jpg,384,512,0.234344,val,256,/content/drive/MyDrive/phase11-data/data/MetalDam/images/micrograph25.jpg,/content/drive/MyDrive/phase11-persistent/gt_boundaries/MetalDam/micrograph25.png,0,0,1024,703,0,65
MetalDam/micrograph25/x512_y0,MetalDam,micrograph25,micrograph25.jpg,512,0,0.205048,val,256,/content/drive/MyDrive/phase11-data/data/MetalDam/images/micrograph25.jpg,/content/drive/MyDrive/phase11-persistent/gt_boundaries/MetalDam/micrograph25.png,0,0,1024,703,0,65
MetalDam/micrograph25/x512_y128,MetalDam,micrograph25,micrograph25.jpg,512,128,0.201691,val,256,/content/drive/MyDrive/phase11-data/data/MetalDam/images/micrograph25.jpg,/content/drive/MyDrive/phase11-persistent/gt_boundaries/MetalDam/micrograph25.png,0,0,1024,703,0,65
MetalDam/micrograph25/x512_y256,MetalDam,micrograph25,micrograph25.jpg,512,256,0.218582,val,256,/content/drive/MyDrive/phase11-data/data/MetalDam/images/micrograph25.jpg,/content/drive/MyDrive/phase11-persistent/gt_boundaries/MetalDam/micrograph25.png,0,0,1024,703,0,65
MetalDam/micrograph25/x512_y384,MetalDam,micrograph25,micrograph25.jpg,512,384,0.236603,val,256,/content/drive/MyDrive/phase11-data/data/MetalDam/images/micrograph25.jpg,/content/drive/MyDrive/phase11-persistent/gt_boundaries/MetalDam/micrograph25.png,0,0,1024,703,0,65
MetalDam/micrograph25/x512_y512,MetalDam,micrograph25,micrograph25.jpg,512,512,0.232788,val,256,/content/drive/MyDrive/phase11-data/data/MetalDam/images/micrograph25.jpg,/content/drive/MyDrive/phase11-persistent/gt_boundaries/MetalDam/micrograph25.png,0,0,1024,703,0,65
MetalDam/micrograph25/x640_y0,MetalDam,micrograph25,micrograph25.jpg,640,0,0.213181,val,256,/content/drive/MyDrive/phase11-data/data/MetalDam/images/micrograph25.jpg,/content/drive/MyDrive/phase11-persistent/gt_boundaries/MetalDam/micrograph25.png,0,0,1024,703,0,65
MetalDam/micrograph25/x640_y128,MetalDam,micrograph25,micrograph25.jpg,640,128,0.209808,val,256,/content/drive/MyDrive/phase11-data/data/MetalDam/images/micrograph25.jpg,/content/drive/MyDrive/phase11-persistent/gt_boundaries/MetalDam/micrograph25.png,0,0,1024,703,0,65
MetalDam/micrograph25/x640_y256,MetalDam,micrograph25,micrograph25.jpg,640,256,0.209549,val,256,/content/drive/MyDrive/phase11-data/data/MetalDam/images/micrograph25.jpg,/content/drive/MyDrive/phase11-persistent/gt_boundaries/MetalDam/micrograph25.png,0,0,1024,703,0,65
MetalDam/micrograph25/x640_y384,MetalDam,micrograph25,micrograph25.jpg,640,384,0.213486,val,256,/content/drive/MyDrive/phase11-data/data/MetalDam/images/micrograph25.jpg,/content/drive/MyDrive/phase11-persistent/gt_boundaries/MetalDam/micrograph25.png,0,0,1024,703,0,65
MetalDam/micrograph25/x640_y512,MetalDam,micrograph25,micrograph25.jpg,640,512,0.219009,val,256,/content/drive/MyDrive/phase11-data/data/MetalDam/images/micrograph25.jpg,/content/drive/MyDrive/phase11-persistent/gt_boundaries/MetalDam/micrograph25.png,0,0,1024,703,0,65
MetalDam/micrograph25/x768_y0,MetalDam,micrograph25,micrograph25.jpg,768,0,0.211884,val,256,/content/drive/MyDrive/phase11-data/data/MetalDam/images/micrograph25.jpg,/content/drive/MyDrive/phase11-persistent/gt_boundaries/MetalDam/micrograph25.png,0,0,1024,703,0,65
MetalDam/micrograph25/x768_y128,MetalDam,micrograph25,micrograph25.jpg,768,128,0.2173,val,256,/content/drive/MyDrive/phase11-data/data/MetalDam/images/micrograph25.jpg,/content/drive/MyDrive/phase11-persistent/gt_boundaries/MetalDam/micrograph25.png,0,0,1024,703,0,65
MetalDam/micrograph25/x768_y256,MetalDam,micrograph25,micrograph25.jpg,768,256,0.205093,val,256,/content/drive/MyDrive/phase11-data/data/MetalDam/images/micrograph25.jpg,/content/drive/MyDrive/phase11-persistent/gt_boundaries/MetalDam/micrograph25.png,0,0,1024,703,0,65
MetalDam/micrograph25/x768_y384,MetalDam,micrograph25,micrograph25.jpg,768,384,0.190231,val,256,/content/drive/MyDrive/phase11-data/data/MetalDam/images/micrograph25.jpg,/content/drive/MyDrive/phase11-persistent/gt_boundaries/MetalDam/micrograph25.png,0,0,1024,703,0,65
MetalDam/micrograph25/x768_y512,MetalDam,micrograph25,micrograph25.jpg,768,512,0.199966,val,256,/content/drive/MyDrive/phase11-data/data/MetalDam/images/micrograph25.jpg,/content/drive/MyDrive/phase11-persistent/gt_boundaries/MetalDam/micrograph25.png,0,0,1024,703,0,65
MetalDam/micrograph26/x0_y0,MetalDam,micrograph26,micrograph26.jpg,0,0,0.13089,val,256,/content/drive/MyDrive/phase11-data/data/MetalDam/images/micrograph26.jpg,/content/drive/MyDrive/phase11-persistent/gt_boundaries/MetalDam/micrograph26.png,0,0,1024,703,0,65
MetalDam/micrograph26/x0_y128,MetalDam,micrograph26,micrograph26.jpg,0,128,0.138275,val,256,/content/drive/MyDrive/phase11-data/data/MetalDam/images/micrograph26.jpg,/content/drive/MyDrive/phase11-persistent/gt_boundaries/MetalDam/micrograph26.png,0,0,1024,703,0,65
MetalDam/micrograph26/x0_y256,MetalDam,micrograph26,micrograph26.jpg,0,256,0.131516,val,256,/content/drive/MyDrive/phase11-data/data/MetalDam/images/micrograph26.jpg,/content/drive/MyDrive/phase11-persistent/gt_boundaries/MetalDam/micrograph26.png,0,0,1024,703,0,65
MetalDam/micrograph26/x0_y384,MetalDam,micrograph26,micrograph26.jpg,0,384,0.12117,val,256,/content/drive/MyDrive/phase11-data/data/MetalDam/images/micrograph26.jpg,/content/drive/MyDrive/phase11-persistent/gt_boundaries/MetalDam/micrograph26.png,0,0,1024,703,0,65
MetalDam/micrograph26/x0_y512,MetalDam,micrograph26,micrograph26.jpg,0,512,0.126724,val,256,/content/drive/MyDrive/phase11-data/data/MetalDam/images/micrograph26.jpg,/content/drive/MyDrive/phase11-persistent/gt_boundaries/MetalDam/micrograph26.png,0,0,1024,703,0,65
MetalDam/micrograph26/x128_y0,MetalDam,micrograph26,micrograph26.jpg,128,0,0.146347,val,256,/content/drive/MyDrive/phase11-data/data/MetalDam/images/micrograph26.jpg,/content/drive/MyDrive/phase11-persistent/gt_boundaries/MetalDam/micrograph26.png,0,0,1024,703,0,65
MetalDam/micrograph26/x128_y128,MetalDam,micrograph26,micrograph26.jpg,128,128,0.150116,val,256,/content/drive/MyDrive/phase11-data/data/MetalDam/images/micrograph26.jpg,/content/drive/MyDrive/phase11-persistent/gt_boundaries/MetalDam/micrograph26.png,0,0,1024,703,0,65
MetalDam/micrograph26/x128_y256,MetalDam,micrograph26,micrograph26.jpg,128,256,0.145142,val,256,/content/drive/MyDrive/phase11-data/data/MetalDam/images/micrograph26.jpg,/content/drive/MyDrive/phase11-persistent/gt_boundaries/MetalDam/micrograph26.png,0,0,1024,703,0,65
MetalDam/micrograph26/x128_y384,MetalDam,micrograph26,micrograph26.jpg,128,384,0.137375,val,256,/content/drive/MyDrive/phase11-data/data/MetalDam/images/micrograph26.jpg,/content/drive/MyDrive/phase11-persistent/gt_boundaries/MetalDam/micrograph26.png,0,0,1024,703,0,65
MetalDam/micrograph26/x128_y512,MetalDam,micrograph26,micrograph26.jpg,128,512,0.143509,val,256,/content/drive/MyDrive/phase11-data/data/MetalDam/images/micrograph26.jpg,/content/drive/MyDrive/phase11-persistent/gt_boundaries/MetalDam/micrograph26.png,0,0,1024,703,0,65
MetalDam/micrograph26/x256_y0,MetalDam,micrograph26,micrograph26.jpg,256,0,0.15033,val,256,/content/drive/MyDrive/phase11-data/data/MetalDam/images/micrograph26.jpg,/content/drive/MyDrive/phase11-persistent/gt_boundaries/MetalDam/micrograph26.png,0,0,1024,703,0,65
MetalDam/micrograph26/x256_y128,MetalDam,micrograph26,micrograph26.jpg,256,128,0.153198,val,256,/content/drive/MyDrive/phase11-data/data/MetalDam/images/micrograph26.jpg,/content/drive/MyDrive/phase11-persistent/gt_boundaries/MetalDam/micrograph26.png,0,0,1024,703,0,65
MetalDam/micrograph26/x256_y256,MetalDam,micrograph26,micrograph26.jpg,256,256,0.145767,val,256,/content/drive/MyDrive/phase11-data/data/MetalDam/images/micrograph26.jpg,/content/drive/MyDrive/phase11-persistent/gt_boundaries/MetalDam/micrograph26.png,0,0,1024,703,0,65
MetalDam/micrograph26/x256_y384,MetalDam,micrograph26,micrograph26.jpg,256,384,0.135544,val,256,/content/drive/MyDrive/phase11-data/data/MetalDam/images/micrograph26.jpg,/content/drive/MyDrive/phase11-persistent/gt_boundaries/MetalDam/micrograph26.png,0,0,1024,703,0,65
MetalDam/micrograph26/x256_y512,MetalDam,micrograph26,micrograph26.jpg,256,512,0.14389,val,256,/content/drive/MyDrive/phase11-data/data/MetalDam/images/micrograph26.jpg,/content/drive/MyDrive/phase11-persistent/gt_boundaries/MetalDam/micrograph26.png,0,0,1024,703,0,65
MetalDam/micrograph26/x384_y0,MetalDam,micrograph26,micrograph26.jpg,384,0,0.146149,val,256,/content/drive/MyDrive/phase11-data/data/MetalDam/images/micrograph26.jpg,/content/drive/MyDrive/phase11-persistent/gt_boundaries/MetalDam/micrograph26.png,0,0,1024,703,0,65
MetalDam/micrograph26/x384_y128,MetalDam,micrograph26,micrograph26.jpg,384,128,0.145981,val,256,/content/drive/MyDrive/phase11-data/data/MetalDam/images/micrograph26.jpg,/content/drive/MyDrive/phase11-persistent/gt_boundaries/MetalDam/micrograph26.png,0,0,1024,703,0,65
MetalDam/micrograph26/x384_y256,MetalDam,micrograph26,micrograph26.jpg,384,256,0.138657,val,256,/content/drive/MyDrive/phase11-data/data/MetalDam/images/micrograph26.jpg,/content/drive/MyDrive/phase11-persistent/gt_boundaries/MetalDam/micrograph26.png,0,0,1024,703,0,65
MetalDam/micrograph26/x384_y384,MetalDam,micrograph26,micrograph26.jpg,384,384,0.129593,val,256,/content/drive/MyDrive/phase11-data/data/MetalDam/images/micrograph26.jpg,/content/drive/MyDrive/phase11-persistent/gt_boundaries/MetalDam/micrograph26.png,0,0,1024,703,0,65
MetalDam/micrograph26/x384_y512,MetalDam,micrograph26,micrograph26.jpg,384,512,0.129227,val,256,/content/drive/MyDrive/phase11-data/data/MetalDam/images/micrograph26.jpg,/content/drive/MyDrive/phase11-persistent/gt_boundaries/MetalDam/micrograph26.png,0,0,1024,703,0,65
MetalDam/micrograph26/x512_y0,MetalDam,micrograph26,micrograph26.jpg,512,0,0.149963,val,256,/content/drive/MyDrive/phase11-data/data/MetalDam/images/micrograph26.jpg,/content/drive/MyDrive/phase11-persistent/gt_boundaries/MetalDam/micrograph26.png,0,0,1024,703,0,65
MetalDam/micrograph26/x512_y128,MetalDam,micrograph26,micrograph26.jpg,512,128,0.148712,val,256,/content/drive/MyDrive/phase11-data/data/MetalDam/images/micrograph26.jpg,/content/drive/MyDrive/phase11-persistent/gt_boundaries/MetalDam/micrograph26.png,0,0,1024,703,0,65
MetalDam/micrograph26/x512_y256,MetalDam,micrograph26,micrograph26.jpg,512,256,0.139511,val,256,/content/drive/MyDrive/phase11-data/data/MetalDam/images/micrograph26.jpg,/content/drive/MyDrive/phase11-persistent/gt_boundaries/MetalDam/micrograph26.png,0,0,1024,703,0,65
MetalDam/micrograph26/x512_y384,MetalDam,micrograph26,micrograph26.jpg,512,384,0.13916,val,256,/content/drive/MyDrive/phase11-data/data/MetalDam/images/micrograph26.jpg,/content/drive/MyDrive/phase11-persistent/gt_boundaries/MetalDam/micrograph26.png,0,0,1024,703,0,65
MetalDam/micrograph26/x512_y512,MetalDam,micrograph26,micrograph26.jpg,512,512,0.137054,val,256,/content/drive/MyDrive/phase11-data/data/MetalDam/images/micrograph26.jpg,/content/drive/MyDrive/phase11-persistent/gt_boundaries/MetalDam/micrograph26.png,0,0,1024,703,0,65
MetalDam/micrograph26/x640_y0,MetalDam,micrograph26,micrograph26.jpg,640,0,0.16127,val,256,/content/drive/MyDrive/phase11-data/data/MetalDam/images/micrograph26.jpg,/content/drive/MyDrive/phase11-persistent/gt_boundaries/MetalDam/micrograph26.png,0,0,1024,703,0,65
MetalDam/micrograph26/x640_y128,MetalDam,micrograph26,micrograph26.jpg,640,128,0.160522,val,256,/content/drive/MyDrive/phase11-data/data/MetalDam/images/micrograph26.jpg,/content/drive/MyDrive/phase11-persistent/gt_boundaries/MetalDam/micrograph26.png,0,0,1024,703,0,65
MetalDam/micrograph26/x640_y256,MetalDam,micrograph26,micrograph26.jpg,640,256,0.146469,val,256,/content/drive/MyDrive/phase11-data/data/MetalDam/images/micrograph26.jpg,/content/drive/MyDrive/phase11-persistent/gt_boundaries/MetalDam/micrograph26.png,0,0,1024,703,0,65
MetalDam/micrograph26/x640_y384,MetalDam,micrograph26,micrograph26.jpg,640,384,0.142288,val,256,/content/drive/MyDrive/phase11-data/data/MetalDam/images/micrograph26.jpg,/content/drive/MyDrive/phase11-persistent/gt_boundaries/MetalDam/micrograph26.png,0,0,1024,703,0,65
MetalDam/micrograph26/x640_y512,MetalDam,micrograph26,micrograph26.jpg,640,512,0.140106,val,256,/content/drive/MyDrive/phase11-data/data/MetalDam/images/micrograph26.jpg,/content/drive/MyDrive/phase11-persistent/gt_boundaries/MetalDam/micrograph26.png,0,0,1024,703,0,65
MetalDam/micrograph26/x768_y0,MetalDam,micrograph26,micrograph26.jpg,768,0,0.158997,val,256,/content/drive/MyDrive/phase11-data/data/MetalDam/images/micrograph26.jpg,/content/drive/MyDrive/phase11-persistent/gt_boundaries/MetalDam/micrograph26.png,0,0,1024,703,0,65
MetalDam/micrograph26/x768_y128,MetalDam,micrograph26,micrograph26.jpg,768,128,0.158249,val,256,/content/drive/MyDrive/phase11-data/data/MetalDam/images/micrograph26.jpg,/content/drive/MyDrive/phase11-persistent/gt_boundaries/MetalDam/micrograph26.png,0,0,1024,703,0,65
MetalDam/micrograph26/x768_y256,MetalDam,micrograph26,micrograph26.jpg,768,256,0.151672,val,256,/content/drive/MyDrive/phase11-data/data/MetalDam/images/micrograph26.jpg,/content/drive/MyDrive/phase11-persistent/gt_boundaries/MetalDam/micrograph26.png,0,0,1024,703,0,65
MetalDam/micrograph26/x768_y384,MetalDam,micrograph26,micrograph26.jpg,768,384,0.146027,val,256,/content/drive/MyDrive/phase11-data/data/MetalDam/images/micrograph26.jpg,/content/drive/MyDrive/phase11-persistent/gt_boundaries/MetalDam/micrograph26.png,0,0,1024,703,0,65
MetalDam/micrograph26/x768_y512,MetalDam,micrograph26,micrograph26.jpg,768,512,0.135223,val,256,/content/drive/MyDrive/phase11-data/data/MetalDam/images/micrograph26.jpg,/content/drive/MyDrive/phase11-persistent/gt_boundaries/MetalDam/micrograph26.png,0,0,1024,703,0,65
MetalDam/micrograph27/x0_y0,MetalDam,micrograph27,micrograph27.jpg,0,0,0.18042,val,256,/content/drive/MyDrive/phase11-data/data/MetalDam/images/micrograph27.jpg,/content/drive/MyDrive/phase11-persistent/gt_boundaries/MetalDam/micrograph27.png,0,0,1024,703,0,65
MetalDam/micrograph27/x0_y128,MetalDam,micrograph27,micrograph27.jpg,0,128,0.183594,val,256,/content/drive/MyDrive/phase11-data/data/MetalDam/images/micrograph27.jpg,/content/drive/MyDrive/phase11-persistent/gt_boundaries/MetalDam/micrograph27.png,0,0,1024,703,0,65
MetalDam/micrograph27/x0_y256,MetalDam,micrograph27,micrograph27.jpg,0,256,0.182358,val,256,/content/drive/MyDrive/phase11-data/data/MetalDam/images/micrograph27.jpg,/content/drive/MyDrive/phase11-persistent/gt_boundaries/MetalDam/micrograph27.png,0,0,1024,703,0,65
MetalDam/micrograph27/x0_y384,MetalDam,micrograph27,micrograph27.jpg,0,384,0.169388,val,256,/content/drive/MyDrive/phase11-data/data/MetalDam/images/micrograph27.jpg,/content/drive/MyDrive/phase11-persistent/gt_boundaries/MetalDam/micrograph27.png,0,0,1024,703,0,65
MetalDam/micrograph27/x0_y512,MetalDam,micrograph27,micrograph27.jpg,0,512,0.161346,val,256,/content/drive/MyDrive/phase11-data/data/MetalDam/images/micrograph27.jpg,/content/drive/MyDrive/phase11-persistent/gt_boundaries/MetalDam/micrograph27.png,0,0,1024,703,0,65
MetalDam/micrograph27/x128_y0,MetalDam,micrograph27,micrograph27.jpg,128,0,0.181915,val,256,/content/drive/MyDrive/phase11-data/data/MetalDam/images/micrograph27.jpg,/content/drive/MyDrive/phase11-persistent/gt_boundaries/MetalDam/micrograph27.png,0,0,1024,703,0,65
MetalDam/micrograph27/x128_y128,MetalDam,micrograph27,micrograph27.jpg,128,128,0.174042,val,256,/content/drive/MyDrive/phase11-data/data/MetalDam/images/micrograph27.jpg,/content/drive/MyDrive/phase11-persistent/gt_boundaries/MetalDam/micrograph27.png,0,0,1024,703,0,65
MetalDam/micrograph27/x128_y256,MetalDam,micrograph27,micrograph27.jpg,128,256,0.161026,val,256,/content/drive/MyDrive/phase11-data/data/MetalDam/images/micrograph27.jpg,/content/drive/MyDrive/phase11-persistent/gt_boundaries/MetalDam/micrograph27.png,0,0,1024,703,0,65
MetalDam/micrograph27/x128_y384,MetalDam,micrograph27,micrograph27.jpg,128,384,0.149734,val,256,/content/drive/MyDrive/phase11-data/data/MetalDam/images/micrograph27.jpg,/content/drive/MyDrive/phase11-persistent/gt_boundaries/MetalDam/micrograph27.png,0,0,1024,703,0,65
MetalDam/micrograph27/x128_y512,MetalDam,micrograph27,micrograph27.jpg,128,512,0.156143,val,256,/content/drive/MyDrive/phase11-data/data/MetalDam/images/micrograph27.jpg,/content/drive/MyDrive/phase11-persistent/gt_boundaries/MetalDam/micrograph27.png,0,0,1024,703,0,65
MetalDam/micrograph27/x256_y0,MetalDam,micrograph27,micrograph27.jpg,256,0,0.180359,val,256,/content/drive/MyDrive/phase11-data/data/MetalDam/images/micrograph27.jpg,/content/drive/MyDrive/phase11-persistent/gt_boundaries/MetalDam/micrograph27.png,0,0,1024,703,0,65
MetalDam/micrograph27/x256_y128,MetalDam,micrograph27,micrograph27.jpg,256,128,0.170532,val,256,/content/drive/MyDrive/phase11-data/data/MetalDam/images/micrograph27.jpg,/content/drive/MyDrive/phase11-persistent/gt_boundaries/MetalDam/micrograph27.png,0,0,1024,703,0,65
MetalDam/micrograph27/x256_y256,MetalDam,micrograph27,micrograph27.jpg,256,256,0.158478,val,256,/content/drive/MyDrive/phase11-data/data/MetalDam/images/micrograph27.jpg,/content/drive/MyDrive/phase11-persistent/gt_boundaries/MetalDam/micrograph27.png,0,0,1024,703,0,65
MetalDam/micrograph27/x256_y384,MetalDam,micrograph27,micrograph27.jpg,256,384,0.140732,val,256,/content/drive/MyDrive/phase11-data/data/MetalDam/images/micrograph27.jpg,/content/drive/MyDrive/phase11-persistent/gt_boundaries/MetalDam/micrograph27.png,0,0,1024,703,0,65
MetalDam/micrograph27/x256_y512,MetalDam,micrograph27,micrograph27.jpg,256,512,0.150772,val,256,/content/drive/MyDrive/phase11-data/data/MetalDam/images/micrograph27.jpg,/content/drive/MyDrive/phase11-persistent/gt_boundaries/MetalDam/micrograph27.png,0,0,1024,703,0,65
MetalDam/micrograph27/x384_y0,MetalDam,micrograph27,micrograph27.jpg,384,0,0.178757,val,256,/content/drive/MyDrive/phase11-data/data/MetalDam/images/micrograph27.jpg,/content/drive/MyDrive/phase11-persistent/gt_boundaries/MetalDam/micrograph27.png,0,0,1024,703,0,65
MetalDam/micrograph27/x384_y128,MetalDam,micrograph27,micrograph27.jpg,384,128,0.179565,val,256,/content/drive/MyDrive/phase11-data/data/MetalDam/images/micrograph27.jpg,/content/drive/MyDrive/phase11-persistent/gt_boundaries/MetalDam/micrograph27.png,0,0,1024,703,0,65
MetalDam/micrograph27/x384_y256,MetalDam,micrograph27,micrograph27.jpg,384,256,0.167679,val,256,/content/drive/MyDrive/phase11-data/data/MetalDam/images/micrograph27.jpg,/content/drive/MyDrive/phase11-persistent/gt_boundaries/MetalDam/micrograph27.png,0,0,1024,703,0,65
MetalDam/micrograph27/x384_y384,MetalDam,micrograph27,micrograph27.jpg,384,384,0.148834,val,256,/content/drive/MyDrive/phase11-data/data/MetalDam/images/micrograph27.jpg,/content/drive/MyDrive/phase11-persistent/gt_boundaries/MetalDam/micrograph27.png,0,0,1024,703,0,65
MetalDam/micrograph27/x384_y512,MetalDam,micrograph27,micrograph27.jpg,384,512,0.124924,val,256,/content/drive/MyDrive/phase11-data/data/MetalDam/images/micrograph27.jpg,/content/drive/MyDrive/phase11-persistent/gt_boundaries/MetalDam/micrograph27.png,0,0,1024,703,0,65
MetalDam/micrograph27/x512_y0,MetalDam,micrograph27,micrograph27.jpg,512,0,0.17865,val,256,/content/drive/MyDrive/phase11-data/data/MetalDam/images/micrograph27.jpg,/content/drive/MyDrive/phase11-persistent/gt_boundaries/MetalDam/micrograph27.png,0,0,1024,703,0,65
MetalDam/micrograph27/x512_y128,MetalDam,micrograph27,micrograph27.jpg,512,128,0.176773,val,256,/content/drive/MyDrive/phase11-data/data/MetalDam/images/micrograph27.jpg,/content/drive/MyDrive/phase11-persistent/gt_boundaries/MetalDam/micrograph27.png,0,0,1024,703,0,65
MetalDam/micrograph27/x512_y256,MetalDam,micrograph27,micrograph27.jpg,512,256,0.171021,val,256,/content/drive/MyDrive/phase11-data/data/MetalDam/images/micrograph27.jpg,/content/drive/MyDrive/phase11-persistent/gt_boundaries/MetalDam/micrograph27.png,0,0,1024,703,0,65
MetalDam/micrograph27/x512_y384,MetalDam,micrograph27,micrograph27.jpg,512,384,0.172348,val,256,/content/drive/MyDrive/phase11-data/data/MetalDam/images/micrograph27.jpg,/content/drive/MyDrive/phase11-persistent/gt_boundaries/MetalDam/micrograph27.png,0,0,1024,703,0,65
MetalDam/micrograph27/x512_y512,MetalDam,micrograph27,micrograph27.jpg,512,512,0.137253,val,256,/content/drive/MyDrive/phase11-data/data/MetalDam/images/micrograph27.jpg,/content/drive/MyDrive/phase11-persistent/gt_boundaries/MetalDam/micrograph27.png,0,0,1024,703,0,65
MetalDam/micrograph27/x640_y0,MetalDam,micrograph27,micrograph27.jpg,640,0,0.173599,val,256,/content/drive/MyDrive/phase11-data/data/MetalDam/images/micrograph27.jpg,/content/drive/MyDrive/phase11-persistent/gt_boundaries/MetalDam/micrograph27.png,0,0,1024,703,0,65
MetalDam/micrograph27/x640_y128,MetalDam,micrograph27,micrograph27.jpg,640,128,0.170914,val,256,/content/drive/MyDrive/phase11-data/data/MetalDam/images/micrograph27.jpg,/content/drive/MyDrive/phase11-persistent/gt_boundaries/MetalDam/micrograph27.png,0,0,1024,703,0,65
MetalDam/micrograph27/x640_y256,MetalDam,micrograph27,micrograph27.jpg,640,256,0.180054,val,256,/content/drive/MyDrive/phase11-data/data/MetalDam/images/micrograph27.jpg,/content/drive/MyDrive/phase11-persistent/gt_boundaries/MetalDam/micrograph27.png,0,0,1024,703,0,65
MetalDam/micrograph27/x640_y384,MetalDam,micrograph27,micrograph27.jpg,640,384,0.180435,val,256,/content/drive/MyDrive/phase11-data/data/MetalDam/images/micrograph27.jpg,/content/drive/MyDrive/phase11-persistent/gt_boundaries/MetalDam/micrograph27.png,0,0,1024,703,0,65
MetalDam/micrograph27/x640_y512,MetalDam,micrograph27,micrograph27.jpg,640,512,0.172012,val,256,/content/drive/MyDrive/phase11-data/data/MetalDam/images/micrograph27.jpg,/content/drive/MyDrive/phase11-persistent/gt_boundaries/MetalDam/micrograph27.png,0,0,1024,703,0,65
MetalDam/micrograph27/x768_y0,MetalDam,micrograph27,micrograph27.jpg,768,0,0.179169,val,256,/content/drive/MyDrive/phase11-data/data/MetalDam/images/micrograph27.jpg,/content/drive/MyDrive/phase11-persistent/gt_boundaries/MetalDam/micrograph27.png,0,0,1024,703,0,65
MetalDam/micrograph27/x768_y128,MetalDam,micrograph27,micrograph27.jpg,768,128,0.178711,val,256,/content/drive/MyDrive/phase11-data/data/MetalDam/images/micrograph27.jpg,/content/drive/MyDrive/phase11-persistent/gt_boundaries/MetalDam/micrograph27.png,0,0,1024,703,0,65
MetalDam/micrograph27/x768_y256,MetalDam,micrograph27,micrograph27.jpg,768,256,0.179138,val,256,/content/drive/MyDrive/phase11-data/data/MetalDam/images/micrograph27.jpg,/content/drive/MyDrive/phase11-persistent/gt_boundaries/MetalDam/micrograph27.png,0,0,1024,703,0,65
MetalDam/micrograph27/x768_y384,MetalDam,micrograph27,micrograph27.jpg,768,384,0.171616,val,256,/content/drive/MyDrive/phase11-data/data/MetalDam/images/micrograph27.jpg,/content/drive/MyDrive/phase11-persistent/gt_boundaries/MetalDam/micrograph27.png,0,0,1024,703,0,65
MetalDam/micrograph27/x768_y512,MetalDam,micrograph27,micrograph27.jpg,768,512,0.168289,val,256,/content/drive/MyDrive/phase11-data/data/MetalDam/images/micrograph27.jpg,/content/drive/MyDrive/phase11-persistent/gt_boundaries/MetalDam/micrograph27.png,0,0,1024,703,0,65
MetalDam/micrograph28/x0_y0,MetalDam,micrograph28,micrograph28.jpg,0,0,0.11525,val,256,/content/drive/MyDrive/phase11-data/data/MetalDam/images/micrograph28.jpg,/content/drive/MyDrive/phase11-persistent/gt_boundaries/MetalDam/micrograph28.png,0,0,1024,703,0,65
MetalDam/micrograph28/x0_y128,MetalDam,micrograph28,micrograph28.jpg,0,128,0.089844,val,256,/content/drive/MyDrive/phase11-data/data/MetalDam/images/micrograph28.jpg,/content/drive/MyDrive/phase11-persistent/gt_boundaries/MetalDam/micrograph28.png,0,0,1024,703,0,65
MetalDam/micrograph28/x0_y256,MetalDam,micrograph28,micrograph28.jpg,0,256,0.099075,val,256,/content/drive/MyDrive/phase11-data/data/MetalDam/images/micrograph28.jpg,/content/drive/MyDrive/phase11-persistent/gt_boundaries/MetalDam/micrograph28.png,0,0,1024,703,0,65
MetalDam/micrograph28/x0_y384,MetalDam,micrograph28,micrograph28.jpg,0,384,0.130585,val,256,/content/drive/MyDrive/phase11-data/data/MetalDam/images/micrograph28.jpg,/content/drive/MyDrive/phase11-persistent/gt_boundaries/MetalDam/micrograph28.png,0,0,1024,703,0,65
MetalDam/micrograph28/x0_y512,MetalDam,micrograph28,micrograph28.jpg,0,512,0.120804,val,256,/content/drive/MyDrive/phase11-data/data/MetalDam/images/micrograph28.jpg,/content/drive/MyDrive/phase11-persistent/gt_boundaries/MetalDam/micrograph28.png,0,0,1024,703,0,65
MetalDam/micrograph28/x128_y0,MetalDam,micrograph28,micrograph28.jpg,128,0,0.136749,val,256,/content/drive/MyDrive/phase11-data/data/MetalDam/images/micrograph28.jpg,/content/drive/MyDrive/phase11-persistent/gt_boundaries/MetalDam/micrograph28.png,0,0,1024,703,0,65
MetalDam/micrograph28/x128_y128,MetalDam,micrograph28,micrograph28.jpg,128,128,0.114059,val,256,/content/drive/MyDrive/phase11-data/data/MetalDam/images/micrograph28.jpg,/content/drive/MyDrive/phase11-persistent/gt_boundaries/MetalDam/micrograph28.png,0,0,1024,703,0,65
MetalDam/micrograph28/x128_y256,MetalDam,micrograph28,micrograph28.jpg,128,256,0.100586,val,256,/content/drive/MyDrive/phase11-data/data/MetalDam/images/micrograph28.jpg,/content/drive/MyDrive/phase11-persistent/gt_boundaries/MetalDam/micrograph28.png,0,0,1024,703,0,65
MetalDam/micrograph28/x128_y384,MetalDam,micrograph28,micrograph28.jpg,128,384,0.10675,val,256,/content/drive/MyDrive/phase11-data/data/MetalDam/images/micrograph28.jpg,/content/drive/MyDrive/phase11-persistent/gt_boundaries/MetalDam/micrograph28.png,0,0,1024,703,0,65
MetalDam/micrograph28/x128_y512,MetalDam,micrograph28,micrograph28.jpg,128,512,0.107224,val,256,/content/drive/MyDrive/phase11-data/data/MetalDam/images/micrograph28.jpg,/content/drive/MyDrive/phase11-persistent/gt_boundaries/MetalDam/micrograph28.png,0,0,1024,703,0,65
MetalDam/micrograph28/x256_y0,MetalDam,micrograph28,micrograph28.jpg,256,0,0.136124,val,256,/content/drive/MyDrive/phase11-data/data/MetalDam/images/micrograph28.jpg,/content/drive/MyDrive/phase11-persistent/gt_boundaries/MetalDam/micrograph28.png,0,0,1024,703,0,65
MetalDam/micrograph28/x256_y128,MetalDam,micrograph28,micrograph28.jpg,256,128,0.110657,val,256,/content/drive/MyDrive/phase11-data/data/MetalDam/images/micrograph28.jpg,/content/drive/MyDrive/phase11-persistent/gt_boundaries/MetalDam/micrograph28.png,0,0,1024,703,0,65
MetalDam/micrograph28/x256_y256,MetalDam,micrograph28,micrograph28.jpg,256,256,0.086197,val,256,/content/drive/MyDrive/phase11-data/data/MetalDam/images/micrograph28.jpg,/content/drive/MyDrive/phase11-persistent/gt_boundaries/MetalDam/micrograph28.png,0,0,1024,703,0,65
MetalDam/micrograph28/x256_y384,MetalDam,micrograph28,micrograph28.jpg,256,384,0.084274,val,256,/content/drive/MyDrive/phase11-data/data/MetalDam/images/micrograph28.jpg,/content/drive/MyDrive/phase11-persistent/gt_boundaries/MetalDam/micrograph28.png,0,0,1024,703,0,65
MetalDam/micrograph28/x256_y512,MetalDam,micrograph28,micrograph28.jpg,256,512,0.117432,val,256,/content/drive/MyDrive/phase11-data/data/MetalDam/images/micrograph28.jpg,/content/drive/MyDrive/phase11-persistent/gt_boundaries/MetalDam/micrograph28.png,0,0,1024,703,0,65
MetalDam/micrograph28/x384_y0,MetalDam,micrograph28,micrograph28.jpg,384,0,0.140854,val,256,/content/drive/MyDrive/phase11-data/data/MetalDam/images/micrograph28.jpg,/content/drive/MyDrive/phase11-persistent/gt_boundaries/MetalDam/micrograph28.png,0,0,1024,703,0,65
MetalDam/micrograph28/x384_y128,MetalDam,micrograph28,micrograph28.jpg,384,128,0.121323,val,256,/content/drive/MyDrive/phase11-data/data/MetalDam/images/micrograph28.jpg,/content/drive/MyDrive/phase11-persistent/gt_boundaries/MetalDam/micrograph28.png,0,0,1024,703,0,65
MetalDam/micrograph28/x384_y256,MetalDam,micrograph28,micrograph28.jpg,384,256,0.105713,val,256,/content/drive/MyDrive/phase11-data/data/MetalDam/images/micrograph28.jpg,/content/drive/MyDrive/phase11-persistent/gt_boundaries/MetalDam/micrograph28.png,0,0,1024,703,0,65
MetalDam/micrograph28/x384_y384,MetalDam,micrograph28,micrograph28.jpg,384,384,0.0979,val,256,/content/drive/MyDrive/phase11-data/data/MetalDam/images/micrograph28.jpg,/content/drive/MyDrive/phase11-persistent/gt_boundaries/MetalDam/micrograph28.png,0,0,1024,703,0,65
MetalDam/micrograph28/x384_y512,MetalDam,micrograph28,micrograph28.jpg,384,512,0.107834,val,256,/content/drive/MyDrive/phase11-data/data/MetalDam/images/micrograph28.jpg,/content/drive/MyDrive/phase11-persistent/gt_boundaries/MetalDam/micrograph28.png,0,0,1024,703,0,65
MetalDam/micrograph28/x512_y0,MetalDam,micrograph28,micrograph28.jpg,512,0,0.152695,val,256,/content/drive/MyDrive/phase11-data/data/MetalDam/images/micrograph28.jpg,/content/drive/MyDrive/phase11-persistent/gt_boundaries/MetalDam/micrograph28.png,0,0,1024,703,0,65
MetalDam/micrograph28/x512_y128,MetalDam,micrograph28,micrograph28.jpg,512,128,0.146179,val,256,/content/drive/MyDrive/phase11-data/data/MetalDam/images/micrograph28.jpg,/content/drive/MyDrive/phase11-persistent/gt_boundaries/MetalDam/micrograph28.png,0,0,1024,703,0,65
MetalDam/micrograph28/x512_y256,MetalDam,micrograph28,micrograph28.jpg,512,256,0.159271,val,256,/content/drive/MyDrive/phase11-data/data/MetalDam/images/micrograph28.jpg,/content/drive/MyDrive/phase11-persistent/gt_boundaries/MetalDam/micrograph28.png,0,0,1024,703,0,65
MetalDam/micrograph28/x512_y384,MetalDam,micrograph28,micrograph28.jpg,512,384,0.124588,val,256,/content/drive/MyDrive/phase11-data/data/MetalDam/images/micrograph28.jpg,/content/drive/MyDrive/phase11-persistent/gt_boundaries/MetalDam/micrograph28.png,0,0,1024,703,0,65
MetalDam/micrograph28/x512_y512,MetalDam,micrograph28,micrograph28.jpg,512,512,0.107681,val,256,/content/drive/MyDrive/phase11-data/data/MetalDam/images/micrograph28.jpg,/content/drive/MyDrive/phase11-persistent/gt_boundaries/MetalDam/micrograph28.png,0,0,1024,703,0,65
MetalDam/micrograph28/x640_y0,MetalDam,micrograph28,micrograph28.jpg,640,0,0.157852,val,256,/content/drive/MyDrive/phase11-data/data/MetalDam/images/micrograph28.jpg,/content/drive/MyDrive/phase11-persistent/gt_boundaries/MetalDam/micrograph28.png,0,0,1024,703,0,65
MetalDam/micrograph28/x640_y128,MetalDam,micrograph28,micrograph28.jpg,640,128,0.144089,val,256,/content/drive/MyDrive/phase11-data/data/MetalDam/images/micrograph28.jpg,/content/drive/MyDrive/phase11-persistent/gt_boundaries/MetalDam/micrograph28.png,0,0,1024,703,0,65
MetalDam/micrograph28/x640_y256,MetalDam,micrograph28,micrograph28.jpg,640,256,0.148956,val,256,/content/drive/MyDrive/phase11-data/data/MetalDam/images/micrograph28.jpg,/content/drive/MyDrive/phase11-persistent/gt_boundaries/MetalDam/micrograph28.png,0,0,1024,703,0,65
MetalDam/micrograph28/x640_y384,MetalDam,micrograph28,micrograph28.jpg,640,384,0.137375,val,256,/content/drive/MyDrive/phase11-data/data/MetalDam/images/micrograph28.jpg,/content/drive/MyDrive/phase11-persistent/gt_boundaries/MetalDam/micrograph28.png,0,0,1024,703,0,65
MetalDam/micrograph28/x640_y512,MetalDam,micrograph28,micrograph28.jpg,640,512,0.134384,val,256,/content/drive/MyDrive/phase11-data/data/MetalDam/images/micrograph28.jpg,/content/drive/MyDrive/phase11-persistent/gt_boundaries/MetalDam/micrograph28.png,0,0,1024,703,0,65
MetalDam/micrograph28/x768_y0,MetalDam,micrograph28,micrograph28.jpg,768,0,0.154297,val,256,/content/drive/MyDrive/phase11-data/data/MetalDam/images/micrograph28.jpg,/content/drive/MyDrive/phase11-persistent/gt_boundaries/MetalDam/micrograph28.png,0,0,1024,703,0,65
MetalDam/micrograph28/x768_y128,MetalDam,micrograph28,micrograph28.jpg,768,128,0.138657,val,256,/content/drive/MyDrive/phase11-data/data/MetalDam/images/micrograph28.jpg,/content/drive/MyDrive/phase11-persistent/gt_boundaries/MetalDam/micrograph28.png,0,0,1024,703,0,65
MetalDam/micrograph28/x768_y256,MetalDam,micrograph28,micrograph28.jpg,768,256,0.127899,val,256,/content/drive/MyDrive/phase11-data/data/MetalDam/images/micrograph28.jpg,/content/drive/MyDrive/phase11-persistent/gt_boundaries/MetalDam/micrograph28.png,0,0,1024,703,0,65
MetalDam/micrograph28/x768_y384,MetalDam,micrograph28,micrograph28.jpg,768,384,0.141342,val,256,/content/drive/MyDrive/phase11-data/data/MetalDam/images/micrograph28.jpg,/content/drive/MyDrive/phase11-persistent/gt_boundaries/MetalDam/micrograph28.png,0,0,1024,703,0,65
MetalDam/micrograph28/x768_y512,MetalDam,micrograph28,micrograph28.jpg,768,512,0.152924,val,256,/content/drive/MyDrive/phase11-data/data/MetalDam/images/micrograph28.jpg,/content/drive/MyDrive/phase11-persistent/gt_boundaries/MetalDam/micrograph28.png,0,0,1024,703,0,65
MetalDam/micrograph29/x0_y0,MetalDam,micrograph29,micrograph29.jpg,0,0,0.204117,val,256,/content/drive/MyDrive/phase11-data/data/MetalDam/images/micrograph29.jpg,/content/drive/MyDrive/phase11-persistent/gt_boundaries/MetalDam/micrograph29.png,0,0,1024,703,0,65
MetalDam/micrograph29/x0_y128,MetalDam,micrograph29,micrograph29.jpg,0,128,0.203613,val,256,/content/drive/MyDrive/phase11-data/data/MetalDam/images/micrograph29.jpg,/content/drive/MyDrive/phase11-persistent/gt_boundaries/MetalDam/micrograph29.png,0,0,1024,703,0,65
MetalDam/micrograph29/x0_y256,MetalDam,micrograph29,micrograph29.jpg,0,256,0.201279,val,256,/content/drive/MyDrive/phase11-data/data/MetalDam/images/micrograph29.jpg,/content/drive/MyDrive/phase11-persistent/gt_boundaries/MetalDam/micrograph29.png,0,0,1024,703,0,65
MetalDam/micrograph29/x0_y384,MetalDam,micrograph29,micrograph29.jpg,0,384,0.207352,val,256,/content/drive/MyDrive/phase11-data/data/MetalDam/images/micrograph29.jpg,/content/drive/MyDrive/phase11-persistent/gt_boundaries/MetalDam/micrograph29.png,0,0,1024,703,0,65
MetalDam/micrograph29/x0_y512,MetalDam,micrograph29,micrograph29.jpg,0,512,0.195984,val,256,/content/drive/MyDrive/phase11-data/data/MetalDam/images/micrograph29.jpg,/content/drive/MyDrive/phase11-persistent/gt_boundaries/MetalDam/micrograph29.png,0,0,1024,703,0,65
MetalDam/micrograph29/x128_y0,MetalDam,micrograph29,micrograph29.jpg,128,0,0.209183,val,256,/content/drive/MyDrive/phase11-data/data/MetalDam/images/micrograph29.jpg,/content/drive/MyDrive/phase11-persistent/gt_boundaries/MetalDam/micrograph29.png,0,0,1024,703,0,65
MetalDam/micrograph29/x128_y128,MetalDam,micrograph29,micrograph29.jpg,128,128,0.204269,val,256,/content/drive/MyDrive/phase11-data/data/MetalDam/images/micrograph29.jpg,/content/drive/MyDrive/phase11-persistent/gt_boundaries/MetalDam/micrograph29.png,0,0,1024,703,0,65
MetalDam/micrograph29/x128_y256,MetalDam,micrograph29,micrograph29.jpg,128,256,0.200958,val,256,/content/drive/MyDrive/phase11-data/data/MetalDam/images/micrograph29.jpg,/content/drive/MyDrive/phase11-persistent/gt_boundaries/MetalDam/micrograph29.png,0,0,1024,703,0,65
MetalDam/micrograph29/x128_y384,MetalDam,micrograph29,micrograph29.jpg,128,384,0.211105,val,256,/content/drive/MyDrive/phase11-data/data/MetalDam/images/micrograph29.jpg,/content/drive/MyDrive/phase11-persistent/gt_boundaries/MetalDam/micrograph29.png,0,0,1024,703,0,65
MetalDam/micrograph29/x128_y512,MetalDam,micrograph29,micrograph29.jpg,128,512,0.200317,val,256,/content/drive/MyDrive/phase11-data/data/MetalDam/images/micrograph29.jpg,/content/drive/MyDrive/phase11-persistent/gt_boundaries/MetalDam/micrograph29.png,0,0,1024,703,0,65
MetalDam/micrograph29/x256_y0,MetalDam,micrograph29,micrograph29.jpg,256,0,0.215744,val,256,/content/drive/MyDrive/phase11-data/data/MetalDam/images/micrograph29.jpg,/content/drive/MyDrive/phase11-persistent/gt_boundaries/MetalDam/micrograph29.png,0,0,1024,703,0,65
MetalDam/micrograph29/x256_y128,MetalDam,micrograph29,micrograph29.jpg,256,128,0.208069,val,256,/content/drive/MyDrive/phase11-data/data/MetalDam/images/micrograph29.jpg,/content/drive/MyDrive/phase11-persistent/gt_boundaries/MetalDam/micrograph29.png,0,0,1024,703,0,65
MetalDam/micrograph29/x256_y256,MetalDam,micrograph29,micrograph29.jpg,256,256,0.191681,val,256,/content/drive/MyDrive/phase11-data/data/MetalDam/images/micrograph29.jpg,/content/drive/MyDrive/phase11-persistent/gt_boundaries/MetalDam/micrograph29.png,0,0,1024,703,0,65
MetalDam/micrograph29/x256_y384,MetalDam,micrograph29,micrograph29.jpg,256,384,0.195892,val,256,/content/drive/MyDrive/phase11-data/data/MetalDam/images/micrograph29.jpg,/content/drive/MyDrive/phase11-persistent/gt_boundaries/MetalDam/micrograph29.png,0,0,1024,703,0,65
MetalDam/micrograph29/x256_y512,MetalDam,micrograph29,micrograph29.jpg,256,512,0.199341,val,256,/content/drive/MyDrive/phase11-data/data/MetalDam/images/micrograph29.jpg,/content/drive/MyDrive/phase11-persistent/gt_boundaries/MetalDam/micrograph29.png,0,0,1024,703,0,65
MetalDam/micrograph29/x384_y0,MetalDam,micrograph29,micrograph29.jpg,384,0,0.208328,val,256,/content/drive/MyDrive/phase11-data/data/MetalDam/images/micrograph29.jpg,/content/drive/MyDrive/phase11-persistent/gt_boundaries/MetalDam/micrograph29.png,0,0,1024,703,0,65
MetalDam/micrograph29/x384_y128,MetalDam,micrograph29,micrograph29.jpg,384,128,0.203339,val,256,/content/drive/MyDrive/phase11-data/data/MetalDam/images/micrograph29.jpg,/content/drive/MyDrive/phase11-persistent/gt_boundaries/MetalDam/micrograph29.png,0,0,1024,703,0,65
MetalDam/micrograph29/x384_y256,MetalDam,micrograph29,micrograph29.jpg,384,256,0.190918,val,256,/content/drive/MyDrive/phase11-data/data/MetalDam/images/micrograph29.jpg,/content/drive/MyDrive/phase11-persistent/gt_boundaries/MetalDam/micrograph29.png,0,0,1024,703,0,65
MetalDam/micrograph29/x384_y384,MetalDam,micrograph29,micrograph29.jpg,384,384,0.199005,val,256,/content/drive/MyDrive/phase11-data/data/MetalDam/images/micrograph29.jpg,/content/drive/MyDrive/phase11-persistent/gt_boundaries/MetalDam/micrograph29.png,0,0,1024,703,0,65
MetalDam/micrograph29/x384_y512,MetalDam,micrograph29,micrograph29.jpg,384,512,0.205383,val,256,/content/drive/MyDrive/phase11-data/data/MetalDam/images/micrograph29.jpg,/content/drive/MyDrive/phase11-persistent/gt_boundaries/MetalDam/micrograph29.png,0,0,1024,703,0,65
MetalDam/micrograph29/x512_y0,MetalDam,micrograph29,micrograph29.jpg,512,0,0.207031,val,256,/content/drive/MyDrive/phase11-data/data/MetalDam/images/micrograph29.jpg,/content/drive/MyDrive/phase11-persistent/gt_boundaries/MetalDam/micrograph29.png,0,0,1024,703,0,65
MetalDam/micrograph29/x512_y128,MetalDam,micrograph29,micrograph29.jpg,512,128,0.200928,val,256,/content/drive/MyDrive/phase11-data/data/MetalDam/images/micrograph29.jpg,/content/drive/MyDrive/phase11-persistent/gt_boundaries/MetalDam/micrograph29.png,0,0,1024,703,0,65
MetalDam/micrograph29/x512_y256,MetalDam,micrograph29,micrograph29.jpg,512,256,0.196426,val,256,/content/drive/MyDrive/phase11-data/data/MetalDam/images/micrograph29.jpg,/content/drive/MyDrive/phase11-persistent/gt_boundaries/MetalDam/micrograph29.png,0,0,1024,703,0,65
MetalDam/micrograph29/x512_y384,MetalDam,micrograph29,micrograph29.jpg,512,384,0.200363,val,256,/content/drive/MyDrive/phase11-data/data/MetalDam/images/micrograph29.jpg,/content/drive/MyDrive/phase11-persistent/gt_boundaries/MetalDam/micrograph29.png,0,0,1024,703,0,65
MetalDam/micrograph29/x512_y512,MetalDam,micrograph29,micrograph29.jpg,512,512,0.199615,val,256,/content/drive/MyDrive/phase11-data/data/MetalDam/images/micrograph29.jpg,/content/drive/MyDrive/phase11-persistent/gt_boundaries/MetalDam/micrograph29.png,0,0,1024,703,0,65
MetalDam/micrograph29/x640_y0,MetalDam,micrograph29,micrograph29.jpg,640,0,0.20842,val,256,/content/drive/MyDrive/phase11-data/data/MetalDam/images/micrograph29.jpg,/content/drive/MyDrive/phase11-persistent/gt_boundaries/MetalDam/micrograph29.png,0,0,1024,703,0,65
MetalDam/micrograph29/x640_y128,MetalDam,micrograph29,micrograph29.jpg,640,128,0.203995,val,256,/content/drive/MyDrive/phase11-data/data/MetalDam/images/micrograph29.jpg,/content/drive/MyDrive/phase11-persistent/gt_boundaries/MetalDam/micrograph29.png,0,0,1024,703,0,65
MetalDam/micrograph29/x640_y256,MetalDam,micrograph29,micrograph29.jpg,640,256,0.198776,val,256,/content/drive/MyDrive/phase11-data/data/MetalDam/images/micrograph29.jpg,/content/drive/MyDrive/phase11-persistent/gt_boundaries/MetalDam/micrograph29.png,0,0,1024,703,0,65
MetalDam/micrograph29/x640_y384,MetalDam,micrograph29,micrograph29.jpg,640,384,0.199005,val,256,/content/drive/MyDrive/phase11-data/data/MetalDam/images/micrograph29.jpg,/content/drive/MyDrive/phase11-persistent/gt_boundaries/MetalDam/micrograph29.png,0,0,1024,703,0,65
MetalDam/micrograph29/x640_y512,MetalDam,micrograph29,micrograph29.jpg,640,512,0.19339,val,256,/content/drive/MyDrive/phase11-data/data/MetalDam/images/micrograph29.jpg,/content/drive/MyDrive/phase11-persistent/gt_boundaries/MetalDam/micrograph29.png,0,0,1024,703,0,65
MetalDam/micrograph29/x768_y0,MetalDam,micrograph29,micrograph29.jpg,768,0,0.206314,val,256,/content/drive/MyDrive/phase11-data/data/MetalDam/images/micrograph29.jpg,/content/drive/MyDrive/phase11-persistent/gt_boundaries/MetalDam/micrograph29.png,0,0,1024,703,0,65
MetalDam/micrograph29/x768_y128,MetalDam,micrograph29,micrograph29.jpg,768,128,0.193924,val,256,/content/drive/MyDrive/phase11-data/data/MetalDam/images/micrograph29.jpg,/content/drive/MyDrive/phase11-persistent/gt_boundaries/MetalDam/micrograph29.png,0,0,1024,703,0,65
MetalDam/micrograph29/x768_y256,MetalDam,micrograph29,micrograph29.jpg,768,256,0.190262,val,256,/content/drive/MyDrive/phase11-data/data/MetalDam/images/micrograph29.jpg,/content/drive/MyDrive/phase11-persistent/gt_boundaries/MetalDam/micrograph29.png,0,0,1024,703,0,65
MetalDam/micrograph29/x768_y384,MetalDam,micrograph29,micrograph29.jpg,768,384,0.203827,val,256,/content/drive/MyDrive/phase11-data/data/MetalDam/images/micrograph29.jpg,/content/drive/MyDrive/phase11-persistent/gt_boundaries/MetalDam/micrograph29.png,0,0,1024,703,0,65
MetalDam/micrograph29/x768_y512,MetalDam,micrograph29,micrograph29.jpg,768,512,0.193802,val,256,/content/drive/MyDrive/phase11-data/data/MetalDam/images/micrograph29.jpg,/content/drive/MyDrive/phase11-persistent/gt_boundaries/MetalDam/micrograph29.png,0,0,1024,703,0,65
MetalDam/micrograph3/x0_y0,MetalDam,micrograph3,micrograph3.jpg,0,0,0.211624,val,256,/content/drive/MyDrive/phase11-data/data/MetalDam/images/micrograph3.jpg,/content/drive/MyDrive/phase11-persistent/gt_boundaries/MetalDam/micrograph3.png,0,0,1024,703,0,65
MetalDam/micrograph3/x0_y128,MetalDam,micrograph3,micrograph3.jpg,0,128,0.232712,val,256,/content/drive/MyDrive/phase11-data/data/MetalDam/images/micrograph3.jpg,/content/drive/MyDrive/phase11-persistent/gt_boundaries/MetalDam/micrograph3.png,0,0,1024,703,0,65
MetalDam/micrograph3/x0_y256,MetalDam,micrograph3,micrograph3.jpg,0,256,0.236542,val,256,/content/drive/MyDrive/phase11-data/data/MetalDam/images/micrograph3.jpg,/content/drive/MyDrive/phase11-persistent/gt_boundaries/MetalDam/micrograph3.png,0,0,1024,703,0,65
MetalDam/micrograph3/x0_y384,MetalDam,micrograph3,micrograph3.jpg,0,384,0.247635,val,256,/content/drive/MyDrive/phase11-data/data/MetalDam/images/micrograph3.jpg,/content/drive/MyDrive/phase11-persistent/gt_boundaries/MetalDam/micrograph3.png,0,0,1024,703,0,65
MetalDam/micrograph3/x0_y512,MetalDam,micrograph3,micrograph3.jpg,0,512,0.25148,val,256,/content/drive/MyDrive/phase11-data/data/MetalDam/images/micrograph3.jpg,/content/drive/MyDrive/phase11-persistent/gt_boundaries/MetalDam/micrograph3.png,0,0,1024,703,0,65
MetalDam/micrograph3/x128_y0,MetalDam,micrograph3,micrograph3.jpg,128,0,0.237411,val,256,/content/drive/MyDrive/phase11-data/data/MetalDam/images/micrograph3.jpg,/content/drive/MyDrive/phase11-persistent/gt_boundaries/MetalDam/micrograph3.png,0,0,1024,703,0,65
MetalDam/micrograph3/x128_y128,MetalDam,micrograph3,micrograph3.jpg,128,128,0.235352,val,256,/content/drive/MyDrive/phase11-data/data/MetalDam/images/micrograph3.jpg,/content/drive/MyDrive/phase11-persistent/gt_boundaries/MetalDam/micrograph3.png,0,0,1024,703,0,65
MetalDam/micrograph3/x128_y256,MetalDam,micrograph3,micrograph3.jpg,128,256,0.229721,val,256,/content/drive/MyDrive/phase11-data/data/MetalDam/images/micrograph3.jpg,/content/drive/MyDrive/phase11-persistent/gt_boundaries/MetalDam/micrograph3.png,0,0,1024,703,0,65
MetalDam/micrograph3/x128_y384,MetalDam,micrograph3,micrograph3.jpg,128,384,0.244156,val,256,/content/drive/MyDrive/phase11-data/data/MetalDam/images/micrograph3.jpg,/content/drive/MyDrive/phase11-persistent/gt_boundaries/MetalDam/micrograph3.png,0,0,1024,703,0,65
MetalDam/micrograph3/x128_y512,MetalDam,micrograph3,micrograph3.jpg,128,512,0.257736,val,256,/content/drive/MyDrive/phase11-data/data/MetalDam/images/micrograph3.jpg,/content/drive/MyDrive/phase11-persistent/gt_boundaries/MetalDam/micrograph3.png,0,0,1024,703,0,65
MetalDam/micrograph3/x256_y0,MetalDam,micrograph3,micrograph3.jpg,256,0,0.244385,val,256,/content/drive/MyDrive/phase11-data/data/MetalDam/images/micrograph3.jpg,/content/drive/MyDrive/phase11-persistent/gt_boundaries/MetalDam/micrograph3.png,0,0,1024,703,0,65
MetalDam/micrograph3/x256_y128,MetalDam,micrograph3,micrograph3.jpg,256,128,0.254242,val,256,/content/drive/MyDrive/phase11-data/data/MetalDam/images/micrograph3.jpg,/content/drive/MyDrive/phase11-persistent/gt_boundaries/MetalDam/micrograph3.png,0,0,1024,703,0,65
MetalDam/micrograph3/x256_y256,MetalDam,micrograph3,micrograph3.jpg,256,256,0.252426,val,256,/content/drive/MyDrive/phase11-data/data/MetalDam/images/micrograph3.jpg,/content/drive/MyDrive/phase11-persistent/gt_boundaries/MetalDam/micrograph3.png,0,0,1024,703,0,65
MetalDam/micrograph3/x256_y384,MetalDam,micrograph3,micrograph3.jpg,256,384,0.257614,val,256,/content/drive/MyDrive/phase11-data/data/MetalDam/images/micrograph3.jpg,/content/drive/MyDrive/phase11-persistent/gt_boundaries/MetalDam/micrograph3.png,0,0,1024,703,0,65
MetalDam/micrograph3/x256_y512,MetalDam,micrograph3,micrograph3.jpg,256,512,0.263168,val,256,/content/drive/MyDrive/phase11-data/data/MetalDam/images/micrograph3.jpg,/content/drive/MyDrive/phase11-persistent/gt_boundaries/MetalDam/micrograph3.png,0,0,1024,703,0,65
MetalDam/micrograph3/x384_y0,MetalDam,micrograph3,micrograph3.jpg,384,0,0.203018,val,256,/content/drive/MyDrive/phase11-data/data/MetalDam/images/micrograph3.jpg,/content/drive/MyDrive/phase11-persistent/gt_boundaries/MetalDam/micrograph3.png,0,0,1024,703,0,65
MetalDam/micrograph3/x384_y128,MetalDam,micrograph3,micrograph3.jpg,384,128,0.26474,val,256,/content/drive/MyDrive/phase11-data/data/MetalDam/images/micrograph3.jpg,/content/drive/MyDrive/phase11-persistent/gt_boundaries/MetalDam/micrograph3.png,0,0,1024,703,0,65
MetalDam/micrograph3/x384_y256,MetalDam,micrograph3,micrograph3.jpg,384,256,0.273041,val,256,/content/drive/MyDrive/phase11-data/data/MetalDam/images/micrograph3.jpg,/content/drive/MyDrive/phase11-persistent/gt_boundaries/MetalDam/micrograph3.png,0,0,1024,703,0,65
MetalDam/micrograph3/x384_y384,MetalDam,micrograph3,micrograph3.jpg,384,384,0.265457,val,256,/content/drive/MyDrive/phase11-data/data/MetalDam/images/micrograph3.jpg,/content/drive/MyDrive/phase11-persistent/gt_boundaries/MetalDam/micrograph3.png,0,0,1024,703,0,65
MetalDam/micrograph3/x384_y512,MetalDam,micrograph3,micrograph3.jpg,384,512,0.254501,val,256,/content/drive/MyDrive/phase11-data/data/MetalDam/images/micrograph3.jpg,/content/drive/MyDrive/phase11-persistent/gt_boundaries/MetalDam/micrograph3.png,0,0,1024,703,0,65
MetalDam/micrograph3/x512_y0,MetalDam,micrograph3,micrograph3.jpg,512,0,0.194672,val,256,/content/drive/MyDrive/phase11-data/data/MetalDam/images/micrograph3.jpg,/content/drive/MyDrive/phase11-persistent/gt_boundaries/MetalDam/micrograph3.png,0,0,1024,703,0,65
MetalDam/micrograph3/x512_y128,MetalDam,micrograph3,micrograph3.jpg,512,128,0.251343,val,256,/content/drive/MyDrive/phase11-data/data/MetalDam/images/micrograph3.jpg,/content/drive/MyDrive/phase11-persistent/gt_boundaries/MetalDam/micrograph3.png,0,0,1024,703,0,65
MetalDam/micrograph3/x512_y256,MetalDam,micrograph3,micrograph3.jpg,512,256,0.252838,val,256,/content/drive/MyDrive/phase11-data/data/MetalDam/images/micrograph3.jpg,/content/drive/MyDrive/phase11-persistent/gt_boundaries/MetalDam/micrograph3.png,0,0,1024,703,0,65
MetalDam/micrograph3/x512_y384,MetalDam,micrograph3,micrograph3.jpg,512,384,0.250107,val,256,/content/drive/MyDrive/phase11-data/data/MetalDam/images/micrograph3.jpg,/content/drive/MyDrive/phase11-persistent/gt_boundaries/MetalDam/micrograph3.png,0,0,1024,703,0,65
MetalDam/micrograph3/x512_y512,MetalDam,micrograph3,micrograph3.jpg,512,512,0.250351,val,256,/content/drive/MyDrive/phase11-data/data/MetalDam/images/micrograph3.jpg,/content/drive/MyDrive/phase11-persistent/gt_boundaries/MetalDam/micrograph3.png,0,0,1024,703,0,65
MetalDam/micrograph3/x640_y0,MetalDam,micrograph3,micrograph3.jpg,640,0,0.237198,val,256,/content/drive/MyDrive/phase11-data/data/MetalDam/images/micrograph3.jpg,/content/drive/MyDrive/phase11-persistent/gt_boundaries/MetalDam/micrograph3.png,0,0,1024,703,0,65
MetalDam/micrograph3/x640_y128,MetalDam,micrograph3,micrograph3.jpg,640,128,0.241409,val,256,/content/drive/MyDrive/phase11-data/data/MetalDam/images/micrograph3.jpg,/content/drive/MyDrive/phase11-persistent/gt_boundaries/MetalDam/micrograph3.png,0,0,1024,703,0,65
MetalDam/micrograph3/x640_y256,MetalDam,micrograph3,micrograph3.jpg,640,256,0.247009,val,256,/content/drive/MyDrive/phase11-data/data/MetalDam/images/micrograph3.jpg,/content/drive/MyDrive/phase11-persistent/gt_boundaries/MetalDam/micrograph3.png,0,0,1024,703,0,65
MetalDam/micrograph3/x640_y384,MetalDam,micrograph3,micrograph3.jpg,640,384,0.24736,val,256,/content/drive/MyDrive/phase11-data/data/MetalDam/images/micrograph3.jpg,/content/drive/MyDrive/phase11-persistent/gt_boundaries/MetalDam/micrograph3.png,0,0,1024,703,0,65
MetalDam/micrograph3/x640_y512,MetalDam,micrograph3,micrograph3.jpg,640,512,0.259674,val,256,/content/drive/MyDrive/phase11-data/data/MetalDam/images/micrograph3.jpg,/content/drive/MyDrive/phase11-persistent/gt_boundaries/MetalDam/micrograph3.png,0,0,1024,703,0,65
MetalDam/micrograph3/x768_y0,MetalDam,micrograph3,micrograph3.jpg,768,0,0.242126,val,256,/content/drive/MyDrive/phase11-data/data/MetalDam/images/micrograph3.jpg,/content/drive/MyDrive/phase11-persistent/gt_boundaries/MetalDam/micrograph3.png,0,0,1024,703,0,65
MetalDam/micrograph3/x768_y128,MetalDam,micrograph3,micrograph3.jpg,768,128,0.24733,val,256,/content/drive/MyDrive/phase11-data/data/MetalDam/images/micrograph3.jpg,/content/drive/MyDrive/phase11-persistent/gt_boundaries/MetalDam/micrograph3.png,0,0,1024,703,0,65
MetalDam/micrograph3/x768_y256,MetalDam,micrograph3,micrograph3.jpg,768,256,0.262192,val,256,/content/drive/MyDrive/phase11-data/data/MetalDam/images/micrograph3.jpg,/content/drive/MyDrive/phase11-persistent/gt_boundaries/MetalDam/micrograph3.png,0,0,1024,703,0,65
MetalDam/micrograph3/x768_y384,MetalDam,micrograph3,micrograph3.jpg,768,384,0.265762,val,256,/content/drive/MyDrive/phase11-data/data/MetalDam/images/micrograph3.jpg,/content/drive/MyDrive/phase11-persistent/gt_boundaries/MetalDam/micrograph3.png,0,0,1024,703,0,65
MetalDam/micrograph3/x768_y512,MetalDam,micrograph3,micrograph3.jpg,768,512,0.268158,val,256,/content/drive/MyDrive/phase11-data/data/MetalDam/images/micrograph3.jpg,/content/drive/MyDrive/phase11-persistent/gt_boundaries/MetalDam/micrograph3.png,0,0,1024,703,0,65
MetalDam/micrograph30/x0_y0,MetalDam,micrograph30,micrograph30.jpg,0,0,0.191544,val,256,/content/drive/MyDrive/phase11-data/data/MetalDam/images/micrograph30.jpg,/content/drive/MyDrive/phase11-persistent/gt_boundaries/MetalDam/micrograph30.png,0,0,1024,703,0,65
MetalDam/micrograph30/x0_y128,MetalDam,micrograph30,micrograph30.jpg,0,128,0.178391,val,256,/content/drive/MyDrive/phase11-data/data/MetalDam/images/micrograph30.jpg,/content/drive/MyDrive/phase11-persistent/gt_boundaries/MetalDam/micrograph30.png,0,0,1024,703,0,65
MetalDam/micrograph30/x0_y256,MetalDam,micrograph30,micrograph30.jpg,0,256,0.191696,val,256,/content/drive/MyDrive/phase11-data/data/MetalDam/images/micrograph30.jpg,/content/drive/MyDrive/phase11-persistent/gt_boundaries/MetalDam/micrograph30.png,0,0,1024,703,0,65
MetalDam/micrograph30/x0_y384,MetalDam,micrograph30,micrograph30.jpg,0,384,0.198013,val,256,/content/drive/MyDrive/phase11-data/data/MetalDam/images/micrograph30.jpg,/content/drive/MyDrive/phase11-persistent/gt_boundaries/MetalDam/micrograph30.png,0,0,1024,703,0,65
MetalDam/micrograph30/x0_y512,MetalDam,micrograph30,micrograph30.jpg,0,512,0.184601,val,256,/content/drive/MyDrive/phase11-data/data/MetalDam/images/micrograph30.jpg,/content/drive/MyDrive/phase11-persistent/gt_boundaries/MetalDam/micrograph30.png,0,0,1024,703,0,65
MetalDam/micrograph30/x128_y0,MetalDam,micrograph30,micrograph30.jpg,128,0,0.197617,val,256,/content/drive/MyDrive/phase11-data/data/MetalDam/images/micrograph30.jpg,/content/drive/MyDrive/phase11-persistent/gt_boundaries/MetalDam/micrograph30.png,0,0,1024,703,0,65
MetalDam/micrograph30/x128_y128,MetalDam,micrograph30,micrograph30.jpg,128,128,0.193466,val,256,/content/drive/MyDrive/phase11-data/data/MetalDam/images/micrograph30.jpg,/content/drive/MyDrive/phase11-persistent/gt_boundaries/MetalDam/micrograph30.png,0,0,1024,703,0,65
MetalDam/micrograph30/x128_y256,MetalDam,micrograph30,micrograph30.jpg,128,256,0.210709,val,256,/content/drive/MyDrive/phase11-data/data/MetalDam/images/micrograph30.jpg,/content/drive/MyDrive/phase11-persistent/gt_boundaries/MetalDam/micrograph30.png,0,0,1024,703,0,65
MetalDam/micrograph30/x128_y384,MetalDam,micrograph30,micrograph30.jpg,128,384,0.210892,val,256,/content/drive/MyDrive/phase11-data/data/MetalDam/images/micrograph30.jpg,/content/drive/MyDrive/phase11-persistent/gt_boundaries/MetalDam/micrograph30.png,0,0,1024,703,0,65
MetalDam/micrograph30/x128_y512,MetalDam,micrograph30,micrograph30.jpg,128,512,0.196045,val,256,/content/drive/MyDrive/phase11-data/data/MetalDam/images/micrograph30.jpg,/content/drive/MyDrive/phase11-persistent/gt_boundaries/MetalDam/micrograph30.png,0,0,1024,703,0,65
MetalDam/micrograph30/x256_y0,MetalDam,micrograph30,micrograph30.jpg,256,0,0.19902,val,256,/content/drive/MyDrive/phase11-data/data/MetalDam/images/micrograph30.jpg,/content/drive/MyDrive/phase11-persistent/gt_boundaries/MetalDam/micrograph30.png,0,0,1024,703,0,65
MetalDam/micrograph30/x256_y128,MetalDam,micrograph30,micrograph30.jpg,256,128,0.190475,val,256,/content/drive/MyDrive/phase11-data/data/MetalDam/images/micrograph30.jpg,/content/drive/MyDrive/phase11-persistent/gt_boundaries/MetalDam/micrograph30.png,0,0,1024,703,0,65
MetalDam/micrograph30/x256_y256,MetalDam,micrograph30,micrograph30.jpg,256,256,0.202988,val,256,/content/drive/MyDrive/phase11-data/data/MetalDam/images/micrograph30.jpg,/content/drive/MyDrive/phase11-persistent/gt_boundaries/MetalDam/micrograph30.png,0,0,1024,703,0,65
MetalDam/micrograph30/x256_y384,MetalDam,micrograph30,micrograph30.jpg,256,384,0.208939,val,256,/content/drive/MyDrive/phase11-data/data/MetalDam/images/micrograph30.jpg,/content/drive/MyDrive/phase11-persistent/gt_boundaries/MetalDam/micrograph30.png,0,0,1024,703,0,65
MetalDam/micrograph30/x256_y512,MetalDam,micrograph30,micrograph30.jpg,256,512,0.199478,val,256,/content/drive/MyDrive/phase11-data/data/MetalDam/images/micrograph30.jpg,/content/drive/MyDrive/phase11-persistent/gt_boundaries/MetalDam/micrograph30.png,0,0,1024,703,0,65
MetalDam/micrograph30/x384_y0,MetalDam,micrograph30,micrograph30.jpg,384,0,0.181778,val,256,/content/drive/MyDrive/phase11-data/data/MetalDam/images/micrograph30.jpg,/content/drive/MyDrive/phase11-persistent/gt_boundaries/MetalDam/micrograph30.png,0,0,1024,703,0,65
MetalDam/micrograph30/x384_y128,MetalDam,micrograph30,micrograph30.jpg,384,128,0.125183,val,256,/content/drive/MyDrive/phase11-data/data/MetalDam/images/micrograph30.jpg,/content/drive/MyDrive/phase11-persistent/gt_boundaries/MetalDam/micrograph30.png,0,0,1024,703,0,65
MetalDam/micrograph30/x384_y256,MetalDam,micrograph30,micrograph30.jpg,384,256,0.160904,val,256,/content/drive/MyDrive/phase11-data/data/MetalDam/images/micrograph30.jpg,/content/drive/MyDrive/phase11-persistent/gt_boundaries/MetalDam/micrograph30.png,0,0,1024,703,0,65
MetalDam/micrograph30/x384_y384,MetalDam,micrograph30,micrograph30.jpg,384,384,0.208435,val,256,/content/drive/MyDrive/phase11-data/data/MetalDam/images/micrograph30.jpg,/content/drive/MyDrive/phase11-persistent/gt_boundaries/MetalDam/micrograph30.png,0,0,1024,703,0,65
MetalDam/micrograph30/x384_y512,MetalDam,micrograph30,micrograph30.jpg,384,512,0.213257,val,256,/content/drive/MyDrive/phase11-data/data/MetalDam/images/micrograph30.jpg,/content/drive/MyDrive/phase11-persistent/gt_boundaries/MetalDam/micrograph30.png,0,0,1024,703,0,65
MetalDam/micrograph30/x512_y0,MetalDam,micrograph30,micrograph30.jpg,512,0,0.184113,val,256,/content/drive/MyDrive/phase11-data/data/MetalDam/images/micrograph30.jpg,/content/drive/MyDrive/phase11-persistent/gt_boundaries/MetalDam/micrograph30.png,0,0,1024,703,0,65
MetalDam/micrograph30/x512_y128,MetalDam,micrograph30,micrograph30.jpg,512,128,0.118637,val,256,/content/drive/MyDrive/phase11-data/data/MetalDam/images/micrograph30.jpg,/content/drive/MyDrive/phase11-persistent/gt_boundaries/MetalDam/micrograph30.png,0,0,1024,703,0,65
MetalDam/micrograph30/x512_y256,MetalDam,micrograph30,micrograph30.jpg,512,256,0.159729,val,256,/content/drive/MyDrive/phase11-data/data/MetalDam/images/micrograph30.jpg,/content/drive/MyDrive/phase11-persistent/gt_boundaries/MetalDam/micrograph30.png,0,0,1024,703,0,65
MetalDam/micrograph30/x512_y384,MetalDam,micrograph30,micrograph30.jpg,512,384,0.217773,val,256,/content/drive/MyDrive/phase11-data/data/MetalDam/images/micrograph30.jpg,/content/drive/MyDrive/phase11-persistent/gt_boundaries/MetalDam/micrograph30.png,0,0,1024,703,0,65
MetalDam/micrograph30/x512_y512,MetalDam,micrograph30,micrograph30.jpg,512,512,0.221725,val,256,/content/drive/MyDrive/phase11-data/data/MetalDam/images/micrograph30.jpg,/content/drive/MyDrive/phase11-persistent/gt_boundaries/MetalDam/micrograph30.png,0,0,1024,703,0,65
MetalDam/micrograph30/x640_y0,MetalDam,micrograph30,micrograph30.jpg,640,0,0.208862,val,256,/content/drive/MyDrive/phase11-data/data/MetalDam/images/micrograph30.jpg,/content/drive/MyDrive/phase11-persistent/gt_boundaries/MetalDam/micrograph30.png,0,0,1024,703,0,65
MetalDam/micrograph30/x640_y128,MetalDam,micrograph30,micrograph30.jpg,640,128,0.195999,val,256,/content/drive/MyDrive/phase11-data/data/MetalDam/images/micrograph30.jpg,/content/drive/MyDrive/phase11-persistent/gt_boundaries/MetalDam/micrograph30.png,0,0,1024,703,0,65
MetalDam/micrograph30/x640_y256,MetalDam,micrograph30,micrograph30.jpg,640,256,0.202576,val,256,/content/drive/MyDrive/phase11-data/data/MetalDam/images/micrograph30.jpg,/content/drive/MyDrive/phase11-persistent/gt_boundaries/MetalDam/micrograph30.png,0,0,1024,703,0,65
MetalDam/micrograph30/x640_y384,MetalDam,micrograph30,micrograph30.jpg,640,384,0.222076,val,256,/content/drive/MyDrive/phase11-data/data/MetalDam/images/micrograph30.jpg,/content/drive/MyDrive/phase11-persistent/gt_boundaries/MetalDam/micrograph30.png,0,0,1024,703,0,65
MetalDam/micrograph30/x640_y512,MetalDam,micrograph30,micrograph30.jpg,640,512,0.217331,val,256,/content/drive/MyDrive/phase11-data/data/MetalDam/images/micrograph30.jpg,/content/drive/MyDrive/phase11-persistent/gt_boundaries/MetalDam/micrograph30.png,0,0,1024,703,0,65
MetalDam/micrograph30/x768_y0,MetalDam,micrograph30,micrograph30.jpg,768,0,0.203735,val,256,/content/drive/MyDrive/phase11-data/data/MetalDam/images/micrograph30.jpg,/content/drive/MyDrive/phase11-persistent/gt_boundaries/MetalDam/micrograph30.png,0,0,1024,703,0,65
MetalDam/micrograph30/x768_y128,MetalDam,micrograph30,micrograph30.jpg,768,128,0.211304,val,256,/content/drive/MyDrive/phase11-data/data/MetalDam/images/micrograph30.jpg,/content/drive/MyDrive/phase11-persistent/gt_boundaries/MetalDam/micrograph30.png,0,0,1024,703,0,65
MetalDam/micrograph30/x768_y256,MetalDam,micrograph30,micrograph30.jpg,768,256,0.215118,val,256,/content/drive/MyDrive/phase11-data/data/MetalDam/images/micrograph30.jpg,/content/drive/MyDrive/phase11-persistent/gt_boundaries/MetalDam/micrograph30.png,0,0,1024,703,0,65
MetalDam/micrograph30/x768_y384,MetalDam,micrograph30,micrograph30.jpg,768,384,0.222763,val,256,/content/drive/MyDrive/phase11-data/data/MetalDam/images/micrograph30.jpg,/content/drive/MyDrive/phase11-persistent/gt_boundaries/MetalDam/micrograph30.png,0,0,1024,703,0,65
MetalDam/micrograph30/x768_y512,MetalDam,micrograph30,micrograph30.jpg,768,512,0.217987,val,256,/content/drive/MyDrive/phase11-data/data/MetalDam/images/micrograph30.jpg,/content/drive/MyDrive/phase11-persistent/gt_boundaries/MetalDam/micrograph30.png,0,0,1024,703,0,65
MetalDam/micrograph31/x0_y0,MetalDam,micrograph31,micrograph31.jpg,0,0,0.189987,val,256,/content/drive/MyDrive/phase11-data/data/MetalDam/images/micrograph31.jpg,/content/drive/MyDrive/phase11-persistent/gt_boundaries/MetalDam/micrograph31.png,0,0,1024,703,0,65
MetalDam/micrograph31/x0_y128,MetalDam,micrograph31,micrograph31.jpg,0,128,0.195267,val,256,/content/drive/MyDrive/phase11-data/data/MetalDam/images/micrograph31.jpg,/content/drive/MyDrive/phase11-persistent/gt_boundaries/MetalDam/micrograph31.png,0,0,1024,703,0,65
MetalDam/micrograph31/x0_y256,MetalDam,micrograph31,micrograph31.jpg,0,256,0.206268,val,256,/content/drive/MyDrive/phase11-data/data/MetalDam/images/micrograph31.jpg,/content/drive/MyDrive/phase11-persistent/gt_boundaries/MetalDam/micrograph31.png,0,0,1024,703,0,65
MetalDam/micrograph31/x0_y384,MetalDam,micrograph31,micrograph31.jpg,0,384,0.203644,val,256,/content/drive/MyDrive/phase11-data/data/MetalDam/images/micrograph31.jpg,/content/drive/MyDrive/phase11-persistent/gt_boundaries/MetalDam/micrograph31.png,0,0,1024,703,0,65
MetalDam/micrograph31/x0_y512,MetalDam,micrograph31,micrograph31.jpg,0,512,0.203049,val,256,/content/drive/MyDrive/phase11-data/data/MetalDam/images/micrograph31.jpg,/content/drive/MyDrive/phase11-persistent/gt_boundaries/MetalDam/micrograph31.png,0,0,1024,703,0,65
MetalDam/micrograph31/x128_y0,MetalDam,micrograph31,micrograph31.jpg,128,0,0.223495,val,256,/content/drive/MyDrive/phase11-data/data/MetalDam/images/micrograph31.jpg,/content/drive/MyDrive/phase11-persistent/gt_boundaries/MetalDam/micrograph31.png,0,0,1024,703,0,65
MetalDam/micrograph31/x128_y128,MetalDam,micrograph31,micrograph31.jpg,128,128,0.227097,val,256,/content/drive/MyDrive/phase11-data/data/MetalDam/images/micrograph31.jpg,/content/drive/MyDrive/phase11-persistent/gt_boundaries/MetalDam/micrograph31.png,0,0,1024,703,0,65
MetalDam/micrograph31/x128_y256,MetalDam,micrograph31,micrograph31.jpg,128,256,0.224014,val,256,/content/drive/MyDrive/phase11-data/data/MetalDam/images/micrograph31.jpg,/content/drive/MyDrive/phase11-persistent/gt_boundaries/MetalDam/micrograph31.png,0,0,1024,703,0,65
MetalDam/micrograph31/x128_y384,MetalDam,micrograph31,micrograph31.jpg,128,384,0.217682,val,256,/content/drive/MyDrive/phase11-data/data/MetalDam/images/micrograph31.jpg,/content/drive/MyDrive/phase11-persistent/gt_boundaries/MetalDam/micrograph31.png,0,0,1024,703,0,65
MetalDam/micrograph31/x128_y512,MetalDam,micrograph31,micrograph31.jpg,128,512,0.218246,val,256,/content/drive/MyDrive/phase11-data/data/MetalDam/images/micrograph31.jpg,/content/drive/MyDrive/phase11-persistent/gt_boundaries/MetalDam/micrograph31.png,0,0,1024,703,0,65
MetalDam/micrograph31/x256_y0,MetalDam,micrograph31,micrograph31.jpg,256,0,0.229553,val,256,/content/drive/MyDrive/phase11-data/data/MetalDam/images/micrograph31.jpg,/content/drive/MyDrive/phase11-persistent/gt_boundaries/MetalDam/micrograph31.png,0,0,1024,703,0,65
MetalDam/micrograph31/x256_y128,MetalDam,micrograph31,micrograph31.jpg,256,128,0.227997,val,256,/content/drive/MyDrive/phase11-data/data/MetalDam/images/micrograph31.jpg,/content/drive/MyDrive/phase11-persistent/gt_boundaries/MetalDam/micrograph31.png,0,0,1024,703,0,65
MetalDam/micrograph31/x256_y256,MetalDam,micrograph31,micrograph31.jpg,256,256,0.22113,val,256,/content/drive/MyDrive/phase11-data/data/MetalDam/images/micrograph31.jpg,/content/drive/MyDrive/phase11-persistent/gt_boundaries/MetalDam/micrograph31.png,0,0,1024,703,0,65
MetalDam/micrograph31/x256_y384,MetalDam,micrograph31,micrograph31.jpg,256,384,0.215485,val,256,/content/drive/MyDrive/phase11-data/data/MetalDam/images/micrograph31.jpg,/content/drive/MyDrive/phase11-persistent/gt_boundaries/MetalDam/micrograph31.png,0,0,1024,703,0,65
MetalDam/micrograph31/x256_y512,MetalDam,micrograph31,micrograph31.jpg,256,512,0.220581,val,256,/content/drive/MyDrive/phase11-data/data/MetalDam/images/micrograph31.jpg,/content/drive/MyDrive/phase11-persistent/gt_boundaries/MetalDam/micrograph31.png,0,0,1024,703,0,65
MetalDam/micrograph31/x384_y0,MetalDam,micrograph31,micrograph31.jpg,384,0,0.230362,val,256,/content/drive/MyDrive/phase11-data/data/MetalDam/images/micrograph31.jpg,/content/drive/MyDrive/phase11-persistent/gt_boundaries/MetalDam/micrograph31.png,0,0,1024,703,0,65
MetalDam/micrograph31/x384_y128,MetalDam,micrograph31,micrograph31.jpg,384,128,0.226395,val,256,/content/drive/MyDrive/phase11-data/data/MetalDam/images/micrograph31.jpg,/content/drive/MyDrive/phase11-persistent/gt_boundaries/MetalDam/micrograph31.png,0,0,1024,703,0,65
MetalDam/micrograph31/x384_y256,MetalDam,micrograph31,micrograph31.jpg,384,256,0.218231,val,256,/content/drive/MyDrive/phase11-data/data/MetalDam/images/micrograph31.jpg,/content/drive/MyDrive/phase11-persistent/gt_boundaries/MetalDam/micrograph31.png,0,0,1024,703,0,65
MetalDam/micrograph31/x384_y384,MetalDam,micrograph31,micrograph31.jpg,384,384,0.212555,val,256,/content/drive/MyDrive/phase11-data/data/MetalDam/images/micrograph31.jpg,/content/drive/MyDrive/phase11-persistent/gt_boundaries/MetalDam/micrograph31.png,0,0,1024,703,0,65
MetalDam/micrograph31/x384_y512,MetalDam,micrograph31,micrograph31.jpg,384,512,0.217789,val,256,/content/drive/MyDrive/phase11-data/data/MetalDam/images/micrograph31.jpg,/content/drive/MyDrive/phase11-persistent/gt_boundaries/MetalDam/micrograph31.png,0,0,1024,703,0,65
MetalDam/micrograph31/x512_y0,MetalDam,micrograph31,micrograph31.jpg,512,0,0.226486,val,256,/content/drive/MyDrive/phase11-data/data/MetalDam/images/micrograph31.jpg,/content/drive/MyDrive/phase11-persistent/gt_boundaries/MetalDam/micrograph31.png,0,0,1024,703,0,65
MetalDam/micrograph31/x512_y128,MetalDam,micrograph31,micrograph31.jpg,512,128,0.23056,val,256,/content/drive/MyDrive/phase11-data/data/MetalDam/images/micrograph31.jpg,/content/drive/MyDrive/phase11-persistent/gt_boundaries/MetalDam/micrograph31.png,0,0,1024,703,0,65
MetalDam/micrograph31/x512_y256,MetalDam,micrograph31,micrograph31.jpg,512,256,0.225571,val,256,/content/drive/MyDrive/phase11-data/data/MetalDam/images/micrograph31.jpg,/content/drive/MyDrive/phase11-persistent/gt_boundaries/MetalDam/micrograph31.png,0,0,1024,703,0,65
MetalDam/micrograph31/x512_y384,MetalDam,micrograph31,micrograph31.jpg,512,384,0.217712,val,256,/content/drive/MyDrive/phase11-data/data/MetalDam/images/micrograph31.jpg,/content/drive/MyDrive/phase11-persistent/gt_boundaries/MetalDam/micrograph31.png,0,0,1024,703,0,65
MetalDam/micrograph31/x512_y512,MetalDam,micrograph31,micrograph31.jpg,512,512,0.212936,val,256,/content/drive/MyDrive/phase11-data/data/MetalDam/images/micrograph31.jpg,/content/drive/MyDrive/phase11-persistent/gt_boundaries/MetalDam/micrograph31.png,0,0,1024,703,0,65
MetalDam/micrograph31/x640_y0,MetalDam,micrograph31,micrograph31.jpg,640,0,0.222107,val,256,/content/drive/MyDrive/phase11-data/data/MetalDam/images/micrograph31.jpg,/content/drive/MyDrive/phase11-persistent/gt_boundaries/MetalDam/micrograph31.png,0,0,1024,703,0,65
MetalDam/micrograph31/x640_y128,MetalDam,micrograph31,micrograph31.jpg,640,128,0.226273,val,256,/content/drive/MyDrive/phase11-data/data/MetalDam/images/micrograph31.jpg,/content/drive/MyDrive/phase11-persistent/gt_boundaries/MetalDam/micrograph31.png,0,0,1024,703,0,65
MetalDam/micrograph31/x640_y256,MetalDam,micrograph31,micrograph31.jpg,640,256,0.225418,val,256,/content/drive/MyDrive/phase11-data/data/MetalDam/images/micrograph31.jpg,/content/drive/MyDrive/phase11-persistent/gt_boundaries/MetalDam/micrograph31.png,0,0,1024,703,0,65
MetalDam/micrograph31/x640_y384,MetalDam,micrograph31,micrograph31.jpg,640,384,0.229446,val,256,/content/drive/MyDrive/phase11-data/data/MetalDam/images/micrograph31.jpg,/content/drive/MyDrive/phase11-persistent/gt_boundaries/MetalDam/micrograph31.png,0,0,1024,703,0,65
MetalDam/micrograph31/x640_y512,MetalDam,micrograph31,micrograph31.jpg,640,512,0.225815,val,256,/content/drive/MyDrive/phase11-data/data/MetalDam/images/micrograph31.jpg,/content/drive/MyDrive/phase11-persistent/gt_boundaries/MetalDam/micrograph31.png,0,0,1024,703,0,65
MetalDam/micrograph31/x768_y0,MetalDam,micrograph31,micrograph31.jpg,768,0,0.213303,val,256,/content/drive/MyDrive/phase11-data/data/MetalDam/images/micrograph31.jpg,/content/drive/MyDrive/phase11-persistent/gt_boundaries/MetalDam/micrograph31.png,0,0,1024,703,0,65
MetalDam/micrograph31/x768_y128,MetalDam,micrograph31,micrograph31.jpg,768,128,0.218613,val,256,/content/drive/MyDrive/phase11-data/data/MetalDam/images/micrograph31.jpg,/content/drive/MyDrive/phase11-persistent/gt_boundaries/MetalDam/micrograph31.png,0,0,1024,703,0,65
MetalDam/micrograph31/x768_y256,MetalDam,micrograph31,micrograph31.jpg,768,256,0.227661,val,256,/content/drive/MyDrive/phase11-data/data/MetalDam/images/micrograph31.jpg,/content/drive/MyDrive/phase11-persistent/gt_boundaries/MetalDam/micrograph31.png,0,0,1024,703,0,65
MetalDam/micrograph31/x768_y384,MetalDam,micrograph31,micrograph31.jpg,768,384,0.240952,val,256,/content/drive/MyDrive/phase11-data/data/MetalDam/images/micrograph31.jpg,/content/drive/MyDrive/phase11-persistent/gt_boundaries/MetalDam/micrograph31.png,0,0,1024,703,0,65
MetalDam/micrograph31/x768_y512,MetalDam,micrograph31,micrograph31.jpg,768,512,0.231796,val,256,/content/drive/MyDrive/phase11-data/data/MetalDam/images/micrograph31.jpg,/content/drive/MyDrive/phase11-persistent/gt_boundaries/MetalDam/micrograph31.png,0,0,1024,703,0,65
MetalDam/micrograph32/x0_y0,MetalDam,micrograph32,micrograph32.jpg,0,0,0.168884,val,256,/content/drive/MyDrive/phase11-data/data/MetalDam/images/micrograph32.jpg,/content/drive/MyDrive/phase11-persistent/gt_boundaries/MetalDam/micrograph32.png,0,0,1280,895,0,1
MetalDam/micrograph32/x0_y128,MetalDam,micrograph32,micrograph32.jpg,0,128,0.179153,val,256,/content/drive/MyDrive/phase11-data/data/MetalDam/images/micrograph32.jpg,/content/drive/MyDrive/phase11-persistent/gt_boundaries/MetalDam/micrograph32.png,0,0,1280,895,0,1
MetalDam/micrograph32/x0_y256,MetalDam,micrograph32,micrograph32.jpg,0,256,0.179688,val,256,/content/drive/MyDrive/phase11-data/data/MetalDam/images/micrograph32.jpg,/content/drive/MyDrive/phase11-persistent/gt_boundaries/MetalDam/micrograph32.png,0,0,1280,895,0,1
MetalDam/micrograph32/x0_y384,MetalDam,micrograph32,micrograph32.jpg,0,384,0.15033,val,256,/content/drive/MyDrive/phase11-data/data/MetalDam/images/micrograph32.jpg,/content/drive/MyDrive/phase11-persistent/gt_boundaries/MetalDam/micrograph32.png,0,0,1280,895,0,1
MetalDam/micrograph32/x0_y512,MetalDam,micrograph32,micrograph32.jpg,0,512,0.144974,val,256,/content/drive/MyDrive/phase11-data/data/MetalDam/images/micrograph32.jpg,/content/drive/MyDrive/phase11-persistent/gt_boundaries/MetalDam/micrograph32.png,0,0,1280,895,0,1
MetalDam/micrograph32/x0_y640,MetalDam,micrograph32,micrograph32.jpg,0,640,0.171219,val,256,/content/drive/MyDrive/phase11-data/data/MetalDam/images/micrograph32.jpg,/content/drive/MyDrive/phase11-persistent/gt_boundaries/MetalDam/micrograph32.png,0,0,1280,895,0,1
MetalDam/micrograph32/x1024_y0,MetalDam,micrograph32,micrograph32.jpg,1024,0,0.155151,val,256,/content/drive/MyDrive/phase11-data/data/MetalDam/images/micrograph32.jpg,/content/drive/MyDrive/phase11-persistent/gt_boundaries/MetalDam/micrograph32.png,0,0,1280,895,0,1
MetalDam/micrograph32/x1024_y128,MetalDam,micrograph32,micrograph32.jpg,1024,128,0.155869,val,256,/content/drive/MyDrive/phase11-data/data/MetalDam/images/micrograph32.jpg,/content/drive/MyDrive/phase11-persistent/gt_boundaries/MetalDam/micrograph32.png,0,0,1280,895,0,1
MetalDam/micrograph32/x1024_y256,MetalDam,micrograph32,micrograph32.jpg,1024,256,0.15242,val,256,/content/drive/MyDrive/phase11-data/data/MetalDam/images/micrograph32.jpg,/content/drive/MyDrive/phase11-persistent/gt_boundaries/MetalDam/micrograph32.png,0,0,1280,895,0,1
MetalDam/micrograph32/x1024_y384,MetalDam,micrograph32,micrograph32.jpg,1024,384,0.158218,val,256,/content/drive/MyDrive/phase11-data/data/MetalDam/images/micrograph32.jpg,/content/drive/MyDrive/phase11-persistent/gt_boundaries/MetalDam/micrograph32.png,0,0,1280,895,0,1
MetalDam/micrograph32/x1024_y512,MetalDam,micrograph32,micrograph32.jpg,1024,512,0.165054,val,256,/content/drive/MyDrive/phase11-data/data/MetalDam/images/micrograph32.jpg,/content/drive/MyDrive/phase11-persistent/gt_boundaries/MetalDam/micrograph32.png,0,0,1280,895,0,1
MetalDam/micrograph32/x1024_y640,MetalDam,micrograph32,micrograph32.jpg,1024,640,0.176407,val,256,/content/drive/MyDrive/phase11-data/data/MetalDam/images/micrograph32.jpg,/content/drive/MyDrive/phase11-persistent/gt_boundaries/MetalDam/micrograph32.png,0,0,1280,895,0,1
MetalDam/micrograph32/x128_y0,MetalDam,micrograph32,micrograph32.jpg,128,0,0.164413,val,256,/content/drive/MyDrive/phase11-data/data/MetalDam/images/micrograph32.jpg,/content/drive/MyDrive/phase11-persistent/gt_boundaries/MetalDam/micrograph32.png,0,0,1280,895,0,1
MetalDam/micrograph32/x128_y128,MetalDam,micrograph32,micrograph32.jpg,128,128,0.179901,val,256,/content/drive/MyDrive/phase11-data/data/MetalDam/images/micrograph32.jpg,/content/drive/MyDrive/phase11-persistent/gt_boundaries/MetalDam/micrograph32.png,0,0,1280,895,0,1
MetalDam/micrograph32/x128_y256,MetalDam,micrograph32,micrograph32.jpg,128,256,0.179871,val,256,/content/drive/MyDrive/phase11-data/data/MetalDam/images/micrograph32.jpg,/content/drive/MyDrive/phase11-persistent/gt_boundaries/MetalDam/micrograph32.png,0,0,1280,895,0,1
MetalDam/micrograph32/x128_y384,MetalDam,micrograph32,micrograph32.jpg,128,384,0.153976,val,256,/content/drive/MyDrive/phase11-data/data/MetalDam/images/micrograph32.jpg,/content/drive/MyDrive/phase11-persistent/gt_boundaries/MetalDam/micrograph32.png,0,0,1280,895,0,1
MetalDam/micrograph32/x128_y512,MetalDam,micrograph32,micrograph32.jpg,128,512,0.15448,val,256,/content/drive/MyDrive/phase11-data/data/MetalDam/images/micrograph32.jpg,/content/drive/MyDrive/phase11-persistent/gt_boundaries/MetalDam/micrograph32.png,0,0,1280,895,0,1
MetalDam/micrograph32/x128_y640,MetalDam,micrograph32,micrograph32.jpg,128,640,0.176071,val,256,/content/drive/MyDrive/phase11-data/data/MetalDam/images/micrograph32.jpg,/content/drive/MyDrive/phase11-persistent/gt_boundaries/MetalDam/micrograph32.png,0,0,1280,895,0,1
MetalDam/micrograph32/x256_y0,MetalDam,micrograph32,micrograph32.jpg,256,0,0.177811,val,256,/content/drive/MyDrive/phase11-data/data/MetalDam/images/micrograph32.jpg,/content/drive/MyDrive/phase11-persistent/gt_boundaries/MetalDam/micrograph32.png,0,0,1280,895,0,1
MetalDam/micrograph32/x256_y128,MetalDam,micrograph32,micrograph32.jpg,256,128,0.172226,val,256,/content/drive/MyDrive/phase11-data/data/MetalDam/images/micrograph32.jpg,/content/drive/MyDrive/phase11-persistent/gt_boundaries/MetalDam/micrograph32.png,0,0,1280,895,0,1
MetalDam/micrograph32/x256_y256,MetalDam,micrograph32,micrograph32.jpg,256,256,0.165237,val,256,/content/drive/MyDrive/phase11-data/data/MetalDam/images/micrograph32.jpg,/content/drive/MyDrive/phase11-persistent/gt_boundaries/MetalDam/micrograph32.png,0,0,1280,895,0,1
MetalDam/micrograph32/x256_y384,MetalDam,micrograph32,micrograph32.jpg,256,384,0.154007,val,256,/content/drive/MyDrive/phase11-data/data/MetalDam/images/micrograph32.jpg,/content/drive/MyDrive/phase11-persistent/gt_boundaries/MetalDam/micrograph32.png,0,0,1280,895,0,1
MetalDam/micrograph32/x256_y512,MetalDam,micrograph32,micrograph32.jpg,256,512,0.15921,val,256,/content/drive/MyDrive/phase11-data/data/MetalDam/images/micrograph32.jpg,/content/drive/MyDrive/phase11-persistent/gt_boundaries/MetalDam/micrograph32.png,0,0,1280,895,0,1
MetalDam/micrograph32/x256_y640,MetalDam,micrograph32,micrograph32.jpg,256,640,0.172546,val,256,/content/drive/MyDrive/phase11-data/data/MetalDam/images/micrograph32.jpg,/content/drive/MyDrive/phase11-persistent/gt_boundaries/MetalDam/micrograph32.png,0,0,1280,895,0,1
MetalDam/micrograph32/x384_y0,MetalDam,micrograph32,micrograph32.jpg,384,0,0.198227,val,256,/content/drive/MyDrive/phase11-data/data/MetalDam/images/micrograph32.jpg,/content/drive/MyDrive/phase11-persistent/gt_boundaries/MetalDam/micrograph32.png,0,0,1280,895,0,1
MetalDam/micrograph32/x384_y128,MetalDam,micrograph32,micrograph32.jpg,384,128,0.184891,val,256,/content/drive/MyDrive/phase11-data/data/MetalDam/images/micrograph32.jpg,/content/drive/MyDrive/phase11-persistent/gt_boundaries/MetalDam/micrograph32.png,0,0,1280,895,0,1
MetalDam/micrograph32/x384_y256,MetalDam,micrograph32,micrograph32.jpg,384,256,0.158234,val,256,/content/drive/MyDrive/phase11-data/data/MetalDam/images/micrograph32.jpg,/content/drive/MyDrive/phase11-persistent/gt_boundaries/MetalDam/micrograph32.png,0,0,1280,895,0,1
MetalDam/micrograph32/x384_y384,MetalDam,micrograph32,micrograph32.jpg,384,384,0.143661,val,256,/content/drive/MyDrive/phase11-data/data/MetalDam/images/micrograph32.jpg,/content/drive/MyDrive/phase11-persistent/gt_boundaries/MetalDam/micrograph32.png,0,0,1280,895,0,1
MetalDam/micrograph32/x384_y512,MetalDam,micrograph32,micrograph32.jpg,384,512,0.149704,val,256,/content/drive/MyDrive/phase11-data/data/MetalDam/images/micrograph32.jpg,/content/drive/MyDrive/phase11-persistent/gt_boundaries/MetalDam/micrograph32.png,0,0,1280,895,0,1
MetalDam/micrograph32/x384_y640,MetalDam,micrograph32,micrograph32.jpg,384,640,0.1595,val,256,/content/drive/MyDrive/phase11-data/data/MetalDam/images/micrograph32.jpg,/content/drive/MyDrive/phase11-persistent/gt_boundaries/MetalDam/micrograph32.png,0,0,1280,895,0,1
MetalDam/micrograph32/x512_y0,MetalDam,micrograph32,micrograph32.jpg,512,0,0.193253,val,256,/content/drive/MyDrive/phase11-data/data/MetalDam/images/micrograph32.jpg,/content/drive/MyDrive/phase11-persistent/gt_boundaries/MetalDam/micrograph32.png,0,0,1280,895,0,1
MetalDam/micrograph32/x512_y128,MetalDam,micrograph32,micrograph32.jpg,512,128,0.180466,val,256,/content/drive/MyDrive/phase11-data/data/MetalDam/images/micrograph32.jpg,/content/drive/MyDrive/phase11-persistent/gt_boundaries/MetalDam/micrograph32.png,0,0,1280,895,0,1
MetalDam/micrograph32/x512_y256,MetalDam,micrograph32,micrograph32.jpg,512,256,0.154999,val,256,/content/drive/MyDrive/phase11-data/data/MetalDam/images/micrograph32.jpg,/content/drive/MyDrive/phase11-persistent/gt_boundaries/MetalDam/micrograph32.png,0,0,1280,895,0,1
MetalDam/micrograph32/x512_y384,MetalDam,micrograph32,micrograph32.jpg,512,384,0.14856,val,256,/content/drive/MyDrive/phase11-data/data/MetalDam/images/micrograph32.jpg,/content/drive/MyDrive/phase11-persistent/gt_boundaries/MetalDam/micrograph32.png,0,0,1280,895,0,1
MetalDam/micrograph32/x512_y512,MetalDam,micrograph32,micrograph32.jpg,512,512,0.156006,val,256,/content/drive/MyDrive/phase11-data/data/MetalDam/images/micrograph32.jpg,/content/drive/MyDrive/phase11-persistent/gt_boundaries/MetalDam/micrograph32.png,0,0,1280,895,0,1
MetalDam/micrograph32/x512_y640,MetalDam,micrograph32,micrograph32.jpg,512,640,0.157562,val,256,/content/drive/MyDrive/phase11-data/data/MetalDam/images/micrograph32.jpg,/content/drive/MyDrive/phase11-persistent/gt_boundaries/MetalDam/micrograph32.png,0,0,1280,895,0,1
MetalDam/micrograph32/x640_y0,MetalDam,micrograph32,micrograph32.jpg,640,0,0.185501,val,256,/content/drive/MyDrive/phase11-data/data/MetalDam/images/micrograph32.jpg,/content/drive/MyDrive/phase11-persistent/gt_boundaries/MetalDam/micrograph32.png,0,0,1280,895,0,1
MetalDam/micrograph32/x640_y128,MetalDam,micrograph32,micrograph32.jpg,640,128,0.161896,val,256,/content/drive/MyDrive/phase11-data/data/MetalDam/images/micrograph32.jpg,/content/drive/MyDrive/phase11-persistent/gt_boundaries/MetalDam/micrograph32.png,0,0,1280,895,0,1
MetalDam/micrograph32/x640_y256,MetalDam,micrograph32,micrograph32.jpg,640,256,0.150055,val,256,/content/drive/MyDrive/phase11-data/data/MetalDam/images/micrograph32.jpg,/content/drive/MyDrive/phase11-persistent/gt_boundaries/MetalDam/micrograph32.png,0,0,1280,895,0,1
MetalDam/micrograph32/x640_y384,MetalDam,micrograph32,micrograph32.jpg,640,384,0.156799,val,256,/content/drive/MyDrive/phase11-data/data/MetalDam/images/micrograph32.jpg,/content/drive/MyDrive/phase11-persistent/gt_boundaries/MetalDam/micrograph32.png,0,0,1280,895,0,1
MetalDam/micrograph32/x640_y512,MetalDam,micrograph32,micrograph32.jpg,640,512,0.158707,val,256,/content/drive/MyDrive/phase11-data/data/MetalDam/images/micrograph32.jpg,/content/drive/MyDrive/phase11-persistent/gt_boundaries/MetalDam/micrograph32.png,0,0,1280,895,0,1
MetalDam/micrograph32/x640_y640,MetalDam,micrograph32,micrograph32.jpg,640,640,0.153412,val,256,/content/drive/MyDrive/phase11-data/data/MetalDam/images/micrograph32.jpg,/content/drive/MyDrive/phase11-persistent/gt_boundaries/MetalDam/micrograph32.png,0,0,1280,895,0,1
MetalDam/micrograph32/x768_y0,MetalDam,micrograph32,micrograph32.jpg,768,0,0.179489,val,256,/content/drive/MyDrive/phase11-data/data/MetalDam/images/micrograph32.jpg,/content/drive/MyDrive/phase11-persistent/gt_boundaries/MetalDam/micrograph32.png,0,0,1280,895,0,1
MetalDam/micrograph32/x768_y128,MetalDam,micrograph32,micrograph32.jpg,768,128,0.158798,val,256,/content/drive/MyDrive/phase11-data/data/MetalDam/images/micrograph32.jpg,/content/drive/MyDrive/phase11-persistent/gt_boundaries/MetalDam/micrograph32.png,0,0,1280,895,0,1
MetalDam/micrograph32/x768_y256,MetalDam,micrograph32,micrograph32.jpg,768,256,0.158325,val,256,/content/drive/MyDrive/phase11-data/data/MetalDam/images/micrograph32.jpg,/content/drive/MyDrive/phase11-persistent/gt_boundaries/MetalDam/micrograph32.png,0,0,1280,895,0,1
MetalDam/micrograph32/x768_y384,MetalDam,micrograph32,micrograph32.jpg,768,384,0.157089,val,256,/content/drive/MyDrive/phase11-data/data/MetalDam/images/micrograph32.jpg,/content/drive/MyDrive/phase11-persistent/gt_boundaries/MetalDam/micrograph32.png,0,0,1280,895,0,1
MetalDam/micrograph32/x768_y512,MetalDam,micrograph32,micrograph32.jpg,768,512,0.152542,val,256,/content/drive/MyDrive/phase11-data/data/MetalDam/images/micrograph32.jpg,/content/drive/MyDrive/phase11-persistent/gt_boundaries/MetalDam/micrograph32.png,0,0,1280,895,0,1
MetalDam/micrograph32/x768_y640,MetalDam,micrograph32,micrograph32.jpg,768,640,0.154678,val,256,/content/drive/MyDrive/phase11-data/data/MetalDam/images/micrograph32.jpg,/content/drive/MyDrive/phase11-persistent/gt_boundaries/MetalDam/micrograph32.png,0,0,1280,895,0,1
MetalDam/micrograph32/x896_y0,MetalDam,micrograph32,micrograph32.jpg,896,0,0.16861,val,256,/content/drive/MyDrive/phase11-data/data/MetalDam/images/micrograph32.jpg,/content/drive/MyDrive/phase11-persistent/gt_boundaries/MetalDam/micrograph32.png,0,0,1280,895,0,1
MetalDam/micrograph32/x896_y128,MetalDam,micrograph32,micrograph32.jpg,896,128,0.159775,val,256,/content/drive/MyDrive/phase11-data/data/MetalDam/images/micrograph32.jpg,/content/drive/MyDrive/phase11-persistent/gt_boundaries/MetalDam/micrograph32.png,0,0,1280,895,0,1
MetalDam/micrograph32/x896_y256,MetalDam,micrograph32,micrograph32.jpg,896,256,0.157349,val,256,/content/drive/MyDrive/phase11-data/data/MetalDam/images/micrograph32.jpg,/content/drive/MyDrive/phase11-persistent/gt_boundaries/MetalDam/micrograph32.png,0,0,1280,895,0,1
MetalDam/micrograph32/x896_y384,MetalDam,micrograph32,micrograph32.jpg,896,384,0.150345,val,256,/content/drive/MyDrive/phase11-data/data/MetalDam/images/micrograph32.jpg,/content/drive/MyDrive/phase11-persistent/gt_boundaries/MetalDam/micrograph32.png,0,0,1280,895,0,1
MetalDam/micrograph32/x896_y512,MetalDam,micrograph32,micrograph32.jpg,896,512,0.149323,val,256,/content/drive/MyDrive/phase11-data/data/MetalDam/images/micrograph32.jpg,/content/drive/MyDrive/phase11-persistent/gt_boundaries/MetalDam/micrograph32.png,0,0,1280,895,0,1
MetalDam/micrograph32/x896_y640,MetalDam,micrograph32,micrograph32.jpg,896,640,0.160156,val,256,/content/drive/MyDrive/phase11-data/data/MetalDam/images/micrograph32.jpg,/content/drive/MyDrive/phase11-persistent/gt_boundaries/MetalDam/micrograph32.png,0,0,1280,895,0,1
MetalDam/micrograph33/x0_y0,MetalDam,micrograph33,micrograph33.jpg,0,0,0.233871,val,256,/content/drive/MyDrive/phase11-data/data/MetalDam/images/micrograph33.jpg,/content/drive/MyDrive/phase11-persistent/gt_boundaries/MetalDam/micrograph33.png,0,0,1024,703,0,65
MetalDam/micrograph33/x0_y128,MetalDam,micrograph33,micrograph33.jpg,0,128,0.228638,val,256,/content/drive/MyDrive/phase11-data/data/MetalDam/images/micrograph33.jpg,/content/drive/MyDrive/phase11-persistent/gt_boundaries/MetalDam/micrograph33.png,0,0,1024,703,0,65
MetalDam/micrograph33/x0_y256,MetalDam,micrograph33,micrograph33.jpg,0,256,0.233582,val,256,/content/drive/MyDrive/phase11-data/data/MetalDam/images/micrograph33.jpg,/content/drive/MyDrive/phase11-persistent/gt_boundaries/MetalDam/micrograph33.png,0,0,1024,703,0,65
MetalDam/micrograph33/x0_y384,MetalDam,micrograph33,micrograph33.jpg,0,384,0.228149,val,256,/content/drive/MyDrive/phase11-data/data/MetalDam/images/micrograph33.jpg,/content/drive/MyDrive/phase11-persistent/gt_boundaries/MetalDam/micrograph33.png,0,0,1024,703,0,65
MetalDam/micrograph33/x0_y512,MetalDam,micrograph33,micrograph33.jpg,0,512,0.230637,val,256,/content/drive/MyDrive/phase11-data/data/MetalDam/images/micrograph33.jpg,/content/drive/MyDrive/phase11-persistent/gt_boundaries/MetalDam/micrograph33.png,0,0,1024,703,0,65
MetalDam/micrograph33/x128_y0,MetalDam,micrograph33,micrograph33.jpg,128,0,0.237122,val,256,/content/drive/MyDrive/phase11-data/data/MetalDam/images/micrograph33.jpg,/content/drive/MyDrive/phase11-persistent/gt_boundaries/MetalDam/micrograph33.png,0,0,1024,703,0,65
MetalDam/micrograph33/x128_y128,MetalDam,micrograph33,micrograph33.jpg,128,128,0.231476,val,256,/content/drive/MyDrive/phase11-data/data/MetalDam/images/micrograph33.jpg,/content/drive/MyDrive/phase11-persistent/gt_boundaries/MetalDam/micrograph33.png,0,0,1024,703,0,65
MetalDam/micrograph33/x128_y256,MetalDam,micrograph33,micrograph33.jpg,128,256,0.236603,val,256,/content/drive/MyDrive/phase11-data/data/MetalDam/images/micrograph33.jpg,/content/drive/MyDrive/phase11-persistent/gt_boundaries/MetalDam/micrograph33.png,0,0,1024,703,0,65
MetalDam/micrograph33/x128_y384,MetalDam,micrograph33,micrograph33.jpg,128,384,0.241791,val,256,/content/drive/MyDrive/phase11-data/data/MetalDam/images/micrograph33.jpg,/content/drive/MyDrive/phase11-persistent/gt_boundaries/MetalDam/micrograph33.png,0,0,1024,703,0,65
MetalDam/micrograph33/x128_y512,MetalDam,micrograph33,micrograph33.jpg,128,512,0.235703,val,256,/content/drive/MyDrive/phase11-data/data/MetalDam/images/micrograph33.jpg,/content/drive/MyDrive/phase11-persistent/gt_boundaries/MetalDam/micrograph33.png,0,0,1024,703,0,65
MetalDam/micrograph33/x256_y0,MetalDam,micrograph33,micrograph33.jpg,256,0,0.239227,val,256,/content/drive/MyDrive/phase11-data/data/MetalDam/images/micrograph33.jpg,/content/drive/MyDrive/phase11-persistent/gt_boundaries/MetalDam/micrograph33.png,0,0,1024,703,0,65
MetalDam/micrograph33/x256_y128,MetalDam,micrograph33,micrograph33.jpg,256,128,0.231445,val,256,/content/drive/MyDrive/phase11-data/data/MetalDam/images/micrograph33.jpg,/content/drive/MyDrive/phase11-persistent/gt_boundaries/MetalDam/micrograph33.png,0,0,1024,703,0,65
MetalDam/micrograph33/x256_y256,MetalDam,micrograph33,micrograph33.jpg,256,256,0.229095,val,256,/content/drive/MyDrive/phase11-data/data/MetalDam/images/micrograph33.jpg,/content/drive/MyDrive/phase11-persistent/gt_boundaries/MetalDam/micrograph33.png,0,0,1024,703,0,65
MetalDam/micrograph33/x256_y384,MetalDam,micrograph33,micrograph33.jpg,256,384,0.240585,val,256,/content/drive/MyDrive/phase11-data/data/MetalDam/images/micrograph33.jpg,/content/drive/MyDrive/phase11-persistent/gt_boundaries/MetalDam/micrograph33.png,0,0,1024,703,0,65
MetalDam/micrograph33/x256_y512,MetalDam,micrograph33,micrograph33.jpg,256,512,0.236893,val,256,/content/drive/MyDrive/phase11-data/data/MetalDam/images/micrograph33.jpg,/content/drive/MyDrive/phase11-persistent/gt_boundaries/MetalDam/micrograph33.png,0,0,1024,703,0,65
MetalDam/micrograph33/x384_y0,MetalDam,micrograph33,micrograph33.jpg,384,0,0.239761,val,256,/content/drive/MyDrive/phase11-data/data/MetalDam/images/micrograph33.jpg,/content/drive/MyDrive/phase11-persistent/gt_boundaries/MetalDam/micrograph33.png,0,0,1024,703,0,65
MetalDam/micrograph33/x384_y128,MetalDam,micrograph33,micrograph33.jpg,384,128,0.217285,val,256,/content/drive/MyDrive/phase11-data/data/MetalDam/images/micrograph33.jpg,/content/drive/MyDrive/phase11-persistent/gt_boundaries/MetalDam/micrograph33.png,0,0,1024,703,0,65
MetalDam/micrograph33/x384_y256,MetalDam,micrograph33,micrograph33.jpg,384,256,0.219711,val,256,/content/drive/MyDrive/phase11-data/data/MetalDam/images/micrograph33.jpg,/content/drive/MyDrive/phase11-persistent/gt_boundaries/MetalDam/micrograph33.png,0,0,1024,703,0,65
MetalDam/micrograph33/x384_y384,MetalDam,micrograph33,micrograph33.jpg,384,384,0.247711,val,256,/content/drive/MyDrive/phase11-data/data/MetalDam/images/micrograph33.jpg,/content/drive/MyDrive/phase11-persistent/gt_boundaries/MetalDam/micrograph33.png,0,0,1024,703,0,65
MetalDam/micrograph33/x384_y512,MetalDam,micrograph33,micrograph33.jpg,384,512,0.24585,val,256,/content/drive/MyDrive/phase11-data/data/MetalDam/images/micrograph33.jpg,/content/drive/MyDrive/phase11-persistent/gt_boundaries/MetalDam/micrograph33.png,0,0,1024,703,0,65
MetalDam/micrograph33/x512_y0,MetalDam,micrograph33,micrograph33.jpg,512,0,0.241333,val,256,/content/drive/MyDrive/phase11-data/data/MetalDam/images/micrograph33.jpg,/content/drive/MyDrive/phase11-persistent/gt_boundaries/MetalDam/micrograph33.png,0,0,1024,703,0,65
MetalDam/micrograph33/x512_y128,MetalDam,micrograph33,micrograph33.jpg,512,128,0.21965,val,256,/content/drive/MyDrive/phase11-data/data/MetalDam/images/micrograph33.jpg,/content/drive/MyDrive/phase11-persistent/gt_boundaries/MetalDam/micrograph33.png,0,0,1024,703,0,65
MetalDam/micrograph33/x512_y256,MetalDam,micrograph33,micrograph33.jpg,512,256,0.220276,val,256,/content/drive/MyDrive/phase11-data/data/MetalDam/images/micrograph33.jpg,/content/drive/MyDrive/phase11-persistent/gt_boundaries/MetalDam/micrograph33.png,0,0,1024,703,0,65
MetalDam/micrograph33/x512_y384,MetalDam,micrograph33,micrograph33.jpg,512,384,0.236969,val,256,/content/drive/MyDrive/phase11-data/data/MetalDam/images/micrograph33.jpg,/content/drive/MyDrive/phase11-persistent/gt_boundaries/MetalDam/micrograph33.png,0,0,1024,703,0,65
MetalDam/micrograph33/x512_y512,MetalDam,micrograph33,micrograph33.jpg,512,512,0.248413,val,256,/content/drive/MyDrive/phase11-data/data/MetalDam/images/micrograph33.jpg,/content/drive/MyDrive/phase11-persistent/gt_boundaries/MetalDam/micrograph33.png,0,0,1024,703,0,65
MetalDam/micrograph33/x640_y0,MetalDam,micrograph33,micrograph33.jpg,640,0,0.254532,val,256,/content/drive/MyDrive/phase11-data/data/MetalDam/images/micrograph33.jpg,/content/drive/MyDrive/phase11-persistent/gt_boundaries/MetalDam/micrograph33.png,0,0,1024,703,0,65
MetalDam/micrograph33/x640_y128,MetalDam,micrograph33,micrograph33.jpg,640,128,0.25174,val,256,/content/drive/MyDrive/phase11-data/data/MetalDam/images/micrograph33.jpg,/content/drive/MyDrive/phase11-persistent/gt_boundaries/MetalDam/micrograph33.png,0,0,1024,703,0,65
MetalDam/micrograph33/x640_y256,MetalDam,micrograph33,micrograph33.jpg,640,256,0.248459,val,256,/content/drive/MyDrive/phase11-data/data/MetalDam/images/micrograph33.jpg,/content/drive/MyDrive/phase11-persistent/gt_boundaries/MetalDam/micrograph33.png,0,0,1024,703,0,65
MetalDam/micrograph33/x640_y384,MetalDam,micrograph33,micrograph33.jpg,640,384,0.236191,val,256,/content/drive/MyDrive/phase11-data/data/MetalDam/images/micrograph33.jpg,/content/drive/MyDrive/phase11-persistent/gt_boundaries/MetalDam/micrograph33.png,0,0,1024,703,0,65
MetalDam/micrograph33/x640_y512,MetalDam,micrograph33,micrograph33.jpg,640,512,0.236038,val,256,/content/drive/MyDrive/phase11-data/data/MetalDam/images/micrograph33.jpg,/content/drive/MyDrive/phase11-persistent/gt_boundaries/MetalDam/micrograph33.png,0,0,1024,703,0,65
MetalDam/micrograph33/x768_y0,MetalDam,micrograph33,micrograph33.jpg,768,0,0.250427,val,256,/content/drive/MyDrive/phase11-data/data/MetalDam/images/micrograph33.jpg,/content/drive/MyDrive/phase11-persistent/gt_boundaries/MetalDam/micrograph33.png,0,0,1024,703,0,65
MetalDam/micrograph33/x768_y128,MetalDam,micrograph33,micrograph33.jpg,768,128,0.258316,val,256,/content/drive/MyDrive/phase11-data/data/MetalDam/images/micrograph33.jpg,/content/drive/MyDrive/phase11-persistent/gt_boundaries/MetalDam/micrograph33.png,0,0,1024,703,0,65
MetalDam/micrograph33/x768_y256,MetalDam,micrograph33,micrograph33.jpg,768,256,0.258682,val,256,/content/drive/MyDrive/phase11-data/data/MetalDam/images/micrograph33.jpg,/content/drive/MyDrive/phase11-persistent/gt_boundaries/MetalDam/micrograph33.png,0,0,1024,703,0,65
MetalDam/micrograph33/x768_y384,MetalDam,micrograph33,micrograph33.jpg,768,384,0.254395,val,256,/content/drive/MyDrive/phase11-data/data/MetalDam/images/micrograph33.jpg,/content/drive/MyDrive/phase11-persistent/gt_boundaries/MetalDam/micrograph33.png,0,0,1024,703,0,65
MetalDam/micrograph33/x768_y512,MetalDam,micrograph33,micrograph33.jpg,768,512,0.241959,val,256,/content/drive/MyDrive/phase11-data/data/MetalDam/images/micrograph33.jpg,/content/drive/MyDrive/phase11-persistent/gt_boundaries/MetalDam/micrograph33.png,0,0,1024,703,0,65
MetalDam/micrograph34/x0_y0,MetalDam,micrograph34,micrograph34.jpg,0,0,0.177734,val,256,/content/drive/MyDrive/phase11-data/data/MetalDam/images/micrograph34.jpg,/content/drive/MyDrive/phase11-persistent/gt_boundaries/MetalDam/micrograph34.png,0,0,1024,703,0,65
MetalDam/micrograph34/x0_y128,MetalDam,micrograph34,micrograph34.jpg,0,128,0.141312,val,256,/content/drive/MyDrive/phase11-data/data/MetalDam/images/micrograph34.jpg,/content/drive/MyDrive/phase11-persistent/gt_boundaries/MetalDam/micrograph34.png,0,0,1024,703,0,65
MetalDam/micrograph34/x0_y256,MetalDam,micrograph34,micrograph34.jpg,0,256,0.125748,val,256,/content/drive/MyDrive/phase11-data/data/MetalDam/images/micrograph34.jpg,/content/drive/MyDrive/phase11-persistent/gt_boundaries/MetalDam/micrograph34.png,0,0,1024,703,0,65
MetalDam/micrograph34/x0_y384,MetalDam,micrograph34,micrograph34.jpg,0,384,0.140549,val,256,/content/drive/MyDrive/phase11-data/data/MetalDam/images/micrograph34.jpg,/content/drive/MyDrive/phase11-persistent/gt_boundaries/MetalDam/micrograph34.png,0,0,1024,703,0,65
MetalDam/micrograph34/x0_y512,MetalDam,micrograph34,micrograph34.jpg,0,512,0.141968,val,256,/content/drive/MyDrive/phase11-data/data/MetalDam/images/micrograph34.jpg,/content/drive/MyDrive/phase11-persistent/gt_boundaries/MetalDam/micrograph34.png,0,0,1024,703,0,65
MetalDam/micrograph34/x128_y0,MetalDam,micrograph34,micrograph34.jpg,128,0,0.179642,val,256,/content/drive/MyDrive/phase11-data/data/MetalDam/images/micrograph34.jpg,/content/drive/MyDrive/phase11-persistent/gt_boundaries/MetalDam/micrograph34.png,0,0,1024,703,0,65
MetalDam/micrograph34/x128_y128,MetalDam,micrograph34,micrograph34.jpg,128,128,0.14772,val,256,/content/drive/MyDrive/phase11-data/data/MetalDam/images/micrograph34.jpg,/content/drive/MyDrive/phase11-persistent/gt_boundaries/MetalDam/micrograph34.png,0,0,1024,703,0,65
MetalDam/micrograph34/x128_y256,MetalDam,micrograph34,micrograph34.jpg,128,256,0.124008,val,256,/content/drive/MyDrive/phase11-data/data/MetalDam/images/micrograph34.jpg,/content/drive/MyDrive/phase11-persistent/gt_boundaries/MetalDam/micrograph34.png,0,0,1024,703,0,65
MetalDam/micrograph34/x128_y384,MetalDam,micrograph34,micrograph34.jpg,128,384,0.133423,val,256,/content/drive/MyDrive/phase11-data/data/MetalDam/images/micrograph34.jpg,/content/drive/MyDrive/phase11-persistent/gt_boundaries/MetalDam/micrograph34.png,0,0,1024,703,0,65
MetalDam/micrograph34/x128_y512,MetalDam,micrograph34,micrograph34.jpg,128,512,0.130371,val,256,/content/drive/MyDrive/phase11-data/data/MetalDam/images/micrograph34.jpg,/content/drive/MyDrive/phase11-persistent/gt_boundaries/MetalDam/micrograph34.png,0,0,1024,703,0,65
MetalDam/micrograph34/x256_y0,MetalDam,micrograph34,micrograph34.jpg,256,0,0.203079,val,256,/content/drive/MyDrive/phase11-data/data/MetalDam/images/micrograph34.jpg,/content/drive/MyDrive/phase11-persistent/gt_boundaries/MetalDam/micrograph34.png,0,0,1024,703,0,65
MetalDam/micrograph34/x256_y128,MetalDam,micrograph34,micrograph34.jpg,256,128,0.168137,val,256,/content/drive/MyDrive/phase11-data/data/MetalDam/images/micrograph34.jpg,/content/drive/MyDrive/phase11-persistent/gt_boundaries/MetalDam/micrograph34.png,0,0,1024,703,0,65
MetalDam/micrograph34/x256_y256,MetalDam,micrograph34,micrograph34.jpg,256,256,0.125305,val,256,/content/drive/MyDrive/phase11-data/data/MetalDam/images/micrograph34.jpg,/content/drive/MyDrive/phase11-persistent/gt_boundaries/MetalDam/micrograph34.png,0,0,1024,703,0,65
MetalDam/micrograph34/x256_y384,MetalDam,micrograph34,micrograph34.jpg,256,384,0.123642,val,256,/content/drive/MyDrive/phase11-data/data/MetalDam/images/micrograph34.jpg,/content/drive/MyDrive/phase11-persistent/gt_boundaries/MetalDam/micrograph34.png,0,0,1024,703,0,65
MetalDam/micrograph34/x256_y512,MetalDam,micrograph34,micrograph34.jpg,256,512,0.12796,val,256,/content/drive/MyDrive/phase11-data/data/MetalDam/images/micrograph34.jpg,/content/drive/MyDrive/phase11-persistent/gt_boundaries/MetalDam/micrograph34.png,0,0,1024,703,0,65
MetalDam/micrograph34/x384_y0,MetalDam,micrograph34,micrograph34.jpg,384,0,0.228394,val,256,/content/drive/MyDrive/phase11-data/data/MetalDam/images/micrograph34.jpg,/content/drive/MyDrive/phase11-persistent/gt_boundaries/MetalDam/micrograph34.png,0,0,1024,703,0,65
MetalDam/micrograph34/x384_y128,MetalDam,micrograph34,micrograph34.jpg,384,128,0.193283,val,256,/content/drive/MyDrive/phase11-data/data/MetalDam/images/micrograph34.jpg,/content/drive/MyDrive/phase11-persistent/gt_boundaries/MetalDam/micrograph34.png,0,0,1024,703,0,65
MetalDam/micrograph34/x384_y256,MetalDam,micrograph34,micrograph34.jpg,384,256,0.142639,val,256,/content/drive/MyDrive/phase11-data/data/MetalDam/images/micrograph34.jpg,/content/drive/MyDrive/phase11-persistent/gt_boundaries/MetalDam/micrograph34.png,0,0,1024,703,0,65
MetalDam/micrograph34/x384_y384,MetalDam,micrograph34,micrograph34.jpg,384,384,0.12027,val,256,/content/drive/MyDrive/phase11-data/data/MetalDam/images/micrograph34.jpg,/content/drive/MyDrive/phase11-persistent/gt_boundaries/MetalDam/micrograph34.png,0,0,1024,703,0,65
MetalDam/micrograph34/x384_y512,MetalDam,micrograph34,micrograph34.jpg,384,512,0.127914,val,256,/content/drive/MyDrive/phase11-data/data/MetalDam/images/micrograph34.jpg,/content/drive/MyDrive/phase11-persistent/gt_boundaries/MetalDam/micrograph34.png,0,0,1024,703,0,65
MetalDam/micrograph34/x512_y0,MetalDam,micrograph34,micrograph34.jpg,512,0,0.216736,val,256,/content/drive/MyDrive/phase11-data/data/MetalDam/images/micrograph34.jpg,/content/drive/MyDrive/phase11-persistent/gt_boundaries/MetalDam/micrograph34.png,0,0,1024,703,0,65
MetalDam/micrograph34/x512_y128,MetalDam,micrograph34,micrograph34.jpg,512,128,0.183456,val,256,/content/drive/MyDrive/phase11-data/data/MetalDam/images/micrograph34.jpg,/content/drive/MyDrive/phase11-persistent/gt_boundaries/MetalDam/micrograph34.png,0,0,1024,703,0,65
MetalDam/micrograph34/x512_y256,MetalDam,micrograph34,micrograph34.jpg,512,256,0.144989,val,256,/content/drive/MyDrive/phase11-data/data/MetalDam/images/micrograph34.jpg,/content/drive/MyDrive/phase11-persistent/gt_boundaries/MetalDam/micrograph34.png,0,0,1024,703,0,65
MetalDam/micrograph34/x512_y384,MetalDam,micrograph34,micrograph34.jpg,512,384,0.128372,val,256,/content/drive/MyDrive/phase11-data/data/MetalDam/images/micrograph34.jpg,/content/drive/MyDrive/phase11-persistent/gt_boundaries/MetalDam/micrograph34.png,0,0,1024,703,0,65
MetalDam/micrograph34/x512_y512,MetalDam,micrograph34,micrograph34.jpg,512,512,0.130478,val,256,/content/drive/MyDrive/phase11-data/data/MetalDam/images/micrograph34.jpg,/content/drive/MyDrive/phase11-persistent/gt_boundaries/MetalDam/micrograph34.png,0,0,1024,703,0,65
MetalDam/micrograph34/x640_y0,MetalDam,micrograph34,micrograph34.jpg,640,0,0.180283,val,256,/content/drive/MyDrive/phase11-data/data/MetalDam/images/micrograph34.jpg,/content/drive/MyDrive/phase11-persistent/gt_boundaries/MetalDam/micrograph34.png,0,0,1024,703,0,65
MetalDam/micrograph34/x640_y128,MetalDam,micrograph34,micrograph34.jpg,640,128,0.15065,val,256,/content/drive/MyDrive/phase11-data/data/MetalDam/images/micrograph34.jpg,/content/drive/MyDrive/phase11-persistent/gt_boundaries/MetalDam/micrograph34.png,0,0,1024,703,0,65
MetalDam/micrograph34/x640_y256,MetalDam,micrograph34,micrograph34.jpg,640,256,0.131424,val,256,/content/drive/MyDrive/phase11-data/data/MetalDam/images/micrograph34.jpg,/content/drive/MyDrive/phase11-persistent/gt_boundaries/MetalDam/micrograph34.png,0,0,1024,703,0,65
MetalDam/micrograph34/x640_y384,MetalDam,micrograph34,micrograph34.jpg,640,384,0.136383,val,256,/content/drive/MyDrive/phase11-data/data/MetalDam/images/micrograph34.jpg,/content/drive/MyDrive/phase11-persistent/gt_boundaries/MetalDam/micrograph34.png,0,0,1024,703,0,65
MetalDam/micrograph34/x640_y512,MetalDam,micrograph34,micrograph34.jpg,640,512,0.132843,val,256,/content/drive/MyDrive/phase11-data/data/MetalDam/images/micrograph34.jpg,/content/drive/MyDrive/phase11-persistent/gt_boundaries/MetalDam/micrograph34.png,0,0,1024,703,0,65
MetalDam/micrograph34/x768_y0,MetalDam,micrograph34,micrograph34.jpg,768,0,0.146881,val,256,/content/drive/MyDrive/phase11-data/data/MetalDam/images/micrograph34.jpg,/content/drive/MyDrive/phase11-persistent/gt_boundaries/MetalDam/micrograph34.png,0,0,1024,703,0,65
MetalDam/micrograph34/x768_y128,MetalDam,micrograph34,micrograph34.jpg,768,128,0.142715,val,256,/content/drive/MyDrive/phase11-data/data/MetalDam/images/micrograph34.jpg,/content/drive/MyDrive/phase11-persistent/gt_boundaries/MetalDam/micrograph34.png,0,0,1024,703,0,65
MetalDam/micrograph34/x768_y256,MetalDam,micrograph34,micrograph34.jpg,768,256,0.132141,val,256,/content/drive/MyDrive/phase11-data/data/MetalDam/images/micrograph34.jpg,/content/drive/MyDrive/phase11-persistent/gt_boundaries/MetalDam/micrograph34.png,0,0,1024,703,0,65
MetalDam/micrograph34/x768_y384,MetalDam,micrograph34,micrograph34.jpg,768,384,0.135345,val,256,/content/drive/MyDrive/phase11-data/data/MetalDam/images/micrograph34.jpg,/content/drive/MyDrive/phase11-persistent/gt_boundaries/MetalDam/micrograph34.png,0,0,1024,703,0,65
MetalDam/micrograph34/x768_y512,MetalDam,micrograph34,micrograph34.jpg,768,512,0.134277,val,256,/content/drive/MyDrive/phase11-data/data/MetalDam/images/micrograph34.jpg,/content/drive/MyDrive/phase11-persistent/gt_boundaries/MetalDam/micrograph34.png,0,0,1024,703,0,65
MetalDam/micrograph35/x0_y0,MetalDam,micrograph35,micrograph35.jpg,0,0,0.178864,val,256,/content/drive/MyDrive/phase11-data/data/MetalDam/images/micrograph35.jpg,/content/drive/MyDrive/phase11-persistent/gt_boundaries/MetalDam/micrograph35.png,0,0,1024,703,0,65
MetalDam/micrograph35/x0_y128,MetalDam,micrograph35,micrograph35.jpg,0,128,0.190811,val,256,/content/drive/MyDrive/phase11-data/data/MetalDam/images/micrograph35.jpg,/content/drive/MyDrive/phase11-persistent/gt_boundaries/MetalDam/micrograph35.png,0,0,1024,703,0,65
MetalDam/micrograph35/x0_y256,MetalDam,micrograph35,micrograph35.jpg,0,256,0.189713,val,256,/content/drive/MyDrive/phase11-data/data/MetalDam/images/micrograph35.jpg,/content/drive/MyDrive/phase11-persistent/gt_boundaries/MetalDam/micrograph35.png,0,0,1024,703,0,65
MetalDam/micrograph35/x0_y384,MetalDam,micrograph35,micrograph35.jpg,0,384,0.176651,val,256,/content/drive/MyDrive/phase11-data/data/MetalDam/images/micrograph35.jpg,/content/drive/MyDrive/phase11-persistent/gt_boundaries/MetalDam/micrograph35.png,0,0,1024,703,0,65
MetalDam/micrograph35/x0_y512,MetalDam,micrograph35,micrograph35.jpg,0,512,0.177933,val,256,/content/drive/MyDrive/phase11-data/data/MetalDam/images/micrograph35.jpg,/content/drive/MyDrive/phase11-persistent/gt_boundaries/MetalDam/micrograph35.png,0,0,1024,703,0,65
MetalDam/micrograph35/x128_y0,MetalDam,micrograph35,micrograph35.jpg,128,0,0.174591,val,256,/content/drive/MyDrive/phase11-data/data/MetalDam/images/micrograph35.jpg,/content/drive/MyDrive/phase11-persistent/gt_boundaries/MetalDam/micrograph35.png,0,0,1024,703,0,65
MetalDam/micrograph35/x128_y128,MetalDam,micrograph35,micrograph35.jpg,128,128,0.18541,val,256,/content/drive/MyDrive/phase11-data/data/MetalDam/images/micrograph35.jpg,/content/drive/MyDrive/phase11-persistent/gt_boundaries/MetalDam/micrograph35.png,0,0,1024,703,0,65
MetalDam/micrograph35/x128_y256,MetalDam,micrograph35,micrograph35.jpg,128,256,0.200211,val,256,/content/drive/MyDrive/phase11-data/data/MetalDam/images/micrograph35.jpg,/content/drive/MyDrive/phase11-persistent/gt_boundaries/MetalDam/micrograph35.png,0,0,1024,703,0,65
MetalDam/micrograph35/x128_y384,MetalDam,micrograph35,micrograph35.jpg,128,384,0.192764,val,256,/content/drive/MyDrive/phase11-data/data/MetalDam/images/micrograph35.jpg,/content/drive/MyDrive/phase11-persistent/gt_boundaries/MetalDam/micrograph35.png,0,0,1024,703,0,65
MetalDam/micrograph35/x128_y512,MetalDam,micrograph35,micrograph35.jpg,128,512,0.183899,val,256,/content/drive/MyDrive/phase11-data/data/MetalDam/images/micrograph35.jpg,/content/drive/MyDrive/phase11-persistent/gt_boundaries/MetalDam/micrograph35.png,0,0,1024,703,0,65
MetalDam/micrograph35/x256_y0,MetalDam,micrograph35,micrograph35.jpg,256,0,0.179138,val,256,/content/drive/MyDrive/phase11-data/data/MetalDam/images/micrograph35.jpg,/content/drive/MyDrive/phase11-persistent/gt_boundaries/MetalDam/micrograph35.png,0,0,1024,703,0,65
MetalDam/micrograph35/x256_y128,MetalDam,micrograph35,micrograph35.jpg,256,128,0.191376,val,256,/content/drive/MyDrive/phase11-data/data/MetalDam/images/micrograph35.jpg,/content/drive/MyDrive/phase11-persistent/gt_boundaries/MetalDam/micrograph35.png,0,0,1024,703,0,65
MetalDam/micrograph35/x256_y256,MetalDam,micrograph35,micrograph35.jpg,256,256,0.202667,val,256,/content/drive/MyDrive/phase11-data/data/MetalDam/images/micrograph35.jpg,/content/drive/MyDrive/phase11-persistent/gt_boundaries/MetalDam/micrograph35.png,0,0,1024,703,0,65
MetalDam/micrograph35/x256_y384,MetalDam,micrograph35,micrograph35.jpg,256,384,0.183716,val,256,/content/drive/MyDrive/phase11-data/data/MetalDam/images/micrograph35.jpg,/content/drive/MyDrive/phase11-persistent/gt_boundaries/MetalDam/micrograph35.png,0,0,1024,703,0,65
MetalDam/micrograph35/x256_y512,MetalDam,micrograph35,micrograph35.jpg,256,512,0.171173,val,256,/content/drive/MyDrive/phase11-data/data/MetalDam/images/micrograph35.jpg,/content/drive/MyDrive/phase11-persistent/gt_boundaries/MetalDam/micrograph35.png,0,0,1024,703,0,65
MetalDam/micrograph35/x384_y0,MetalDam,micrograph35,micrograph35.jpg,384,0,0.187881,val,256,/content/drive/MyDrive/phase11-data/data/MetalDam/images/micrograph35.jpg,/content/drive/MyDrive/phase11-persistent/gt_boundaries/MetalDam/micrograph35.png,0,0,1024,703,0,65
MetalDam/micrograph35/x384_y128,MetalDam,micrograph35,micrograph35.jpg,384,128,0.196747,val,256,/content/drive/MyDrive/phase11-data/data/MetalDam/images/micrograph35.jpg,/content/drive/MyDrive/phase11-persistent/gt_boundaries/MetalDam/micrograph35.png,0,0,1024,703,0,65
MetalDam/micrograph35/x384_y256,MetalDam,micrograph35,micrograph35.jpg,384,256,0.195175,val,256,/content/drive/MyDrive/phase11-data/data/MetalDam/images/micrograph35.jpg,/content/drive/MyDrive/phase11-persistent/gt_boundaries/MetalDam/micrograph35.png,0,0,1024,703,0,65
MetalDam/micrograph35/x384_y384,MetalDam,micrograph35,micrograph35.jpg,384,384,0.169647,val,256,/content/drive/MyDrive/phase11-data/data/MetalDam/images/micrograph35.jpg,/content/drive/MyDrive/phase11-persistent/gt_boundaries/MetalDam/micrograph35.png,0,0,1024,703,0,65
MetalDam/micrograph35/x384_y512,MetalDam,micrograph35,micrograph35.jpg,384,512,0.168396,val,256,/content/drive/MyDrive/phase11-data/data/MetalDam/images/micrograph35.jpg,/content/drive/MyDrive/phase11-persistent/gt_boundaries/MetalDam/micrograph35.png,0,0,1024,703,0,65
MetalDam/micrograph35/x512_y0,MetalDam,micrograph35,micrograph35.jpg,512,0,0.189377,val,256,/content/drive/MyDrive/phase11-data/data/MetalDam/images/micrograph35.jpg,/content/drive/MyDrive/phase11-persistent/gt_boundaries/MetalDam/micrograph35.png,0,0,1024,703,0,65
MetalDam/micrograph35/x512_y128,MetalDam,micrograph35,micrograph35.jpg,512,128,0.184662,val,256,/content/drive/MyDrive/phase11-data/data/MetalDam/images/micrograph35.jpg,/content/drive/MyDrive/phase11-persistent/gt_boundaries/MetalDam/micrograph35.png,0,0,1024,703,0,65
MetalDam/micrograph35/x512_y256,MetalDam,micrograph35,micrograph35.jpg,512,256,0.181122,val,256,/content/drive/MyDrive/phase11-data/data/MetalDam/images/micrograph35.jpg,/content/drive/MyDrive/phase11-persistent/gt_boundaries/MetalDam/micrograph35.png,0,0,1024,703,0,65
MetalDam/micrograph35/x512_y384,MetalDam,micrograph35,micrograph35.jpg,512,384,0.178833,val,256,/content/drive/MyDrive/phase11-data/data/MetalDam/images/micrograph35.jpg,/content/drive/MyDrive/phase11-persistent/gt_boundaries/MetalDam/micrograph35.png,0,0,1024,703,0,65
MetalDam/micrograph35/x512_y512,MetalDam,micrograph35,micrograph35.jpg,512,512,0.175705,val,256,/content/drive/MyDrive/phase11-data/data/MetalDam/images/micrograph35.jpg,/content/drive/MyDrive/phase11-persistent/gt_boundaries/MetalDam/micrograph35.png,0,0,1024,703,0,65
MetalDam/micrograph35/x640_y0,MetalDam,micrograph35,micrograph35.jpg,640,0,0.187195,val,256,/content/drive/MyDrive/phase11-data/data/MetalDam/images/micrograph35.jpg,/content/drive/MyDrive/phase11-persistent/gt_boundaries/MetalDam/micrograph35.png,0,0,1024,703,0,65
MetalDam/micrograph35/x640_y128,MetalDam,micrograph35,micrograph35.jpg,640,128,0.181091,val,256,/content/drive/MyDrive/phase11-data/data/MetalDam/images/micrograph35.jpg,/content/drive/MyDrive/phase11-persistent/gt_boundaries/MetalDam/micrograph35.png,0,0,1024,703,0,65
MetalDam/micrograph35/x640_y256,MetalDam,micrograph35,micrograph35.jpg,640,256,0.17601,val,256,/content/drive/MyDrive/phase11-data/data/MetalDam/images/micrograph35.jpg,/content/drive/MyDrive/phase11-persistent/gt_boundaries/MetalDam/micrograph35.png,0,0,1024,703,0,65
MetalDam/micrograph35/x640_y384,MetalDam,micrograph35,micrograph35.jpg,640,384,0.187866,val,256,/content/drive/MyDrive/phase11-data/data/MetalDam/images/micrograph35.jpg,/content/drive/MyDrive/phase11-persistent/gt_boundaries/MetalDam/micrograph35.png,0,0,1024,703,0,65
MetalDam/micrograph35/x640_y512,MetalDam,micrograph35,micrograph35.jpg,640,512,0.181122,val,256,/content/drive/MyDrive/phase11-data/data/MetalDam/images/micrograph35.jpg,/content/drive/MyDrive/phase11-persistent/gt_boundaries/MetalDam/micrograph35.png,0,0,1024,703,0,65
MetalDam/micrograph35/x768_y0,MetalDam,micrograph35,micrograph35.jpg,768,0,0.179398,val,256,/content/drive/MyDrive/phase11-data/data/MetalDam/images/micrograph35.jpg,/content/drive/MyDrive/phase11-persistent/gt_boundaries/MetalDam/micrograph35.png,0,0,1024,703,0,65
MetalDam/micrograph35/x768_y128,MetalDam,micrograph35,micrograph35.jpg,768,128,0.170532,val,256,/content/drive/MyDrive/phase11-data/data/MetalDam/images/micrograph35.jpg,/content/drive/MyDrive/phase11-persistent/gt_boundaries/MetalDam/micrograph35.png,0,0,1024,703,0,65
MetalDam/micrograph35/x768_y256,MetalDam,micrograph35,micrograph35.jpg,768,256,0.171097,val,256,/content/drive/MyDrive/phase11-data/data/MetalDam/images/micrograph35.jpg,/content/drive/MyDrive/phase11-persistent/gt_boundaries/MetalDam/micrograph35.png,0,0,1024,703,0,65
MetalDam/micrograph35/x768_y384,MetalDam,micrograph35,micrograph35.jpg,768,384,0.196106,val,256,/content/drive/MyDrive/phase11-data/data/MetalDam/images/micrograph35.jpg,/content/drive/MyDrive/phase11-persistent/gt_boundaries/MetalDam/micrograph35.png,0,0,1024,703,0,65
MetalDam/micrograph35/x768_y512,MetalDam,micrograph35,micrograph35.jpg,768,512,0.199799,val,256,/content/drive/MyDrive/phase11-data/data/MetalDam/images/micrograph35.jpg,/content/drive/MyDrive/phase11-persistent/gt_boundaries/MetalDam/micrograph35.png,0,0,1024,703,0,65
MetalDam/micrograph36/x0_y0,MetalDam,micrograph36,micrograph36.jpg,0,0,0.262085,val,256,/content/drive/MyDrive/phase11-data/data/MetalDam/images/micrograph36.jpg,/content/drive/MyDrive/phase11-persistent/gt_boundaries/MetalDam/micrograph36.png,0,0,1024,703,0,65
MetalDam/micrograph36/x0_y128,MetalDam,micrograph36,micrograph36.jpg,0,128,0.259766,val,256,/content/drive/MyDrive/phase11-data/data/MetalDam/images/micrograph36.jpg,/content/drive/MyDrive/phase11-persistent/gt_boundaries/MetalDam/micrograph36.png,0,0,1024,703,0,65
MetalDam/micrograph36/x0_y256,MetalDam,micrograph36,micrograph36.jpg,0,256,0.26236,val,256,/content/drive/MyDrive/phase11-data/data/MetalDam/images/micrograph36.jpg,/content/drive/MyDrive/phase11-persistent/gt_boundaries/MetalDam/micrograph36.png,0,0,1024,703,0,65
MetalDam/micrograph36/x0_y384,MetalDam,micrograph36,micrograph36.jpg,0,384,0.270355,val,256,/content/drive/MyDrive/phase11-data/data/MetalDam/images/micrograph36.jpg,/content/drive/MyDrive/phase11-persistent/gt_boundaries/MetalDam/micrograph36.png,0,0,1024,703,0,65
MetalDam/micrograph36/x0_y512,MetalDam,micrograph36,micrograph36.jpg,0,512,0.25824,val,256,/content/drive/MyDrive/phase11-data/data/MetalDam/images/micrograph36.jpg,/content/drive/MyDrive/phase11-persistent/gt_boundaries/MetalDam/micrograph36.png,0,0,1024,703,0,65
MetalDam/micrograph36/x128_y0,MetalDam,micrograph36,micrograph36.jpg,128,0,0.266129,val,256,/content/drive/MyDrive/phase11-data/data/MetalDam/images/micrograph36.jpg,/content/drive/MyDrive/phase11-persistent/gt_boundaries/MetalDam/micrograph36.png,0,0,1024,703,0,65
MetalDam/micrograph36/x128_y128,MetalDam,micrograph36,micrograph36.jpg,128,128,0.252869,val,256,/content/drive/MyDrive/phase11-data/data/MetalDam/images/micrograph36.jpg,/content/drive/MyDrive/phase11-persistent/gt_boundaries/MetalDam/micrograph36.png,0,0,1024,703,0,65
MetalDam/micrograph36/x128_y256,MetalDam,micrograph36,micrograph36.jpg,128,256,0.258972,val,256,/content/drive/MyDrive/phase11-data/data/MetalDam/images/micrograph36.jpg,/content/drive/MyDrive/phase11-persistent/gt_boundaries/MetalDam/micrograph36.png,0,0,1024,703,0,65
MetalDam/micrograph36/x128_y384,MetalDam,micrograph36,micrograph36.jpg,128,384,0.292358,val,256,/content/drive/MyDrive/phase11-data/data/MetalDam/images/micrograph36.jpg,/content/drive/MyDrive/phase11-persistent/gt_boundaries/MetalDam/micrograph36.png,0,0,1024,703,0,65
MetalDam/micrograph36/x128_y512,MetalDam,micrograph36,micrograph36.jpg,128,512,0.28688,val,256,/content/drive/MyDrive/phase11-data/data/MetalDam/images/micrograph36.jpg,/content/drive/MyDrive/phase11-persistent/gt_boundaries/MetalDam/micrograph36.png,0,0,1024,703,0,65
MetalDam/micrograph36/x256_y0,MetalDam,micrograph36,micrograph36.jpg,256,0,0.24881,val,256,/content/drive/MyDrive/phase11-data/data/MetalDam/images/micrograph36.jpg,/content/drive/MyDrive/phase11-persistent/gt_boundaries/MetalDam/micrograph36.png,0,0,1024,703,0,65
MetalDam/micrograph36/x256_y128,MetalDam,micrograph36,micrograph36.jpg,256,128,0.232147,val,256,/content/drive/MyDrive/phase11-data/data/MetalDam/images/micrograph36.jpg,/content/drive/MyDrive/phase11-persistent/gt_boundaries/MetalDam/micrograph36.png,0,0,1024,703,0,65
MetalDam/micrograph36/x256_y256,MetalDam,micrograph36,micrograph36.jpg,256,256,0.245926,val,256,/content/drive/MyDrive/phase11-data/data/MetalDam/images/micrograph36.jpg,/content/drive/MyDrive/phase11-persistent/gt_boundaries/MetalDam/micrograph36.png,0,0,1024,703,0,65
MetalDam/micrograph36/x256_y384,MetalDam,micrograph36,micrograph36.jpg,256,384,0.292084,val,256,/content/drive/MyDrive/phase11-data/data/MetalDam/images/micrograph36.jpg,/content/drive/MyDrive/phase11-persistent/gt_boundaries/MetalDam/micrograph36.png,0,0,1024,703,0,65
MetalDam/micrograph36/x256_y512,MetalDam,micrograph36,micrograph36.jpg,256,512,0.297272,val,256,/content/drive/MyDrive/phase11-data/data/MetalDam/images/micrograph36.jpg,/content/drive/MyDrive/phase11-persistent/gt_boundaries/MetalDam/micrograph36.png,0,0,1024,703,0,65
MetalDam/micrograph36/x384_y0,MetalDam,micrograph36,micrograph36.jpg,384,0,0.228958,val,256,/content/drive/MyDrive/phase11-data/data/MetalDam/images/micrograph36.jpg,/content/drive/MyDrive/phase11-persistent/gt_boundaries/MetalDam/micrograph36.png,0,0,1024,703,0,65
MetalDam/micrograph36/x384_y128,MetalDam,micrograph36,micrograph36.jpg,384,128,0.217712,val,256,/content/drive/MyDrive/phase11-data/data/MetalDam/images/micrograph36.jpg,/content/drive/MyDrive/phase11-persistent/gt_boundaries/MetalDam/micrograph36.png,0,0,1024,703,0,65
MetalDam/micrograph36/x384_y256,MetalDam,micrograph36,micrograph36.jpg,384,256,0.234772,val,256,/content/drive/MyDrive/phase11-data/data/MetalDam/images/micrograph36.jpg,/content/drive/MyDrive/phase11-persistent/gt_boundaries/MetalDam/micrograph36.png,0,0,1024,703,0,65
MetalDam/micrograph36/x384_y384,MetalDam,micrograph36,micrograph36.jpg,384,384,0.285538,val,256,/content/drive/MyDrive/phase11-data/data/MetalDam/images/micrograph36.jpg,/content/drive/MyDrive/phase11-persistent/gt_boundaries/MetalDam/micrograph36.png,0,0,1024,703,0,65
MetalDam/micrograph36/x384_y512,MetalDam,micrograph36,micrograph36.jpg,384,512,0.308685,val,256,/content/drive/MyDrive/phase11-data/data/MetalDam/images/micrograph36.jpg,/content/drive/MyDrive/phase11-persistent/gt_boundaries/MetalDam/micrograph36.png,0,0,1024,703,0,65
MetalDam/micrograph36/x512_y0,MetalDam,micrograph36,micrograph36.jpg,512,0,0.228104,val,256,/content/drive/MyDrive/phase11-data/data/MetalDam/images/micrograph36.jpg,/content/drive/MyDrive/phase11-persistent/gt_boundaries/MetalDam/micrograph36.png,0,0,1024,703,0,65
MetalDam/micrograph36/x512_y128,MetalDam,micrograph36,micrograph36.jpg,512,128,0.232056,val,256,/content/drive/MyDrive/phase11-data/data/MetalDam/images/micrograph36.jpg,/content/drive/MyDrive/phase11-persistent/gt_boundaries/MetalDam/micrograph36.png,0,0,1024,703,0,65
MetalDam/micrograph36/x512_y256,MetalDam,micrograph36,micrograph36.jpg,512,256,0.252441,val,256,/content/drive/MyDrive/phase11-data/data/MetalDam/images/micrograph36.jpg,/content/drive/MyDrive/phase11-persistent/gt_boundaries/MetalDam/micrograph36.png,0,0,1024,703,0,65
MetalDam/micrograph36/x512_y384,MetalDam,micrograph36,micrograph36.jpg,512,384,0.278687,val,256,/content/drive/MyDrive/phase11-data/data/MetalDam/images/micrograph36.jpg,/content/drive/MyDrive/phase11-persistent/gt_boundaries/MetalDam/micrograph36.png,0,0,1024,703,0,65
MetalDam/micrograph36/x512_y512,MetalDam,micrograph36,micrograph36.jpg,512,512,0.316605,val,256,/content/drive/MyDrive/phase11-data/data/MetalDam/images/micrograph36.jpg,/content/drive/MyDrive/phase11-persistent/gt_boundaries/MetalDam/micrograph36.png,0,0,1024,703,0,65
MetalDam/micrograph36/x640_y0,MetalDam,micrograph36,micrograph36.jpg,640,0,0.210602,val,256,/content/drive/MyDrive/phase11-data/data/MetalDam/images/micrograph36.jpg,/content/drive/MyDrive/phase11-persistent/gt_boundaries/MetalDam/micrograph36.png,0,0,1024,703,0,65
MetalDam/micrograph36/x640_y128,MetalDam,micrograph36,micrograph36.jpg,640,128,0.217773,val,256,/content/drive/MyDrive/phase11-data/data/MetalDam/images/micrograph36.jpg,/content/drive/MyDrive/phase11-persistent/gt_boundaries/MetalDam/micrograph36.png,0,0,1024,703,0,65
MetalDam/micrograph36/x640_y256,MetalDam,micrograph36,micrograph36.jpg,640,256,0.251556,val,256,/content/drive/MyDrive/phase11-data/data/MetalDam/images/micrograph36.jpg,/content/drive/MyDrive/phase11-persistent/gt_boundaries/MetalDam/micrograph36.png,0,0,1024,703,0,65
MetalDam/micrograph36/x640_y384,MetalDam,micrograph36,micrograph36.jpg,640,384,0.262939,val,256,/content/drive/MyDrive/phase11-data/data/MetalDam/images/micrograph36.jpg,/content/drive/MyDrive/phase11-persistent/gt_boundaries/MetalDam/micrograph36.png,0,0,1024,703,0,65
MetalDam/micrograph36/x640_y512,MetalDam,micrograph36,micrograph36.jpg,640,512,0.282257,val,256,/content/drive/MyDrive/phase11-data/data/MetalDam/images/micrograph36.jpg,/content/drive/MyDrive/phase11-persistent/gt_boundaries/MetalDam/micrograph36.png,0,0,1024,703,0,65
MetalDam/micrograph36/x768_y0,MetalDam,micrograph36,micrograph36.jpg,768,0,0.207123,val,256,/content/drive/MyDrive/phase11-data/data/MetalDam/images/micrograph36.jpg,/content/drive/MyDrive/phase11-persistent/gt_boundaries/MetalDam/micrograph36.png,0,0,1024,703,0,65
MetalDam/micrograph36/x768_y128,MetalDam,micrograph36,micrograph36.jpg,768,128,0.212311,val,256,/content/drive/MyDrive/phase11-data/data/MetalDam/images/micrograph36.jpg,/content/drive/MyDrive/phase11-persistent/gt_boundaries/MetalDam/micrograph36.png,0,0,1024,703,0,65
MetalDam/micrograph36/x768_y256,MetalDam,micrograph36,micrograph36.jpg,768,256,0.240173,val,256,/content/drive/MyDrive/phase11-data/data/MetalDam/images/micrograph36.jpg,/content/drive/MyDrive/phase11-persistent/gt_boundaries/MetalDam/micrograph36.png,0,0,1024,703,0,65
MetalDam/micrograph36/x768_y384,MetalDam,micrograph36,micrograph36.jpg,768,384,0.249359,val,256,/content/drive/MyDrive/phase11-data/data/MetalDam/images/micrograph36.jpg,/content/drive/MyDrive/phase11-persistent/gt_boundaries/MetalDam/micrograph36.png,0,0,1024,703,0,65
MetalDam/micrograph36/x768_y512,MetalDam,micrograph36,micrograph36.jpg,768,512,0.248947,val,256,/content/drive/MyDrive/phase11-data/data/MetalDam/images/micrograph36.jpg,/content/drive/MyDrive/phase11-persistent/gt_boundaries/MetalDam/micrograph36.png,0,0,1024,703,0,65
MetalDam/micrograph37/x0_y0,MetalDam,micrograph37,micrograph37.jpg,0,0,0.198288,val,256,/content/drive/MyDrive/phase11-data/data/MetalDam/images/micrograph37.jpg,/content/drive/MyDrive/phase11-persistent/gt_boundaries/MetalDam/micrograph37.png,0,0,1024,703,0,65
MetalDam/micrograph37/x0_y128,MetalDam,micrograph37,micrograph37.jpg,0,128,0.165756,val,256,/content/drive/MyDrive/phase11-data/data/MetalDam/images/micrograph37.jpg,/content/drive/MyDrive/phase11-persistent/gt_boundaries/MetalDam/micrograph37.png,0,0,1024,703,0,65
MetalDam/micrograph37/x0_y256,MetalDam,micrograph37,micrograph37.jpg,0,256,0.14769,val,256,/content/drive/MyDrive/phase11-data/data/MetalDam/images/micrograph37.jpg,/content/drive/MyDrive/phase11-persistent/gt_boundaries/MetalDam/micrograph37.png,0,0,1024,703,0,65
MetalDam/micrograph37/x0_y384,MetalDam,micrograph37,micrograph37.jpg,0,384,0.167282,val,256,/content/drive/MyDrive/phase11-data/data/MetalDam/images/micrograph37.jpg,/content/drive/MyDrive/phase11-persistent/gt_boundaries/MetalDam/micrograph37.png,0,0,1024,703,0,65
MetalDam/micrograph37/x0_y512,MetalDam,micrograph37,micrograph37.jpg,0,512,0.166534,val,256,/content/drive/MyDrive/phase11-data/data/MetalDam/images/micrograph37.jpg,/content/drive/MyDrive/phase11-persistent/gt_boundaries/MetalDam/micrograph37.png,0,0,1024,703,0,65
MetalDam/micrograph37/x128_y0,MetalDam,micrograph37,micrograph37.jpg,128,0,0.177383,val,256,/content/drive/MyDrive/phase11-data/data/MetalDam/images/micrograph37.jpg,/content/drive/MyDrive/phase11-persistent/gt_boundaries/MetalDam/micrograph37.png,0,0,1024,703,0,65
MetalDam/micrograph37/x128_y128,MetalDam,micrograph37,micrograph37.jpg,128,128,0.177399,val,256,/content/drive/MyDrive/phase11-data/data/MetalDam/images/micrograph37.jpg,/content/drive/MyDrive/phase11-persistent/gt_boundaries/MetalDam/micrograph37.png,0,0,1024,703,0,65
MetalDam/micrograph37/x128_y256,MetalDam,micrograph37,micrograph37.jpg,128,256,0.144424,val,256,/content/drive/MyDrive/phase11-data/data/MetalDam/images/micrograph37.jpg,/content/drive/MyDrive/phase11-persistent/gt_boundaries/MetalDam/micrograph37.png,0,0,1024,703,0,65
MetalDam/micrograph37/x128_y384,MetalDam,micrograph37,micrograph37.jpg,128,384,0.142853,val,256,/content/drive/MyDrive/phase11-data/data/MetalDam/images/micrograph37.jpg,/content/drive/MyDrive/phase11-persistent/gt_boundaries/MetalDam/micrograph37.png,0,0,1024,703,0,65
MetalDam/micrograph37/x128_y512,MetalDam,micrograph37,micrograph37.jpg,128,512,0.162018,val,256,/content/drive/MyDrive/phase11-data/data/MetalDam/images/micrograph37.jpg,/content/drive/MyDrive/phase11-persistent/gt_boundaries/MetalDam/micrograph37.png,0,0,1024,703,0,65
MetalDam/micrograph37/x256_y0,MetalDam,micrograph37,micrograph37.jpg,256,0,0.192612,val,256,/content/drive/MyDrive/phase11-data/data/MetalDam/images/micrograph37.jpg,/content/drive/MyDrive/phase11-persistent/gt_boundaries/MetalDam/micrograph37.png,0,0,1024,703,0,65
MetalDam/micrograph37/x256_y128,MetalDam,micrograph37,micrograph37.jpg,256,128,0.196594,val,256,/content/drive/MyDrive/phase11-data/data/MetalDam/images/micrograph37.jpg,/content/drive/MyDrive/phase11-persistent/gt_boundaries/MetalDam/micrograph37.png,0,0,1024,703,0,65
MetalDam/micrograph37/x256_y256,MetalDam,micrograph37,micrograph37.jpg,256,256,0.174744,val,256,/content/drive/MyDrive/phase11-data/data/MetalDam/images/micrograph37.jpg,/content/drive/MyDrive/phase11-persistent/gt_boundaries/MetalDam/micrograph37.png,0,0,1024,703,0,65
MetalDam/micrograph37/x256_y384,MetalDam,micrograph37,micrograph37.jpg,256,384,0.155716,val,256,/content/drive/MyDrive/phase11-data/data/MetalDam/images/micrograph37.jpg,/content/drive/MyDrive/phase11-persistent/gt_boundaries/MetalDam/micrograph37.png,0,0,1024,703,0,65
MetalDam/micrograph37/x256_y512,MetalDam,micrograph37,micrograph37.jpg,256,512,0.139053,val,256,/content/drive/MyDrive/phase11-data/data/MetalDam/images/micrograph37.jpg,/content/drive/MyDrive/phase11-persistent/gt_boundaries/MetalDam/micrograph37.png,0,0,1024,703,0,65
MetalDam/micrograph37/x384_y0,MetalDam,micrograph37,micrograph37.jpg,384,0,0.185471,val,256,/content/drive/MyDrive/phase11-data/data/MetalDam/images/micrograph37.jpg,/content/drive/MyDrive/phase11-persistent/gt_boundaries/MetalDam/micrograph37.png,0,0,1024,703,0,65
MetalDam/micrograph37/x384_y128,MetalDam,micrograph37,micrograph37.jpg,384,128,0.18663,val,256,/content/drive/MyDrive/phase11-data/data/MetalDam/images/micrograph37.jpg,/content/drive/MyDrive/phase11-persistent/gt_boundaries/MetalDam/micrograph37.png,0,0,1024,703,0,65
MetalDam/micrograph37/x384_y256,MetalDam,micrograph37,micrograph37.jpg,384,256,0.177338,val,256,/content/drive/MyDrive/phase11-data/data/MetalDam/images/micrograph37.jpg,/content/drive/MyDrive/phase11-persistent/gt_boundaries/MetalDam/micrograph37.png,0,0,1024,703,0,65
MetalDam/micrograph37/x384_y384,MetalDam,micrograph37,micrograph37.jpg,384,384,0.168793,val,256,/content/drive/MyDrive/phase11-data/data/MetalDam/images/micrograph37.jpg,/content/drive/MyDrive/phase11-persistent/gt_boundaries/MetalDam/micrograph37.png,0,0,1024,703,0,65
MetalDam/micrograph37/x384_y512,MetalDam,micrograph37,micrograph37.jpg,384,512,0.139221,val,256,/content/drive/MyDrive/phase11-data/data/MetalDam/images/micrograph37.jpg,/content/drive/MyDrive/phase11-persistent/gt_boundaries/MetalDam/micrograph37.png,0,0,1024,703,0,65
MetalDam/micrograph37/x512_y0,MetalDam,micrograph37,micrograph37.jpg,512,0,0.167847,val,256,/content/drive/MyDrive/phase11-data/data/MetalDam/images/micrograph37.jpg,/content/drive/MyDrive/phase11-persistent/gt_boundaries/MetalDam/micrograph37.png,0,0,1024,703,0,65
MetalDam/micrograph37/x512_y128,MetalDam,micrograph37,micrograph37.jpg,512,128,0.159332,val,256,/content/drive/MyDrive/phase11-data/data/MetalDam/images/micrograph37.jpg,/content/drive/MyDrive/phase11-persistent/gt_boundaries/MetalDam/micrograph37.png,0,0,1024,703,0,65
MetalDam/micrograph37/x512_y256,MetalDam,micrograph37,micrograph37.jpg,512,256,0.163147,val,256,/content/drive/MyDrive/phase11-data/data/MetalDam/images/micrograph37.jpg,/content/drive/MyDrive/phase11-persistent/gt_boundaries/MetalDam/micrograph37.png,0,0,1024,703,0,65
MetalDam/micrograph37/x512_y384,MetalDam,micrograph37,micrograph37.jpg,512,384,0.164413,val,256,/content/drive/MyDrive/phase11-data/data/MetalDam/images/micrograph37.jpg,/content/drive/MyDrive/phase11-persistent/gt_boundaries/MetalDam/micrograph37.png,0,0,1024,703,0,65
MetalDam/micrograph37/x512_y512,MetalDam,micrograph37,micrograph37.jpg,512,512,0.173065,val,256,/content/drive/MyDrive/phase11-data/data/MetalDam/images/micrograph37.jpg,/content/drive/MyDrive/phase11-persistent/gt_boundaries/MetalDam/micrograph37.png,0,0,1024,703,0,65
MetalDam/micrograph37/x640_y0,MetalDam,micrograph37,micrograph37.jpg,640,0,0.164551,val,256,/content/drive/MyDrive/phase11-data/data/MetalDam/images/micrograph37.jpg,/content/drive/MyDrive/phase11-persistent/gt_boundaries/MetalDam/micrograph37.png,0,0,1024,703,0,65
MetalDam/micrograph37/x640_y128,MetalDam,micrograph37,micrograph37.jpg,640,128,0.143799,val,256,/content/drive/MyDrive/phase11-data/data/MetalDam/images/micrograph37.jpg,/content/drive/MyDrive/phase11-persistent/gt_boundaries/MetalDam/micrograph37.png,0,0,1024,703,0,65
MetalDam/micrograph37/x640_y256,MetalDam,micrograph37,micrograph37.jpg,640,256,0.154373,val,256,/content/drive/MyDrive/phase11-data/data/MetalDam/images/micrograph37.jpg,/content/drive/MyDrive/phase11-persistent/gt_boundaries/MetalDam/micrograph37.png,0,0,1024,703,0,65
MetalDam/micrograph37/x640_y384,MetalDam,micrograph37,micrograph37.jpg,640,384,0.166153,val,256,/content/drive/MyDrive/phase11-data/data/MetalDam/images/micrograph37.jpg,/content/drive/MyDrive/phase11-persistent/gt_boundaries/MetalDam/micrograph37.png,0,0,1024,703,0,65
MetalDam/micrograph37/x640_y512,MetalDam,micrograph37,micrograph37.jpg,640,512,0.173843,val,256,/content/drive/MyDrive/phase11-data/data/MetalDam/images/micrograph37.jpg,/content/drive/MyDrive/phase11-persistent/gt_boundaries/MetalDam/micrograph37.png,0,0,1024,703,0,65
MetalDam/micrograph37/x768_y0,MetalDam,micrograph37,micrograph37.jpg,768,0,0.160812,val,256,/content/drive/MyDrive/phase11-data/data/MetalDam/images/micrograph37.jpg,/content/drive/MyDrive/phase11-persistent/gt_boundaries/MetalDam/micrograph37.png,0,0,1024,703,0,65
MetalDam/micrograph37/x768_y128,MetalDam,micrograph37,micrograph37.jpg,768,128,0.144379,val,256,/content/drive/MyDrive/phase11-data/data/MetalDam/images/micrograph37.jpg,/content/drive/MyDrive/phase11-persistent/gt_boundaries/MetalDam/micrograph37.png,0,0,1024,703,0,65
MetalDam/micrograph37/x768_y256,MetalDam,micrograph37,micrograph37.jpg,768,256,0.1371,val,256,/content/drive/MyDrive/phase11-data/data/MetalDam/images/micrograph37.jpg,/content/drive/MyDrive/phase11-persistent/gt_boundaries/MetalDam/micrograph37.png,0,0,1024,703,0,65
MetalDam/micrograph37/x768_y384,MetalDam,micrograph37,micrograph37.jpg,768,384,0.155701,val,256,/content/drive/MyDrive/phase11-data/data/MetalDam/images/micrograph37.jpg,/content/drive/MyDrive/phase11-persistent/gt_boundaries/MetalDam/micrograph37.png,0,0,1024,703,0,65
MetalDam/micrograph37/x768_y512,MetalDam,micrograph37,micrograph37.jpg,768,512,0.156387,val,256,/content/drive/MyDrive/phase11-data/data/MetalDam/images/micrograph37.jpg,/content/drive/MyDrive/phase11-persistent/gt_boundaries/MetalDam/micrograph37.png,0,0,1024,703,0,65
MetalDam/micrograph38/x0_y0,MetalDam,micrograph38,micrograph38.jpg,0,0,0.190704,val,256,/content/drive/MyDrive/phase11-data/data/MetalDam/images/micrograph38.jpg,/content/drive/MyDrive/phase11-persistent/gt_boundaries/MetalDam/micrograph38.png,0,0,1024,703,0,65
MetalDam/micrograph38/x0_y128,MetalDam,micrograph38,micrograph38.jpg,0,128,0.194412,val,256,/content/drive/MyDrive/phase11-data/data/MetalDam/images/micrograph38.jpg,/content/drive/MyDrive/phase11-persistent/gt_boundaries/MetalDam/micrograph38.png,0,0,1024,703,0,65
MetalDam/micrograph38/x0_y256,MetalDam,micrograph38,micrograph38.jpg,0,256,0.192444,val,256,/content/drive/MyDrive/phase11-data/data/MetalDam/images/micrograph38.jpg,/content/drive/MyDrive/phase11-persistent/gt_boundaries/MetalDam/micrograph38.png,0,0,1024,703,0,65
MetalDam/micrograph38/x0_y384,MetalDam,micrograph38,micrograph38.jpg,0,384,0.209686,val,256,/content/drive/MyDrive/phase11-data/data/MetalDam/images/micrograph38.jpg,/content/drive/MyDrive/phase11-persistent/gt_boundaries/MetalDam/micrograph38.png,0,0,1024,703,0,65
MetalDam/micrograph38/x0_y512,MetalDam,micrograph38,micrograph38.jpg,0,512,0.225433,val,256,/content/drive/MyDrive/phase11-data/data/MetalDam/images/micrograph38.jpg,/content/drive/MyDrive/phase11-persistent/gt_boundaries/MetalDam/micrograph38.png,0,0,1024,703,0,65
MetalDam/micrograph38/x128_y0,MetalDam,micrograph38,micrograph38.jpg,128,0,0.191833,val,256,/content/drive/MyDrive/phase11-data/data/MetalDam/images/micrograph38.jpg,/content/drive/MyDrive/phase11-persistent/gt_boundaries/MetalDam/micrograph38.png,0,0,1024,703,0,65
MetalDam/micrograph38/x128_y128,MetalDam,micrograph38,micrograph38.jpg,128,128,0.188705,val,256,/content/drive/MyDrive/phase11-data/data/MetalDam/images/micrograph38.jpg,/content/drive/MyDrive/phase11-persistent/gt_boundaries/MetalDam/micrograph38.png,0,0,1024,703,0,65
MetalDam/micrograph38/x128_y256,MetalDam,micrograph38,micrograph38.jpg,128,256,0.193329,val,256,/content/drive/MyDrive/phase11-data/data/MetalDam/images/micrograph38.jpg,/content/drive/MyDrive/phase11-persistent/gt_boundaries/MetalDam/micrograph38.png,0,0,1024,703,0,65
MetalDam/micrograph38/x128_y384,MetalDam,micrograph38,micrograph38.jpg,128,384,0.203735,val,256,/content/drive/MyDrive/phase11-data/data/MetalDam/images/micrograph38.jpg,/content/drive/MyDrive/phase11-persistent/gt_boundaries/MetalDam/micrograph38.png,0,0,1024,703,0,65
MetalDam/micrograph38/x128_y512,MetalDam,micrograph38,micrograph38.jpg,128,512,0.217255,val,256,/content/drive/MyDrive/phase11-data/data/MetalDam/images/micrograph38.jpg,/content/drive/MyDrive/phase11-persistent/gt_boundaries/MetalDam/micrograph38.png,0,0,1024,703,0,65
MetalDam/micrograph38/x256_y0,MetalDam,micrograph38,micrograph38.jpg,256,0,0.190613,val,256,/content/drive/MyDrive/phase11-data/data/MetalDam/images/micrograph38.jpg,/content/drive/MyDrive/phase11-persistent/gt_boundaries/MetalDam/micrograph38.png,0,0,1024,703,0,65
MetalDam/micrograph38/x256_y128,MetalDam,micrograph38,micrograph38.jpg,256,128,0.183533,val,256,/content/drive/MyDrive/phase11-data/data/MetalDam/images/micrograph38.jpg,/content/drive/MyDrive/phase11-persistent/gt_boundaries/MetalDam/micrograph38.png,0,0,1024,703,0,65
MetalDam/micrograph38/x256_y256,MetalDam,micrograph38,micrograph38.jpg,256,256,0.187576,val,256,/content/drive/MyDrive/phase11-data/data/MetalDam/images/micrograph38.jpg,/content/drive/MyDrive/phase11-persistent/gt_boundaries/MetalDam/micrograph38.png,0,0,1024,703,0,65
MetalDam/micrograph38/x256_y384,MetalDam,micrograph38,micrograph38.jpg,256,384,0.198929,val,256,/content/drive/MyDrive/phase11-data/data/MetalDam/images/micrograph38.jpg,/content/drive/MyDrive/phase11-persistent/gt_boundaries/MetalDam/micrograph38.png,0,0,1024,703,0,65
MetalDam/micrograph38/x256_y512,MetalDam,micrograph38,micrograph38.jpg,256,512,0.206024,val,256,/content/drive/MyDrive/phase11-data/data/MetalDam/images/micrograph38.jpg,/content/drive/MyDrive/phase11-persistent/gt_boundaries/MetalDam/micrograph38.png,0,0,1024,703,0,65
MetalDam/micrograph38/x384_y0,MetalDam,micrograph38,micrograph38.jpg,384,0,0.192352,val,256,/content/drive/MyDrive/phase11-data/data/MetalDam/images/micrograph38.jpg,/content/drive/MyDrive/phase11-persistent/gt_boundaries/MetalDam/micrograph38.png,0,0,1024,703,0,65
MetalDam/micrograph38/x384_y128,MetalDam,micrograph38,micrograph38.jpg,384,128,0.183884,val,256,/content/drive/MyDrive/phase11-data/data/MetalDam/images/micrograph38.jpg,/content/drive/MyDrive/phase11-persistent/gt_boundaries/MetalDam/micrograph38.png,0,0,1024,703,0,65
MetalDam/micrograph38/x384_y256,MetalDam,micrograph38,micrograph38.jpg,384,256,0.185135,val,256,/content/drive/MyDrive/phase11-data/data/MetalDam/images/micrograph38.jpg,/content/drive/MyDrive/phase11-persistent/gt_boundaries/MetalDam/micrograph38.png,0,0,1024,703,0,65
MetalDam/micrograph38/x384_y384,MetalDam,micrograph38,micrograph38.jpg,384,384,0.200134,val,256,/content/drive/MyDrive/phase11-data/data/MetalDam/images/micrograph38.jpg,/content/drive/MyDrive/phase11-persistent/gt_boundaries/MetalDam/micrograph38.png,0,0,1024,703,0,65
MetalDam/micrograph38/x384_y512,MetalDam,micrograph38,micrograph38.jpg,384,512,0.210724,val,256,/content/drive/MyDrive/phase11-data/data/MetalDam/images/micrograph38.jpg,/content/drive/MyDrive/phase11-persistent/gt_boundaries/MetalDam/micrograph38.png,0,0,1024,703,0,65
MetalDam/micrograph38/x512_y0,MetalDam,micrograph38,micrograph38.jpg,512,0,0.203613,val,256,/content/drive/MyDrive/phase11-data/data/MetalDam/images/micrograph38.jpg,/content/drive/MyDrive/phase11-persistent/gt_boundaries/MetalDam/micrograph38.png,0,0,1024,703,0,65
MetalDam/micrograph38/x512_y128,MetalDam,micrograph38,micrograph38.jpg,512,128,0.201035,val,256,/content/drive/MyDrive/phase11-data/data/MetalDam/images/micrograph38.jpg,/content/drive/MyDrive/phase11-persistent/gt_boundaries/MetalDam/micrograph38.png,0,0,1024,703,0,65
MetalDam/micrograph38/x512_y256,MetalDam,micrograph38,micrograph38.jpg,512,256,0.195312,val,256,/content/drive/MyDrive/phase11-data/data/MetalDam/images/micrograph38.jpg,/content/drive/MyDrive/phase11-persistent/gt_boundaries/MetalDam/micrograph38.png,0,0,1024,703,0,65
MetalDam/micrograph38/x512_y384,MetalDam,micrograph38,micrograph38.jpg,512,384,0.203217,val,256,/content/drive/MyDrive/phase11-data/data/MetalDam/images/micrograph38.jpg,/content/drive/MyDrive/phase11-persistent/gt_boundaries/MetalDam/micrograph38.png,0,0,1024,703,0,65
MetalDam/micrograph38/x512_y512,MetalDam,micrograph38,micrograph38.jpg,512,512,0.214447,val,256,/content/drive/MyDrive/phase11-data/data/MetalDam/images/micrograph38.jpg,/content/drive/MyDrive/phase11-persistent/gt_boundaries/MetalDam/micrograph38.png,0,0,1024,703,0,65
MetalDam/micrograph38/x640_y0,MetalDam,micrograph38,micrograph38.jpg,640,0,0.210709,val,256,/content/drive/MyDrive/phase11-data/data/MetalDam/images/micrograph38.jpg,/content/drive/MyDrive/phase11-persistent/gt_boundaries/MetalDam/micrograph38.png,0,0,1024,703,0,65
MetalDam/micrograph38/x640_y128,MetalDam,micrograph38,micrograph38.jpg,640,128,0.21933,val,256,/content/drive/MyDrive/phase11-data/data/MetalDam/images/micrograph38.jpg,/content/drive/MyDrive/phase11-persistent/gt_boundaries/MetalDam/micrograph38.png,0,0,1024,703,0,65
MetalDam/micrograph38/x640_y256,MetalDam,micrograph38,micrograph38.jpg,640,256,0.209335,val,256,/content/drive/MyDrive/phase11-data/data/MetalDam/images/micrograph38.jpg,/content/drive/MyDrive/phase11-persistent/gt_boundaries/MetalDam/micrograph38.png,0,0,1024,703,0,65
MetalDam/micrograph38/x640_y384,MetalDam,micrograph38,micrograph38.jpg,640,384,0.204498,val,256,/content/drive/MyDrive/phase11-data/data/MetalDam/images/micrograph38.jpg,/content/drive/MyDrive/phase11-persistent/gt_boundaries/MetalDam/micrograph38.png,0,0,1024,703,0,65
MetalDam/micrograph38/x640_y512,MetalDam,micrograph38,micrograph38.jpg,640,512,0.216843,val,256,/content/drive/MyDrive/phase11-data/data/MetalDam/images/micrograph38.jpg,/content/drive/MyDrive/phase11-persistent/gt_boundaries/MetalDam/micrograph38.png,0,0,1024,703,0,65
MetalDam/micrograph38/x768_y0,MetalDam,micrograph38,micrograph38.jpg,768,0,0.206177,val,256,/content/drive/MyDrive/phase11-data/data/MetalDam/images/micrograph38.jpg,/content/drive/MyDrive/phase11-persistent/gt_boundaries/MetalDam/micrograph38.png,0,0,1024,703,0,65
MetalDam/micrograph38/x768_y128,MetalDam,micrograph38,micrograph38.jpg,768,128,0.209839,val,256,/content/drive/MyDrive/phase11-data/data/MetalDam/images/micrograph38.jpg,/content/drive/MyDrive/phase11-persistent/gt_boundaries/MetalDam/micrograph38.png,0,0,1024,703,0,65
MetalDam/micrograph38/x768_y256,MetalDam,micrograph38,micrograph38.jpg,768,256,0.204178,val,256,/content/drive/MyDrive/phase11-data/data/MetalDam/images/micrograph38.jpg,/content/drive/MyDrive/phase11-persistent/gt_boundaries/MetalDam/micrograph38.png,0,0,1024,703,0,65
MetalDam/micrograph38/x768_y384,MetalDam,micrograph38,micrograph38.jpg,768,384,0.195847,val,256,/content/drive/MyDrive/phase11-data/data/MetalDam/images/micrograph38.jpg,/content/drive/MyDrive/phase11-persistent/gt_boundaries/MetalDam/micrograph38.png,0,0,1024,703,0,65
MetalDam/micrograph38/x768_y512,MetalDam,micrograph38,micrograph38.jpg,768,512,0.205872,val,256,/content/drive/MyDrive/phase11-data/data/MetalDam/images/micrograph38.jpg,/content/drive/MyDrive/phase11-persistent/gt_boundaries/MetalDam/micrograph38.png,0,0,1024,703,0,65
MetalDam/micrograph39/x0_y0,MetalDam,micrograph39,micrograph39.jpg,0,0,0.195236,val,256,/content/drive/MyDrive/phase11-data/data/MetalDam/images/micrograph39.jpg,/content/drive/MyDrive/phase11-persistent/gt_boundaries/MetalDam/micrograph39.png,0,0,1024,703,0,65
MetalDam/micrograph39/x0_y128,MetalDam,micrograph39,micrograph39.jpg,0,128,0.194321,val,256,/content/drive/MyDrive/phase11-data/data/MetalDam/images/micrograph39.jpg,/content/drive/MyDrive/phase11-persistent/gt_boundaries/MetalDam/micrograph39.png,0,0,1024,703,0,65
MetalDam/micrograph39/x0_y256,MetalDam,micrograph39,micrograph39.jpg,0,256,0.189331,val,256,/content/drive/MyDrive/phase11-data/data/MetalDam/images/micrograph39.jpg,/content/drive/MyDrive/phase11-persistent/gt_boundaries/MetalDam/micrograph39.png,0,0,1024,703,0,65
MetalDam/micrograph39/x0_y384,MetalDam,micrograph39,micrograph39.jpg,0,384,0.169754,val,256,/content/drive/MyDrive/phase11-data/data/MetalDam/images/micrograph39.jpg,/content/drive/MyDrive/phase11-persistent/gt_boundaries/MetalDam/micrograph39.png,0,0,1024,703,0,65
MetalDam/micrograph39/x0_y512,MetalDam,micrograph39,micrograph39.jpg,0,512,0.170425,val,256,/content/drive/MyDrive/phase11-data/data/MetalDam/images/micrograph39.jpg,/content/drive/MyDrive/phase11-persistent/gt_boundaries/MetalDam/micrograph39.png,0,0,1024,703,0,65
MetalDam/micrograph39/x128_y0,MetalDam,micrograph39,micrograph39.jpg,128,0,0.214111,val,256,/content/drive/MyDrive/phase11-data/data/MetalDam/images/micrograph39.jpg,/content/drive/MyDrive/phase11-persistent/gt_boundaries/MetalDam/micrograph39.png,0,0,1024,703,0,65
MetalDam/micrograph39/x128_y128,MetalDam,micrograph39,micrograph39.jpg,128,128,0.206223,val,256,/content/drive/MyDrive/phase11-data/data/MetalDam/images/micrograph39.jpg,/content/drive/MyDrive/phase11-persistent/gt_boundaries/MetalDam/micrograph39.png,0,0,1024,703,0,65
MetalDam/micrograph39/x128_y256,MetalDam,micrograph39,micrograph39.jpg,128,256,0.192612,val,256,/content/drive/MyDrive/phase11-data/data/MetalDam/images/micrograph39.jpg,/content/drive/MyDrive/phase11-persistent/gt_boundaries/MetalDam/micrograph39.png,0,0,1024,703,0,65
MetalDam/micrograph39/x128_y384,MetalDam,micrograph39,micrograph39.jpg,128,384,0.173065,val,256,/content/drive/MyDrive/phase11-data/data/MetalDam/images/micrograph39.jpg,/content/drive/MyDrive/phase11-persistent/gt_boundaries/MetalDam/micrograph39.png,0,0,1024,703,0,65
MetalDam/micrograph39/x128_y512,MetalDam,micrograph39,micrograph39.jpg,128,512,0.155548,val,256,/content/drive/MyDrive/phase11-data/data/MetalDam/images/micrograph39.jpg,/content/drive/MyDrive/phase11-persistent/gt_boundaries/MetalDam/micrograph39.png,0,0,1024,703,0,65
MetalDam/micrograph39/x256_y0,MetalDam,micrograph39,micrograph39.jpg,256,0,0.214676,val,256,/content/drive/MyDrive/phase11-data/data/MetalDam/images/micrograph39.jpg,/content/drive/MyDrive/phase11-persistent/gt_boundaries/MetalDam/micrograph39.png,0,0,1024,703,0,65
MetalDam/micrograph39/x256_y128,MetalDam,micrograph39,micrograph39.jpg,256,128,0.204544,val,256,/content/drive/MyDrive/phase11-data/data/MetalDam/images/micrograph39.jpg,/content/drive/MyDrive/phase11-persistent/gt_boundaries/MetalDam/micrograph39.png,0,0,1024,703,0,65
MetalDam/micrograph39/x256_y256,MetalDam,micrograph39,micrograph39.jpg,256,256,0.19458,val,256,/content/drive/MyDrive/phase11-data/data/MetalDam/images/micrograph39.jpg,/content/drive/MyDrive/phase11-persistent/gt_boundaries/MetalDam/micrograph39.png,0,0,1024,703,0,65
MetalDam/micrograph39/x256_y384,MetalDam,micrograph39,micrograph39.jpg,256,384,0.194412,val,256,/content/drive/MyDrive/phase11-data/data/MetalDam/images/micrograph39.jpg,/content/drive/MyDrive/phase11-persistent/gt_boundaries/MetalDam/micrograph39.png,0,0,1024,703,0,65
MetalDam/micrograph39/x256_y512,MetalDam,micrograph39,micrograph39.jpg,256,512,0.162704,val,256,/content/drive/MyDrive/phase11-data/data/MetalDam/images/micrograph39.jpg,/content/drive/MyDrive/phase11-persistent/gt_boundaries/MetalDam/micrograph39.png,0,0,1024,703,0,65
MetalDam/micrograph39/x384_y0,MetalDam,micrograph39,micrograph39.jpg,384,0,0.216141,val,256,/content/drive/MyDrive/phase11-data/data/MetalDam/images/micrograph39.jpg,/content/drive/MyDrive/phase11-persistent/gt_boundaries/MetalDam/micrograph39.png,0,0,1024,703,0,65
MetalDam/micrograph39/x384_y128,MetalDam,micrograph39,micrograph39.jpg,384,128,0.21257,val,256,/content/drive/MyDrive/phase11-data/data/MetalDam/images/micrograph39.jpg,/content/drive/MyDrive/phase11-persistent/gt_boundaries/MetalDam/micrograph39.png,0,0,1024,703,0,65
MetalDam/micrograph39/x384_y256,MetalDam,micrograph39,micrograph39.jpg,384,256,0.202835,val,256,/content/drive/MyDrive/phase11-data/data/MetalDam/images/micrograph39.jpg,/content/drive/MyDrive/phase11-persistent/gt_boundaries/MetalDam/micrograph39.png,0,0,1024,703,0,65
MetalDam/micrograph39/x384_y384,MetalDam,micrograph39,micrograph39.jpg,384,384,0.202408,val,256,/content/drive/MyDrive/phase11-data/data/MetalDam/images/micrograph39.jpg,/content/drive/MyDrive/phase11-persistent/gt_boundaries/MetalDam/micrograph39.png,0,0,1024,703,0,65
MetalDam/micrograph39/x384_y512,MetalDam,micrograph39,micrograph39.jpg,384,512,0.179611,val,256,/content/drive/MyDrive/phase11-data/data/MetalDam/images/micrograph39.jpg,/content/drive/MyDrive/phase11-persistent/gt_boundaries/MetalDam/micrograph39.png,0,0,1024,703,0,65
MetalDam/micrograph39/x512_y0,MetalDam,micrograph39,micrograph39.jpg,512,0,0.228058,val,256,/content/drive/MyDrive/phase11-data/data/MetalDam/images/micrograph39.jpg,/content/drive/MyDrive/phase11-persistent/gt_boundaries/MetalDam/micrograph39.png,0,0,1024,703,0,65
MetalDam/micrograph39/x512_y128,MetalDam,micrograph39,micrograph39.jpg,512,128,0.2276,val,256,/content/drive/MyDrive/phase11-data/data/MetalDam/images/micrograph39.jpg,/content/drive/MyDrive/phase11-persistent/gt_boundaries/MetalDam/micrograph39.png,0,0,1024,703,0,65
MetalDam/micrograph39/x512_y256,MetalDam,micrograph39,micrograph39.jpg,512,256,0.209915,val,256,/content/drive/MyDrive/phase11-data/data/MetalDam/images/micrograph39.jpg,/content/drive/MyDrive/phase11-persistent/gt_boundaries/MetalDam/micrograph39.png,0,0,1024,703,0,65
MetalDam/micrograph39/x512_y384,MetalDam,micrograph39,micrograph39.jpg,512,384,0.192657,val,256,/content/drive/MyDrive/phase11-data/data/MetalDam/images/micrograph39.jpg,/content/drive/MyDrive/phase11-persistent/gt_boundaries/MetalDam/micrograph39.png,0,0,1024,703,0,65
MetalDam/micrograph39/x512_y512,MetalDam,micrograph39,micrograph39.jpg,512,512,0.182251,val,256,/content/drive/MyDrive/phase11-data/data/MetalDam/images/micrograph39.jpg,/content/drive/MyDrive/phase11-persistent/gt_boundaries/MetalDam/micrograph39.png,0,0,1024,703,0,65
MetalDam/micrograph39/x640_y0,MetalDam,micrograph39,micrograph39.jpg,640,0,0.221664,val,256,/content/drive/MyDrive/phase11-data/data/MetalDam/images/micrograph39.jpg,/content/drive/MyDrive/phase11-persistent/gt_boundaries/MetalDam/micrograph39.png,0,0,1024,703,0,65
MetalDam/micrograph39/x640_y128,MetalDam,micrograph39,micrograph39.jpg,640,128,0.225006,val,256,/content/drive/MyDrive/phase11-data/data/MetalDam/images/micrograph39.jpg,/content/drive/MyDrive/phase11-persistent/gt_boundaries/MetalDam/micrograph39.png,0,0,1024,703,0,65
MetalDam/micrograph39/x640_y256,MetalDam,micrograph39,micrograph39.jpg,640,256,0.204422,val,256,/content/drive/MyDrive/phase11-data/data/MetalDam/images/micrograph39.jpg,/content/drive/MyDrive/phase11-persistent/gt_boundaries/MetalDam/micrograph39.png,0,0,1024,703,0,65
MetalDam/micrograph39/x640_y384,MetalDam,micrograph39,micrograph39.jpg,640,384,0.189606,val,256,/content/drive/MyDrive/phase11-data/data/MetalDam/images/micrograph39.jpg,/content/drive/MyDrive/phase11-persistent/gt_boundaries/MetalDam/micrograph39.png,0,0,1024,703,0,65
MetalDam/micrograph39/x640_y512,MetalDam,micrograph39,micrograph39.jpg,640,512,0.197876,val,256,/content/drive/MyDrive/phase11-data/data/MetalDam/images/micrograph39.jpg,/content/drive/MyDrive/phase11-persistent/gt_boundaries/MetalDam/micrograph39.png,0,0,1024,703,0,65
MetalDam/micrograph39/x768_y0,MetalDam,micrograph39,micrograph39.jpg,768,0,0.206619,val,256,/content/drive/MyDrive/phase11-data/data/MetalDam/images/micrograph39.jpg,/content/drive/MyDrive/phase11-persistent/gt_boundaries/MetalDam/micrograph39.png,0,0,1024,703,0,65
MetalDam/micrograph39/x768_y128,MetalDam,micrograph39,micrograph39.jpg,768,128,0.215439,val,256,/content/drive/MyDrive/phase11-data/data/MetalDam/images/micrograph39.jpg,/content/drive/MyDrive/phase11-persistent/gt_boundaries/MetalDam/micrograph39.png,0,0,1024,703,0,65
MetalDam/micrograph39/x768_y256,MetalDam,micrograph39,micrograph39.jpg,768,256,0.204544,val,256,/content/drive/MyDrive/phase11-data/data/MetalDam/images/micrograph39.jpg,/content/drive/MyDrive/phase11-persistent/gt_boundaries/MetalDam/micrograph39.png,0,0,1024,703,0,65
MetalDam/micrograph39/x768_y384,MetalDam,micrograph39,micrograph39.jpg,768,384,0.194122,val,256,/content/drive/MyDrive/phase11-data/data/MetalDam/images/micrograph39.jpg,/content/drive/MyDrive/phase11-persistent/gt_boundaries/MetalDam/micrograph39.png,0,0,1024,703,0,65
MetalDam/micrograph39/x768_y512,MetalDam,micrograph39,micrograph39.jpg,768,512,0.205429,val,256,/content/drive/MyDrive/phase11-data/data/MetalDam/images/micrograph39.jpg,/content/drive/MyDrive/phase11-persistent/gt_boundaries/MetalDam/micrograph39.png,0,0,1024,703,0,65
MetalDam/micrograph4/x0_y0,MetalDam,micrograph4,micrograph4.jpg,0,0,0.125641,val,256,/content/drive/MyDrive/phase11-data/data/MetalDam/images/micrograph4.jpg,/content/drive/MyDrive/phase11-persistent/gt_boundaries/MetalDam/micrograph4.png,0,0,1280,895,0,1
MetalDam/micrograph4/x0_y128,MetalDam,micrograph4,micrograph4.jpg,0,128,0.135559,val,256,/content/drive/MyDrive/phase11-data/data/MetalDam/images/micrograph4.jpg,/content/drive/MyDrive/phase11-persistent/gt_boundaries/MetalDam/micrograph4.png,0,0,1280,895,0,1
MetalDam/micrograph4/x0_y256,MetalDam,micrograph4,micrograph4.jpg,0,256,0.112473,val,256,/content/drive/MyDrive/phase11-data/data/MetalDam/images/micrograph4.jpg,/content/drive/MyDrive/phase11-persistent/gt_boundaries/MetalDam/micrograph4.png,0,0,1280,895,0,1
MetalDam/micrograph4/x0_y384,MetalDam,micrograph4,micrograph4.jpg,0,384,0.098373,val,256,/content/drive/MyDrive/phase11-data/data/MetalDam/images/micrograph4.jpg,/content/drive/MyDrive/phase11-persistent/gt_boundaries/MetalDam/micrograph4.png,0,0,1280,895,0,1
MetalDam/micrograph4/x0_y512,MetalDam,micrograph4,micrograph4.jpg,0,512,0.102097,val,256,/content/drive/MyDrive/phase11-data/data/MetalDam/images/micrograph4.jpg,/content/drive/MyDrive/phase11-persistent/gt_boundaries/MetalDam/micrograph4.png,0,0,1280,895,0,1
MetalDam/micrograph4/x0_y640,MetalDam,micrograph4,micrograph4.jpg,0,640,0.102509,val,256,/content/drive/MyDrive/phase11-data/data/MetalDam/images/micrograph4.jpg,/content/drive/MyDrive/phase11-persistent/gt_boundaries/MetalDam/micrograph4.png,0,0,1280,895,0,1
MetalDam/micrograph4/x1024_y0,MetalDam,micrograph4,micrograph4.jpg,1024,0,0.118698,val,256,/content/drive/MyDrive/phase11-data/data/MetalDam/images/micrograph4.jpg,/content/drive/MyDrive/phase11-persistent/gt_boundaries/MetalDam/micrograph4.png,0,0,1280,895,0,1
MetalDam/micrograph4/x1024_y128,MetalDam,micrograph4,micrograph4.jpg,1024,128,0.123184,val,256,/content/drive/MyDrive/phase11-data/data/MetalDam/images/micrograph4.jpg,/content/drive/MyDrive/phase11-persistent/gt_boundaries/MetalDam/micrograph4.png,0,0,1280,895,0,1
MetalDam/micrograph4/x1024_y256,MetalDam,micrograph4,micrograph4.jpg,1024,256,0.112671,val,256,/content/drive/MyDrive/phase11-data/data/MetalDam/images/micrograph4.jpg,/content/drive/MyDrive/phase11-persistent/gt_boundaries/MetalDam/micrograph4.png,0,0,1280,895,0,1
MetalDam/micrograph4/x1024_y384,MetalDam,micrograph4,micrograph4.jpg,1024,384,0.11795,val,256,/content/drive/MyDrive/phase11-data/data/MetalDam/images/micrograph4.jpg,/content/drive/MyDrive/phase11-persistent/gt_boundaries/MetalDam/micrograph4.png,0,0,1280,895,0,1
MetalDam/micrograph4/x1024_y512,MetalDam,micrograph4,micrograph4.jpg,1024,512,0.126205,val,256,/content/drive/MyDrive/phase11-data/data/MetalDam/images/micrograph4.jpg,/content/drive/MyDrive/phase11-persistent/gt_boundaries/MetalDam/micrograph4.png,0,0,1280,895,0,1
MetalDam/micrograph4/x1024_y640,MetalDam,micrograph4,micrograph4.jpg,1024,640,0.125,val,256,/content/drive/MyDrive/phase11-data/data/MetalDam/images/micrograph4.jpg,/content/drive/MyDrive/phase11-persistent/gt_boundaries/MetalDam/micrograph4.png,0,0,1280,895,0,1
MetalDam/micrograph4/x128_y0,MetalDam,micrograph4,micrograph4.jpg,128,0,0.128998,val,256,/content/drive/MyDrive/phase11-data/data/MetalDam/images/micrograph4.jpg,/content/drive/MyDrive/phase11-persistent/gt_boundaries/MetalDam/micrograph4.png,0,0,1280,895,0,1
MetalDam/micrograph4/x128_y128,MetalDam,micrograph4,micrograph4.jpg,128,128,0.132843,val,256,/content/drive/MyDrive/phase11-data/data/MetalDam/images/micrograph4.jpg,/content/drive/MyDrive/phase11-persistent/gt_boundaries/MetalDam/micrograph4.png,0,0,1280,895,0,1
MetalDam/micrograph4/x128_y256,MetalDam,micrograph4,micrograph4.jpg,128,256,0.122177,val,256,/content/drive/MyDrive/phase11-data/data/MetalDam/images/micrograph4.jpg,/content/drive/MyDrive/phase11-persistent/gt_boundaries/MetalDam/micrograph4.png,0,0,1280,895,0,1
MetalDam/micrograph4/x128_y384,MetalDam,micrograph4,micrograph4.jpg,128,384,0.111664,val,256,/content/drive/MyDrive/phase11-data/data/MetalDam/images/micrograph4.jpg,/content/drive/MyDrive/phase11-persistent/gt_boundaries/MetalDam/micrograph4.png,0,0,1280,895,0,1
MetalDam/micrograph4/x128_y512,MetalDam,micrograph4,micrograph4.jpg,128,512,0.103195,val,256,/content/drive/MyDrive/phase11-data/data/MetalDam/images/micrograph4.jpg,/content/drive/MyDrive/phase11-persistent/gt_boundaries/MetalDam/micrograph4.png,0,0,1280,895,0,1
MetalDam/micrograph4/x128_y640,MetalDam,micrograph4,micrograph4.jpg,128,640,0.114426,val,256,/content/drive/MyDrive/phase11-data/data/MetalDam/images/micrograph4.jpg,/content/drive/MyDrive/phase11-persistent/gt_boundaries/MetalDam/micrograph4.png,0,0,1280,895,0,1
MetalDam/micrograph4/x256_y0,MetalDam,micrograph4,micrograph4.jpg,256,0,0.135269,val,256,/content/drive/MyDrive/phase11-data/data/MetalDam/images/micrograph4.jpg,/content/drive/MyDrive/phase11-persistent/gt_boundaries/MetalDam/micrograph4.png,0,0,1280,895,0,1
MetalDam/micrograph4/x256_y128,MetalDam,micrograph4,micrograph4.jpg,256,128,0.133972,val,256,/content/drive/MyDrive/phase11-data/data/MetalDam/images/micrograph4.jpg,/content/drive/MyDrive/phase11-persistent/gt_boundaries/MetalDam/micrograph4.png,0,0,1280,895,0,1
MetalDam/micrograph4/x256_y256,MetalDam,micrograph4,micrograph4.jpg,256,256,0.125839,val,256,/content/drive/MyDrive/phase11-data/data/MetalDam/images/micrograph4.jpg,/content/drive/MyDrive/phase11-persistent/gt_boundaries/MetalDam/micrograph4.png,0,0,1280,895,0,1
MetalDam/micrograph4/x256_y384,MetalDam,micrograph4,micrograph4.jpg,256,384,0.116425,val,256,/content/drive/MyDrive/phase11-data/data/MetalDam/images/micrograph4.jpg,/content/drive/MyDrive/phase11-persistent/gt_boundaries/MetalDam/micrograph4.png,0,0,1280,895,0,1
MetalDam/micrograph4/x256_y512,MetalDam,micrograph4,micrograph4.jpg,256,512,0.109207,val,256,/content/drive/MyDrive/phase11-data/data/MetalDam/images/micrograph4.jpg,/content/drive/MyDrive/phase11-persistent/gt_boundaries/MetalDam/micrograph4.png,0,0,1280,895,0,1
MetalDam/micrograph4/x256_y640,MetalDam,micrograph4,micrograph4.jpg,256,640,0.119156,val,256,/content/drive/MyDrive/phase11-data/data/MetalDam/images/micrograph4.jpg,/content/drive/MyDrive/phase11-persistent/gt_boundaries/MetalDam/micrograph4.png,0,0,1280,895,0,1
MetalDam/micrograph4/x384_y0,MetalDam,micrograph4,micrograph4.jpg,384,0,0.122986,val,256,/content/drive/MyDrive/phase11-data/data/MetalDam/images/micrograph4.jpg,/content/drive/MyDrive/phase11-persistent/gt_boundaries/MetalDam/micrograph4.png,0,0,1280,895,0,1
MetalDam/micrograph4/x384_y128,MetalDam,micrograph4,micrograph4.jpg,384,128,0.119781,val,256,/content/drive/MyDrive/phase11-data/data/MetalDam/images/micrograph4.jpg,/content/drive/MyDrive/phase11-persistent/gt_boundaries/MetalDam/micrograph4.png,0,0,1280,895,0,1
MetalDam/micrograph4/x384_y256,MetalDam,micrograph4,micrograph4.jpg,384,256,0.115219,val,256,/content/drive/MyDrive/phase11-data/data/MetalDam/images/micrograph4.jpg,/content/drive/MyDrive/phase11-persistent/gt_boundaries/MetalDam/micrograph4.png,0,0,1280,895,0,1
MetalDam/micrograph4/x384_y384,MetalDam,micrograph4,micrograph4.jpg,384,384,0.109894,val,256,/content/drive/MyDrive/phase11-data/data/MetalDam/images/micrograph4.jpg,/content/drive/MyDrive/phase11-persistent/gt_boundaries/MetalDam/micrograph4.png,0,0,1280,895,0,1
MetalDam/micrograph4/x384_y512,MetalDam,micrograph4,micrograph4.jpg,384,512,0.113678,val,256,/content/drive/MyDrive/phase11-data/data/MetalDam/images/micrograph4.jpg,/content/drive/MyDrive/phase11-persistent/gt_boundaries/MetalDam/micrograph4.png,0,0,1280,895,0,1
MetalDam/micrograph4/x384_y640,MetalDam,micrograph4,micrograph4.jpg,384,640,0.119034,val,256,/content/drive/MyDrive/phase11-data/data/MetalDam/images/micrograph4.jpg,/content/drive/MyDrive/phase11-persistent/gt_boundaries/MetalDam/micrograph4.png,0,0,1280,895,0,1
MetalDam/micrograph4/x512_y0,MetalDam,micrograph4,micrograph4.jpg,512,0,0.111145,val,256,/content/drive/MyDrive/phase11-data/data/MetalDam/images/micrograph4.jpg,/content/drive/MyDrive/phase11-persistent/gt_boundaries/MetalDam/micrograph4.png,0,0,1280,895,0,1
MetalDam/micrograph4/x512_y128,MetalDam,micrograph4,micrograph4.jpg,512,128,0.112152,val,256,/content/drive/MyDrive/phase11-data/data/MetalDam/images/micrograph4.jpg,/content/drive/MyDrive/phase11-persistent/gt_boundaries/MetalDam/micrograph4.png,0,0,1280,895,0,1
MetalDam/micrograph4/x512_y256,MetalDam,micrograph4,micrograph4.jpg,512,256,0.111481,val,256,/content/drive/MyDrive/phase11-data/data/MetalDam/images/micrograph4.jpg,/content/drive/MyDrive/phase11-persistent/gt_boundaries/MetalDam/micrograph4.png,0,0,1280,895,0,1
MetalDam/micrograph4/x512_y384,MetalDam,micrograph4,micrograph4.jpg,512,384,0.117767,val,256,/content/drive/MyDrive/phase11-data/data/MetalDam/images/micrograph4.jpg,/content/drive/MyDrive/phase11-persistent/gt_boundaries/MetalDam/micrograph4.png,0,0,1280,895,0,1
MetalDam/micrograph4/x512_y512,MetalDam,micrograph4,micrograph4.jpg,512,512,0.121155,val,256,/content/drive/MyDrive/phase11-data/data/MetalDam/images/micrograph4.jpg,/content/drive/MyDrive/phase11-persistent/gt_boundaries/MetalDam/micrograph4.png,0,0,1280,895,0,1
MetalDam/micrograph4/x512_y640,MetalDam,micrograph4,micrograph4.jpg,512,640,0.116104,val,256,/content/drive/MyDrive/phase11-data/data/MetalDam/images/micrograph4.jpg,/content/drive/MyDrive/phase11-persistent/gt_boundaries/MetalDam/micrograph4.png,0,0,1280,895,0,1
MetalDam/micrograph4/x640_y0,MetalDam,micrograph4,micrograph4.jpg,640,0,0.112198,val,256,/content/drive/MyDrive/phase11-data/data/MetalDam/images/micrograph4.jpg,/content/drive/MyDrive/phase11-persistent/gt_boundaries/MetalDam/micrograph4.png,0,0,1280,895,0,1
MetalDam/micrograph4/x640_y128,MetalDam,micrograph4,micrograph4.jpg,640,128,0.117783,val,256,/content/drive/MyDrive/phase11-data/data/MetalDam/images/micrograph4.jpg,/content/drive/MyDrive/phase11-persistent/gt_boundaries/MetalDam/micrograph4.png,0,0,1280,895,0,1
MetalDam/micrograph4/x640_y256,MetalDam,micrograph4,micrograph4.jpg,640,256,0.114807,val,256,/content/drive/MyDrive/phase11-data/data/MetalDam/images/micrograph4.jpg,/content/drive/MyDrive/phase11-persistent/gt_boundaries/MetalDam/micrograph4.png,0,0,1280,895,0,1
MetalDam/micrograph4/x640_y384,MetalDam,micrograph4,micrograph4.jpg,640,384,0.11322,val,256,/content/drive/MyDrive/phase11-data/data/MetalDam/images/micrograph4.jpg,/content/drive/MyDrive/phase11-persistent/gt_boundaries/MetalDam/micrograph4.png,0,0,1280,895,0,1
MetalDam/micrograph4/x640_y512,MetalDam,micrograph4,micrograph4.jpg,640,512,0.102386,val,256,/content/drive/MyDrive/phase11-data/data/MetalDam/images/micrograph4.jpg,/content/drive/MyDrive/phase11-persistent/gt_boundaries/MetalDam/micrograph4.png,0,0,1280,895,0,1
MetalDam/micrograph4/x640_y640,MetalDam,micrograph4,micrograph4.jpg,640,640,0.102478,val,256,/content/drive/MyDrive/phase11-data/data/MetalDam/images/micrograph4.jpg,/content/drive/MyDrive/phase11-persistent/gt_boundaries/MetalDam/micrograph4.png,0,0,1280,895,0,1
MetalDam/micrograph4/x768_y0,MetalDam,micrograph4,micrograph4.jpg,768,0,0.110413,val,256,/content/drive/MyDrive/phase11-data/data/MetalDam/images/micrograph4.jpg,/content/drive/MyDrive/phase11-persistent/gt_boundaries/MetalDam/micrograph4.png,0,0,1280,895,0,1
MetalDam/micrograph4/x768_y128,MetalDam,micrograph4,micrograph4.jpg,768,128,0.107269,val,256,/content/drive/MyDrive/phase11-data/data/MetalDam/images/micrograph4.jpg,/content/drive/MyDrive/phase11-persistent/gt_boundaries/MetalDam/micrograph4.png,0,0,1280,895,0,1
MetalDam/micrograph4/x768_y256,MetalDam,micrograph4,micrograph4.jpg,768,256,0.126434,val,256,/content/drive/MyDrive/phase11-data/data/MetalDam/images/micrograph4.jpg,/content/drive/MyDrive/phase11-persistent/gt_boundaries/MetalDam/micrograph4.png,0,0,1280,895,0,1
MetalDam/micrograph4/x768_y384,MetalDam,micrograph4,micrograph4.jpg,768,384,0.119949,val,256,/content/drive/MyDrive/phase11-data/data/MetalDam/images/micrograph4.jpg,/content/drive/MyDrive/phase11-persistent/gt_boundaries/MetalDam/micrograph4.png,0,0,1280,895,0,1
MetalDam/micrograph4/x768_y512,MetalDam,micrograph4,micrograph4.jpg,768,512,0.10405,val,256,/content/drive/MyDrive/phase11-data/data/MetalDam/images/micrograph4.jpg,/content/drive/MyDrive/phase11-persistent/gt_boundaries/MetalDam/micrograph4.png,0,0,1280,895,0,1
MetalDam/micrograph4/x768_y640,MetalDam,micrograph4,micrograph4.jpg,768,640,0.109634,val,256,/content/drive/MyDrive/phase11-data/data/MetalDam/images/micrograph4.jpg,/content/drive/MyDrive/phase11-persistent/gt_boundaries/MetalDam/micrograph4.png,0,0,1280,895,0,1
MetalDam/micrograph4/x896_y0,MetalDam,micrograph4,micrograph4.jpg,896,0,0.109985,val,256,/content/drive/MyDrive/phase11-data/data/MetalDam/images/micrograph4.jpg,/content/drive/MyDrive/phase11-persistent/gt_boundaries/MetalDam/micrograph4.png,0,0,1280,895,0,1
MetalDam/micrograph4/x896_y128,MetalDam,micrograph4,micrograph4.jpg,896,128,0.109299,val,256,/content/drive/MyDrive/phase11-data/data/MetalDam/images/micrograph4.jpg,/content/drive/MyDrive/phase11-persistent/gt_boundaries/MetalDam/micrograph4.png,0,0,1280,895,0,1
MetalDam/micrograph4/x896_y256,MetalDam,micrograph4,micrograph4.jpg,896,256,0.121414,val,256,/content/drive/MyDrive/phase11-data/data/MetalDam/images/micrograph4.jpg,/content/drive/MyDrive/phase11-persistent/gt_boundaries/MetalDam/micrograph4.png,0,0,1280,895,0,1
MetalDam/micrograph4/x896_y384,MetalDam,micrograph4,micrograph4.jpg,896,384,0.121307,val,256,/content/drive/MyDrive/phase11-data/data/MetalDam/images/micrograph4.jpg,/content/drive/MyDrive/phase11-persistent/gt_boundaries/MetalDam/micrograph4.png,0,0,1280,895,0,1
MetalDam/micrograph4/x896_y512,MetalDam,micrograph4,micrograph4.jpg,896,512,0.118973,val,256,/content/drive/MyDrive/phase11-data/data/MetalDam/images/micrograph4.jpg,/content/drive/MyDrive/phase11-persistent/gt_boundaries/MetalDam/micrograph4.png,0,0,1280,895,0,1
MetalDam/micrograph4/x896_y640,MetalDam,micrograph4,micrograph4.jpg,896,640,0.117783,val,256,/content/drive/MyDrive/phase11-data/data/MetalDam/images/micrograph4.jpg,/content/drive/MyDrive/phase11-persistent/gt_boundaries/MetalDam/micrograph4.png,0,0,1280,895,0,1
MetalDam/micrograph40/x0_y0,MetalDam,micrograph40,micrograph40.jpg,0,0,0.150955,val,256,/content/drive/MyDrive/phase11-data/data/MetalDam/images/micrograph40.jpg,/content/drive/MyDrive/phase11-persistent/gt_boundaries/MetalDam/micrograph40.png,0,0,1024,703,0,65
MetalDam/micrograph40/x0_y128,MetalDam,micrograph40,micrograph40.jpg,0,128,0.145401,val,256,/content/drive/MyDrive/phase11-data/data/MetalDam/images/micrograph40.jpg,/content/drive/MyDrive/phase11-persistent/gt_boundaries/MetalDam/micrograph40.png,0,0,1024,703,0,65
MetalDam/micrograph40/x0_y256,MetalDam,micrograph40,micrograph40.jpg,0,256,0.144485,val,256,/content/drive/MyDrive/phase11-data/data/MetalDam/images/micrograph40.jpg,/content/drive/MyDrive/phase11-persistent/gt_boundaries/MetalDam/micrograph40.png,0,0,1024,703,0,65
MetalDam/micrograph40/x0_y384,MetalDam,micrograph40,micrograph40.jpg,0,384,0.150452,val,256,/content/drive/MyDrive/phase11-data/data/MetalDam/images/micrograph40.jpg,/content/drive/MyDrive/phase11-persistent/gt_boundaries/MetalDam/micrograph40.png,0,0,1024,703,0,65
MetalDam/micrograph40/x0_y512,MetalDam,micrograph40,micrograph40.jpg,0,512,0.129654,val,256,/content/drive/MyDrive/phase11-data/data/MetalDam/images/micrograph40.jpg,/content/drive/MyDrive/phase11-persistent/gt_boundaries/MetalDam/micrograph40.png,0,0,1024,703,0,65
MetalDam/micrograph40/x128_y0,MetalDam,micrograph40,micrograph40.jpg,128,0,0.164551,val,256,/content/drive/MyDrive/phase11-data/data/MetalDam/images/micrograph40.jpg,/content/drive/MyDrive/phase11-persistent/gt_boundaries/MetalDam/micrograph40.png,0,0,1024,703,0,65
MetalDam/micrograph40/x128_y128,MetalDam,micrograph40,micrograph40.jpg,128,128,0.156647,val,256,/content/drive/MyDrive/phase11-data/data/MetalDam/images/micrograph40.jpg,/content/drive/MyDrive/phase11-persistent/gt_boundaries/MetalDam/micrograph40.png,0,0,1024,703,0,65
MetalDam/micrograph40/x128_y256,MetalDam,micrograph40,micrograph40.jpg,128,256,0.152512,val,256,/content/drive/MyDrive/phase11-data/data/MetalDam/images/micrograph40.jpg,/content/drive/MyDrive/phase11-persistent/gt_boundaries/MetalDam/micrograph40.png,0,0,1024,703,0,65
MetalDam/micrograph40/x128_y384,MetalDam,micrograph40,micrograph40.jpg,128,384,0.152939,val,256,/content/drive/MyDrive/phase11-data/data/MetalDam/images/micrograph40.jpg,/content/drive/MyDrive/phase11-persistent/gt_boundaries/MetalDam/micrograph40.png,0,0,1024,703,0,65
MetalDam/micrograph40/x128_y512,MetalDam,micrograph40,micrograph40.jpg,128,512,0.125122,val,256,/content/drive/MyDrive/phase11-data/data/MetalDam/images/micrograph40.jpg,/content/drive/MyDrive/phase11-persistent/gt_boundaries/MetalDam/micrograph40.png,0,0,1024,703,0,65
MetalDam/micrograph40/x256_y0,MetalDam,micrograph40,micrograph40.jpg,256,0,0.170502,val,256,/content/drive/MyDrive/phase11-data/data/MetalDam/images/micrograph40.jpg,/content/drive/MyDrive/phase11-persistent/gt_boundaries/MetalDam/micrograph40.png,0,0,1024,703,0,65
MetalDam/micrograph40/x256_y128,MetalDam,micrograph40,micrograph40.jpg,256,128,0.163696,val,256,/content/drive/MyDrive/phase11-data/data/MetalDam/images/micrograph40.jpg,/content/drive/MyDrive/phase11-persistent/gt_boundaries/MetalDam/micrograph40.png,0,0,1024,703,0,65
MetalDam/micrograph40/x256_y256,MetalDam,micrograph40,micrograph40.jpg,256,256,0.155609,val,256,/content/drive/MyDrive/phase11-data/data/MetalDam/images/micrograph40.jpg,/content/drive/MyDrive/phase11-persistent/gt_boundaries/MetalDam/micrograph40.png,0,0,1024,703,0,65
MetalDam/micrograph40/x256_y384,MetalDam,micrograph40,micrograph40.jpg,256,384,0.151642,val,256,/content/drive/MyDrive/phase11-data/data/MetalDam/images/micrograph40.jpg,/content/drive/MyDrive/phase11-persistent/gt_boundaries/MetalDam/micrograph40.png,0,0,1024,703,0,65
MetalDam/micrograph40/x256_y512,MetalDam,micrograph40,micrograph40.jpg,256,512,0.142868,val,256,/content/drive/MyDrive/phase11-data/data/MetalDam/images/micrograph40.jpg,/content/drive/MyDrive/phase11-persistent/gt_boundaries/MetalDam/micrograph40.png,0,0,1024,703,0,65
MetalDam/micrograph40/x384_y0,MetalDam,micrograph40,micrograph40.jpg,384,0,0.163055,val,256,/content/drive/MyDrive/phase11-data/data/MetalDam/images/micrograph40.jpg,/content/drive/MyDrive/phase11-persistent/gt_boundaries/MetalDam/micrograph40.png,0,0,1024,703,0,65
MetalDam/micrograph40/x384_y128,MetalDam,micrograph40,micrograph40.jpg,384,128,0.153351,val,256,/content/drive/MyDrive/phase11-data/data/MetalDam/images/micrograph40.jpg,/content/drive/MyDrive/phase11-persistent/gt_boundaries/MetalDam/micrograph40.png,0,0,1024,703,0,65
MetalDam/micrograph40/x384_y256,MetalDam,micrograph40,micrograph40.jpg,384,256,0.14209,val,256,/content/drive/MyDrive/phase11-data/data/MetalDam/images/micrograph40.jpg,/content/drive/MyDrive/phase11-persistent/gt_boundaries/MetalDam/micrograph40.png,0,0,1024,703,0,65
MetalDam/micrograph40/x384_y384,MetalDam,micrograph40,micrograph40.jpg,384,384,0.146332,val,256,/content/drive/MyDrive/phase11-data/data/MetalDam/images/micrograph40.jpg,/content/drive/MyDrive/phase11-persistent/gt_boundaries/MetalDam/micrograph40.png,0,0,1024,703,0,65
MetalDam/micrograph40/x384_y512,MetalDam,micrograph40,micrograph40.jpg,384,512,0.152283,val,256,/content/drive/MyDrive/phase11-data/data/MetalDam/images/micrograph40.jpg,/content/drive/MyDrive/phase11-persistent/gt_boundaries/MetalDam/micrograph40.png,0,0,1024,703,0,65
MetalDam/micrograph40/x512_y0,MetalDam,micrograph40,micrograph40.jpg,512,0,0.166656,val,256,/content/drive/MyDrive/phase11-data/data/MetalDam/images/micrograph40.jpg,/content/drive/MyDrive/phase11-persistent/gt_boundaries/MetalDam/micrograph40.png,0,0,1024,703,0,65
MetalDam/micrograph40/x512_y128,MetalDam,micrograph40,micrograph40.jpg,512,128,0.140884,val,256,/content/drive/MyDrive/phase11-data/data/MetalDam/images/micrograph40.jpg,/content/drive/MyDrive/phase11-persistent/gt_boundaries/MetalDam/micrograph40.png,0,0,1024,703,0,65
MetalDam/micrograph40/x512_y256,MetalDam,micrograph40,micrograph40.jpg,512,256,0.126709,val,256,/content/drive/MyDrive/phase11-data/data/MetalDam/images/micrograph40.jpg,/content/drive/MyDrive/phase11-persistent/gt_boundaries/MetalDam/micrograph40.png,0,0,1024,703,0,65
MetalDam/micrograph40/x512_y384,MetalDam,micrograph40,micrograph40.jpg,512,384,0.135956,val,256,/content/drive/MyDrive/phase11-data/data/MetalDam/images/micrograph40.jpg,/content/drive/MyDrive/phase11-persistent/gt_boundaries/MetalDam/micrograph40.png,0,0,1024,703,0,65
MetalDam/micrograph40/x512_y512,MetalDam,micrograph40,micrograph40.jpg,512,512,0.144501,val,256,/content/drive/MyDrive/phase11-data/data/MetalDam/images/micrograph40.jpg,/content/drive/MyDrive/phase11-persistent/gt_boundaries/MetalDam/micrograph40.png,0,0,1024,703,0,65
MetalDam/micrograph40/x640_y0,MetalDam,micrograph40,micrograph40.jpg,640,0,0.18187,val,256,/content/drive/MyDrive/phase11-data/data/MetalDam/images/micrograph40.jpg,/content/drive/MyDrive/phase11-persistent/gt_boundaries/MetalDam/micrograph40.png,0,0,1024,703,0,65
MetalDam/micrograph40/x640_y128,MetalDam,micrograph40,micrograph40.jpg,640,128,0.146301,val,256,/content/drive/MyDrive/phase11-data/data/MetalDam/images/micrograph40.jpg,/content/drive/MyDrive/phase11-persistent/gt_boundaries/MetalDam/micrograph40.png,0,0,1024,703,0,65
MetalDam/micrograph40/x640_y256,MetalDam,micrograph40,micrograph40.jpg,640,256,0.120544,val,256,/content/drive/MyDrive/phase11-data/data/MetalDam/images/micrograph40.jpg,/content/drive/MyDrive/phase11-persistent/gt_boundaries/MetalDam/micrograph40.png,0,0,1024,703,0,65
MetalDam/micrograph40/x640_y384,MetalDam,micrograph40,micrograph40.jpg,640,384,0.131439,val,256,/content/drive/MyDrive/phase11-data/data/MetalDam/images/micrograph40.jpg,/content/drive/MyDrive/phase11-persistent/gt_boundaries/MetalDam/micrograph40.png,0,0,1024,703,0,65
MetalDam/micrograph40/x640_y512,MetalDam,micrograph40,micrograph40.jpg,640,512,0.151047,val,256,/content/drive/MyDrive/phase11-data/data/MetalDam/images/micrograph40.jpg,/content/drive/MyDrive/phase11-persistent/gt_boundaries/MetalDam/micrograph40.png,0,0,1024,703,0,65
MetalDam/micrograph40/x768_y0,MetalDam,micrograph40,micrograph40.jpg,768,0,0.183212,val,256,/content/drive/MyDrive/phase11-data/data/MetalDam/images/micrograph40.jpg,/content/drive/MyDrive/phase11-persistent/gt_boundaries/MetalDam/micrograph40.png,0,0,1024,703,0,65
MetalDam/micrograph40/x768_y128,MetalDam,micrograph40,micrograph40.jpg,768,128,0.15683,val,256,/content/drive/MyDrive/phase11-data/data/MetalDam/images/micrograph40.jpg,/content/drive/MyDrive/phase11-persistent/gt_boundaries/MetalDam/micrograph40.png,0,0,1024,703,0,65
MetalDam/micrograph40/x768_y256,MetalDam,micrograph40,micrograph40.jpg,768,256,0.128204,val,256,/content/drive/MyDrive/phase11-data/data/MetalDam/images/micrograph40.jpg,/content/drive/MyDrive/phase11-persistent/gt_boundaries/MetalDam/micrograph40.png,0,0,1024,703,0,65
MetalDam/micrograph40/x768_y384,MetalDam,micrograph40,micrograph40.jpg,768,384,0.129913,val,256,/content/drive/MyDrive/phase11-data/data/MetalDam/images/micrograph40.jpg,/content/drive/MyDrive/phase11-persistent/gt_boundaries/MetalDam/micrograph40.png,0,0,1024,703,0,65
MetalDam/micrograph40/x768_y512,MetalDam,micrograph40,micrograph40.jpg,768,512,0.143677,val,256,/content/drive/MyDrive/phase11-data/data/MetalDam/images/micrograph40.jpg,/content/drive/MyDrive/phase11-persistent/gt_boundaries/MetalDam/micrograph40.png,0,0,1024,703,0,65
MetalDam/micrograph41/x0_y0,MetalDam,micrograph41,micrograph41.jpg,0,0,0.062973,val,256,/content/drive/MyDrive/phase11-data/data/MetalDam/images/micrograph41.jpg,/content/drive/MyDrive/phase11-persistent/gt_boundaries/MetalDam/micrograph41.png,0,0,1280,895,0,1
MetalDam/micrograph41/x0_y128,MetalDam,micrograph41,micrograph41.jpg,0,128,0.061966,val,256,/content/drive/MyDrive/phase11-data/data/MetalDam/images/micrograph41.jpg,/content/drive/MyDrive/phase11-persistent/gt_boundaries/MetalDam/micrograph41.png,0,0,1280,895,0,1
MetalDam/micrograph41/x0_y256,MetalDam,micrograph41,micrograph41.jpg,0,256,0.085281,val,256,/content/drive/MyDrive/phase11-data/data/MetalDam/images/micrograph41.jpg,/content/drive/MyDrive/phase11-persistent/gt_boundaries/MetalDam/micrograph41.png,0,0,1280,895,0,1
MetalDam/micrograph41/x0_y384,MetalDam,micrograph41,micrograph41.jpg,0,384,0.133682,val,256,/content/drive/MyDrive/phase11-data/data/MetalDam/images/micrograph41.jpg,/content/drive/MyDrive/phase11-persistent/gt_boundaries/MetalDam/micrograph41.png,0,0,1280,895,0,1
MetalDam/micrograph41/x0_y512,MetalDam,micrograph41,micrograph41.jpg,0,512,0.163696,val,256,/content/drive/MyDrive/phase11-data/data/MetalDam/images/micrograph41.jpg,/content/drive/MyDrive/phase11-persistent/gt_boundaries/MetalDam/micrograph41.png,0,0,1280,895,0,1
MetalDam/micrograph41/x0_y640,MetalDam,micrograph41,micrograph41.jpg,0,640,0.164352,val,256,/content/drive/MyDrive/phase11-data/data/MetalDam/images/micrograph41.jpg,/content/drive/MyDrive/phase11-persistent/gt_boundaries/MetalDam/micrograph41.png,0,0,1280,895,0,1
MetalDam/micrograph41/x1024_y0,MetalDam,micrograph41,micrograph41.jpg,1024,0,0.150696,val,256,/content/drive/MyDrive/phase11-data/data/MetalDam/images/micrograph41.jpg,/content/drive/MyDrive/phase11-persistent/gt_boundaries/MetalDam/micrograph41.png,0,0,1280,895,0,1
MetalDam/micrograph41/x1024_y128,MetalDam,micrograph41,micrograph41.jpg,1024,128,0.153122,val,256,/content/drive/MyDrive/phase11-data/data/MetalDam/images/micrograph41.jpg,/content/drive/MyDrive/phase11-persistent/gt_boundaries/MetalDam/micrograph41.png,0,0,1280,895,0,1
MetalDam/micrograph41/x1024_y256,MetalDam,micrograph41,micrograph41.jpg,1024,256,0.144455,val,256,/content/drive/MyDrive/phase11-data/data/MetalDam/images/micrograph41.jpg,/content/drive/MyDrive/phase11-persistent/gt_boundaries/MetalDam/micrograph41.png,0,0,1280,895,0,1
MetalDam/micrograph41/x1024_y384,MetalDam,micrograph41,micrograph41.jpg,1024,384,0.134872,val,256,/content/drive/MyDrive/phase11-data/data/MetalDam/images/micrograph41.jpg,/content/drive/MyDrive/phase11-persistent/gt_boundaries/MetalDam/micrograph41.png,0,0,1280,895,0,1
MetalDam/micrograph41/x1024_y512,MetalDam,micrograph41,micrograph41.jpg,1024,512,0.129868,val,256,/content/drive/MyDrive/phase11-data/data/MetalDam/images/micrograph41.jpg,/content/drive/MyDrive/phase11-persistent/gt_boundaries/MetalDam/micrograph41.png,0,0,1280,895,0,1
MetalDam/micrograph41/x1024_y640,MetalDam,micrograph41,micrograph41.jpg,1024,640,0.12851,val,256,/content/drive/MyDrive/phase11-data/data/MetalDam/images/micrograph41.jpg,/content/drive/MyDrive/phase11-persistent/gt_boundaries/MetalDam/micrograph41.png,0,0,1280,895,0,1
MetalDam/micrograph41/x128_y0,MetalDam,micrograph41,micrograph41.jpg,128,0,0.098724,val,256,/content/drive/MyDrive/phase11-data/data/MetalDam/images/micrograph41.jpg,/content/drive/MyDrive/phase11-persistent/gt_boundaries/MetalDam/micrograph41.png,0,0,1280,895,0,1
MetalDam/micrograph41/x128_y128,MetalDam,micrograph41,micrograph41.jpg,128,128,0.094238,val,256,/content/drive/MyDrive/phase11-data/data/MetalDam/images/micrograph41.jpg,/content/drive/MyDrive/phase11-persistent/gt_boundaries/MetalDam/micrograph41.png,0,0,1280,895,0,1
MetalDam/micrograph41/x128_y256,MetalDam,micrograph41,micrograph41.jpg,128,256,0.113388,val,256,/content/drive/MyDrive/phase11-data/data/MetalDam/images/micrograph41.jpg,/content/drive/MyDrive/phase11-persistent/gt_boundaries/MetalDam/micrograph41.png,0,0,1280,895,0,1
MetalDam/micrograph41/x128_y384,MetalDam,micrograph41,micrograph41.jpg,128,384,0.147949,val,256,/content/drive/MyDrive/phase11-data/data/MetalDam/images/micrograph41.jpg,/content/drive/MyDrive/phase11-persistent/gt_boundaries/MetalDam/micrograph41.png,0,0,1280,895,0,1
MetalDam/micrograph41/x128_y512,MetalDam,micrograph41,micrograph41.jpg,128,512,0.163315,val,256,/content/drive/MyDrive/phase11-data/data/MetalDam/images/micrograph41.jpg,/content/drive/MyDrive/phase11-persistent/gt_boundaries/MetalDam/micrograph41.png,0,0,1280,895,0,1
MetalDam/micrograph41/x128_y640,MetalDam,micrograph41,micrograph41.jpg,128,640,0.157654,val,256,/content/drive/MyDrive/phase11-data/data/MetalDam/images/micrograph41.jpg,/content/drive/MyDrive/phase11-persistent/gt_boundaries/MetalDam/micrograph41.png,0,0,1280,895,0,1
MetalDam/micrograph41/x256_y0,MetalDam,micrograph41,micrograph41.jpg,256,0,0.128876,val,256,/content/drive/MyDrive/phase11-data/data/MetalDam/images/micrograph41.jpg,/content/drive/MyDrive/phase11-persistent/gt_boundaries/MetalDam/micrograph41.png,0,0,1280,895,0,1
MetalDam/micrograph41/x256_y128,MetalDam,micrograph41,micrograph41.jpg,256,128,0.134628,val,256,/content/drive/MyDrive/phase11-data/data/MetalDam/images/micrograph41.jpg,/content/drive/MyDrive/phase11-persistent/gt_boundaries/MetalDam/micrograph41.png,0,0,1280,895,0,1
MetalDam/micrograph41/x256_y256,MetalDam,micrograph41,micrograph41.jpg,256,256,0.133377,val,256,/content/drive/MyDrive/phase11-data/data/MetalDam/images/micrograph41.jpg,/content/drive/MyDrive/phase11-persistent/gt_boundaries/MetalDam/micrograph41.png,0,0,1280,895,0,1
MetalDam/micrograph41/x256_y384,MetalDam,micrograph41,micrograph41.jpg,256,384,0.136932,val,256,/content/drive/MyDrive/phase11-data/data/MetalDam/images/micrograph41.jpg,/content/drive/MyDrive/phase11-persistent/gt_boundaries/MetalDam/micrograph41.png,0,0,1280,895,0,1
MetalDam/micrograph41/x256_y512,MetalDam,micrograph41,micrograph41.jpg,256,512,0.148682,val,256,/content/drive/MyDrive/phase11-data/data/MetalDam/images/micrograph41.jpg,/content/drive/MyDrive/phase11-persistent/gt_boundaries/MetalDam/micrograph41.png,0,0,1280,895,0,1
MetalDam/micrograph41/x256_y640,MetalDam,micrograph41,micrograph41.jpg,256,640,0.149216,val,256,/content/drive/MyDrive/phase11-data/data/MetalDam/images/micrograph41.jpg,/content/drive/MyDrive/phase11-persistent/gt_boundaries/MetalDam/micrograph41.png,0,0,1280,895,0,1
MetalDam/micrograph41/x384_y0,MetalDam,micrograph41,micrograph41.jpg,384,0,0.13063,val,256,/content/drive/MyDrive/phase11-data/data/MetalDam/images/micrograph41.jpg,/content/drive/MyDrive/phase11-persistent/gt_boundaries/MetalDam/micrograph41.png,0,0,1280,895,0,1
MetalDam/micrograph41/x384_y128,MetalDam,micrograph41,micrograph41.jpg,384,128,0.136719,val,256,/content/drive/MyDrive/phase11-data/data/MetalDam/images/micrograph41.jpg,/content/drive/MyDrive/phase11-persistent/gt_boundaries/MetalDam/micrograph41.png,0,0,1280,895,0,1
MetalDam/micrograph41/x384_y256,MetalDam,micrograph41,micrograph41.jpg,384,256,0.128387,val,256,/content/drive/MyDrive/phase11-data/data/MetalDam/images/micrograph41.jpg,/content/drive/MyDrive/phase11-persistent/gt_boundaries/MetalDam/micrograph41.png,0,0,1280,895,0,1
MetalDam/micrograph41/x384_y384,MetalDam,micrograph41,micrograph41.jpg,384,384,0.123856,val,256,/content/drive/MyDrive/phase11-data/data/MetalDam/images/micrograph41.jpg,/content/drive/MyDrive/phase11-persistent/gt_boundaries/MetalDam/micrograph41.png,0,0,1280,895,0,1
MetalDam/micrograph41/x384_y512,MetalDam,micrograph41,micrograph41.jpg,384,512,0.135406,val,256,/content/drive/MyDrive/phase11-data/data/MetalDam/images/micrograph41.jpg,/content/drive/MyDrive/phase11-persistent/gt_boundaries/MetalDam/micrograph41.png,0,0,1280,895,0,1
MetalDam/micrograph41/x384_y640,MetalDam,micrograph41,micrograph41.jpg,384,640,0.135452,val,256,/content/drive/MyDrive/phase11-data/data/MetalDam/images/micrograph41.jpg,/content/drive/MyDrive/phase11-persistent/gt_boundaries/MetalDam/micrograph41.png,0,0,1280,895,0,1
MetalDam/micrograph41/x512_y0,MetalDam,micrograph41,micrograph41.jpg,512,0,0.126862,val,256,/content/drive/MyDrive/phase11-data/data/MetalDam/images/micrograph41.jpg,/content/drive/MyDrive/phase11-persistent/gt_boundaries/MetalDam/micrograph41.png,0,0,1280,895,0,1
MetalDam/micrograph41/x512_y128,MetalDam,micrograph41,micrograph41.jpg,512,128,0.123077,val,256,/content/drive/MyDrive/phase11-data/data/MetalDam/images/micrograph41.jpg,/content/drive/MyDrive/phase11-persistent/gt_boundaries/MetalDam/micrograph41.png,0,0,1280,895,0,1
MetalDam/micrograph41/x512_y256,MetalDam,micrograph41,micrograph41.jpg,512,256,0.12674,val,256,/content/drive/MyDrive/phase11-data/data/MetalDam/images/micrograph41.jpg,/content/drive/MyDrive/phase11-persistent/gt_boundaries/MetalDam/micrograph41.png,0,0,1280,895,0,1
MetalDam/micrograph41/x512_y384,MetalDam,micrograph41,micrograph41.jpg,512,384,0.128113,val,256,/content/drive/MyDrive/phase11-data/data/MetalDam/images/micrograph41.jpg,/content/drive/MyDrive/phase11-persistent/gt_boundaries/MetalDam/micrograph41.png,0,0,1280,895,0,1
MetalDam/micrograph41/x512_y512,MetalDam,micrograph41,micrograph41.jpg,512,512,0.12619,val,256,/content/drive/MyDrive/phase11-data/data/MetalDam/images/micrograph41.jpg,/content/drive/MyDrive/phase11-persistent/gt_boundaries/MetalDam/micrograph41.png,0,0,1280,895,0,1
MetalDam/micrograph41/x512_y640,MetalDam,micrograph41,micrograph41.jpg,512,640,0.115738,val,256,/content/drive/MyDrive/phase11-data/data/MetalDam/images/micrograph41.jpg,/content/drive/MyDrive/phase11-persistent/gt_boundaries/MetalDam/micrograph41.png,0,0,1280,895,0,1
MetalDam/micrograph41/x640_y0,MetalDam,micrograph41,micrograph41.jpg,640,0,0.122543,val,256,/content/drive/MyDrive/phase11-data/data/MetalDam/images/micrograph41.jpg,/content/drive/MyDrive/phase11-persistent/gt_boundaries/MetalDam/micrograph41.png,0,0,1280,895,0,1
MetalDam/micrograph41/x640_y128,MetalDam,micrograph41,micrograph41.jpg,640,128,0.130966,val,256,/content/drive/MyDrive/phase11-data/data/MetalDam/images/micrograph41.jpg,/content/drive/MyDrive/phase11-persistent/gt_boundaries/MetalDam/micrograph41.png,0,0,1280,895,0,1
MetalDam/micrograph41/x640_y256,MetalDam,micrograph41,micrograph41.jpg,640,256,0.135025,val,256,/content/drive/MyDrive/phase11-data/data/MetalDam/images/micrograph41.jpg,/content/drive/MyDrive/phase11-persistent/gt_boundaries/MetalDam/micrograph41.png,0,0,1280,895,0,1
MetalDam/micrograph41/x640_y384,MetalDam,micrograph41,micrograph41.jpg,640,384,0.139542,val,256,/content/drive/MyDrive/phase11-data/data/MetalDam/images/micrograph41.jpg,/content/drive/MyDrive/phase11-persistent/gt_boundaries/MetalDam/micrograph41.png,0,0,1280,895,0,1
MetalDam/micrograph41/x640_y512,MetalDam,micrograph41,micrograph41.jpg,640,512,0.131958,val,256,/content/drive/MyDrive/phase11-data/data/MetalDam/images/micrograph41.jpg,/content/drive/MyDrive/phase11-persistent/gt_boundaries/MetalDam/micrograph41.png,0,0,1280,895,0,1
MetalDam/micrograph41/x640_y640,MetalDam,micrograph41,micrograph41.jpg,640,640,0.115402,val,256,/content/drive/MyDrive/phase11-data/data/MetalDam/images/micrograph41.jpg,/content/drive/MyDrive/phase11-persistent/gt_boundaries/MetalDam/micrograph41.png,0,0,1280,895,0,1
MetalDam/micrograph41/x768_y0,MetalDam,micrograph41,micrograph41.jpg,768,0,0.133423,val,256,/content/drive/MyDrive/phase11-data/data/MetalDam/images/micrograph41.jpg,/content/drive/MyDrive/phase11-persistent/gt_boundaries/MetalDam/micrograph41.png,0,0,1280,895,0,1
MetalDam/micrograph41/x768_y128,MetalDam,micrograph41,micrograph41.jpg,768,128,0.14856,val,256,/content/drive/MyDrive/phase11-data/data/MetalDam/images/micrograph41.jpg,/content/drive/MyDrive/phase11-persistent/gt_boundaries/MetalDam/micrograph41.png,0,0,1280,895,0,1
MetalDam/micrograph41/x768_y256,MetalDam,micrograph41,micrograph41.jpg,768,256,0.148849,val,256,/content/drive/MyDrive/phase11-data/data/MetalDam/images/micrograph41.jpg,/content/drive/MyDrive/phase11-persistent/gt_boundaries/MetalDam/micrograph41.png,0,0,1280,895,0,1
MetalDam/micrograph41/x768_y384,MetalDam,micrograph41,micrograph41.jpg,768,384,0.145355,val,256,/content/drive/MyDrive/phase11-data/data/MetalDam/images/micrograph41.jpg,/content/drive/MyDrive/phase11-persistent/gt_boundaries/MetalDam/micrograph41.png,0,0,1280,895,0,1
MetalDam/micrograph41/x768_y512,MetalDam,micrograph41,micrograph41.jpg,768,512,0.134521,val,256,/content/drive/MyDrive/phase11-data/data/MetalDam/images/micrograph41.jpg,/content/drive/MyDrive/phase11-persistent/gt_boundaries/MetalDam/micrograph41.png,0,0,1280,895,0,1
MetalDam/micrograph41/x768_y640,MetalDam,micrograph41,micrograph41.jpg,768,640,0.117142,val,256,/content/drive/MyDrive/phase11-data/data/MetalDam/images/micrograph41.jpg,/content/drive/MyDrive/phase11-persistent/gt_boundaries/MetalDam/micrograph41.png,0,0,1280,895,0,1
MetalDam/micrograph41/x896_y0,MetalDam,micrograph41,micrograph41.jpg,896,0,0.151398,val,256,/content/drive/MyDrive/phase11-data/data/MetalDam/images/micrograph41.jpg,/content/drive/MyDrive/phase11-persistent/gt_boundaries/MetalDam/micrograph41.png,0,0,1280,895,0,1
MetalDam/micrograph41/x896_y128,MetalDam,micrograph41,micrograph41.jpg,896,128,0.156097,val,256,/content/drive/MyDrive/phase11-data/data/MetalDam/images/micrograph41.jpg,/content/drive/MyDrive/phase11-persistent/gt_boundaries/MetalDam/micrograph41.png,0,0,1280,895,0,1
MetalDam/micrograph41/x896_y256,MetalDam,micrograph41,micrograph41.jpg,896,256,0.15625,val,256,/content/drive/MyDrive/phase11-data/data/MetalDam/images/micrograph41.jpg,/content/drive/MyDrive/phase11-persistent/gt_boundaries/MetalDam/micrograph41.png,0,0,1280,895,0,1
MetalDam/micrograph41/x896_y384,MetalDam,micrograph41,micrograph41.jpg,896,384,0.144119,val,256,/content/drive/MyDrive/phase11-data/data/MetalDam/images/micrograph41.jpg,/content/drive/MyDrive/phase11-persistent/gt_boundaries/MetalDam/micrograph41.png,0,0,1280,895,0,1
MetalDam/micrograph41/x896_y512,MetalDam,micrograph41,micrograph41.jpg,896,512,0.126556,val,256,/content/drive/MyDrive/phase11-data/data/MetalDam/images/micrograph41.jpg,/content/drive/MyDrive/phase11-persistent/gt_boundaries/MetalDam/micrograph41.png,0,0,1280,895,0,1
MetalDam/micrograph41/x896_y640,MetalDam,micrograph41,micrograph41.jpg,896,640,0.120148,val,256,/content/drive/MyDrive/phase11-data/data/MetalDam/images/micrograph41.jpg,/content/drive/MyDrive/phase11-persistent/gt_boundaries/MetalDam/micrograph41.png,0,0,1280,895,0,1
MetalDam/micrograph5/x0_y0,MetalDam,micrograph5,micrograph5.jpg,0,0,0.151474,val,256,/content/drive/MyDrive/phase11-data/data/MetalDam/images/micrograph5.jpg,/content/drive/MyDrive/phase11-persistent/gt_boundaries/MetalDam/micrograph5.png,0,0,1024,703,0,65
MetalDam/micrograph5/x0_y128,MetalDam,micrograph5,micrograph5.jpg,0,128,0.167587,val,256,/content/drive/MyDrive/phase11-data/data/MetalDam/images/micrograph5.jpg,/content/drive/MyDrive/phase11-persistent/gt_boundaries/MetalDam/micrograph5.png,0,0,1024,703,0,65
MetalDam/micrograph5/x0_y256,MetalDam,micrograph5,micrograph5.jpg,0,256,0.156891,val,256,/content/drive/MyDrive/phase11-data/data/MetalDam/images/micrograph5.jpg,/content/drive/MyDrive/phase11-persistent/gt_boundaries/MetalDam/micrograph5.png,0,0,1024,703,0,65
MetalDam/micrograph5/x0_y384,MetalDam,micrograph5,micrograph5.jpg,0,384,0.156494,val,256,/content/drive/MyDrive/phase11-data/data/MetalDam/images/micrograph5.jpg,/content/drive/MyDrive/phase11-persistent/gt_boundaries/MetalDam/micrograph5.png,0,0,1024,703,0,65
MetalDam/micrograph5/x0_y512,MetalDam,micrograph5,micrograph5.jpg,0,512,0.133316,val,256,/content/drive/MyDrive/phase11-data/data/MetalDam/images/micrograph5.jpg,/content/drive/MyDrive/phase11-persistent/gt_boundaries/MetalDam/micrograph5.png,0,0,1024,703,0,65
MetalDam/micrograph5/x128_y0,MetalDam,micrograph5,micrograph5.jpg,128,0,0.175415,val,256,/content/drive/MyDrive/phase11-data/data/MetalDam/images/micrograph5.jpg,/content/drive/MyDrive/phase11-persistent/gt_boundaries/MetalDam/micrograph5.png,0,0,1024,703,0,65
MetalDam/micrograph5/x128_y128,MetalDam,micrograph5,micrograph5.jpg,128,128,0.176895,val,256,/content/drive/MyDrive/phase11-data/data/MetalDam/images/micrograph5.jpg,/content/drive/MyDrive/phase11-persistent/gt_boundaries/MetalDam/micrograph5.png,0,0,1024,703,0,65
MetalDam/micrograph5/x128_y256,MetalDam,micrograph5,micrograph5.jpg,128,256,0.161926,val,256,/content/drive/MyDrive/phase11-data/data/MetalDam/images/micrograph5.jpg,/content/drive/MyDrive/phase11-persistent/gt_boundaries/MetalDam/micrograph5.png,0,0,1024,703,0,65
MetalDam/micrograph5/x128_y384,MetalDam,micrograph5,micrograph5.jpg,128,384,0.173965,val,256,/content/drive/MyDrive/phase11-data/data/MetalDam/images/micrograph5.jpg,/content/drive/MyDrive/phase11-persistent/gt_boundaries/MetalDam/micrograph5.png,0,0,1024,703,0,65
MetalDam/micrograph5/x128_y512,MetalDam,micrograph5,micrograph5.jpg,128,512,0.152847,val,256,/content/drive/MyDrive/phase11-data/data/MetalDam/images/micrograph5.jpg,/content/drive/MyDrive/phase11-persistent/gt_boundaries/MetalDam/micrograph5.png,0,0,1024,703,0,65
MetalDam/micrograph5/x256_y0,MetalDam,micrograph5,micrograph5.jpg,256,0,0.185074,val,256,/content/drive/MyDrive/phase11-data/data/MetalDam/images/micrograph5.jpg,/content/drive/MyDrive/phase11-persistent/gt_boundaries/MetalDam/micrograph5.png,0,0,1024,703,0,65
MetalDam/micrograph5/x256_y128,MetalDam,micrograph5,micrograph5.jpg,256,128,0.177963,val,256,/content/drive/MyDrive/phase11-data/data/MetalDam/images/micrograph5.jpg,/content/drive/MyDrive/phase11-persistent/gt_boundaries/MetalDam/micrograph5.png,0,0,1024,703,0,65
MetalDam/micrograph5/x256_y256,MetalDam,micrograph5,micrograph5.jpg,256,256,0.163132,val,256,/content/drive/MyDrive/phase11-data/data/MetalDam/images/micrograph5.jpg,/content/drive/MyDrive/phase11-persistent/gt_boundaries/MetalDam/micrograph5.png,0,0,1024,703,0,65
MetalDam/micrograph5/x256_y384,MetalDam,micrograph5,micrograph5.jpg,256,384,0.160751,val,256,/content/drive/MyDrive/phase11-data/data/MetalDam/images/micrograph5.jpg,/content/drive/MyDrive/phase11-persistent/gt_boundaries/MetalDam/micrograph5.png,0,0,1024,703,0,65
MetalDam/micrograph5/x256_y512,MetalDam,micrograph5,micrograph5.jpg,256,512,0.143753,val,256,/content/drive/MyDrive/phase11-data/data/MetalDam/images/micrograph5.jpg,/content/drive/MyDrive/phase11-persistent/gt_boundaries/MetalDam/micrograph5.png,0,0,1024,703,0,65
MetalDam/micrograph5/x384_y0,MetalDam,micrograph5,micrograph5.jpg,384,0,0.170944,val,256,/content/drive/MyDrive/phase11-data/data/MetalDam/images/micrograph5.jpg,/content/drive/MyDrive/phase11-persistent/gt_boundaries/MetalDam/micrograph5.png,0,0,1024,703,0,65
MetalDam/micrograph5/x384_y128,MetalDam,micrograph5,micrograph5.jpg,384,128,0.165421,val,256,/content/drive/MyDrive/phase11-data/data/MetalDam/images/micrograph5.jpg,/content/drive/MyDrive/phase11-persistent/gt_boundaries/MetalDam/micrograph5.png,0,0,1024,703,0,65
MetalDam/micrograph5/x384_y256,MetalDam,micrograph5,micrograph5.jpg,384,256,0.14978,val,256,/content/drive/MyDrive/phase11-data/data/MetalDam/images/micrograph5.jpg,/content/drive/MyDrive/phase11-persistent/gt_boundaries/MetalDam/micrograph5.png,0,0,1024,703,0,65
MetalDam/micrograph5/x384_y384,MetalDam,micrograph5,micrograph5.jpg,384,384,0.130096,val,256,/content/drive/MyDrive/phase11-data/data/MetalDam/images/micrograph5.jpg,/content/drive/MyDrive/phase11-persistent/gt_boundaries/MetalDam/micrograph5.png,0,0,1024,703,0,65
MetalDam/micrograph5/x384_y512,MetalDam,micrograph5,micrograph5.jpg,384,512,0.131516,val,256,/content/drive/MyDrive/phase11-data/data/MetalDam/images/micrograph5.jpg,/content/drive/MyDrive/phase11-persistent/gt_boundaries/MetalDam/micrograph5.png,0,0,1024,703,0,65
MetalDam/micrograph5/x512_y0,MetalDam,micrograph5,micrograph5.jpg,512,0,0.179733,val,256,/content/drive/MyDrive/phase11-data/data/MetalDam/images/micrograph5.jpg,/content/drive/MyDrive/phase11-persistent/gt_boundaries/MetalDam/micrograph5.png,0,0,1024,703,0,65
MetalDam/micrograph5/x512_y128,MetalDam,micrograph5,micrograph5.jpg,512,128,0.17598,val,256,/content/drive/MyDrive/phase11-data/data/MetalDam/images/micrograph5.jpg,/content/drive/MyDrive/phase11-persistent/gt_boundaries/MetalDam/micrograph5.png,0,0,1024,703,0,65
MetalDam/micrograph5/x512_y256,MetalDam,micrograph5,micrograph5.jpg,512,256,0.160477,val,256,/content/drive/MyDrive/phase11-data/data/MetalDam/images/micrograph5.jpg,/content/drive/MyDrive/phase11-persistent/gt_boundaries/MetalDam/micrograph5.png,0,0,1024,703,0,65
MetalDam/micrograph5/x512_y384,MetalDam,micrograph5,micrograph5.jpg,512,384,0.155334,val,256,/content/drive/MyDrive/phase11-data/data/MetalDam/images/micrograph5.jpg,/content/drive/MyDrive/phase11-persistent/gt_boundaries/MetalDam/micrograph5.png,0,0,1024,703,0,65
MetalDam/micrograph5/x512_y512,MetalDam,micrograph5,micrograph5.jpg,512,512,0.163162,val,256,/content/drive/MyDrive/phase11-data/data/MetalDam/images/micrograph5.jpg,/content/drive/MyDrive/phase11-persistent/gt_boundaries/MetalDam/micrograph5.png,0,0,1024,703,0,65
MetalDam/micrograph5/x640_y0,MetalDam,micrograph5,micrograph5.jpg,640,0,0.199356,val,256,/content/drive/MyDrive/phase11-data/data/MetalDam/images/micrograph5.jpg,/content/drive/MyDrive/phase11-persistent/gt_boundaries/MetalDam/micrograph5.png,0,0,1024,703,0,65
MetalDam/micrograph5/x640_y128,MetalDam,micrograph5,micrograph5.jpg,640,128,0.195984,val,256,/content/drive/MyDrive/phase11-data/data/MetalDam/images/micrograph5.jpg,/content/drive/MyDrive/phase11-persistent/gt_boundaries/MetalDam/micrograph5.png,0,0,1024,703,0,65
MetalDam/micrograph5/x640_y256,MetalDam,micrograph5,micrograph5.jpg,640,256,0.179031,val,256,/content/drive/MyDrive/phase11-data/data/MetalDam/images/micrograph5.jpg,/content/drive/MyDrive/phase11-persistent/gt_boundaries/MetalDam/micrograph5.png,0,0,1024,703,0,65
MetalDam/micrograph5/x640_y384,MetalDam,micrograph5,micrograph5.jpg,640,384,0.185928,val,256,/content/drive/MyDrive/phase11-data/data/MetalDam/images/micrograph5.jpg,/content/drive/MyDrive/phase11-persistent/gt_boundaries/MetalDam/micrograph5.png,0,0,1024,703,0,65
MetalDam/micrograph5/x640_y512,MetalDam,micrograph5,micrograph5.jpg,640,512,0.188828,val,256,/content/drive/MyDrive/phase11-data/data/MetalDam/images/micrograph5.jpg,/content/drive/MyDrive/phase11-persistent/gt_boundaries/MetalDam/micrograph5.png,0,0,1024,703,0,65
MetalDam/micrograph5/x768_y0,MetalDam,micrograph5,micrograph5.jpg,768,0,0.197998,val,256,/content/drive/MyDrive/phase11-data/data/MetalDam/images/micrograph5.jpg,/content/drive/MyDrive/phase11-persistent/gt_boundaries/MetalDam/micrograph5.png,0,0,1024,703,0,65
MetalDam/micrograph5/x768_y128,MetalDam,micrograph5,micrograph5.jpg,768,128,0.196609,val,256,/content/drive/MyDrive/phase11-data/data/MetalDam/images/micrograph5.jpg,/content/drive/MyDrive/phase11-persistent/gt_boundaries/MetalDam/micrograph5.png,0,0,1024,703,0,65
MetalDam/micrograph5/x768_y256,MetalDam,micrograph5,micrograph5.jpg,768,256,0.183121,val,256,/content/drive/MyDrive/phase11-data/data/MetalDam/images/micrograph5.jpg,/content/drive/MyDrive/phase11-persistent/gt_boundaries/MetalDam/micrograph5.png,0,0,1024,703,0,65
MetalDam/micrograph5/x768_y384,MetalDam,micrograph5,micrograph5.jpg,768,384,0.185394,val,256,/content/drive/MyDrive/phase11-data/data/MetalDam/images/micrograph5.jpg,/content/drive/MyDrive/phase11-persistent/gt_boundaries/MetalDam/micrograph5.png,0,0,1024,703,0,65
MetalDam/micrograph5/x768_y512,MetalDam,micrograph5,micrograph5.jpg,768,512,0.174866,val,256,/content/drive/MyDrive/phase11-data/data/MetalDam/images/micrograph5.jpg,/content/drive/MyDrive/phase11-persistent/gt_boundaries/MetalDam/micrograph5.png,0,0,1024,703,0,65
MetalDam/micrograph6/x0_y0,MetalDam,micrograph6,micrograph6.jpg,0,0,0.194427,val,256,/content/drive/MyDrive/phase11-data/data/MetalDam/images/micrograph6.jpg,/content/drive/MyDrive/phase11-persistent/gt_boundaries/MetalDam/micrograph6.png,0,0,1024,703,0,65
MetalDam/micrograph6/x0_y128,MetalDam,micrograph6,micrograph6.jpg,0,128,0.204102,val,256,/content/drive/MyDrive/phase11-data/data/MetalDam/images/micrograph6.jpg,/content/drive/MyDrive/phase11-persistent/gt_boundaries/MetalDam/micrograph6.png,0,0,1024,703,0,65
MetalDam/micrograph6/x0_y256,MetalDam,micrograph6,micrograph6.jpg,0,256,0.196228,val,256,/content/drive/MyDrive/phase11-data/data/MetalDam/images/micrograph6.jpg,/content/drive/MyDrive/phase11-persistent/gt_boundaries/MetalDam/micrograph6.png,0,0,1024,703,0,65
MetalDam/micrograph6/x0_y384,MetalDam,micrograph6,micrograph6.jpg,0,384,0.191208,val,256,/content/drive/MyDrive/phase11-data/data/MetalDam/images/micrograph6.jpg,/content/drive/MyDrive/phase11-persistent/gt_boundaries/MetalDam/micrograph6.png,0,0,1024,703,0,65
MetalDam/micrograph6/x0_y512,MetalDam,micrograph6,micrograph6.jpg,0,512,0.194855,val,256,/content/drive/MyDrive/phase11-data/data/MetalDam/images/micrograph6.jpg,/content/drive/MyDrive/phase11-persistent/gt_boundaries/MetalDam/micrograph6.png,0,0,1024,703,0,65
MetalDam/micrograph6/x128_y0,MetalDam,micrograph6,micrograph6.jpg,128,0,0.188187,val,256,/content/drive/MyDrive/phase11-data/data/MetalDam/images/micrograph6.jpg,/content/drive/MyDrive/phase11-persistent/gt_boundaries/MetalDam/micrograph6.png,0,0,1024,703,0,65
MetalDam/micrograph6/x128_y128,MetalDam,micrograph6,micrograph6.jpg,128,128,0.200958,val,256,/content/drive/MyDrive/phase11-data/data/MetalDam/images/micrograph6.jpg,/content/drive/MyDrive/phase11-persistent/gt_boundaries/MetalDam/micrograph6.png,0,0,1024,703,0,65
MetalDam/micrograph6/x128_y256,MetalDam,micrograph6,micrograph6.jpg,128,256,0.198944,val,256,/content/drive/MyDrive/phase11-data/data/MetalDam/images/micrograph6.jpg,/content/drive/MyDrive/phase11-persistent/gt_boundaries/MetalDam/micrograph6.png,0,0,1024,703,0,65
MetalDam/micrograph6/x128_y384,MetalDam,micrograph6,micrograph6.jpg,128,384,0.193817,val,256,/content/drive/MyDrive/phase11-data/data/MetalDam/images/micrograph6.jpg,/content/drive/MyDrive/phase11-persistent/gt_boundaries/MetalDam/micrograph6.png,0,0,1024,703,0,65
MetalDam/micrograph6/x128_y512,MetalDam,micrograph6,micrograph6.jpg,128,512,0.19017,val,256,/content/drive/MyDrive/phase11-data/data/MetalDam/images/micrograph6.jpg,/content/drive/MyDrive/phase11-persistent/gt_boundaries/MetalDam/micrograph6.png,0,0,1024,703,0,65
MetalDam/micrograph6/x256_y0,MetalDam,micrograph6,micrograph6.jpg,256,0,0.205597,val,256,/content/drive/MyDrive/phase11-data/data/MetalDam/images/micrograph6.jpg,/content/drive/MyDrive/phase11-persistent/gt_boundaries/MetalDam/micrograph6.png,0,0,1024,703,0,65
MetalDam/micrograph6/x256_y128,MetalDam,micrograph6,micrograph6.jpg,256,128,0.204651,val,256,/content/drive/MyDrive/phase11-data/data/MetalDam/images/micrograph6.jpg,/content/drive/MyDrive/phase11-persistent/gt_boundaries/MetalDam/micrograph6.png,0,0,1024,703,0,65
MetalDam/micrograph6/x256_y256,MetalDam,micrograph6,micrograph6.jpg,256,256,0.204239,val,256,/content/drive/MyDrive/phase11-data/data/MetalDam/images/micrograph6.jpg,/content/drive/MyDrive/phase11-persistent/gt_boundaries/MetalDam/micrograph6.png,0,0,1024,703,0,65
MetalDam/micrograph6/x256_y384,MetalDam,micrograph6,micrograph6.jpg,256,384,0.189789,val,256,/content/drive/MyDrive/phase11-data/data/MetalDam/images/micrograph6.jpg,/content/drive/MyDrive/phase11-persistent/gt_boundaries/MetalDam/micrograph6.png,0,0,1024,703,0,65
MetalDam/micrograph6/x256_y512,MetalDam,micrograph6,micrograph6.jpg,256,512,0.172394,val,256,/content/drive/MyDrive/phase11-data/data/MetalDam/images/micrograph6.jpg,/content/drive/MyDrive/phase11-persistent/gt_boundaries/MetalDam/micrograph6.png,0,0,1024,703,0,65
MetalDam/micrograph6/x384_y0,MetalDam,micrograph6,micrograph6.jpg,384,0,0.178665,val,256,/content/drive/MyDrive/phase11-data/data/MetalDam/images/micrograph6.jpg,/content/drive/MyDrive/phase11-persistent/gt_boundaries/MetalDam/micrograph6.png,0,0,1024,703,0,65
MetalDam/micrograph6/x384_y128,MetalDam,micrograph6,micrograph6.jpg,384,128,0.178589,val,256,/content/drive/MyDrive/phase11-data/data/MetalDam/images/micrograph6.jpg,/content/drive/MyDrive/phase11-persistent/gt_boundaries/MetalDam/micrograph6.png,0,0,1024,703,0,65
MetalDam/micrograph6/x384_y256,MetalDam,micrograph6,micrograph6.jpg,384,256,0.180283,val,256,/content/drive/MyDrive/phase11-data/data/MetalDam/images/micrograph6.jpg,/content/drive/MyDrive/phase11-persistent/gt_boundaries/MetalDam/micrograph6.png,0,0,1024,703,0,65
MetalDam/micrograph6/x384_y384,MetalDam,micrograph6,micrograph6.jpg,384,384,0.159561,val,256,/content/drive/MyDrive/phase11-data/data/MetalDam/images/micrograph6.jpg,/content/drive/MyDrive/phase11-persistent/gt_boundaries/MetalDam/micrograph6.png,0,0,1024,703,0,65
MetalDam/micrograph6/x384_y512,MetalDam,micrograph6,micrograph6.jpg,384,512,0.158951,val,256,/content/drive/MyDrive/phase11-data/data/MetalDam/images/micrograph6.jpg,/content/drive/MyDrive/phase11-persistent/gt_boundaries/MetalDam/micrograph6.png,0,0,1024,703,0,65
MetalDam/micrograph6/x512_y0,MetalDam,micrograph6,micrograph6.jpg,512,0,0.127823,val,256,/content/drive/MyDrive/phase11-data/data/MetalDam/images/micrograph6.jpg,/content/drive/MyDrive/phase11-persistent/gt_boundaries/MetalDam/micrograph6.png,0,0,1024,703,0,65
MetalDam/micrograph6/x512_y128,MetalDam,micrograph6,micrograph6.jpg,512,128,0.14299,val,256,/content/drive/MyDrive/phase11-data/data/MetalDam/images/micrograph6.jpg,/content/drive/MyDrive/phase11-persistent/gt_boundaries/MetalDam/micrograph6.png,0,0,1024,703,0,65
MetalDam/micrograph6/x512_y256,MetalDam,micrograph6,micrograph6.jpg,512,256,0.145416,val,256,/content/drive/MyDrive/phase11-data/data/MetalDam/images/micrograph6.jpg,/content/drive/MyDrive/phase11-persistent/gt_boundaries/MetalDam/micrograph6.png,0,0,1024,703,0,65
MetalDam/micrograph6/x512_y384,MetalDam,micrograph6,micrograph6.jpg,512,384,0.128403,val,256,/content/drive/MyDrive/phase11-data/data/MetalDam/images/micrograph6.jpg,/content/drive/MyDrive/phase11-persistent/gt_boundaries/MetalDam/micrograph6.png,0,0,1024,703,0,65
MetalDam/micrograph6/x512_y512,MetalDam,micrograph6,micrograph6.jpg,512,512,0.14151,val,256,/content/drive/MyDrive/phase11-data/data/MetalDam/images/micrograph6.jpg,/content/drive/MyDrive/phase11-persistent/gt_boundaries/MetalDam/micrograph6.png,0,0,1024,703,0,65
MetalDam/micrograph6/x640_y0,MetalDam,micrograph6,micrograph6.jpg,640,0,0.135345,val,256,/content/drive/MyDrive/phase11-data/data/MetalDam/images/micrograph6.jpg,/content/drive/MyDrive/phase11-persistent/gt_boundaries/MetalDam/micrograph6.png,0,0,1024,703,0,65
MetalDam/micrograph6/x640_y128,MetalDam,micrograph6,micrograph6.jpg,640,128,0.151642,val,256,/content/drive/MyDrive/phase11-data/data/MetalDam/images/micrograph6.jpg,/content/drive/MyDrive/phase11-persistent/gt_boundaries/MetalDam/micrograph6.png,0,0,1024,703,0,65
MetalDam/micrograph6/x640_y256,MetalDam,micrograph6,micrograph6.jpg,640,256,0.152481,val,256,/content/drive/MyDrive/phase11-data/data/MetalDam/images/micrograph6.jpg,/content/drive/MyDrive/phase11-persistent/gt_boundaries/MetalDam/micrograph6.png,0,0,1024,703,0,65
MetalDam/micrograph6/x640_y384,MetalDam,micrograph6,micrograph6.jpg,640,384,0.145493,val,256,/content/drive/MyDrive/phase11-data/data/MetalDam/images/micrograph6.jpg,/content/drive/MyDrive/phase11-persistent/gt_boundaries/MetalDam/micrograph6.png,0,0,1024,703,0,65
MetalDam/micrograph6/x640_y512,MetalDam,micrograph6,micrograph6.jpg,640,512,0.14006,val,256,/content/drive/MyDrive/phase11-data/data/MetalDam/images/micrograph6.jpg,/content/drive/MyDrive/phase11-persistent/gt_boundaries/MetalDam/micrograph6.png,0,0,1024,703,0,65
MetalDam/micrograph6/x768_y0,MetalDam,micrograph6,micrograph6.jpg,768,0,0.16185,val,256,/content/drive/MyDrive/phase11-data/data/MetalDam/images/micrograph6.jpg,/content/drive/MyDrive/phase11-persistent/gt_boundaries/MetalDam/micrograph6.png,0,0,1024,703,0,65
MetalDam/micrograph6/x768_y128,MetalDam,micrograph6,micrograph6.jpg,768,128,0.144653,val,256,/content/drive/MyDrive/phase11-data/data/MetalDam/images/micrograph6.jpg,/content/drive/MyDrive/phase11-persistent/gt_boundaries/MetalDam/micrograph6.png,0,0,1024,703,0,65
MetalDam/micrograph6/x768_y256,MetalDam,micrograph6,micrograph6.jpg,768,256,0.143341,val,256,/content/drive/MyDrive/phase11-data/data/MetalDam/images/micrograph6.jpg,/content/drive/MyDrive/phase11-persistent/gt_boundaries/MetalDam/micrograph6.png,0,0,1024,703,0,65
MetalDam/micrograph6/x768_y384,MetalDam,micrograph6,micrograph6.jpg,768,384,0.143127,val,256,/content/drive/MyDrive/phase11-data/data/MetalDam/images/micrograph6.jpg,/content/drive/MyDrive/phase11-persistent/gt_boundaries/MetalDam/micrograph6.png,0,0,1024,703,0,65
MetalDam/micrograph6/x768_y512,MetalDam,micrograph6,micrograph6.jpg,768,512,0.129562,val,256,/content/drive/MyDrive/phase11-data/data/MetalDam/images/micrograph6.jpg,/content/drive/MyDrive/phase11-persistent/gt_boundaries/MetalDam/micrograph6.png,0,0,1024,703,0,65
MetalDam/micrograph7/x0_y0,MetalDam,micrograph7,micrograph7.jpg,0,0,0.073654,val,256,/content/drive/MyDrive/phase11-data/data/MetalDam/images/micrograph7.jpg,/content/drive/MyDrive/phase11-persistent/gt_boundaries/MetalDam/micrograph7.png,0,0,1024,703,0,65
MetalDam/micrograph7/x0_y128,MetalDam,micrograph7,micrograph7.jpg,0,128,0.151505,val,256,/content/drive/MyDrive/phase11-data/data/MetalDam/images/micrograph7.jpg,/content/drive/MyDrive/phase11-persistent/gt_boundaries/MetalDam/micrograph7.png,0,0,1024,703,0,65
MetalDam/micrograph7/x0_y256,MetalDam,micrograph7,micrograph7.jpg,0,256,0.186096,val,256,/content/drive/MyDrive/phase11-data/data/MetalDam/images/micrograph7.jpg,/content/drive/MyDrive/phase11-persistent/gt_boundaries/MetalDam/micrograph7.png,0,0,1024,703,0,65
MetalDam/micrograph7/x0_y384,MetalDam,micrograph7,micrograph7.jpg,0,384,0.176331,val,256,/content/drive/MyDrive/phase11-data/data/MetalDam/images/micrograph7.jpg,/content/drive/MyDrive/phase11-persistent/gt_boundaries/MetalDam/micrograph7.png,0,0,1024,703,0,65
MetalDam/micrograph7/x0_y512,MetalDam,micrograph7,micrograph7.jpg,0,512,0.16922,val,256,/content/drive/MyDrive/phase11-data/data/MetalDam/images/micrograph7.jpg,/content/drive/MyDrive/phase11-persistent/gt_boundaries/MetalDam/micrograph7.png,0,0,1024,703,0,65
MetalDam/micrograph7/x128_y0,MetalDam,micrograph7,micrograph7.jpg,128,0,0.114334,val,256,/content/drive/MyDrive/phase11-data/data/MetalDam/images/micrograph7.jpg,/content/drive/MyDrive/phase11-persistent/gt_boundaries/MetalDam/micrograph7.png,0,0,1024,703,0,65
MetalDam/micrograph7/x128_y128,MetalDam,micrograph7,micrograph7.jpg,128,128,0.140198,val,256,/content/drive/MyDrive/phase11-data/data/MetalDam/images/micrograph7.jpg,/content/drive/MyDrive/phase11-persistent/gt_boundaries/MetalDam/micrograph7.png,0,0,1024,703,0,65
MetalDam/micrograph7/x128_y256,MetalDam,micrograph7,micrograph7.jpg,128,256,0.17511,val,256,/content/drive/MyDrive/phase11-data/data/MetalDam/images/micrograph7.jpg,/content/drive/MyDrive/phase11-persistent/gt_boundaries/MetalDam/micrograph7.png,0,0,1024,703,0,65
MetalDam/micrograph7/x128_y384,MetalDam,micrograph7,micrograph7.jpg,128,384,0.178558,val,256,/content/drive/MyDrive/phase11-data/data/MetalDam/images/micrograph7.jpg,/content/drive/MyDrive/phase11-persistent/gt_boundaries/MetalDam/micrograph7.png,0,0,1024,703,0,65
MetalDam/micrograph7/x128_y512,MetalDam,micrograph7,micrograph7.jpg,128,512,0.180389,val,256,/content/drive/MyDrive/phase11-data/data/MetalDam/images/micrograph7.jpg,/content/drive/MyDrive/phase11-persistent/gt_boundaries/MetalDam/micrograph7.png,0,0,1024,703,0,65
MetalDam/micrograph7/x256_y0,MetalDam,micrograph7,micrograph7.jpg,256,0,0.16658,val,256,/content/drive/MyDrive/phase11-data/data/MetalDam/images/micrograph7.jpg,/content/drive/MyDrive/phase11-persistent/gt_boundaries/MetalDam/micrograph7.png,0,0,1024,703,0,65
MetalDam/micrograph7/x256_y128,MetalDam,micrograph7,micrograph7.jpg,256,128,0.147751,val,256,/content/drive/MyDrive/phase11-data/data/MetalDam/images/micrograph7.jpg,/content/drive/MyDrive/phase11-persistent/gt_boundaries/MetalDam/micrograph7.png,0,0,1024,703,0,65
MetalDam/micrograph7/x256_y256,MetalDam,micrograph7,micrograph7.jpg,256,256,0.148743,val,256,/content/drive/MyDrive/phase11-data/data/MetalDam/images/micrograph7.jpg,/content/drive/MyDrive/phase11-persistent/gt_boundaries/MetalDam/micrograph7.png,0,0,1024,703,0,65
MetalDam/micrograph7/x256_y384,MetalDam,micrograph7,micrograph7.jpg,256,384,0.157242,val,256,/content/drive/MyDrive/phase11-data/data/MetalDam/images/micrograph7.jpg,/content/drive/MyDrive/phase11-persistent/gt_boundaries/MetalDam/micrograph7.png,0,0,1024,703,0,65
MetalDam/micrograph7/x256_y512,MetalDam,micrograph7,micrograph7.jpg,256,512,0.184418,val,256,/content/drive/MyDrive/phase11-data/data/MetalDam/images/micrograph7.jpg,/content/drive/MyDrive/phase11-persistent/gt_boundaries/MetalDam/micrograph7.png,0,0,1024,703,0,65
MetalDam/micrograph7/x384_y0,MetalDam,micrograph7,micrograph7.jpg,384,0,0.197678,val,256,/content/drive/MyDrive/phase11-data/data/MetalDam/images/micrograph7.jpg,/content/drive/MyDrive/phase11-persistent/gt_boundaries/MetalDam/micrograph7.png,0,0,1024,703,0,65
MetalDam/micrograph7/x384_y128,MetalDam,micrograph7,micrograph7.jpg,384,128,0.179733,val,256,/content/drive/MyDrive/phase11-data/data/MetalDam/images/micrograph7.jpg,/content/drive/MyDrive/phase11-persistent/gt_boundaries/MetalDam/micrograph7.png,0,0,1024,703,0,65
MetalDam/micrograph7/x384_y256,MetalDam,micrograph7,micrograph7.jpg,384,256,0.120804,val,256,/content/drive/MyDrive/phase11-data/data/MetalDam/images/micrograph7.jpg,/content/drive/MyDrive/phase11-persistent/gt_boundaries/MetalDam/micrograph7.png,0,0,1024,703,0,65
MetalDam/micrograph7/x384_y384,MetalDam,micrograph7,micrograph7.jpg,384,384,0.123489,val,256,/content/drive/MyDrive/phase11-data/data/MetalDam/images/micrograph7.jpg,/content/drive/MyDrive/phase11-persistent/gt_boundaries/MetalDam/micrograph7.png,0,0,1024,703,0,65
MetalDam/micrograph7/x384_y512,MetalDam,micrograph7,micrograph7.jpg,384,512,0.1745,val,256,/content/drive/MyDrive/phase11-data/data/MetalDam/images/micrograph7.jpg,/content/drive/MyDrive/phase11-persistent/gt_boundaries/MetalDam/micrograph7.png,0,0,1024,703,0,65
MetalDam/micrograph7/x512_y0,MetalDam,micrograph7,micrograph7.jpg,512,0,0.179474,val,256,/content/drive/MyDrive/phase11-data/data/MetalDam/images/micrograph7.jpg,/content/drive/MyDrive/phase11-persistent/gt_boundaries/MetalDam/micrograph7.png,0,0,1024,703,0,65
MetalDam/micrograph7/x512_y128,MetalDam,micrograph7,micrograph7.jpg,512,128,0.172333,val,256,/content/drive/MyDrive/phase11-data/data/MetalDam/images/micrograph7.jpg,/content/drive/MyDrive/phase11-persistent/gt_boundaries/MetalDam/micrograph7.png,0,0,1024,703,0,65
MetalDam/micrograph7/x512_y256,MetalDam,micrograph7,micrograph7.jpg,512,256,0.121552,val,256,/content/drive/MyDrive/phase11-data/data/MetalDam/images/micrograph7.jpg,/content/drive/MyDrive/phase11-persistent/gt_boundaries/MetalDam/micrograph7.png,0,0,1024,703,0,65
MetalDam/micrograph7/x512_y384,MetalDam,micrograph7,micrograph7.jpg,512,384,0.138763,val,256,/content/drive/MyDrive/phase11-data/data/MetalDam/images/micrograph7.jpg,/content/drive/MyDrive/phase11-persistent/gt_boundaries/MetalDam/micrograph7.png,0,0,1024,703,0,65
MetalDam/micrograph7/x512_y512,MetalDam,micrograph7,micrograph7.jpg,512,512,0.169189,val,256,/content/drive/MyDrive/phase11-data/data/MetalDam/images/micrograph7.jpg,/content/drive/MyDrive/phase11-persistent/gt_boundaries/MetalDam/micrograph7.png,0,0,1024,703,0,65
MetalDam/micrograph7/x640_y0,MetalDam,micrograph7,micrograph7.jpg,640,0,0.168076,val,256,/content/drive/MyDrive/phase11-data/data/MetalDam/images/micrograph7.jpg,/content/drive/MyDrive/phase11-persistent/gt_boundaries/MetalDam/micrograph7.png,0,0,1024,703,0,65
MetalDam/micrograph7/x640_y128,MetalDam,micrograph7,micrograph7.jpg,640,128,0.175919,val,256,/content/drive/MyDrive/phase11-data/data/MetalDam/images/micrograph7.jpg,/content/drive/MyDrive/phase11-persistent/gt_boundaries/MetalDam/micrograph7.png,0,0,1024,703,0,65
MetalDam/micrograph7/x640_y256,MetalDam,micrograph7,micrograph7.jpg,640,256,0.160934,val,256,/content/drive/MyDrive/phase11-data/data/MetalDam/images/micrograph7.jpg,/content/drive/MyDrive/phase11-persistent/gt_boundaries/MetalDam/micrograph7.png,0,0,1024,703,0,65
MetalDam/micrograph7/x640_y384,MetalDam,micrograph7,micrograph7.jpg,640,384,0.182358,val,256,/content/drive/MyDrive/phase11-data/data/MetalDam/images/micrograph7.jpg,/content/drive/MyDrive/phase11-persistent/gt_boundaries/MetalDam/micrograph7.png,0,0,1024,703,0,65
MetalDam/micrograph7/x640_y512,MetalDam,micrograph7,micrograph7.jpg,640,512,0.170074,val,256,/content/drive/MyDrive/phase11-data/data/MetalDam/images/micrograph7.jpg,/content/drive/MyDrive/phase11-persistent/gt_boundaries/MetalDam/micrograph7.png,0,0,1024,703,0,65
MetalDam/micrograph7/x768_y0,MetalDam,micrograph7,micrograph7.jpg,768,0,0.187744,val,256,/content/drive/MyDrive/phase11-data/data/MetalDam/images/micrograph7.jpg,/content/drive/MyDrive/phase11-persistent/gt_boundaries/MetalDam/micrograph7.png,0,0,1024,703,0,65
MetalDam/micrograph7/x768_y128,MetalDam,micrograph7,micrograph7.jpg,768,128,0.198212,val,256,/content/drive/MyDrive/phase11-data/data/MetalDam/images/micrograph7.jpg,/content/drive/MyDrive/phase11-persistent/gt_boundaries/MetalDam/micrograph7.png,0,0,1024,703,0,65
MetalDam/micrograph7/x768_y256,MetalDam,micrograph7,micrograph7.jpg,768,256,0.195847,val,256,/content/drive/MyDrive/phase11-data/data/MetalDam/images/micrograph7.jpg,/content/drive/MyDrive/phase11-persistent/gt_boundaries/MetalDam/micrograph7.png,0,0,1024,703,0,65
MetalDam/micrograph7/x768_y384,MetalDam,micrograph7,micrograph7.jpg,768,384,0.207962,val,256,/content/drive/MyDrive/phase11-data/data/MetalDam/images/micrograph7.jpg,/content/drive/MyDrive/phase11-persistent/gt_boundaries/MetalDam/micrograph7.png,0,0,1024,703,0,65
MetalDam/micrograph7/x768_y512,MetalDam,micrograph7,micrograph7.jpg,768,512,0.187958,val,256,/content/drive/MyDrive/phase11-data/data/MetalDam/images/micrograph7.jpg,/content/drive/MyDrive/phase11-persistent/gt_boundaries/MetalDam/micrograph7.png,0,0,1024,703,0,65
MetalDam/micrograph8/x0_y0,MetalDam,micrograph8,micrograph8.jpg,0,0,0.179382,val,256,/content/drive/MyDrive/phase11-data/data/MetalDam/images/micrograph8.jpg,/content/drive/MyDrive/phase11-persistent/gt_boundaries/MetalDam/micrograph8.png,0,0,1280,895,0,1
MetalDam/micrograph8/x0_y128,MetalDam,micrograph8,micrograph8.jpg,0,128,0.187531,val,256,/content/drive/MyDrive/phase11-data/data/MetalDam/images/micrograph8.jpg,/content/drive/MyDrive/phase11-persistent/gt_boundaries/MetalDam/micrograph8.png,0,0,1280,895,0,1
MetalDam/micrograph8/x0_y256,MetalDam,micrograph8,micrograph8.jpg,0,256,0.183411,val,256,/content/drive/MyDrive/phase11-data/data/MetalDam/images/micrograph8.jpg,/content/drive/MyDrive/phase11-persistent/gt_boundaries/MetalDam/micrograph8.png,0,0,1280,895,0,1
MetalDam/micrograph8/x0_y384,MetalDam,micrograph8,micrograph8.jpg,0,384,0.186768,val,256,/content/drive/MyDrive/phase11-data/data/MetalDam/images/micrograph8.jpg,/content/drive/MyDrive/phase11-persistent/gt_boundaries/MetalDam/micrograph8.png,0,0,1280,895,0,1
MetalDam/micrograph8/x0_y512,MetalDam,micrograph8,micrograph8.jpg,0,512,0.175339,val,256,/content/drive/MyDrive/phase11-data/data/MetalDam/images/micrograph8.jpg,/content/drive/MyDrive/phase11-persistent/gt_boundaries/MetalDam/micrograph8.png,0,0,1280,895,0,1
MetalDam/micrograph8/x0_y640,MetalDam,micrograph8,micrograph8.jpg,0,640,0.164276,val,256,/content/drive/MyDrive/phase11-data/data/MetalDam/images/micrograph8.jpg,/content/drive/MyDrive/phase11-persistent/gt_boundaries/MetalDam/micrograph8.png,0,0,1280,895,0,1
MetalDam/micrograph8/x1024_y0,MetalDam,micrograph8,micrograph8.jpg,1024,0,0.165741,val,256,/content/drive/MyDrive/phase11-data/data/MetalDam/images/micrograph8.jpg,/content/drive/MyDrive/phase11-persistent/gt_boundaries/MetalDam/micrograph8.png,0,0,1280,895,0,1
MetalDam/micrograph8/x1024_y128,MetalDam,micrograph8,micrograph8.jpg,1024,128,0.162903,val,256,/content/drive/MyDrive/phase11-data/data/MetalDam/images/micrograph8.jpg,/content/drive/MyDrive/phase11-persistent/gt_boundaries/MetalDam/micrograph8.png,0,0,1280,895,0,1
MetalDam/micrograph8/x1024_y256,MetalDam,micrograph8,micrograph8.jpg,1024,256,0.16246,val,256,/content/drive/MyDrive/phase11-data/data/MetalDam/images/micrograph8.jpg,/content/drive/MyDrive/phase11-persistent/gt_boundaries/MetalDam/micrograph8.png,0,0,1280,895,0,1
MetalDam/micrograph8/x1024_y384,MetalDam,micrograph8,micrograph8.jpg,1024,384,0.159973,val,256,/content/drive/MyDrive/phase11-data/data/MetalDam/images/micrograph8.jpg,/content/drive/MyDrive/phase11-persistent/gt_boundaries/MetalDam/micrograph8.png,0,0,1280,895,0,1
MetalDam/micrograph8/x1024_y512,MetalDam,micrograph8,micrograph8.jpg,1024,512,0.178986,val,256,/content/drive/MyDrive/phase11-data/data/MetalDam/images/micrograph8.jpg,/content/drive/MyDrive/phase11-persistent/gt_boundaries/MetalDam/micrograph8.png,0,0,1280,895,0,1
MetalDam/micrograph8/x1024_y640,MetalDam,micrograph8,micrograph8.jpg,1024,640,0.185547,val,256,/content/drive/MyDrive/phase11-data/data/MetalDam/images/micrograph8.jpg,/content/drive/MyDrive/phase11-persistent/gt_boundaries/MetalDam/micrograph8.png,0,0,1280,895,0,1
MetalDam/micrograph8/x128_y0,MetalDam,micrograph8,micrograph8.jpg,128,0,0.17511,val,256,/content/drive/MyDrive/phase11-data/data/MetalDam/images/micrograph8.jpg,/content/drive/MyDrive/phase11-persistent/gt_boundaries/MetalDam/micrograph8.png,0,0,1280,895,0,1
MetalDam/micrograph8/x128_y128,MetalDam,micrograph8,micrograph8.jpg,128,128,0.190384,val,256,/content/drive/MyDrive/phase11-data/data/MetalDam/images/micrograph8.jpg,/content/drive/MyDrive/phase11-persistent/gt_boundaries/MetalDam/micrograph8.png,0,0,1280,895,0,1
MetalDam/micrograph8/x128_y256,MetalDam,micrograph8,micrograph8.jpg,128,256,0.197906,val,256,/content/drive/MyDrive/phase11-data/data/MetalDam/images/micrograph8.jpg,/content/drive/MyDrive/phase11-persistent/gt_boundaries/MetalDam/micrograph8.png,0,0,1280,895,0,1
MetalDam/micrograph8/x128_y384,MetalDam,micrograph8,micrograph8.jpg,128,384,0.186981,val,256,/content/drive/MyDrive/phase11-data/data/MetalDam/images/micrograph8.jpg,/content/drive/MyDrive/phase11-persistent/gt_boundaries/MetalDam/micrograph8.png,0,0,1280,895,0,1
MetalDam/micrograph8/x128_y512,MetalDam,micrograph8,micrograph8.jpg,128,512,0.159027,val,256,/content/drive/MyDrive/phase11-data/data/MetalDam/images/micrograph8.jpg,/content/drive/MyDrive/phase11-persistent/gt_boundaries/MetalDam/micrograph8.png,0,0,1280,895,0,1
MetalDam/micrograph8/x128_y640,MetalDam,micrograph8,micrograph8.jpg,128,640,0.155945,val,256,/content/drive/MyDrive/phase11-data/data/MetalDam/images/micrograph8.jpg,/content/drive/MyDrive/phase11-persistent/gt_boundaries/MetalDam/micrograph8.png,0,0,1280,895,0,1
MetalDam/micrograph8/x256_y0,MetalDam,micrograph8,micrograph8.jpg,256,0,0.146774,val,256,/content/drive/MyDrive/phase11-data/data/MetalDam/images/micrograph8.jpg,/content/drive/MyDrive/phase11-persistent/gt_boundaries/MetalDam/micrograph8.png,0,0,1280,895,0,1
MetalDam/micrograph8/x256_y128,MetalDam,micrograph8,micrograph8.jpg,256,128,0.17926,val,256,/content/drive/MyDrive/phase11-data/data/MetalDam/images/micrograph8.jpg,/content/drive/MyDrive/phase11-persistent/gt_boundaries/MetalDam/micrograph8.png,0,0,1280,895,0,1
MetalDam/micrograph8/x256_y256,MetalDam,micrograph8,micrograph8.jpg,256,256,0.205246,val,256,/content/drive/MyDrive/phase11-data/data/MetalDam/images/micrograph8.jpg,/content/drive/MyDrive/phase11-persistent/gt_boundaries/MetalDam/micrograph8.png,0,0,1280,895,0,1
MetalDam/micrograph8/x256_y384,MetalDam,micrograph8,micrograph8.jpg,256,384,0.186508,val,256,/content/drive/MyDrive/phase11-data/data/MetalDam/images/micrograph8.jpg,/content/drive/MyDrive/phase11-persistent/gt_boundaries/MetalDam/micrograph8.png,0,0,1280,895,0,1
MetalDam/micrograph8/x256_y512,MetalDam,micrograph8,micrograph8.jpg,256,512,0.15596,val,256,/content/drive/MyDrive/phase11-data/data/MetalDam/images/micrograph8.jpg,/content/drive/MyDrive/phase11-persistent/gt_boundaries/MetalDam/micrograph8.png,0,0,1280,895,0,1
MetalDam/micrograph8/x256_y640,MetalDam,micrograph8,micrograph8.jpg,256,640,0.167023,val,256,/content/drive/MyDrive/phase11-data/data/MetalDam/images/micrograph8.jpg,/content/drive/MyDrive/phase11-persistent/gt_boundaries/MetalDam/micrograph8.png,0,0,1280,895,0,1
MetalDam/micrograph8/x384_y0,MetalDam,micrograph8,micrograph8.jpg,384,0,0.160355,val,256,/content/drive/MyDrive/phase11-data/data/MetalDam/images/micrograph8.jpg,/content/drive/MyDrive/phase11-persistent/gt_boundaries/MetalDam/micrograph8.png,0,0,1280,895,0,1
MetalDam/micrograph8/x384_y128,MetalDam,micrograph8,micrograph8.jpg,384,128,0.189911,val,256,/content/drive/MyDrive/phase11-data/data/MetalDam/images/micrograph8.jpg,/content/drive/MyDrive/phase11-persistent/gt_boundaries/MetalDam/micrograph8.png,0,0,1280,895,0,1
MetalDam/micrograph8/x384_y256,MetalDam,micrograph8,micrograph8.jpg,384,256,0.189453,val,256,/content/drive/MyDrive/phase11-data/data/MetalDam/images/micrograph8.jpg,/content/drive/MyDrive/phase11-persistent/gt_boundaries/MetalDam/micrograph8.png,0,0,1280,895,0,1
MetalDam/micrograph8/x384_y384,MetalDam,micrograph8,micrograph8.jpg,384,384,0.166229,val,256,/content/drive/MyDrive/phase11-data/data/MetalDam/images/micrograph8.jpg,/content/drive/MyDrive/phase11-persistent/gt_boundaries/MetalDam/micrograph8.png,0,0,1280,895,0,1
MetalDam/micrograph8/x384_y512,MetalDam,micrograph8,micrograph8.jpg,384,512,0.159348,val,256,/content/drive/MyDrive/phase11-data/data/MetalDam/images/micrograph8.jpg,/content/drive/MyDrive/phase11-persistent/gt_boundaries/MetalDam/micrograph8.png,0,0,1280,895,0,1
MetalDam/micrograph8/x384_y640,MetalDam,micrograph8,micrograph8.jpg,384,640,0.175186,val,256,/content/drive/MyDrive/phase11-data/data/MetalDam/images/micrograph8.jpg,/content/drive/MyDrive/phase11-persistent/gt_boundaries/MetalDam/micrograph8.png,0,0,1280,895,0,1
MetalDam/micrograph8/x512_y0,MetalDam,micrograph8,micrograph8.jpg,512,0,0.17836,val,256,/content/drive/MyDrive/phase11-data/data/MetalDam/images/micrograph8.jpg,/content/drive/MyDrive/phase11-persistent/gt_boundaries/MetalDam/micrograph8.png,0,0,1280,895,0,1
MetalDam/micrograph8/x512_y128,MetalDam,micrograph8,micrograph8.jpg,512,128,0.196823,val,256,/content/drive/MyDrive/phase11-data/data/MetalDam/images/micrograph8.jpg,/content/drive/MyDrive/phase11-persistent/gt_boundaries/MetalDam/micrograph8.png,0,0,1280,895,0,1
MetalDam/micrograph8/x512_y256,MetalDam,micrograph8,micrograph8.jpg,512,256,0.175598,val,256,/content/drive/MyDrive/phase11-data/data/MetalDam/images/micrograph8.jpg,/content/drive/MyDrive/phase11-persistent/gt_boundaries/MetalDam/micrograph8.png,0,0,1280,895,0,1
MetalDam/micrograph8/x512_y384,MetalDam,micrograph8,micrograph8.jpg,512,384,0.145584,val,256,/content/drive/MyDrive/phase11-data/data/MetalDam/images/micrograph8.jpg,/content/drive/MyDrive/phase11-persistent/gt_boundaries/MetalDam/micrograph8.png,0,0,1280,895,0,1
MetalDam/micrograph8/x512_y512,MetalDam,micrograph8,micrograph8.jpg,512,512,0.15123,val,256,/content/drive/MyDrive/phase11-data/data/MetalDam/images/micrograph8.jpg,/content/drive/MyDrive/phase11-persistent/gt_boundaries/MetalDam/micrograph8.png,0,0,1280,895,0,1
MetalDam/micrograph8/x512_y640,MetalDam,micrograph8,micrograph8.jpg,512,640,0.16481,val,256,/content/drive/MyDrive/phase11-data/data/MetalDam/images/micrograph8.jpg,/content/drive/MyDrive/phase11-persistent/gt_boundaries/MetalDam/micrograph8.png,0,0,1280,895,0,1
MetalDam/micrograph8/x640_y0,MetalDam,micrograph8,micrograph8.jpg,640,0,0.171219,val,256,/content/drive/MyDrive/phase11-data/data/MetalDam/images/micrograph8.jpg,/content/drive/MyDrive/phase11-persistent/gt_boundaries/MetalDam/micrograph8.png,0,0,1280,895,0,1
MetalDam/micrograph8/x640_y128,MetalDam,micrograph8,micrograph8.jpg,640,128,0.17012,val,256,/content/drive/MyDrive/phase11-data/data/MetalDam/images/micrograph8.jpg,/content/drive/MyDrive/phase11-persistent/gt_boundaries/MetalDam/micrograph8.png,0,0,1280,895,0,1
MetalDam/micrograph8/x640_y256,MetalDam,micrograph8,micrograph8.jpg,640,256,0.162827,val,256,/content/drive/MyDrive/phase11-data/data/MetalDam/images/micrograph8.jpg,/content/drive/MyDrive/phase11-persistent/gt_boundaries/MetalDam/micrograph8.png,0,0,1280,895,0,1
MetalDam/micrograph8/x640_y384,MetalDam,micrograph8,micrograph8.jpg,640,384,0.156082,val,256,/content/drive/MyDrive/phase11-data/data/MetalDam/images/micrograph8.jpg,/content/drive/MyDrive/phase11-persistent/gt_boundaries/MetalDam/micrograph8.png,0,0,1280,895,0,1
MetalDam/micrograph8/x640_y512,MetalDam,micrograph8,micrograph8.jpg,640,512,0.145142,val,256,/content/drive/MyDrive/phase11-data/data/MetalDam/images/micrograph8.jpg,/content/drive/MyDrive/phase11-persistent/gt_boundaries/MetalDam/micrograph8.png,0,0,1280,895,0,1
MetalDam/micrograph8/x640_y640,MetalDam,micrograph8,micrograph8.jpg,640,640,0.144531,val,256,/content/drive/MyDrive/phase11-data/data/MetalDam/images/micrograph8.jpg,/content/drive/MyDrive/phase11-persistent/gt_boundaries/MetalDam/micrograph8.png,0,0,1280,895,0,1
MetalDam/micrograph8/x768_y0,MetalDam,micrograph8,micrograph8.jpg,768,0,0.16774,val,256,/content/drive/MyDrive/phase11-data/data/MetalDam/images/micrograph8.jpg,/content/drive/MyDrive/phase11-persistent/gt_boundaries/MetalDam/micrograph8.png,0,0,1280,895,0,1
MetalDam/micrograph8/x768_y128,MetalDam,micrograph8,micrograph8.jpg,768,128,0.153534,val,256,/content/drive/MyDrive/phase11-data/data/MetalDam/images/micrograph8.jpg,/content/drive/MyDrive/phase11-persistent/gt_boundaries/MetalDam/micrograph8.png,0,0,1280,895,0,1
MetalDam/micrograph8/x768_y256,MetalDam,micrograph8,micrograph8.jpg,768,256,0.155136,val,256,/content/drive/MyDrive/phase11-data/data/MetalDam/images/micrograph8.jpg,/content/drive/MyDrive/phase11-persistent/gt_boundaries/MetalDam/micrograph8.png,0,0,1280,895,0,1
MetalDam/micrograph8/x768_y384,MetalDam,micrograph8,micrograph8.jpg,768,384,0.173599,val,256,/content/drive/MyDrive/phase11-data/data/MetalDam/images/micrograph8.jpg,/content/drive/MyDrive/phase11-persistent/gt_boundaries/MetalDam/micrograph8.png,0,0,1280,895,0,1
MetalDam/micrograph8/x768_y512,MetalDam,micrograph8,micrograph8.jpg,768,512,0.162918,val,256,/content/drive/MyDrive/phase11-data/data/MetalDam/images/micrograph8.jpg,/content/drive/MyDrive/phase11-persistent/gt_boundaries/MetalDam/micrograph8.png,0,0,1280,895,0,1
MetalDam/micrograph8/x768_y640,MetalDam,micrograph8,micrograph8.jpg,768,640,0.149368,val,256,/content/drive/MyDrive/phase11-data/data/MetalDam/images/micrograph8.jpg,/content/drive/MyDrive/phase11-persistent/gt_boundaries/MetalDam/micrograph8.png,0,0,1280,895,0,1
MetalDam/micrograph8/x896_y0,MetalDam,micrograph8,micrograph8.jpg,896,0,0.168671,val,256,/content/drive/MyDrive/phase11-data/data/MetalDam/images/micrograph8.jpg,/content/drive/MyDrive/phase11-persistent/gt_boundaries/MetalDam/micrograph8.png,0,0,1280,895,0,1
MetalDam/micrograph8/x896_y128,MetalDam,micrograph8,micrograph8.jpg,896,128,0.161713,val,256,/content/drive/MyDrive/phase11-data/data/MetalDam/images/micrograph8.jpg,/content/drive/MyDrive/phase11-persistent/gt_boundaries/MetalDam/micrograph8.png,0,0,1280,895,0,1
MetalDam/micrograph8/x896_y256,MetalDam,micrograph8,micrograph8.jpg,896,256,0.164871,val,256,/content/drive/MyDrive/phase11-data/data/MetalDam/images/micrograph8.jpg,/content/drive/MyDrive/phase11-persistent/gt_boundaries/MetalDam/micrograph8.png,0,0,1280,895,0,1
MetalDam/micrograph8/x896_y384,MetalDam,micrograph8,micrograph8.jpg,896,384,0.172668,val,256,/content/drive/MyDrive/phase11-data/data/MetalDam/images/micrograph8.jpg,/content/drive/MyDrive/phase11-persistent/gt_boundaries/MetalDam/micrograph8.png,0,0,1280,895,0,1
MetalDam/micrograph8/x896_y512,MetalDam,micrograph8,micrograph8.jpg,896,512,0.179214,val,256,/content/drive/MyDrive/phase11-data/data/MetalDam/images/micrograph8.jpg,/content/drive/MyDrive/phase11-persistent/gt_boundaries/MetalDam/micrograph8.png,0,0,1280,895,0,1
MetalDam/micrograph8/x896_y640,MetalDam,micrograph8,micrograph8.jpg,896,640,0.176208,val,256,/content/drive/MyDrive/phase11-data/data/MetalDam/images/micrograph8.jpg,/content/drive/MyDrive/phase11-persistent/gt_boundaries/MetalDam/micrograph8.png,0,0,1280,895,0,1
MetalDam/micrograph9/x0_y0,MetalDam,micrograph9,micrograph9.jpg,0,0,0.16037,val,256,/content/drive/MyDrive/phase11-data/data/MetalDam/images/micrograph9.jpg,/content/drive/MyDrive/phase11-persistent/gt_boundaries/MetalDam/micrograph9.png,0,0,1024,703,0,65
MetalDam/micrograph9/x0_y128,MetalDam,micrograph9,micrograph9.jpg,0,128,0.173721,val,256,/content/drive/MyDrive/phase11-data/data/MetalDam/images/micrograph9.jpg,/content/drive/MyDrive/phase11-persistent/gt_boundaries/MetalDam/micrograph9.png,0,0,1024,703,0,65
MetalDam/micrograph9/x0_y256,MetalDam,micrograph9,micrograph9.jpg,0,256,0.177414,val,256,/content/drive/MyDrive/phase11-data/data/MetalDam/images/micrograph9.jpg,/content/drive/MyDrive/phase11-persistent/gt_boundaries/MetalDam/micrograph9.png,0,0,1024,703,0,65
MetalDam/micrograph9/x0_y384,MetalDam,micrograph9,micrograph9.jpg,0,384,0.146408,val,256,/content/drive/MyDrive/phase11-data/data/MetalDam/images/micrograph9.jpg,/content/drive/MyDrive/phase11-persistent/gt_boundaries/MetalDam/micrograph9.png,0,0,1024,703,0,65
MetalDam/micrograph9/x0_y512,MetalDam,micrograph9,micrograph9.jpg,0,512,0.085327,val,256,/content/drive/MyDrive/phase11-data/data/MetalDam/images/micrograph9.jpg,/content/drive/MyDrive/phase11-persistent/gt_boundaries/MetalDam/micrograph9.png,0,0,1024,703,0,65
MetalDam/micrograph9/x128_y0,MetalDam,micrograph9,micrograph9.jpg,128,0,0.154083,val,256,/content/drive/MyDrive/phase11-data/data/MetalDam/images/micrograph9.jpg,/content/drive/MyDrive/phase11-persistent/gt_boundaries/MetalDam/micrograph9.png,0,0,1024,703,0,65
MetalDam/micrograph9/x128_y128,MetalDam,micrograph9,micrograph9.jpg,128,128,0.1586,val,256,/content/drive/MyDrive/phase11-data/data/MetalDam/images/micrograph9.jpg,/content/drive/MyDrive/phase11-persistent/gt_boundaries/MetalDam/micrograph9.png,0,0,1024,703,0,65
MetalDam/micrograph9/x128_y256,MetalDam,micrograph9,micrograph9.jpg,128,256,0.174255,val,256,/content/drive/MyDrive/phase11-data/data/MetalDam/images/micrograph9.jpg,/content/drive/MyDrive/phase11-persistent/gt_boundaries/MetalDam/micrograph9.png,0,0,1024,703,0,65
MetalDam/micrograph9/x128_y384,MetalDam,micrograph9,micrograph9.jpg,128,384,0.184174,val,256,/content/drive/MyDrive/phase11-data/data/MetalDam/images/micrograph9.jpg,/content/drive/MyDrive/phase11-persistent/gt_boundaries/MetalDam/micrograph9.png,0,0,1024,703,0,65
MetalDam/micrograph9/x128_y512,MetalDam,micrograph9,micrograph9.jpg,128,512,0.179123,val,256,/content/drive/MyDrive/phase11-data/data/MetalDam/images/micrograph9.jpg,/content/drive/MyDrive/phase11-persistent/gt_boundaries/MetalDam/micrograph9.png,0,0,1024,703,0,65
MetalDam/micrograph9/x256_y0,MetalDam,micrograph9,micrograph9.jpg,256,0,0.164978,val,256,/content/drive/MyDrive/phase11-data/data/MetalDam/images/micrograph9.jpg,/content/drive/MyDrive/phase11-persistent/gt_boundaries/MetalDam/micrograph9.png,0,0,1024,703,0,65
MetalDam/micrograph9/x256_y128,MetalDam,micrograph9,micrograph9.jpg,256,128,0.18718,val,256,/content/drive/MyDrive/phase11-data/data/MetalDam/images/micrograph9.jpg,/content/drive/MyDrive/phase11-persistent/gt_boundaries/MetalDam/micrograph9.png,0,0,1024,703,0,65
MetalDam/micrograph9/x256_y256,MetalDam,micrograph9,micrograph9.jpg,256,256,0.203583,val,256,/content/drive/MyDrive/phase11-data/data/MetalDam/images/micrograph9.jpg,/content/drive/MyDrive/phase11-persistent/gt_boundaries/MetalDam/micrograph9.png,0,0,1024,703,0,65
MetalDam/micrograph9/x256_y384,MetalDam,micrograph9,micrograph9.jpg,256,384,0.209259,val,256,/content/drive/MyDrive/phase11-data/data/MetalDam/images/micrograph9.jpg,/content/drive/MyDrive/phase11-persistent/gt_boundaries/MetalDam/micrograph9.png,0,0,1024,703,0,65
MetalDam/micrograph9/x256_y512,MetalDam,micrograph9,micrograph9.jpg,256,512,0.223343,val,256,/content/drive/MyDrive/phase11-data/data/MetalDam/images/micrograph9.jpg,/content/drive/MyDrive/phase11-persistent/gt_boundaries/MetalDam/micrograph9.png,0,0,1024,703,0,65
MetalDam/micrograph9/x384_y0,MetalDam,micrograph9,micrograph9.jpg,384,0,0.205368,val,256,/content/drive/MyDrive/phase11-data/data/MetalDam/images/micrograph9.jpg,/content/drive/MyDrive/phase11-persistent/gt_boundaries/MetalDam/micrograph9.png,0,0,1024,703,0,65
MetalDam/micrograph9/x384_y128,MetalDam,micrograph9,micrograph9.jpg,384,128,0.218506,val,256,/content/drive/MyDrive/phase11-data/data/MetalDam/images/micrograph9.jpg,/content/drive/MyDrive/phase11-persistent/gt_boundaries/MetalDam/micrograph9.png,0,0,1024,703,0,65
MetalDam/micrograph9/x384_y256,MetalDam,micrograph9,micrograph9.jpg,384,256,0.230347,val,256,/content/drive/MyDrive/phase11-data/data/MetalDam/images/micrograph9.jpg,/content/drive/MyDrive/phase11-persistent/gt_boundaries/MetalDam/micrograph9.png,0,0,1024,703,0,65
MetalDam/micrograph9/x384_y384,MetalDam,micrograph9,micrograph9.jpg,384,384,0.226486,val,256,/content/drive/MyDrive/phase11-data/data/MetalDam/images/micrograph9.jpg,/content/drive/MyDrive/phase11-persistent/gt_boundaries/MetalDam/micrograph9.png,0,0,1024,703,0,65
MetalDam/micrograph9/x384_y512,MetalDam,micrograph9,micrograph9.jpg,384,512,0.210617,val,256,/content/drive/MyDrive/phase11-data/data/MetalDam/images/micrograph9.jpg,/content/drive/MyDrive/phase11-persistent/gt_boundaries/MetalDam/micrograph9.png,0,0,1024,703,0,65
MetalDam/micrograph9/x512_y0,MetalDam,micrograph9,micrograph9.jpg,512,0,0.200455,val,256,/content/drive/MyDrive/phase11-data/data/MetalDam/images/micrograph9.jpg,/content/drive/MyDrive/phase11-persistent/gt_boundaries/MetalDam/micrograph9.png,0,0,1024,703,0,65
MetalDam/micrograph9/x512_y128,MetalDam,micrograph9,micrograph9.jpg,512,128,0.213669,val,256,/content/drive/MyDrive/phase11-data/data/MetalDam/images/micrograph9.jpg,/content/drive/MyDrive/phase11-persistent/gt_boundaries/MetalDam/micrograph9.png,0,0,1024,703,0,65
MetalDam/micrograph9/x512_y256,MetalDam,micrograph9,micrograph9.jpg,512,256,0.220291,val,256,/content/drive/MyDrive/phase11-data/data/MetalDam/images/micrograph9.jpg,/content/drive/MyDrive/phase11-persistent/gt_boundaries/MetalDam/micrograph9.png,0,0,1024,703,0,65
MetalDam/micrograph9/x512_y384,MetalDam,micrograph9,micrograph9.jpg,512,384,0.216888,val,256,/content/drive/MyDrive/phase11-data/data/MetalDam/images/micrograph9.jpg,/content/drive/MyDrive/phase11-persistent/gt_boundaries/MetalDam/micrograph9.png,0,0,1024,703,0,65
MetalDam/micrograph9/x512_y512,MetalDam,micrograph9,micrograph9.jpg,512,512,0.188461,val,256,/content/drive/MyDrive/phase11-data/data/MetalDam/images/micrograph9.jpg,/content/drive/MyDrive/phase11-persistent/gt_boundaries/MetalDam/micrograph9.png,0,0,1024,703,0,65
MetalDam/micrograph9/x640_y0,MetalDam,micrograph9,micrograph9.jpg,640,0,0.125427,val,256,/content/drive/MyDrive/phase11-data/data/MetalDam/images/micrograph9.jpg,/content/drive/MyDrive/phase11-persistent/gt_boundaries/MetalDam/micrograph9.png,0,0,1024,703,0,65
MetalDam/micrograph9/x640_y128,MetalDam,micrograph9,micrograph9.jpg,640,128,0.167938,val,256,/content/drive/MyDrive/phase11-data/data/MetalDam/images/micrograph9.jpg,/content/drive/MyDrive/phase11-persistent/gt_boundaries/MetalDam/micrograph9.png,0,0,1024,703,0,65
MetalDam/micrograph9/x640_y256,MetalDam,micrograph9,micrograph9.jpg,640,256,0.200134,val,256,/content/drive/MyDrive/phase11-data/data/MetalDam/images/micrograph9.jpg,/content/drive/MyDrive/phase11-persistent/gt_boundaries/MetalDam/micrograph9.png,0,0,1024,703,0,65
MetalDam/micrograph9/x640_y384,MetalDam,micrograph9,micrograph9.jpg,640,384,0.202499,val,256,/content/drive/MyDrive/phase11-data/data/MetalDam/images/micrograph9.jpg,/content/drive/MyDrive/phase11-persistent/gt_boundaries/MetalDam/micrograph9.png,0,0,1024,703,0,65
MetalDam/micrograph9/x640_y512,MetalDam,micrograph9,micrograph9.jpg,640,512,0.192947,val,256,/content/drive/MyDrive/phase11-data/data/MetalDam/images/micrograph9.jpg,/content/drive/MyDrive/phase11-persistent/gt_boundaries/MetalDam/micrograph9.png,0,0,1024,703,0,65
MetalDam/micrograph9/x768_y0,MetalDam,micrograph9,micrograph9.jpg,768,0,0.123901,val,256,/content/drive/MyDrive/phase11-data/data/MetalDam/images/micrograph9.jpg,/content/drive/MyDrive/phase11-persistent/gt_boundaries/MetalDam/micrograph9.png,0,0,1024,703,0,65
MetalDam/micrograph9/x768_y128,MetalDam,micrograph9,micrograph9.jpg,768,128,0.113434,val,256,/content/drive/MyDrive/phase11-data/data/MetalDam/images/micrograph9.jpg,/content/drive/MyDrive/phase11-persistent/gt_boundaries/MetalDam/micrograph9.png,0,0,1024,703,0,65
MetalDam/micrograph9/x768_y256,MetalDam,micrograph9,micrograph9.jpg,768,256,0.152512,val,256,/content/drive/MyDrive/phase11-data/data/MetalDam/images/micrograph9.jpg,/content/drive/MyDrive/phase11-persistent/gt_boundaries/MetalDam/micrograph9.png,0,0,1024,703,0,65
MetalDam/micrograph9/x768_y384,MetalDam,micrograph9,micrograph9.jpg,768,384,0.195236,val,256,/content/drive/MyDrive/phase11-data/data/MetalDam/images/micrograph9.jpg,/content/drive/MyDrive/phase11-persistent/gt_boundaries/MetalDam/micrograph9.png,0,0,1024,703,0,65
MetalDam/micrograph9/x768_y512,MetalDam,micrograph9,micrograph9.jpg,768,512,0.199036,val,256,/content/drive/MyDrive/phase11-data/data/MetalDam/images/micrograph9.jpg,/content/drive/MyDrive/phase11-persistent/gt_boundaries/MetalDam/micrograph9.png,0,0,1024,703,0,65
Steel1/im_val_cut10-400-01-H-12mm-4000x14_1_1/x0_y0,Steel1,im_val_cut10-400-01-H-12mm-4000x14,im_val_cut10-400-01-H-12mm-4000x14_1_1.png,0,0,0.042068,train,256,/content/drive/MyDrive/phase11-data/data/Steel1/images/im_val_cut10-400-01-H-12mm-4000x14_1_1.png,/content/drive/MyDrive/phase11-persistent/gt_boundaries/Steel1/im_val_cut10-400-01-H-12mm-4000x14_1_1.png,0,0,256,256,0,0
Steel1/im_val_cut10-400-01-H-12mm-4000x14_1_2/x0_y0,Steel1,im_val_cut10-400-01-H-12mm-4000x14,im_val_cut10-400-01-H-12mm-4000x14_1_2.png,0,0,0.042282,train,256,/content/drive/MyDrive/phase11-data/data/Steel1/images/im_val_cut10-400-01-H-12mm-4000x14_1_2.png,/content/drive/MyDrive/phase11-persistent/gt_boundaries/Steel1/im_val_cut10-400-01-H-12mm-4000x14_1_2.png,0,0,256,256,0,0
Steel1/im_val_cut10-400-01-H-12mm-4000x14_1_3/x0_y0,Steel1,im_val_cut10-400-01-H-12mm-4000x14,im_val_cut10-400-01-H-12mm-4000x14_1_3.png,0,0,0.037811,train,256,/content/drive/MyDrive/phase11-data/data/Steel1/images/im_val_cut10-400-01-H-12mm-4000x14_1_3.png,/content/drive/MyDrive/phase11-persistent/gt_boundaries/Steel1/im_val_cut10-400-01-H-12mm-4000x14_1_3.png,0,0,256,256,0,0
Steel1/im_val_cut10-400-01-H-12mm-4000x14_1_4/x0_y0,Steel1,im_val_cut10-400-01-H-12mm-4000x14,im_val_cut10-400-01-H-12mm-4000x14_1_4.png,0,0,0.041138,train,256,/content/drive/MyDrive/phase11-data/data/Steel1/images/im_val_cut10-400-01-H-12mm-4000x14_1_4.png,/content/drive/MyDrive/phase11-persistent/gt_boundaries/Steel1/im_val_cut10-400-01-H-12mm-4000x14_1_4.png,0,0,256,256,0,0
Steel1/im_val_cut10-400-01-H-12mm-4000x14_1_5/x0_y0,Steel1,im_val_cut10-400-01-H-12mm-4000x14,im_val_cut10-400-01-H-12mm-4000x14_1_5.png,0,0,0.046402,train,256,/content/drive/MyDrive/phase11-data/data/Steel1/images/im_val_cut10-400-01-H-12mm-4000x14_1_5.png,/content/drive/MyDrive/phase11-persistent/gt_boundaries/Steel1/im_val_cut10-400-01-H-12mm-4000x14_1_5.png,0,0,256,256,0,0
Steel1/im_val_cut10-400-01-H-12mm-4000x14_1_6/x0_y0,Steel1,im_val_cut10-400-01-H-12mm-4000x14,im_val_cut10-400-01-H-12mm-4000x14_1_6.png,0,0,0.050018,train,256,/content/drive/MyDrive/phase11-data/data/Steel1/images/im_val_cut10-400-01-H-12mm-4000x14_1_6.png,/content/drive/MyDrive/phase11-persistent/gt_boundaries/Steel1/im_val_cut10-400-01-H-12mm-4000x14_1_6.png,0,0,256,256,0,0
Steel1/im_val_cut10-400-01-H-12mm-4000x14_2_1/x0_y0,Steel1,im_val_cut10-400-01-H-12mm-4000x14,im_val_cut10-400-01-H-12mm-4000x14_2_1.png,0,0,0.053101,train,256,/content/drive/MyDrive/phase11-data/data/Steel1/images/im_val_cut10-400-01-H-12mm-4000x14_2_1.png,/content/drive/MyDrive/phase11-persistent/gt_boundaries/Steel1/im_val_cut10-400-01-H-12mm-4000x14_2_1.png,0,0,256,256,0,0
Steel1/im_val_cut10-400-01-H-12mm-4000x14_2_2/x0_y0,Steel1,im_val_cut10-400-01-H-12mm-4000x14,im_val_cut10-400-01-H-12mm-4000x14_2_2.png,0,0,0.050705,train,256,/content/drive/MyDrive/phase11-data/data/Steel1/images/im_val_cut10-400-01-H-12mm-4000x14_2_2.png,/content/drive/MyDrive/phase11-persistent/gt_boundaries/Steel1/im_val_cut10-400-01-H-12mm-4000x14_2_2.png,0,0,256,256,0,0
Steel1/im_val_cut10-400-01-H-12mm-4000x14_2_3/x0_y0,Steel1,im_val_cut10-400-01-H-12mm-4000x14,im_val_cut10-400-01-H-12mm-4000x14_2_3.png,0,0,0.058975,train,256,/content/drive/MyDrive/phase11-data/data/Steel1/images/im_val_cut10-400-01-H-12mm-4000x14_2_3.png,/content/drive/MyDrive/phase11-persistent/gt_boundaries/Steel1/im_val_cut10-400-01-H-12mm-4000x14_2_3.png,0,0,256,256,0,0
Steel1/im_val_cut10-400-01-H-12mm-4000x14_2_4/x0_y0,Steel1,im_val_cut10-400-01-H-12mm-4000x14,im_val_cut10-400-01-H-12mm-4000x14_2_4.png,0,0,0.048447,train,256,/content/drive/MyDrive/phase11-data/data/Steel1/images/im_val_cut10-400-01-H-12mm-4000x14_2_4.png,/content/drive/MyDrive/phase11-persistent/gt_boundaries/Steel1/im_val_cut10-400-01-H-12mm-4000x14_2_4.png,0,0,256,256,0,0
Steel1/im_val_cut10-400-01-H-12mm-4000x14_2_5/x0_y0,Steel1,im_val_cut10-400-01-H-12mm-4000x14,im_val_cut10-400-01-H-12mm-4000x14_2_5.png,0,0,0.04892,train,256,/content/drive/MyDrive/phase11-data/data/Steel1/images/im_val_cut10-400-01-H-12mm-4000x14_2_5.png,/content/drive/MyDrive/phase11-persistent/gt_boundaries/Steel1/im_val_cut10-400-01-H-12mm-4000x14_2_5.png,0,0,256,256,0,0
Steel1/im_val_cut10-400-01-H-12mm-4000x14_2_6/x0_y0,Steel1,im_val_cut10-400-01-H-12mm-4000x14,im_val_cut10-400-01-H-12mm-4000x14_2_6.png,0,0,0.051865,train,256,/content/drive/MyDrive/phase11-data/data/Steel1/images/im_val_cut10-400-01-H-12mm-4000x14_2_6.png,/content/drive/MyDrive/phase11-persistent/gt_boundaries/Steel1/im_val_cut10-400-01-H-12mm-4000x14_2_6.png,0,0,256,256,0,0
Steel1/im_val_cut10-400-01-H-12mm-4000x14_3_1/x0_y0,Steel1,im_val_cut10-400-01-H-12mm-4000x14,im_val_cut10-400-01-H-12mm-4000x14_3_1.png,0,0,0.068954,train,256,/content/drive/MyDrive/phase11-data/data/Steel1/images/im_val_cut10-400-01-H-12mm-4000x14_3_1.png,/content/drive/MyDrive/phase11-persistent/gt_boundaries/Steel1/im_val_cut10-400-01-H-12mm-4000x14_3_1.png,0,0,256,256,0,0
Steel1/im_val_cut10-400-01-H-12mm-4000x14_3_2/x0_y0,Steel1,im_val_cut10-400-01-H-12mm-4000x14,im_val_cut10-400-01-H-12mm-4000x14_3_2.png,0,0,0.044464,train,256,/content/drive/MyDrive/phase11-data/data/Steel1/images/im_val_cut10-400-01-H-12mm-4000x14_3_2.png,/content/drive/MyDrive/phase11-persistent/gt_boundaries/Steel1/im_val_cut10-400-01-H-12mm-4000x14_3_2.png,0,0,256,256,0,0
Steel1/im_val_cut10-400-01-H-12mm-4000x14_3_3/x0_y0,Steel1,im_val_cut10-400-01-H-12mm-4000x14,im_val_cut10-400-01-H-12mm-4000x14_3_3.png,0,0,0.043289,train,256,/content/drive/MyDrive/phase11-data/data/Steel1/images/im_val_cut10-400-01-H-12mm-4000x14_3_3.png,/content/drive/MyDrive/phase11-persistent/gt_boundaries/Steel1/im_val_cut10-400-01-H-12mm-4000x14_3_3.png,0,0,256,256,0,0
Steel1/im_val_cut10-400-01-H-12mm-4000x14_3_4/x0_y0,Steel1,im_val_cut10-400-01-H-12mm-4000x14,im_val_cut10-400-01-H-12mm-4000x14_3_4.png,0,0,0.038162,train,256,/content/drive/MyDrive/phase11-data/data/Steel1/images/im_val_cut10-400-01-H-12mm-4000x14_3_4.png,/content/drive/MyDrive/phase11-persistent/gt_boundaries/Steel1/im_val_cut10-400-01-H-12mm-4000x14_3_4.png,0,0,256,256,0,0
Steel1/im_val_cut10-400-01-H-12mm-4000x14_3_5/x0_y0,Steel1,im_val_cut10-400-01-H-12mm-4000x14,im_val_cut10-400-01-H-12mm-4000x14_3_5.png,0,0,0.061462,train,256,/content/drive/MyDrive/phase11-data/data/Steel1/images/im_val_cut10-400-01-H-12mm-4000x14_3_5.png,/content/drive/MyDrive/phase11-persistent/gt_boundaries/Steel1/im_val_cut10-400-01-H-12mm-4000x14_3_5.png,0,0,256,256,0,0
Steel1/im_val_cut10-400-01-H-12mm-4000x14_3_6/x0_y0,Steel1,im_val_cut10-400-01-H-12mm-4000x14,im_val_cut10-400-01-H-12mm-4000x14_3_6.png,0,0,0.024475,train,256,/content/drive/MyDrive/phase11-data/data/Steel1/images/im_val_cut10-400-01-H-12mm-4000x14_3_6.png,/content/drive/MyDrive/phase11-persistent/gt_boundaries/Steel1/im_val_cut10-400-01-H-12mm-4000x14_3_6.png,0,0,256,256,0,0
Steel1/im_val_cut10-400-01-H-12mm-4000x14_4_1/x0_y0,Steel1,im_val_cut10-400-01-H-12mm-4000x14,im_val_cut10-400-01-H-12mm-4000x14_4_1.png,0,0,0.047043,train,256,/content/drive/MyDrive/phase11-data/data/Steel1/images/im_val_cut10-400-01-H-12mm-4000x14_4_1.png,/content/drive/MyDrive/phase11-persistent/gt_boundaries/Steel1/im_val_cut10-400-01-H-12mm-4000x14_4_1.png,0,0,256,256,0,0
Steel1/im_val_cut10-400-01-H-12mm-4000x14_4_2/x0_y0,Steel1,im_val_cut10-400-01-H-12mm-4000x14,im_val_cut10-400-01-H-12mm-4000x14_4_2.png,0,0,0.06311,train,256,/content/drive/MyDrive/phase11-data/data/Steel1/images/im_val_cut10-400-01-H-12mm-4000x14_4_2.png,/content/drive/MyDrive/phase11-persistent/gt_boundaries/Steel1/im_val_cut10-400-01-H-12mm-4000x14_4_2.png,0,0,256,256,0,0
Steel1/im_val_cut10-400-01-H-12mm-4000x14_4_3/x0_y0,Steel1,im_val_cut10-400-01-H-12mm-4000x14,im_val_cut10-400-01-H-12mm-4000x14_4_3.png,0,0,0.043961,train,256,/content/drive/MyDrive/phase11-data/data/Steel1/images/im_val_cut10-400-01-H-12mm-4000x14_4_3.png,/content/drive/MyDrive/phase11-persistent/gt_boundaries/Steel1/im_val_cut10-400-01-H-12mm-4000x14_4_3.png,0,0,256,256,0,0
Steel1/im_val_cut10-400-01-H-12mm-4000x14_4_4/x0_y0,Steel1,im_val_cut10-400-01-H-12mm-4000x14,im_val_cut10-400-01-H-12mm-4000x14_4_4.png,0,0,0.040604,train,256,/content/drive/MyDrive/phase11-data/data/Steel1/images/im_val_cut10-400-01-H-12mm-4000x14_4_4.png,/content/drive/MyDrive/phase11-persistent/gt_boundaries/Steel1/im_val_cut10-400-01-H-12mm-4000x14_4_4.png,0,0,256,256,0,0
Steel1/im_val_cut10-400-01-H-12mm-4000x14_4_5/x0_y0,Steel1,im_val_cut10-400-01-H-12mm-4000x14,im_val_cut10-400-01-H-12mm-4000x14_4_5.png,0,0,0.058258,train,256,/content/drive/MyDrive/phase11-data/data/Steel1/images/im_val_cut10-400-01-H-12mm-4000x14_4_5.png,/content/drive/MyDrive/phase11-persistent/gt_boundaries/Steel1/im_val_cut10-400-01-H-12mm-4000x14_4_5.png,0,0,256,256,0,0
Steel1/im_val_cut10-400-01-H-12mm-4000x14_4_6/x0_y0,Steel1,im_val_cut10-400-01-H-12mm-4000x14,im_val_cut10-400-01-H-12mm-4000x14_4_6.png,0,0,0.033066,train,256,/content/drive/MyDrive/phase11-data/data/Steel1/images/im_val_cut10-400-01-H-12mm-4000x14_4_6.png,/content/drive/MyDrive/phase11-persistent/gt_boundaries/Steel1/im_val_cut10-400-01-H-12mm-4000x14_4_6.png,0,0,256,256,0,0
Steel1/im_val_cut10-400-01-H-12mm-4000x14_5_1/x0_y0,Steel1,im_val_cut10-400-01-H-12mm-4000x14,im_val_cut10-400-01-H-12mm-4000x14_5_1.png,0,0,0.041046,train,256,/content/drive/MyDrive/phase11-data/data/Steel1/images/im_val_cut10-400-01-H-12mm-4000x14_5_1.png,/content/drive/MyDrive/phase11-persistent/gt_boundaries/Steel1/im_val_cut10-400-01-H-12mm-4000x14_5_1.png,0,0,256,256,0,0
Steel1/im_val_cut10-400-01-H-12mm-4000x14_5_2/x0_y0,Steel1,im_val_cut10-400-01-H-12mm-4000x14,im_val_cut10-400-01-H-12mm-4000x14_5_2.png,0,0,0.051559,train,256,/content/drive/MyDrive/phase11-data/data/Steel1/images/im_val_cut10-400-01-H-12mm-4000x14_5_2.png,/content/drive/MyDrive/phase11-persistent/gt_boundaries/Steel1/im_val_cut10-400-01-H-12mm-4000x14_5_2.png,0,0,256,256,0,0
Steel1/im_val_cut10-400-01-H-12mm-4000x14_5_3/x0_y0,Steel1,im_val_cut10-400-01-H-12mm-4000x14,im_val_cut10-400-01-H-12mm-4000x14_5_3.png,0,0,0.066559,train,256,/content/drive/MyDrive/phase11-data/data/Steel1/images/im_val_cut10-400-01-H-12mm-4000x14_5_3.png,/content/drive/MyDrive/phase11-persistent/gt_boundaries/Steel1/im_val_cut10-400-01-H-12mm-4000x14_5_3.png,0,0,256,256,0,0
Steel1/im_val_cut10-400-01-H-12mm-4000x14_5_4/x0_y0,Steel1,im_val_cut10-400-01-H-12mm-4000x14,im_val_cut10-400-01-H-12mm-4000x14_5_4.png,0,0,0.06218,train,256,/content/drive/MyDrive/phase11-data/data/Steel1/images/im_val_cut10-400-01-H-12mm-4000x14_5_4.png,/content/drive/MyDrive/phase11-persistent/gt_boundaries/Steel1/im_val_cut10-400-01-H-12mm-4000x14_5_4.png,0,0,256,256,0,0
Steel1/im_val_cut10-400-01-H-12mm-4000x14_5_5/x0_y0,Steel1,im_val_cut10-400-01-H-12mm-4000x14,im_val_cut10-400-01-H-12mm-4000x14_5_5.png,0,0,0.032806,train,256,/content/drive/MyDrive/phase11-data/data/Steel1/images/im_val_cut10-400-01-H-12mm-4000x14_5_5.png,/content/drive/MyDrive/phase11-persistent/gt_boundaries/Steel1/im_val_cut10-400-01-H-12mm-4000x14_5_5.png,0,0,256,256,0,0
Steel1/im_val_cut10-400-01-H-12mm-4000x14_5_6/x0_y0,Steel1,im_val_cut10-400-01-H-12mm-4000x14,im_val_cut10-400-01-H-12mm-4000x14_5_6.png,0,0,0.037216,train,256,/content/drive/MyDrive/phase11-data/data/Steel1/images/im_val_cut10-400-01-H-12mm-4000x14_5_6.png,/content/drive/MyDrive/phase11-persistent/gt_boundaries/Steel1/im_val_cut10-400-01-H-12mm-4000x14_5_6.png,0,0,256,256,0,0
Steel1/im_val_cut10-400-01-H-12mm-4000x14_6_1/x0_y0,Steel1,im_val_cut10-400-01-H-12mm-4000x14,im_val_cut10-400-01-H-12mm-4000x14_6_1.png,0,0,0.036987,train,256,/content/drive/MyDrive/phase11-data/data/Steel1/images/im_val_cut10-400-01-H-12mm-4000x14_6_1.png,/content/drive/MyDrive/phase11-persistent/gt_boundaries/Steel1/im_val_cut10-400-01-H-12mm-4000x14_6_1.png,0,0,256,256,0,0
Steel1/im_val_cut10-400-01-H-12mm-4000x14_6_2/x0_y0,Steel1,im_val_cut10-400-01-H-12mm-4000x14,im_val_cut10-400-01-H-12mm-4000x14_6_2.png,0,0,0.039383,train,256,/content/drive/MyDrive/phase11-data/data/Steel1/images/im_val_cut10-400-01-H-12mm-4000x14_6_2.png,/content/drive/MyDrive/phase11-persistent/gt_boundaries/Steel1/im_val_cut10-400-01-H-12mm-4000x14_6_2.png,0,0,256,256,0,0
Steel1/im_val_cut10-400-01-H-12mm-4000x14_6_3/x0_y0,Steel1,im_val_cut10-400-01-H-12mm-4000x14,im_val_cut10-400-01-H-12mm-4000x14_6_3.png,0,0,0.052979,train,256,/content/drive/MyDrive/phase11-data/data/Steel1/images/im_val_cut10-400-01-H-12mm-4000x14_6_3.png,/content/drive/MyDrive/phase11-persistent/gt_boundaries/Steel1/im_val_cut10-400-01-H-12mm-4000x14_6_3.png,0,0,256,256,0,0
Steel1/im_val_cut10-400-01-H-12mm-4000x14_6_4/x0_y0,Steel1,im_val_cut10-400-01-H-12mm-4000x14,im_val_cut10-400-01-H-12mm-4000x14_6_4.png,0,0,0.038269,train,256,/content/drive/MyDrive/phase11-data/data/Steel1/images/im_val_cut10-400-01-H-12mm-4000x14_6_4.png,/content/drive/MyDrive/phase11-persistent/gt_boundaries/Steel1/im_val_cut10-400-01-H-12mm-4000x14_6_4.png,0,0,256,256,0,0
Steel1/im_val_cut10-400-01-H-12mm-4000x14_6_5/x0_y0,Steel1,im_val_cut10-400-01-H-12mm-4000x14,im_val_cut10-400-01-H-12mm-4000x14_6_5.png,0,0,0.042908,train,256,/content/drive/MyDrive/phase11-data/data/Steel1/images/im_val_cut10-400-01-H-12mm-4000x14_6_5.png,/content/drive/MyDrive/phase11-persistent/gt_boundaries/Steel1/im_val_cut10-400-01-H-12mm-4000x14_6_5.png,0,0,256,256,0,0
Steel1/im_val_cut10-400-01-H-12mm-4000x14_6_6/x0_y0,Steel1,im_val_cut10-400-01-H-12mm-4000x14,im_val_cut10-400-01-H-12mm-4000x14_6_6.png,0,0,0.047882,train,256,/content/drive/MyDrive/phase11-data/data/Steel1/images/im_val_cut10-400-01-H-12mm-4000x14_6_6.png,/content/drive/MyDrive/phase11-persistent/gt_boundaries/Steel1/im_val_cut10-400-01-H-12mm-4000x14_6_6.png,0,0,256,256,0,0
Steel1/im_val_cut10-400-01-H-12mm-4000x14_7_2/x0_y0,Steel1,im_val_cut10-400-01-H-12mm-4000x14,im_val_cut10-400-01-H-12mm-4000x14_7_2.png,0,0,0.043976,train,256,/content/drive/MyDrive/phase11-data/data/Steel1/images/im_val_cut10-400-01-H-12mm-4000x14_7_2.png,/content/drive/MyDrive/phase11-persistent/gt_boundaries/Steel1/im_val_cut10-400-01-H-12mm-4000x14_7_2.png,0,0,256,256,0,0
Steel1/im_val_cut10-400-01-H-12mm-4000x14_7_3/x0_y0,Steel1,im_val_cut10-400-01-H-12mm-4000x14,im_val_cut10-400-01-H-12mm-4000x14_7_3.png,0,0,0.047318,train,256,/content/drive/MyDrive/phase11-data/data/Steel1/images/im_val_cut10-400-01-H-12mm-4000x14_7_3.png,/content/drive/MyDrive/phase11-persistent/gt_boundaries/Steel1/im_val_cut10-400-01-H-12mm-4000x14_7_3.png,0,0,256,256,0,0
Steel1/im_val_cut10-400-01-H-12mm-4000x14_7_4/x0_y0,Steel1,im_val_cut10-400-01-H-12mm-4000x14,im_val_cut10-400-01-H-12mm-4000x14_7_4.png,0,0,0.043442,train,256,/content/drive/MyDrive/phase11-data/data/Steel1/images/im_val_cut10-400-01-H-12mm-4000x14_7_4.png,/content/drive/MyDrive/phase11-persistent/gt_boundaries/Steel1/im_val_cut10-400-01-H-12mm-4000x14_7_4.png,0,0,256,256,0,0
Steel1/im_val_cut10-400-01-H-12mm-4000x14_7_5/x0_y0,Steel1,im_val_cut10-400-01-H-12mm-4000x14,im_val_cut10-400-01-H-12mm-4000x14_7_5.png,0,0,0.035141,train,256,/content/drive/MyDrive/phase11-data/data/Steel1/images/im_val_cut10-400-01-H-12mm-4000x14_7_5.png,/content/drive/MyDrive/phase11-persistent/gt_boundaries/Steel1/im_val_cut10-400-01-H-12mm-4000x14_7_5.png,0,0,256,256,0,0
Steel1/im_val_cut10-400-01-H-12mm-4000x14_7_6/x0_y0,Steel1,im_val_cut10-400-01-H-12mm-4000x14,im_val_cut10-400-01-H-12mm-4000x14_7_6.png,0,0,0.035797,train,256,/content/drive/MyDrive/phase11-data/data/Steel1/images/im_val_cut10-400-01-H-12mm-4000x14_7_6.png,/content/drive/MyDrive/phase11-persistent/gt_boundaries/Steel1/im_val_cut10-400-01-H-12mm-4000x14_7_6.png,0,0,256,256,0,0
Steel1/im_val_cut10-400-01-H-12mm-4000x14_8_1/x0_y0,Steel1,im_val_cut10-400-01-H-12mm-4000x14,im_val_cut10-400-01-H-12mm-4000x14_8_1.png,0,0,0.010559,train,256,/content/drive/MyDrive/phase11-data/data/Steel1/images/im_val_cut10-400-01-H-12mm-4000x14_8_1.png,/content/drive/MyDrive/phase11-persistent/gt_boundaries/Steel1/im_val_cut10-400-01-H-12mm-4000x14_8_1.png,0,0,256,256,0,0
Steel1/im_val_cut10-400-01-H-12mm-4000x14_8_2/x0_y0,Steel1,im_val_cut10-400-01-H-12mm-4000x14,im_val_cut10-400-01-H-12mm-4000x14_8_2.png,0,0,0.039688,train,256,/content/drive/MyDrive/phase11-data/data/Steel1/images/im_val_cut10-400-01-H-12mm-4000x14_8_2.png,/content/drive/MyDrive/phase11-persistent/gt_boundaries/Steel1/im_val_cut10-400-01-H-12mm-4000x14_8_2.png,0,0,256,256,0,0
Steel1/im_val_cut10-400-01-H-12mm-4000x14_8_3/x0_y0,Steel1,im_val_cut10-400-01-H-12mm-4000x14,im_val_cut10-400-01-H-12mm-4000x14_8_3.png,0,0,0.044937,train,256,/content/drive/MyDrive/phase11-data/data/Steel1/images/im_val_cut10-400-01-H-12mm-4000x14_8_3.png,/content/drive/MyDrive/phase11-persistent/gt_boundaries/Steel1/im_val_cut10-400-01-H-12mm-4000x14_8_3.png,0,0,256,256,0,0
Steel1/im_val_cut10-400-01-H-12mm-4000x14_8_4/x0_y0,Steel1,im_val_cut10-400-01-H-12mm-4000x14,im_val_cut10-400-01-H-12mm-4000x14_8_4.png,0,0,0.029922,train,256,/content/drive/MyDrive/phase11-data/data/Steel1/images/im_val_cut10-400-01-H-12mm-4000x14_8_4.png,/content/drive/MyDrive/phase11-persistent/gt_boundaries/Steel1/im_val_cut10-400-01-H-12mm-4000x14_8_4.png,0,0,256,256,0,0
Steel1/im_val_cut10-400-01-H-12mm-4000x14_8_5/x0_y0,Steel1,im_val_cut10-400-01-H-12mm-4000x14,im_val_cut10-400-01-H-12mm-4000x14_8_5.png,0,0,0.036285,train,256,/content/drive/MyDrive/phase11-data/data/Steel1/images/im_val_cut10-400-01-H-12mm-4000x14_8_5.png,/content/drive/MyDrive/phase11-persistent/gt_boundaries/Steel1/im_val_cut10-400-01-H-12mm-4000x14_8_5.png,0,0,256,256,0,0
Steel1/im_val_cut10-400-01-H-12mm-4000x14_8_6/x0_y0,Steel1,im_val_cut10-400-01-H-12mm-4000x14,im_val_cut10-400-01-H-12mm-4000x14_8_6.png,0,0,0.04422,train,256,/content/drive/MyDrive/phase11-data/data/Steel1/images/im_val_cut10-400-01-H-12mm-4000x14_8_6.png,/content/drive/MyDrive/phase11-persistent/gt_boundaries/Steel1/im_val_cut10-400-01-H-12mm-4000x14_8_6.png,0,0,256,256,0,0
Steel1/im_val_cut10-400-01-H-6mm-4000x06_1_1/x0_y0,Steel1,im_val_cut10-400-01-H-6mm-4000x06,im_val_cut10-400-01-H-6mm-4000x06_1_1.png,0,0,0.027954,val,256,/content/drive/MyDrive/phase11-data/data/Steel1/images/im_val_cut10-400-01-H-6mm-4000x06_1_1.png,/content/drive/MyDrive/phase11-persistent/gt_boundaries/Steel1/im_val_cut10-400-01-H-6mm-4000x06_1_1.png,0,0,256,256,0,0
Steel1/im_val_cut10-400-01-H-6mm-4000x06_1_2/x0_y0,Steel1,im_val_cut10-400-01-H-6mm-4000x06,im_val_cut10-400-01-H-6mm-4000x06_1_2.png,0,0,0.046021,val,256,/content/drive/MyDrive/phase11-data/data/Steel1/images/im_val_cut10-400-01-H-6mm-4000x06_1_2.png,/content/drive/MyDrive/phase11-persistent/gt_boundaries/Steel1/im_val_cut10-400-01-H-6mm-4000x06_1_2.png,0,0,256,256,0,0
Steel1/im_val_cut10-400-01-H-6mm-4000x06_1_3/x0_y0,Steel1,im_val_cut10-400-01-H-6mm-4000x06,im_val_cut10-400-01-H-6mm-4000x06_1_3.png,0,0,0.044617,val,256,/content/drive/MyDrive/phase11-data/data/Steel1/images/im_val_cut10-400-01-H-6mm-4000x06_1_3.png,/content/drive/MyDrive/phase11-persistent/gt_boundaries/Steel1/im_val_cut10-400-01-H-6mm-4000x06_1_3.png,0,0,256,256,0,0
Steel1/im_val_cut10-400-01-H-6mm-4000x06_1_4/x0_y0,Steel1,im_val_cut10-400-01-H-6mm-4000x06,im_val_cut10-400-01-H-6mm-4000x06_1_4.png,0,0,0.041153,val,256,/content/drive/MyDrive/phase11-data/data/Steel1/images/im_val_cut10-400-01-H-6mm-4000x06_1_4.png,/content/drive/MyDrive/phase11-persistent/gt_boundaries/Steel1/im_val_cut10-400-01-H-6mm-4000x06_1_4.png,0,0,256,256,0,0
Steel1/im_val_cut10-400-01-H-6mm-4000x06_1_5/x0_y0,Steel1,im_val_cut10-400-01-H-6mm-4000x06,im_val_cut10-400-01-H-6mm-4000x06_1_5.png,0,0,0.027283,val,256,/content/drive/MyDrive/phase11-data/data/Steel1/images/im_val_cut10-400-01-H-6mm-4000x06_1_5.png,/content/drive/MyDrive/phase11-persistent/gt_boundaries/Steel1/im_val_cut10-400-01-H-6mm-4000x06_1_5.png,0,0,256,256,0,0
Steel1/im_val_cut10-400-01-H-6mm-4000x06_1_6/x0_y0,Steel1,im_val_cut10-400-01-H-6mm-4000x06,im_val_cut10-400-01-H-6mm-4000x06_1_6.png,0,0,0.03273,val,256,/content/drive/MyDrive/phase11-data/data/Steel1/images/im_val_cut10-400-01-H-6mm-4000x06_1_6.png,/content/drive/MyDrive/phase11-persistent/gt_boundaries/Steel1/im_val_cut10-400-01-H-6mm-4000x06_1_6.png,0,0,256,256,0,0
Steel1/im_val_cut10-400-01-H-6mm-4000x06_2_1/x0_y0,Steel1,im_val_cut10-400-01-H-6mm-4000x06,im_val_cut10-400-01-H-6mm-4000x06_2_1.png,0,0,0.027664,val,256,/content/drive/MyDrive/phase11-data/data/Steel1/images/im_val_cut10-400-01-H-6mm-4000x06_2_1.png,/content/drive/MyDrive/phase11-persistent/gt_boundaries/Steel1/im_val_cut10-400-01-H-6mm-4000x06_2_1.png,0,0,256,256,0,0
Steel1/im_val_cut10-400-01-H-6mm-4000x06_2_2/x0_y0,Steel1,im_val_cut10-400-01-H-6mm-4000x06,im_val_cut10-400-01-H-6mm-4000x06_2_2.png,0,0,0.032074,val,256,/content/drive/MyDrive/phase11-data/data/Steel1/images/im_val_cut10-400-01-H-6mm-4000x06_2_2.png,/content/drive/MyDrive/phase11-persistent/gt_boundaries/Steel1/im_val_cut10-400-01-H-6mm-4000x06_2_2.png,0,0,256,256,0,0
Steel1/im_val_cut10-400-01-H-6mm-4000x06_2_3/x0_y0,Steel1,im_val_cut10-400-01-H-6mm-4000x06,im_val_cut10-400-01-H-6mm-4000x06_2_3.png,0,0,0.031174,val,256,/content/drive/MyDrive/phase11-data/data/Steel1/images/im_val_cut10-400-01-H-6mm-4000x06_2_3.png,/content/drive/MyDrive/phase11-persistent/gt_boundaries/Steel1/im_val_cut10-400-01-H-6mm-4000x06_2_3.png,0,0,256,256,0,0
Steel1/im_val_cut10-400-01-H-6mm-4000x06_2_4/x0_y0,Steel1,im_val_cut10-400-01-H-6mm-4000x06,im_val_cut10-400-01-H-6mm-4000x06_2_4.png,0,0,0.04834,val,256,/content/drive/MyDrive/phase11-data/data/Steel1/images/im_val_cut10-400-01-H-6mm-4000x06_2_4.png,/content/drive/MyDrive/phase11-persistent/gt_boundaries/Steel1/im_val_cut10-400-01-H-6mm-4000x06_2_4.png,0,0,256,256,0,0
Steel1/im_val_cut10-400-01-H-6mm-4000x06_2_5/x0_y0,Steel1,im_val_cut10-400-01-H-6mm-4000x06,im_val_cut10-400-01-H-6mm-4000x06_2_5.png,0,0,0.044693,val,256,/content/drive/MyDrive/phase11-data/data/Steel1/images/im_val_cut10-400-01-H-6mm-4000x06_2_5.png,/content/drive/MyDrive/phase11-persistent/gt_boundaries/Steel1/im_val_cut10-400-01-H-6mm-4000x06_2_5.png,0,0,256,256,0,0
Steel1/im_val_cut10-400-01-H-6mm-4000x06_2_6/x0_y0,Steel1,im_val_cut10-400-01-H-6mm-4000x06,im_val_cut10-400-01-H-6mm-4000x06_2_6.png,0,0,0.022751,val,256,/content/drive/MyDrive/phase11-data/data/Steel1/images/im_val_cut10-400-01-H-6mm-4000x06_2_6.png,/content/drive/MyDrive/phase11-persistent/gt_boundaries/Steel1/im_val_cut10-400-01-H-6mm-4000x06_2_6.png,0,0,256,256,0,0
Steel1/im_val_cut10-400-01-H-6mm-4000x06_3_1/x0_y0,Steel1,im_val_cut10-400-01-H-6mm-4000x06,im_val_cut10-400-01-H-6mm-4000x06_3_1.png,0,0,0.035645,val,256,/content/drive/MyDrive/phase11-data/data/Steel1/images/im_val_cut10-400-01-H-6mm-4000x06_3_1.png,/content/drive/MyDrive/phase11-persistent/gt_boundaries/Steel1/im_val_cut10-400-01-H-6mm-4000x06_3_1.png,0,0,256,256,0,0
Steel1/im_val_cut10-400-01-H-6mm-4000x06_3_2/x0_y0,Steel1,im_val_cut10-400-01-H-6mm-4000x06,im_val_cut10-400-01-H-6mm-4000x06_3_2.png,0,0,0.026306,val,256,/content/drive/MyDrive/phase11-data/data/Steel1/images/im_val_cut10-400-01-H-6mm-4000x06_3_2.png,/content/drive/MyDrive/phase11-persistent/gt_boundaries/Steel1/im_val_cut10-400-01-H-6mm-4000x06_3_2.png,0,0,256,256,0,0
Steel1/im_val_cut10-400-01-H-6mm-4000x06_3_3/x0_y0,Steel1,im_val_cut10-400-01-H-6mm-4000x06,im_val_cut10-400-01-H-6mm-4000x06_3_3.png,0,0,0.034515,val,256,/content/drive/MyDrive/phase11-data/data/Steel1/images/im_val_cut10-400-01-H-6mm-4000x06_3_3.png,/content/drive/MyDrive/phase11-persistent/gt_boundaries/Steel1/im_val_cut10-400-01-H-6mm-4000x06_3_3.png,0,0,256,256,0,0
Steel1/im_val_cut10-400-01-H-6mm-4000x06_3_4/x0_y0,Steel1,im_val_cut10-400-01-H-6mm-4000x06,im_val_cut10-400-01-H-6mm-4000x06_3_4.png,0,0,0.034897,val,256,/content/drive/MyDrive/phase11-data/data/Steel1/images/im_val_cut10-400-01-H-6mm-4000x06_3_4.png,/content/drive/MyDrive/phase11-persistent/gt_boundaries/Steel1/im_val_cut10-400-01-H-6mm-4000x06_3_4.png,0,0,256,256,0,0
Steel1/im_val_cut10-400-01-H-6mm-4000x06_3_5/x0_y0,Steel1,im_val_cut10-400-01-H-6mm-4000x06,im_val_cut10-400-01-H-6mm-4000x06_3_5.png,0,0,0.029327,val,256,/content/drive/MyDrive/phase11-data/data/Steel1/images/im_val_cut10-400-01-H-6mm-4000x06_3_5.png,/content/drive/MyDrive/phase11-persistent/gt_boundaries/Steel1/im_val_cut10-400-01-H-6mm-4000x06_3_5.png,0,0,256,256,0,0
Steel1/im_val_cut10-400-01-H-6mm-4000x06_3_6/x0_y0,Steel1,im_val_cut10-400-01-H-6mm-4000x06,im_val_cut10-400-01-H-6mm-4000x06_3_6.png,0,0,0.03302,val,256,/content/drive/MyDrive/phase11-data/data/Steel1/images/im_val_cut10-400-01-H-6mm-4000x06_3_6.png,/content/drive/MyDrive/phase11-persistent/gt_boundaries/Steel1/im_val_cut10-400-01-H-6mm-4000x06_3_6.png,0,0,256,256,0,0
Steel1/im_val_cut10-400-01-H-6mm-4000x06_4_1/x0_y0,Steel1,im_val_cut10-400-01-H-6mm-4000x06,im_val_cut10-400-01-H-6mm-4000x06_4_1.png,0,0,0.034485,val,256,/content/drive/MyDrive/phase11-data/data/Steel1/images/im_val_cut10-400-01-H-6mm-4000x06_4_1.png,/content/drive/MyDrive/phase11-persistent/gt_boundaries/Steel1/im_val_cut10-400-01-H-6mm-4000x06_4_1.png,0,0,256,256,0,0
Steel1/im_val_cut10-400-01-H-6mm-4000x06_4_2/x0_y0,Steel1,im_val_cut10-400-01-H-6mm-4000x06,im_val_cut10-400-01-H-6mm-4000x06_4_2.png,0,0,0.017258,val,256,/content/drive/MyDrive/phase11-data/data/Steel1/images/im_val_cut10-400-01-H-6mm-4000x06_4_2.png,/content/drive/MyDrive/phase11-persistent/gt_boundaries/Steel1/im_val_cut10-400-01-H-6mm-4000x06_4_2.png,0,0,256,256,0,0
Steel1/im_val_cut10-400-01-H-6mm-4000x06_4_3/x0_y0,Steel1,im_val_cut10-400-01-H-6mm-4000x06,im_val_cut10-400-01-H-6mm-4000x06_4_3.png,0,0,0.022018,val,256,/content/drive/MyDrive/phase11-data/data/Steel1/images/im_val_cut10-400-01-H-6mm-4000x06_4_3.png,/content/drive/MyDrive/phase11-persistent/gt_boundaries/Steel1/im_val_cut10-400-01-H-6mm-4000x06_4_3.png,0,0,256,256,0,0
Steel1/im_val_cut10-400-01-H-6mm-4000x06_4_4/x0_y0,Steel1,im_val_cut10-400-01-H-6mm-4000x06,im_val_cut10-400-01-H-6mm-4000x06_4_4.png,0,0,0.02887,val,256,/content/drive/MyDrive/phase11-data/data/Steel1/images/im_val_cut10-400-01-H-6mm-4000x06_4_4.png,/content/drive/MyDrive/phase11-persistent/gt_boundaries/Steel1/im_val_cut10-400-01-H-6mm-4000x06_4_4.png,0,0,256,256,0,0
Steel1/im_val_cut10-400-01-H-6mm-4000x06_4_5/x0_y0,Steel1,im_val_cut10-400-01-H-6mm-4000x06,im_val_cut10-400-01-H-6mm-4000x06_4_5.png,0,0,0.038284,val,256,/content/drive/MyDrive/phase11-data/data/Steel1/images/im_val_cut10-400-01-H-6mm-4000x06_4_5.png,/content/drive/MyDrive/phase11-persistent/gt_boundaries/Steel1/im_val_cut10-400-01-H-6mm-4000x06_4_5.png,0,0,256,256,0,0
Steel1/im_val_cut10-400-01-H-6mm-4000x06_4_6/x0_y0,Steel1,im_val_cut10-400-01-H-6mm-4000x06,im_val_cut10-400-01-H-6mm-4000x06_4_6.png,0,0,0.03212,val,256,/content/drive/MyDrive/phase11-data/data/Steel1/images/im_val_cut10-400-01-H-6mm-4000x06_4_6.png,/content/drive/MyDrive/phase11-persistent/gt_boundaries/Steel1/im_val_cut10-400-01-H-6mm-4000x06_4_6.png,0,0,256,256,0,0
Steel1/im_val_cut10-400-01-H-6mm-4000x06_5_1/x0_y0,Steel1,im_val_cut10-400-01-H-6mm-4000x06,im_val_cut10-400-01-H-6mm-4000x06_5_1.png,0,0,0.012451,val,256,/content/drive/MyDrive/phase11-data/data/Steel1/images/im_val_cut10-400-01-H-6mm-4000x06_5_1.png,/content/drive/MyDrive/phase11-persistent/gt_boundaries/Steel1/im_val_cut10-400-01-H-6mm-4000x06_5_1.png,0,0,256,256,0,0
Steel1/im_val_cut10-400-01-H-6mm-4000x06_5_2/x0_y0,Steel1,im_val_cut10-400-01-H-6mm-4000x06,im_val_cut10-400-01-H-6mm-4000x06_5_2.png,0,0,0.038788,val,256,/content/drive/MyDrive/phase11-data/data/Steel1/images/im_val_cut10-400-01-H-6mm-4000x06_5_2.png,/content/drive/MyDrive/phase11-persistent/gt_boundaries/Steel1/im_val_cut10-400-01-H-6mm-4000x06_5_2.png,0,0,256,256,0,0
Steel1/im_val_cut10-400-01-H-6mm-4000x06_5_3/x0_y0,Steel1,im_val_cut10-400-01-H-6mm-4000x06,im_val_cut10-400-01-H-6mm-4000x06_5_3.png,0,0,0.039612,val,256,/content/drive/MyDrive/phase11-data/data/Steel1/images/im_val_cut10-400-01-H-6mm-4000x06_5_3.png,/content/drive/MyDrive/phase11-persistent/gt_boundaries/Steel1/im_val_cut10-400-01-H-6mm-4000x06_5_3.png,0,0,256,256,0,0
Steel1/im_val_cut10-400-01-H-6mm-4000x06_5_4/x0_y0,Steel1,im_val_cut10-400-01-H-6mm-4000x06,im_val_cut10-400-01-H-6mm-4000x06_5_4.png,0,0,0.055344,val,256,/content/drive/MyDrive/phase11-data/data/Steel1/images/im_val_cut10-400-01-H-6mm-4000x06_5_4.png,/content/drive/MyDrive/phase11-persistent/gt_boundaries/Steel1/im_val_cut10-400-01-H-6mm-4000x06_5_4.png,0,0,256,256,0,0
Steel1/im_val_cut10-400-01-H-6mm-4000x06_5_5/x0_y0,Steel1,im_val_cut10-400-01-H-6mm-4000x06,im_val_cut10-400-01-H-6mm-4000x06_5_5.png,0,0,0.038391,val,256,/content/drive/MyDrive/phase11-data/data/Steel1/images/im_val_cut10-400-01-H-6mm-4000x06_5_5.png,/content/drive/MyDrive/phase11-persistent/gt_boundaries/Steel1/im_val_cut10-400-01-H-6mm-4000x06_5_5.png,0,0,256,256,0,0
Steel1/im_val_cut10-400-01-H-6mm-4000x06_5_6/x0_y0,Steel1,im_val_cut10-400-01-H-6mm-4000x06,im_val_cut10-400-01-H-6mm-4000x06_5_6.png,0,0,0.025284,val,256,/content/drive/MyDrive/phase11-data/data/Steel1/images/im_val_cut10-400-01-H-6mm-4000x06_5_6.png,/content/drive/MyDrive/phase11-persistent/gt_boundaries/Steel1/im_val_cut10-400-01-H-6mm-4000x06_5_6.png,0,0,256,256,0,0
Steel1/im_val_cut10-400-01-H-6mm-4000x06_6_1/x0_y0,Steel1,im_val_cut10-400-01-H-6mm-4000x06,im_val_cut10-400-01-H-6mm-4000x06_6_1.png,0,0,0.038589,val,256,/content/drive/MyDrive/phase11-data/data/Steel1/images/im_val_cut10-400-01-H-6mm-4000x06_6_1.png,/content/drive/MyDrive/phase11-persistent/gt_boundaries/Steel1/im_val_cut10-400-01-H-6mm-4000x06_6_1.png,0,0,256,256,0,0
Steel1/im_val_cut10-400-01-H-6mm-4000x06_6_2/x0_y0,Steel1,im_val_cut10-400-01-H-6mm-4000x06,im_val_cut10-400-01-H-6mm-4000x06_6_2.png,0,0,0.037338,val,256,/content/drive/MyDrive/phase11-data/data/Steel1/images/im_val_cut10-400-01-H-6mm-4000x06_6_2.png,/content/drive/MyDrive/phase11-persistent/gt_boundaries/Steel1/im_val_cut10-400-01-H-6mm-4000x06_6_2.png,0,0,256,256,0,0
Steel1/im_val_cut10-400-01-H-6mm-4000x06_6_3/x0_y0,Steel1,im_val_cut10-400-01-H-6mm-4000x06,im_val_cut10-400-01-H-6mm-4000x06_6_3.png,0,0,0.021744,val,256,/content/drive/MyDrive/phase11-data/data/Steel1/images/im_val_cut10-400-01-H-6mm-4000x06_6_3.png,/content/drive/MyDrive/phase11-persistent/gt_boundaries/Steel1/im_val_cut10-400-01-H-6mm-4000x06_6_3.png,0,0,256,256,0,0
Steel1/im_val_cut10-400-01-H-6mm-4000x06_6_4/x0_y0,Steel1,im_val_cut10-400-01-H-6mm-4000x06,im_val_cut10-400-01-H-6mm-4000x06_6_4.png,0,0,0.049301,val,256,/content/drive/MyDrive/phase11-data/data/Steel1/images/im_val_cut10-400-01-H-6mm-4000x06_6_4.png,/content/drive/MyDrive/phase11-persistent/gt_boundaries/Steel1/im_val_cut10-400-01-H-6mm-4000x06_6_4.png,0,0,256,256,0,0
Steel1/im_val_cut10-400-01-H-6mm-4000x06_6_5/x0_y0,Steel1,im_val_cut10-400-01-H-6mm-4000x06,im_val_cut10-400-01-H-6mm-4000x06_6_5.png,0,0,0.018127,val,256,/content/drive/MyDrive/phase11-data/data/Steel1/images/im_val_cut10-400-01-H-6mm-4000x06_6_5.png,/content/drive/MyDrive/phase11-persistent/gt_boundaries/Steel1/im_val_cut10-400-01-H-6mm-4000x06_6_5.png,0,0,256,256,0,0
Steel1/im_val_cut10-400-01-H-6mm-4000x06_6_6/x0_y0,Steel1,im_val_cut10-400-01-H-6mm-4000x06,im_val_cut10-400-01-H-6mm-4000x06_6_6.png,0,0,0.030807,val,256,/content/drive/MyDrive/phase11-data/data/Steel1/images/im_val_cut10-400-01-H-6mm-4000x06_6_6.png,/content/drive/MyDrive/phase11-persistent/gt_boundaries/Steel1/im_val_cut10-400-01-H-6mm-4000x06_6_6.png,0,0,256,256,0,0
Steel1/im_val_cut10-400-01-H-6mm-4000x06_7_1/x0_y0,Steel1,im_val_cut10-400-01-H-6mm-4000x06,im_val_cut10-400-01-H-6mm-4000x06_7_1.png,0,0,0.049423,val,256,/content/drive/MyDrive/phase11-data/data/Steel1/images/im_val_cut10-400-01-H-6mm-4000x06_7_1.png,/content/drive/MyDrive/phase11-persistent/gt_boundaries/Steel1/im_val_cut10-400-01-H-6mm-4000x06_7_1.png,0,0,256,256,0,0
Steel1/im_val_cut10-400-01-H-6mm-4000x06_7_2/x0_y0,Steel1,im_val_cut10-400-01-H-6mm-4000x06,im_val_cut10-400-01-H-6mm-4000x06_7_2.png,0,0,0.047958,val,256,/content/drive/MyDrive/phase11-data/data/Steel1/images/im_val_cut10-400-01-H-6mm-4000x06_7_2.png,/content/drive/MyDrive/phase11-persistent/gt_boundaries/Steel1/im_val_cut10-400-01-H-6mm-4000x06_7_2.png,0,0,256,256,0,0
Steel1/im_val_cut10-400-01-H-6mm-4000x06_7_3/x0_y0,Steel1,im_val_cut10-400-01-H-6mm-4000x06,im_val_cut10-400-01-H-6mm-4000x06_7_3.png,0,0,0.063568,val,256,/content/drive/MyDrive/phase11-data/data/Steel1/images/im_val_cut10-400-01-H-6mm-4000x06_7_3.png,/content/drive/MyDrive/phase11-persistent/gt_boundaries/Steel1/im_val_cut10-400-01-H-6mm-4000x06_7_3.png,0,0,256,256,0,0
Steel1/im_val_cut10-400-01-H-6mm-4000x06_7_4/x0_y0,Steel1,im_val_cut10-400-01-H-6mm-4000x06,im_val_cut10-400-01-H-6mm-4000x06_7_4.png,0,0,0.044022,val,256,/content/drive/MyDrive/phase11-data/data/Steel1/images/im_val_cut10-400-01-H-6mm-4000x06_7_4.png,/content/drive/MyDrive/phase11-persistent/gt_boundaries/Steel1/im_val_cut10-400-01-H-6mm-4000x06_7_4.png,0,0,256,256,0,0
Steel1/im_val_cut10-400-01-H-6mm-4000x06_7_5/x0_y0,Steel1,im_val_cut10-400-01-H-6mm-4000x06,im_val_cut10-400-01-H-6mm-4000x06_7_5.png,0,0,0.043625,val,256,/content/drive/MyDrive/phase11-data/data/Steel1/images/im_val_cut10-400-01-H-6mm-4000x06_7_5.png,/content/drive/MyDrive/phase11-persistent/gt_boundaries/Steel1/im_val_cut10-400-01-H-6mm-4000x06_7_5.png,0,0,256,256,0,0
Steel1/im_val_cut10-400-01-H-6mm-4000x06_7_6/x0_y0,Steel1,im_val_cut10-400-01-H-6mm-4000x06,im_val_cut10-400-01-H-6mm-4000x06_7_6.png,0,0,0.030365,val,256,/content/drive/MyDrive/phase11-data/data/Steel1/images/im_val_cut10-400-01-H-6mm-4000x06_7_6.png,/content/drive/MyDrive/phase11-persistent/gt_boundaries/Steel1/im_val_cut10-400-01-H-6mm-4000x06_7_6.png,0,0,256,256,0,0
Steel1/im_val_cut10-400-01-H-6mm-4000x06_8_1/x0_y0,Steel1,im_val_cut10-400-01-H-6mm-4000x06,im_val_cut10-400-01-H-6mm-4000x06_8_1.png,0,0,0.030716,val,256,/content/drive/MyDrive/phase11-data/data/Steel1/images/im_val_cut10-400-01-H-6mm-4000x06_8_1.png,/content/drive/MyDrive/phase11-persistent/gt_boundaries/Steel1/im_val_cut10-400-01-H-6mm-4000x06_8_1.png,0,0,256,256,0,0
Steel1/im_val_cut10-400-01-H-6mm-4000x06_8_2/x0_y0,Steel1,im_val_cut10-400-01-H-6mm-4000x06,im_val_cut10-400-01-H-6mm-4000x06_8_2.png,0,0,0.039963,val,256,/content/drive/MyDrive/phase11-data/data/Steel1/images/im_val_cut10-400-01-H-6mm-4000x06_8_2.png,/content/drive/MyDrive/phase11-persistent/gt_boundaries/Steel1/im_val_cut10-400-01-H-6mm-4000x06_8_2.png,0,0,256,256,0,0
Steel1/im_val_cut10-400-01-H-6mm-4000x06_8_3/x0_y0,Steel1,im_val_cut10-400-01-H-6mm-4000x06,im_val_cut10-400-01-H-6mm-4000x06_8_3.png,0,0,0.059341,val,256,/content/drive/MyDrive/phase11-data/data/Steel1/images/im_val_cut10-400-01-H-6mm-4000x06_8_3.png,/content/drive/MyDrive/phase11-persistent/gt_boundaries/Steel1/im_val_cut10-400-01-H-6mm-4000x06_8_3.png,0,0,256,256,0,0
Steel1/im_val_cut10-400-01-H-6mm-4000x06_8_4/x0_y0,Steel1,im_val_cut10-400-01-H-6mm-4000x06,im_val_cut10-400-01-H-6mm-4000x06_8_4.png,0,0,0.052994,val,256,/content/drive/MyDrive/phase11-data/data/Steel1/images/im_val_cut10-400-01-H-6mm-4000x06_8_4.png,/content/drive/MyDrive/phase11-persistent/gt_boundaries/Steel1/im_val_cut10-400-01-H-6mm-4000x06_8_4.png,0,0,256,256,0,0
Steel1/im_val_cut10-400-01-H-6mm-4000x06_8_5/x0_y0,Steel1,im_val_cut10-400-01-H-6mm-4000x06,im_val_cut10-400-01-H-6mm-4000x06_8_5.png,0,0,0.03418,val,256,/content/drive/MyDrive/phase11-data/data/Steel1/images/im_val_cut10-400-01-H-6mm-4000x06_8_5.png,/content/drive/MyDrive/phase11-persistent/gt_boundaries/Steel1/im_val_cut10-400-01-H-6mm-4000x06_8_5.png,0,0,256,256,0,0
Steel1/im_val_cut10-400-01-H-6mm-4000x06_8_6/x0_y0,Steel1,im_val_cut10-400-01-H-6mm-4000x06,im_val_cut10-400-01-H-6mm-4000x06_8_6.png,0,0,0.027573,val,256,/content/drive/MyDrive/phase11-data/data/Steel1/images/im_val_cut10-400-01-H-6mm-4000x06_8_6.png,/content/drive/MyDrive/phase11-persistent/gt_boundaries/Steel1/im_val_cut10-400-01-H-6mm-4000x06_8_6.png,0,0,256,256,0,0
Steel1/im_val_cut10-400-01-H-9mm-4000x10_1_1/x0_y0,Steel1,im_val_cut10-400-01-H-9mm-4000x10,im_val_cut10-400-01-H-9mm-4000x10_1_1.png,0,0,0.011856,train,256,/content/drive/MyDrive/phase11-data/data/Steel1/images/im_val_cut10-400-01-H-9mm-4000x10_1_1.png,/content/drive/MyDrive/phase11-persistent/gt_boundaries/Steel1/im_val_cut10-400-01-H-9mm-4000x10_1_1.png,0,0,256,256,0,0
Steel1/im_val_cut10-400-01-H-9mm-4000x10_1_2/x0_y0,Steel1,im_val_cut10-400-01-H-9mm-4000x10,im_val_cut10-400-01-H-9mm-4000x10_1_2.png,0,0,0.034607,train,256,/content/drive/MyDrive/phase11-data/data/Steel1/images/im_val_cut10-400-01-H-9mm-4000x10_1_2.png,/content/drive/MyDrive/phase11-persistent/gt_boundaries/Steel1/im_val_cut10-400-01-H-9mm-4000x10_1_2.png,0,0,256,256,0,0
Steel1/im_val_cut10-400-01-H-9mm-4000x10_1_3/x0_y0,Steel1,im_val_cut10-400-01-H-9mm-4000x10,im_val_cut10-400-01-H-9mm-4000x10_1_3.png,0,0,0.043396,train,256,/content/drive/MyDrive/phase11-data/data/Steel1/images/im_val_cut10-400-01-H-9mm-4000x10_1_3.png,/content/drive/MyDrive/phase11-persistent/gt_boundaries/Steel1/im_val_cut10-400-01-H-9mm-4000x10_1_3.png,0,0,256,256,0,0
Steel1/im_val_cut10-400-01-H-9mm-4000x10_1_4/x0_y0,Steel1,im_val_cut10-400-01-H-9mm-4000x10,im_val_cut10-400-01-H-9mm-4000x10_1_4.png,0,0,0.030746,train,256,/content/drive/MyDrive/phase11-data/data/Steel1/images/im_val_cut10-400-01-H-9mm-4000x10_1_4.png,/content/drive/MyDrive/phase11-persistent/gt_boundaries/Steel1/im_val_cut10-400-01-H-9mm-4000x10_1_4.png,0,0,256,256,0,0
Steel1/im_val_cut10-400-01-H-9mm-4000x10_1_5/x0_y0,Steel1,im_val_cut10-400-01-H-9mm-4000x10,im_val_cut10-400-01-H-9mm-4000x10_1_5.png,0,0,0.037704,train,256,/content/drive/MyDrive/phase11-data/data/Steel1/images/im_val_cut10-400-01-H-9mm-4000x10_1_5.png,/content/drive/MyDrive/phase11-persistent/gt_boundaries/Steel1/im_val_cut10-400-01-H-9mm-4000x10_1_5.png,0,0,256,256,0,0
Steel1/im_val_cut10-400-01-H-9mm-4000x10_1_6/x0_y0,Steel1,im_val_cut10-400-01-H-9mm-4000x10,im_val_cut10-400-01-H-9mm-4000x10_1_6.png,0,0,0.016251,train,256,/content/drive/MyDrive/phase11-data/data/Steel1/images/im_val_cut10-400-01-H-9mm-4000x10_1_6.png,/content/drive/MyDrive/phase11-persistent/gt_boundaries/Steel1/im_val_cut10-400-01-H-9mm-4000x10_1_6.png,0,0,256,256,0,0
Steel1/im_val_cut10-400-01-H-9mm-4000x10_2_1/x0_y0,Steel1,im_val_cut10-400-01-H-9mm-4000x10,im_val_cut10-400-01-H-9mm-4000x10_2_1.png,0,0,0.038391,train,256,/content/drive/MyDrive/phase11-data/data/Steel1/images/im_val_cut10-400-01-H-9mm-4000x10_2_1.png,/content/drive/MyDrive/phase11-persistent/gt_boundaries/Steel1/im_val_cut10-400-01-H-9mm-4000x10_2_1.png,0,0,256,256,0,0
Steel1/im_val_cut10-400-01-H-9mm-4000x10_2_2/x0_y0,Steel1,im_val_cut10-400-01-H-9mm-4000x10,im_val_cut10-400-01-H-9mm-4000x10_2_2.png,0,0,0.03389,train,256,/content/drive/MyDrive/phase11-data/data/Steel1/images/im_val_cut10-400-01-H-9mm-4000x10_2_2.png,/content/drive/MyDrive/phase11-persistent/gt_boundaries/Steel1/im_val_cut10-400-01-H-9mm-4000x10_2_2.png,0,0,256,256,0,0
Steel1/im_val_cut10-400-01-H-9mm-4000x10_2_3/x0_y0,Steel1,im_val_cut10-400-01-H-9mm-4000x10,im_val_cut10-400-01-H-9mm-4000x10_2_3.png,0,0,0.044815,train,256,/content/drive/MyDrive/phase11-data/data/Steel1/images/im_val_cut10-400-01-H-9mm-4000x10_2_3.png,/content/drive/MyDrive/phase11-persistent/gt_boundaries/Steel1/im_val_cut10-400-01-H-9mm-4000x10_2_3.png,0,0,256,256,0,0
Steel1/im_val_cut10-400-01-H-9mm-4000x10_2_4/x0_y0,Steel1,im_val_cut10-400-01-H-9mm-4000x10,im_val_cut10-400-01-H-9mm-4000x10_2_4.png,0,0,0.026566,train,256,/content/drive/MyDrive/phase11-data/data/Steel1/images/im_val_cut10-400-01-H-9mm-4000x10_2_4.png,/content/drive/MyDrive/phase11-persistent/gt_boundaries/Steel1/im_val_cut10-400-01-H-9mm-4000x10_2_4.png,0,0,256,256,0,0
Steel1/im_val_cut10-400-01-H-9mm-4000x10_2_5/x0_y0,Steel1,im_val_cut10-400-01-H-9mm-4000x10,im_val_cut10-400-01-H-9mm-4000x10_2_5.png,0,0,0.016617,train,256,/content/drive/MyDrive/phase11-data/data/Steel1/images/im_val_cut10-400-01-H-9mm-4000x10_2_5.png,/content/drive/MyDrive/phase11-persistent/gt_boundaries/Steel1/im_val_cut10-400-01-H-9mm-4000x10_2_5.png,0,0,256,256,0,0
Steel1/im_val_cut10-400-01-H-9mm-4000x10_2_6/x0_y0,Steel1,im_val_cut10-400-01-H-9mm-4000x10,im_val_cut10-400-01-H-9mm-4000x10_2_6.png,0,0,0.014145,train,256,/content/drive/MyDrive/phase11-data/data/Steel1/images/im_val_cut10-400-01-H-9mm-4000x10_2_6.png,/content/drive/MyDrive/phase11-persistent/gt_boundaries/Steel1/im_val_cut10-400-01-H-9mm-4000x10_2_6.png,0,0,256,256,0,0
Steel1/im_val_cut10-400-01-H-9mm-4000x10_3_1/x0_y0,Steel1,im_val_cut10-400-01-H-9mm-4000x10,im_val_cut10-400-01-H-9mm-4000x10_3_1.png,0,0,0.030334,train,256,/content/drive/MyDrive/phase11-data/data/Steel1/images/im_val_cut10-400-01-H-9mm-4000x10_3_1.png,/content/drive/MyDrive/phase11-persistent/gt_boundaries/Steel1/im_val_cut10-400-01-H-9mm-4000x10_3_1.png,0,0,256,256,0,0
Steel1/im_val_cut10-400-01-H-9mm-4000x10_3_2/x0_y0,Steel1,im_val_cut10-400-01-H-9mm-4000x10,im_val_cut10-400-01-H-9mm-4000x10_3_2.png,0,0,0.041931,train,256,/content/drive/MyDrive/phase11-data/data/Steel1/images/im_val_cut10-400-01-H-9mm-4000x10_3_2.png,/content/drive/MyDrive/phase11-persistent/gt_boundaries/Steel1/im_val_cut10-400-01-H-9mm-4000x10_3_2.png,0,0,256,256,0,0
Steel1/im_val_cut10-400-01-H-9mm-4000x10_3_3/x0_y0,Steel1,im_val_cut10-400-01-H-9mm-4000x10,im_val_cut10-400-01-H-9mm-4000x10_3_3.png,0,0,0.014954,train,256,/content/drive/MyDrive/phase11-data/data/Steel1/images/im_val_cut10-400-01-H-9mm-4000x10_3_3.png,/content/drive/MyDrive/phase11-persistent/gt_boundaries/Steel1/im_val_cut10-400-01-H-9mm-4000x10_3_3.png,0,0,256,256,0,0
Steel1/im_val_cut10-400-01-H-9mm-4000x10_3_4/x0_y0,Steel1,im_val_cut10-400-01-H-9mm-4000x10,im_val_cut10-400-01-H-9mm-4000x10_3_4.png,0,0,0.040482,train,256,/content/drive/MyDrive/phase11-data/data/Steel1/images/im_val_cut10-400-01-H-9mm-4000x10_3_4.png,/content/drive/MyDrive/phase11-persistent/gt_boundaries/Steel1/im_val_cut10-400-01-H-9mm-4000x10_3_4.png,0,0,256,256,0,0
Steel1/im_val_cut10-400-01-H-9mm-4000x10_3_5/x0_y0,Steel1,im_val_cut10-400-01-H-9mm-4000x10,im_val_cut10-400-01-H-9mm-4000x10_3_5.png,0,0,0.028488,train,256,/content/drive/MyDrive/phase11-data/data/Steel1/images/im_val_cut10-400-01-H-9mm-4000x10_3_5.png,/content/drive/MyDrive/phase11-persistent/gt_boundaries/Steel1/im_val_cut10-400-01-H-9mm-4000x10_3_5.png,0,0,256,256,0,0
Steel1/im_val_cut10-400-01-H-9mm-4000x10_3_6/x0_y0,Steel1,im_val_cut10-400-01-H-9mm-4000x10,im_val_cut10-400-01-H-9mm-4000x10_3_6.png,0,0,0.028915,train,256,/content/drive/MyDrive/phase11-data/data/Steel1/images/im_val_cut10-400-01-H-9mm-4000x10_3_6.png,/content/drive/MyDrive/phase11-persistent/gt_boundaries/Steel1/im_val_cut10-400-01-H-9mm-4000x10_3_6.png,0,0,256,256,0,0
Steel1/im_val_cut10-400-01-H-9mm-4000x10_4_1/x0_y0,Steel1,im_val_cut10-400-01-H-9mm-4000x10,im_val_cut10-400-01-H-9mm-4000x10_4_1.png,0,0,0.036163,train,256,/content/drive/MyDrive/phase11-data/data/Steel1/images/im_val_cut10-400-01-H-9mm-4000x10_4_1.png,/content/drive/MyDrive/phase11-persistent/gt_boundaries/Steel1/im_val_cut10-400-01-H-9mm-4000x10_4_1.png,0,0,256,256,0,0
Steel1/im_val_cut10-400-01-H-9mm-4000x10_4_2/x0_y0,Steel1,im_val_cut10-400-01-H-9mm-4000x10,im_val_cut10-400-01-H-9mm-4000x10_4_2.png,0,0,0.047821,train,256,/content/drive/MyDrive/phase11-data/data/Steel1/images/im_val_cut10-400-01-H-9mm-4000x10_4_2.png,/content/drive/MyDrive/phase11-persistent/gt_boundaries/Steel1/im_val_cut10-400-01-H-9mm-4000x10_4_2.png,0,0,256,256,0,0
Steel1/im_val_cut10-400-01-H-9mm-4000x10_4_3/x0_y0,Steel1,im_val_cut10-400-01-H-9mm-4000x10,im_val_cut10-400-01-H-9mm-4000x10_4_3.png,0,0,0.018616,train,256,/content/drive/MyDrive/phase11-data/data/Steel1/images/im_val_cut10-400-01-H-9mm-4000x10_4_3.png,/content/drive/MyDrive/phase11-persistent/gt_boundaries/Steel1/im_val_cut10-400-01-H-9mm-4000x10_4_3.png,0,0,256,256,0,0
Steel1/im_val_cut10-400-01-H-9mm-4000x10_4_4/x0_y0,Steel1,im_val_cut10-400-01-H-9mm-4000x10,im_val_cut10-400-01-H-9mm-4000x10_4_4.png,0,0,0.041397,train,256,/content/drive/MyDrive/phase11-data/data/Steel1/images/im_val_cut10-400-01-H-9mm-4000x10_4_4.png,/content/drive/MyDrive/phase11-persistent/gt_boundaries/Steel1/im_val_cut10-400-01-H-9mm-4000x10_4_4.png,0,0,256,256,0,0
Steel1/im_val_cut10-400-01-H-9mm-4000x10_4_5/x0_y0,Steel1,im_val_cut10-400-01-H-9mm-4000x10,im_val_cut10-400-01-H-9mm-4000x10_4_5.png,0,0,0.00647,train,256,/content/drive/MyDrive/phase11-data/data/Steel1/images/im_val_cut10-400-01-H-9mm-4000x10_4_5.png,/content/drive/MyDrive/phase11-persistent/gt_boundaries/Steel1/im_val_cut10-400-01-H-9mm-4000x10_4_5.png,0,0,256,256,0,0
Steel1/im_val_cut10-400-01-H-9mm-4000x10_4_6/x0_y0,Steel1,im_val_cut10-400-01-H-9mm-4000x10,im_val_cut10-400-01-H-9mm-4000x10_4_6.png,0,0,0.01062,train,256,/content/drive/MyDrive/phase11-data/data/Steel1/images/im_val_cut10-400-01-H-9mm-4000x10_4_6.png,/content/drive/MyDrive/phase11-persistent/gt_boundaries/Steel1/im_val_cut10-400-01-H-9mm-4000x10_4_6.png,0,0,256,256,0,0
Steel1/im_val_cut10-400-01-H-9mm-4000x10_5_1/x0_y0,Steel1,im_val_cut10-400-01-H-9mm-4000x10,im_val_cut10-400-01-H-9mm-4000x10_5_1.png,0,0,0.04567,train,256,/content/drive/MyDrive/phase11-data/data/Steel1/images/im_val_cut10-400-01-H-9mm-4000x10_5_1.png,/content/drive/MyDrive/phase11-persistent/gt_boundaries/Steel1/im_val_cut10-400-01-H-9mm-4000x10_5_1.png,0,0,256,256,0,0
Steel1/im_val_cut10-400-01-H-9mm-4000x10_5_2/x0_y0,Steel1,im_val_cut10-400-01-H-9mm-4000x10,im_val_cut10-400-01-H-9mm-4000x10_5_2.png,0,0,0.028915,train,256,/content/drive/MyDrive/phase11-data/data/Steel1/images/im_val_cut10-400-01-H-9mm-4000x10_5_2.png,/content/drive/MyDrive/phase11-persistent/gt_boundaries/Steel1/im_val_cut10-400-01-H-9mm-4000x10_5_2.png,0,0,256,256,0,0
Steel1/im_val_cut10-400-01-H-9mm-4000x10_5_3/x0_y0,Steel1,im_val_cut10-400-01-H-9mm-4000x10,im_val_cut10-400-01-H-9mm-4000x10_5_3.png,0,0,0.050629,train,256,/content/drive/MyDrive/phase11-data/data/Steel1/images/im_val_cut10-400-01-H-9mm-4000x10_5_3.png,/content/drive/MyDrive/phase11-persistent/gt_boundaries/Steel1/im_val_cut10-400-01-H-9mm-4000x10_5_3.png,0,0,256,256,0,0
Steel1/im_val_cut10-400-01-H-9mm-4000x10_5_4/x0_y0,Steel1,im_val_cut10-400-01-H-9mm-4000x10,im_val_cut10-400-01-H-9mm-4000x10_5_4.png,0,0,0.052536,train,256,/content/drive/MyDrive/phase11-data/data/Steel1/images/im_val_cut10-400-01-H-9mm-4000x10_5_4.png,/content/drive/MyDrive/phase11-persistent/gt_boundaries/Steel1/im_val_cut10-400-01-H-9mm-4000x10_5_4.png,0,0,256,256,0,0
Steel1/im_val_cut10-400-01-H-9mm-4000x10_5_5/x0_y0,Steel1,im_val_cut10-400-01-H-9mm-4000x10,im_val_cut10-400-01-H-9mm-4000x10_5_5.png,0,0,0.027344,train,256,/content/drive/MyDrive/phase11-data/data/Steel1/images/im_val_cut10-400-01-H-9mm-4000x10_5_5.png,/content/drive/MyDrive/phase11-persistent/gt_boundaries/Steel1/im_val_cut10-400-01-H-9mm-4000x10_5_5.png,0,0,256,256,0,0
Steel1/im_val_cut10-400-01-H-9mm-4000x10_5_6/x0_y0,Steel1,im_val_cut10-400-01-H-9mm-4000x10,im_val_cut10-400-01-H-9mm-4000x10_5_6.png,0,0,0.024826,train,256,/content/drive/MyDrive/phase11-data/data/Steel1/images/im_val_cut10-400-01-H-9mm-4000x10_5_6.png,/content/drive/MyDrive/phase11-persistent/gt_boundaries/Steel1/im_val_cut10-400-01-H-9mm-4000x10_5_6.png,0,0,256,256,0,0
Steel1/im_val_cut10-400-01-H-9mm-4000x10_6_1/x0_y0,Steel1,im_val_cut10-400-01-H-9mm-4000x10,im_val_cut10-400-01-H-9mm-4000x10_6_1.png,0,0,0.049316,train,256,/content/drive/MyDrive/phase11-data/data/Steel1/images/im_val_cut10-400-01-H-9mm-4000x10_6_1.png,/content/drive/MyDrive/phase11-persistent/gt_boundaries/Steel1/im_val_cut10-400-01-H-9mm-4000x10_6_1.png,0,0,256,256,0,0
Steel1/im_val_cut10-400-01-H-9mm-4000x10_6_2/x0_y0,Steel1,im_val_cut10-400-01-H-9mm-4000x10,im_val_cut10-400-01-H-9mm-4000x10_6_2.png,0,0,0.040161,train,256,/content/drive/MyDrive/phase11-data/data/Steel1/images/im_val_cut10-400-01-H-9mm-4000x10_6_2.png,/content/drive/MyDrive/phase11-persistent/gt_boundaries/Steel1/im_val_cut10-400-01-H-9mm-4000x10_6_2.png,0,0,256,256,0,0
Steel1/im_val_cut10-400-01-H-9mm-4000x10_6_3/x0_y0,Steel1,im_val_cut10-400-01-H-9mm-4000x10,im_val_cut10-400-01-H-9mm-4000x10_6_3.png,0,0,0.031082,train,256,/content/drive/MyDrive/phase11-data/data/Steel1/images/im_val_cut10-400-01-H-9mm-4000x10_6_3.png,/content/drive/MyDrive/phase11-persistent/gt_boundaries/Steel1/im_val_cut10-400-01-H-9mm-4000x10_6_3.png,0,0,256,256,0,0
Steel1/im_val_cut10-400-01-H-9mm-4000x10_6_4/x0_y0,Steel1,im_val_cut10-400-01-H-9mm-4000x10,im_val_cut10-400-01-H-9mm-4000x10_6_4.png,0,0,0.050552,train,256,/content/drive/MyDrive/phase11-data/data/Steel1/images/im_val_cut10-400-01-H-9mm-4000x10_6_4.png,/content/drive/MyDrive/phase11-persistent/gt_boundaries/Steel1/im_val_cut10-400-01-H-9mm-4000x10_6_4.png,0,0,256,256,0,0
Steel1/im_val_cut10-400-01-H-9mm-4000x10_6_5/x0_y0,Steel1,im_val_cut10-400-01-H-9mm-4000x10,im_val_cut10-400-01-H-9mm-4000x10_6_5.png,0,0,0.01767,train,256,/content/drive/MyDrive/phase11-data/data/Steel1/images/im_val_cut10-400-01-H-9mm-4000x10_6_5.png,/content/drive/MyDrive/phase11-persistent/gt_boundaries/Steel1/im_val_cut10-400-01-H-9mm-4000x10_6_5.png,0,0,256,256,0,0
Steel1/im_val_cut10-400-01-H-9mm-4000x10_6_6/x0_y0,Steel1,im_val_cut10-400-01-H-9mm-4000x10,im_val_cut10-400-01-H-9mm-4000x10_6_6.png,0,0,0.040939,train,256,/content/drive/MyDrive/phase11-data/data/Steel1/images/im_val_cut10-400-01-H-9mm-4000x10_6_6.png,/content/drive/MyDrive/phase11-persistent/gt_boundaries/Steel1/im_val_cut10-400-01-H-9mm-4000x10_6_6.png,0,0,256,256,0,0
Steel1/im_val_cut10-400-01-H-9mm-4000x10_7_1/x0_y0,Steel1,im_val_cut10-400-01-H-9mm-4000x10,im_val_cut10-400-01-H-9mm-4000x10_7_1.png,0,0,0.043304,train,256,/content/drive/MyDrive/phase11-data/data/Steel1/images/im_val_cut10-400-01-H-9mm-4000x10_7_1.png,/content/drive/MyDrive/phase11-persistent/gt_boundaries/Steel1/im_val_cut10-400-01-H-9mm-4000x10_7_1.png,0,0,256,256,0,0
Steel1/im_val_cut10-400-01-H-9mm-4000x10_7_2/x0_y0,Steel1,im_val_cut10-400-01-H-9mm-4000x10,im_val_cut10-400-01-H-9mm-4000x10_7_2.png,0,0,0.044632,train,256,/content/drive/MyDrive/phase11-data/data/Steel1/images/im_val_cut10-400-01-H-9mm-4000x10_7_2.png,/content/drive/MyDrive/phase11-persistent/gt_boundaries/Steel1/im_val_cut10-400-01-H-9mm-4000x10_7_2.png,0,0,256,256,0,0
Steel1/im_val_cut10-400-01-H-9mm-4000x10_7_3/x0_y0,Steel1,im_val_cut10-400-01-H-9mm-4000x10,im_val_cut10-400-01-H-9mm-4000x10_7_3.png,0,0,0.033676,train,256,/content/drive/MyDrive/phase11-data/data/Steel1/images/im_val_cut10-400-01-H-9mm-4000x10_7_3.png,/content/drive/MyDrive/phase11-persistent/gt_boundaries/Steel1/im_val_cut10-400-01-H-9mm-4000x10_7_3.png,0,0,256,256,0,0
Steel1/im_val_cut10-400-01-H-9mm-4000x10_7_4/x0_y0,Steel1,im_val_cut10-400-01-H-9mm-4000x10,im_val_cut10-400-01-H-9mm-4000x10_7_4.png,0,0,0.03775,train,256,/content/drive/MyDrive/phase11-data/data/Steel1/images/im_val_cut10-400-01-H-9mm-4000x10_7_4.png,/content/drive/MyDrive/phase11-persistent/gt_boundaries/Steel1/im_val_cut10-400-01-H-9mm-4000x10_7_4.png,0,0,256,256,0,0
Steel1/im_val_cut10-400-01-H-9mm-4000x10_7_5/x0_y0,Steel1,im_val_cut10-400-01-H-9mm-4000x10,im_val_cut10-400-01-H-9mm-4000x10_7_5.png,0,0,0.029175,train,256,/content/drive/MyDrive/phase11-data/data/Steel1/images/im_val_cut10-400-01-H-9mm-4000x10_7_5.png,/content/drive/MyDrive/phase11-persistent/gt_boundaries/Steel1/im_val_cut10-400-01-H-9mm-4000x10_7_5.png,0,0,256,256,0,0
Steel1/im_val_cut10-400-01-H-9mm-4000x10_7_6/x0_y0,Steel1,im_val_cut10-400-01-H-9mm-4000x10,im_val_cut10-400-01-H-9mm-4000x10_7_6.png,0,0,0.019318,train,256,/content/drive/MyDrive/phase11-data/data/Steel1/images/im_val_cut10-400-01-H-9mm-4000x10_7_6.png,/content/drive/MyDrive/phase11-persistent/gt_boundaries/Steel1/im_val_cut10-400-01-H-9mm-4000x10_7_6.png,0,0,256,256,0,0
Steel1/im_val_cut10-400-01-H-9mm-4000x10_8_1/x0_y0,Steel1,im_val_cut10-400-01-H-9mm-4000x10,im_val_cut10-400-01-H-9mm-4000x10_8_1.png,0,0,0.036301,train,256,/content/drive/MyDrive/phase11-data/data/Steel1/images/im_val_cut10-400-01-H-9mm-4000x10_8_1.png,/content/drive/MyDrive/phase11-persistent/gt_boundaries/Steel1/im_val_cut10-400-01-H-9mm-4000x10_8_1.png,0,0,256,256,0,0
Steel1/im_val_cut10-400-01-H-9mm-4000x10_8_2/x0_y0,Steel1,im_val_cut10-400-01-H-9mm-4000x10,im_val_cut10-400-01-H-9mm-4000x10_8_2.png,0,0,0.058563,train,256,/content/drive/MyDrive/phase11-data/data/Steel1/images/im_val_cut10-400-01-H-9mm-4000x10_8_2.png,/content/drive/MyDrive/phase11-persistent/gt_boundaries/Steel1/im_val_cut10-400-01-H-9mm-4000x10_8_2.png,0,0,256,256,0,0
Steel1/im_val_cut10-400-01-H-9mm-4000x10_8_3/x0_y0,Steel1,im_val_cut10-400-01-H-9mm-4000x10,im_val_cut10-400-01-H-9mm-4000x10_8_3.png,0,0,0.04628,train,256,/content/drive/MyDrive/phase11-data/data/Steel1/images/im_val_cut10-400-01-H-9mm-4000x10_8_3.png,/content/drive/MyDrive/phase11-persistent/gt_boundaries/Steel1/im_val_cut10-400-01-H-9mm-4000x10_8_3.png,0,0,256,256,0,0
Steel1/im_val_cut10-400-01-H-9mm-4000x10_8_4/x0_y0,Steel1,im_val_cut10-400-01-H-9mm-4000x10,im_val_cut10-400-01-H-9mm-4000x10_8_4.png,0,0,0.039673,train,256,/content/drive/MyDrive/phase11-data/data/Steel1/images/im_val_cut10-400-01-H-9mm-4000x10_8_4.png,/content/drive/MyDrive/phase11-persistent/gt_boundaries/Steel1/im_val_cut10-400-01-H-9mm-4000x10_8_4.png,0,0,256,256,0,0
Steel1/im_val_cut10-400-01-H-9mm-4000x10_8_5/x0_y0,Steel1,im_val_cut10-400-01-H-9mm-4000x10,im_val_cut10-400-01-H-9mm-4000x10_8_5.png,0,0,0.032318,train,256,/content/drive/MyDrive/phase11-data/data/Steel1/images/im_val_cut10-400-01-H-9mm-4000x10_8_5.png,/content/drive/MyDrive/phase11-persistent/gt_boundaries/Steel1/im_val_cut10-400-01-H-9mm-4000x10_8_5.png,0,0,256,256,0,0
Steel1/im_val_cut10-400-01-H-9mm-4000x10_8_6/x0_y0,Steel1,im_val_cut10-400-01-H-9mm-4000x10,im_val_cut10-400-01-H-9mm-4000x10_8_6.png,0,0,0.030685,train,256,/content/drive/MyDrive/phase11-data/data/Steel1/images/im_val_cut10-400-01-H-9mm-4000x10_8_6.png,/content/drive/MyDrive/phase11-persistent/gt_boundaries/Steel1/im_val_cut10-400-01-H-9mm-4000x10_8_6.png,0,0,256,256,0,0
Steel1/im_val_cut10-400-01-H-9mm-4000x12_1_1/x0_y0,Steel1,im_val_cut10-400-01-H-9mm-4000x12,im_val_cut10-400-01-H-9mm-4000x12_1_1.png,0,0,0.041794,train,256,/content/drive/MyDrive/phase11-data/data/Steel1/images/im_val_cut10-400-01-H-9mm-4000x12_1_1.png,/content/drive/MyDrive/phase11-persistent/gt_boundaries/Steel1/im_val_cut10-400-01-H-9mm-4000x12_1_1.png,0,0,256,256,0,0
Steel1/im_val_cut10-400-01-H-9mm-4000x12_1_2/x0_y0,Steel1,im_val_cut10-400-01-H-9mm-4000x12,im_val_cut10-400-01-H-9mm-4000x12_1_2.png,0,0,0.053619,train,256,/content/drive/MyDrive/phase11-data/data/Steel1/images/im_val_cut10-400-01-H-9mm-4000x12_1_2.png,/content/drive/MyDrive/phase11-persistent/gt_boundaries/Steel1/im_val_cut10-400-01-H-9mm-4000x12_1_2.png,0,0,256,256,0,0
Steel1/im_val_cut10-400-01-H-9mm-4000x12_1_3/x0_y0,Steel1,im_val_cut10-400-01-H-9mm-4000x12,im_val_cut10-400-01-H-9mm-4000x12_1_3.png,0,0,0.039291,train,256,/content/drive/MyDrive/phase11-data/data/Steel1/images/im_val_cut10-400-01-H-9mm-4000x12_1_3.png,/content/drive/MyDrive/phase11-persistent/gt_boundaries/Steel1/im_val_cut10-400-01-H-9mm-4000x12_1_3.png,0,0,256,256,0,0
Steel1/im_val_cut10-400-01-H-9mm-4000x12_1_4/x0_y0,Steel1,im_val_cut10-400-01-H-9mm-4000x12,im_val_cut10-400-01-H-9mm-4000x12_1_4.png,0,0,0.051544,train,256,/content/drive/MyDrive/phase11-data/data/Steel1/images/im_val_cut10-400-01-H-9mm-4000x12_1_4.png,/content/drive/MyDrive/phase11-persistent/gt_boundaries/Steel1/im_val_cut10-400-01-H-9mm-4000x12_1_4.png,0,0,256,256,0,0
Steel1/im_val_cut10-400-01-H-9mm-4000x12_1_5/x0_y0,Steel1,im_val_cut10-400-01-H-9mm-4000x12,im_val_cut10-400-01-H-9mm-4000x12_1_5.png,0,0,0.046204,train,256,/content/drive/MyDrive/phase11-data/data/Steel1/images/im_val_cut10-400-01-H-9mm-4000x12_1_5.png,/content/drive/MyDrive/phase11-persistent/gt_boundaries/Steel1/im_val_cut10-400-01-H-9mm-4000x12_1_5.png,0,0,256,256,0,0
Steel1/im_val_cut10-400-01-H-9mm-4000x12_1_6/x0_y0,Steel1,im_val_cut10-400-01-H-9mm-4000x12,im_val_cut10-400-01-H-9mm-4000x12_1_6.png,0,0,0.037415,train,256,/content/drive/MyDrive/phase11-data/data/Steel1/images/im_val_cut10-400-01-H-9mm-4000x12_1_6.png,/content/drive/MyDrive/phase11-persistent/gt_boundaries/Steel1/im_val_cut10-400-01-H-9mm-4000x12_1_6.png,0,0,256,256,0,0
Steel1/im_val_cut10-400-01-H-9mm-4000x12_2_1/x0_y0,Steel1,im_val_cut10-400-01-H-9mm-4000x12,im_val_cut10-400-01-H-9mm-4000x12_2_1.png,0,0,0.028381,train,256,/content/drive/MyDrive/phase11-data/data/Steel1/images/im_val_cut10-400-01-H-9mm-4000x12_2_1.png,/content/drive/MyDrive/phase11-persistent/gt_boundaries/Steel1/im_val_cut10-400-01-H-9mm-4000x12_2_1.png,0,0,256,256,0,0
Steel1/im_val_cut10-400-01-H-9mm-4000x12_2_2/x0_y0,Steel1,im_val_cut10-400-01-H-9mm-4000x12,im_val_cut10-400-01-H-9mm-4000x12_2_2.png,0,0,0.029602,train,256,/content/drive/MyDrive/phase11-data/data/Steel1/images/im_val_cut10-400-01-H-9mm-4000x12_2_2.png,/content/drive/MyDrive/phase11-persistent/gt_boundaries/Steel1/im_val_cut10-400-01-H-9mm-4000x12_2_2.png,0,0,256,256,0,0
Steel1/im_val_cut10-400-01-H-9mm-4000x12_2_3/x0_y0,Steel1,im_val_cut10-400-01-H-9mm-4000x12,im_val_cut10-400-01-H-9mm-4000x12_2_3.png,0,0,0.044815,train,256,/content/drive/MyDrive/phase11-data/data/Steel1/images/im_val_cut10-400-01-H-9mm-4000x12_2_3.png,/content/drive/MyDrive/phase11-persistent/gt_boundaries/Steel1/im_val_cut10-400-01-H-9mm-4000x12_2_3.png,0,0,256,256,0,0
Steel1/im_val_cut10-400-01-H-9mm-4000x12_2_4/x0_y0,Steel1,im_val_cut10-400-01-H-9mm-4000x12,im_val_cut10-400-01-H-9mm-4000x12_2_4.png,0,0,0.034607,train,256,/content/drive/MyDrive/phase11-data/data/Steel1/images/im_val_cut10-400-01-H-9mm-4000x12_2_4.png,/content/drive/MyDrive/phase11-persistent/gt_boundaries/Steel1/im_val_cut10-400-01-H-9mm-4000x12_2_4.png,0,0,256,256,0,0
Steel1/im_val_cut10-400-01-H-9mm-4000x12_2_5/x0_y0,Steel1,im_val_cut10-400-01-H-9mm-4000x12,im_val_cut10-400-01-H-9mm-4000x12_2_5.png,0,0,0.055923,train,256,/content/drive/MyDrive/phase11-data/data/Steel1/images/im_val_cut10-400-01-H-9mm-4000x12_2_5.png,/content/drive/MyDrive/phase11-persistent/gt_boundaries/Steel1/im_val_cut10-400-01-H-9mm-4000x12_2_5.png,0,0,256,256,0,0
Steel1/im_val_cut10-400-01-H-9mm-4000x12_2_6/x0_y0,Steel1,im_val_cut10-400-01-H-9mm-4000x12,im_val_cut10-400-01-H-9mm-4000x12_2_6.png,0,0,0.046814,train,256,/content/drive/MyDrive/phase11-data/data/Steel1/images/im_val_cut10-400-01-H-9mm-4000x12_2_6.png,/content/drive/MyDrive/phase11-persistent/gt_boundaries/Steel1/im_val_cut10-400-01-H-9mm-4000x12_2_6.png,0,0,256,256,0,0
Steel1/im_val_cut10-400-01-H-9mm-4000x12_3_1/x0_y0,Steel1,im_val_cut10-400-01-H-9mm-4000x12,im_val_cut10-400-01-H-9mm-4000x12_3_1.png,0,0,0.050781,train,256,/content/drive/MyDrive/phase11-data/data/Steel1/images/im_val_cut10-400-01-H-9mm-4000x12_3_1.png,/content/drive/MyDrive/phase11-persistent/gt_boundaries/Steel1/im_val_cut10-400-01-H-9mm-4000x12_3_1.png,0,0,256,256,0,0
Steel1/im_val_cut10-400-01-H-9mm-4000x12_3_2/x0_y0,Steel1,im_val_cut10-400-01-H-9mm-4000x12,im_val_cut10-400-01-H-9mm-4000x12_3_2.png,0,0,0.047485,train,256,/content/drive/MyDrive/phase11-data/data/Steel1/images/im_val_cut10-400-01-H-9mm-4000x12_3_2.png,/content/drive/MyDrive/phase11-persistent/gt_boundaries/Steel1/im_val_cut10-400-01-H-9mm-4000x12_3_2.png,0,0,256,256,0,0
Steel1/im_val_cut10-400-01-H-9mm-4000x12_3_3/x0_y0,Steel1,im_val_cut10-400-01-H-9mm-4000x12,im_val_cut10-400-01-H-9mm-4000x12_3_3.png,0,0,0.059692,train,256,/content/drive/MyDrive/phase11-data/data/Steel1/images/im_val_cut10-400-01-H-9mm-4000x12_3_3.png,/content/drive/MyDrive/phase11-persistent/gt_boundaries/Steel1/im_val_cut10-400-01-H-9mm-4000x12_3_3.png,0,0,256,256,0,0
Steel1/im_val_cut10-400-01-H-9mm-4000x12_3_4/x0_y0,Steel1,im_val_cut10-400-01-H-9mm-4000x12,im_val_cut10-400-01-H-9mm-4000x12_3_4.png,0,0,0.028931,train,256,/content/drive/MyDrive/phase11-data/data/Steel1/images/im_val_cut10-400-01-H-9mm-4000x12_3_4.png,/content/drive/MyDrive/phase11-persistent/gt_boundaries/Steel1/im_val_cut10-400-01-H-9mm-4000x12_3_4.png,0,0,256,256,0,0
Steel1/im_val_cut10-400-01-H-9mm-4000x12_3_5/x0_y0,Steel1,im_val_cut10-400-01-H-9mm-4000x12,im_val_cut10-400-01-H-9mm-4000x12_3_5.png,0,0,0.036819,train,256,/content/drive/MyDrive/phase11-data/data/Steel1/images/im_val_cut10-400-01-H-9mm-4000x12_3_5.png,/content/drive/MyDrive/phase11-persistent/gt_boundaries/Steel1/im_val_cut10-400-01-H-9mm-4000x12_3_5.png,0,0,256,256,0,0
Steel1/im_val_cut10-400-01-H-9mm-4000x12_3_6/x0_y0,Steel1,im_val_cut10-400-01-H-9mm-4000x12,im_val_cut10-400-01-H-9mm-4000x12_3_6.png,0,0,0.05867,train,256,/content/drive/MyDrive/phase11-data/data/Steel1/images/im_val_cut10-400-01-H-9mm-4000x12_3_6.png,/content/drive/MyDrive/phase11-persistent/gt_boundaries/Steel1/im_val_cut10-400-01-H-9mm-4000x12_3_6.png,0,0,256,256,0,0
Steel1/im_val_cut10-400-01-H-9mm-4000x12_4_1/x0_y0,Steel1,im_val_cut10-400-01-H-9mm-4000x12,im_val_cut10-400-01-H-9mm-4000x12_4_1.png,0,0,0.0448,train,256,/content/drive/MyDrive/phase11-data/data/Steel1/images/im_val_cut10-400-01-H-9mm-4000x12_4_1.png,/content/drive/MyDrive/phase11-persistent/gt_boundaries/Steel1/im_val_cut10-400-01-H-9mm-4000x12_4_1.png,0,0,256,256,0,0
Steel1/im_val_cut10-400-01-H-9mm-4000x12_4_2/x0_y0,Steel1,im_val_cut10-400-01-H-9mm-4000x12,im_val_cut10-400-01-H-9mm-4000x12_4_2.png,0,0,0.04422,train,256,/content/drive/MyDrive/phase11-data/data/Steel1/images/im_val_cut10-400-01-H-9mm-4000x12_4_2.png,/content/drive/MyDrive/phase11-persistent/gt_boundaries/Steel1/im_val_cut10-400-01-H-9mm-4000x12_4_2.png,0,0,256,256,0,0
Steel1/im_val_cut10-400-01-H-9mm-4000x12_4_3/x0_y0,Steel1,im_val_cut10-400-01-H-9mm-4000x12,im_val_cut10-400-01-H-9mm-4000x12_4_3.png,0,0,0.040161,train,256,/content/drive/MyDrive/phase11-data/data/Steel1/images/im_val_cut10-400-01-H-9mm-4000x12_4_3.png,/content/drive/MyDrive/phase11-persistent/gt_boundaries/Steel1/im_val_cut10-400-01-H-9mm-4000x12_4_3.png,0,0,256,256,0,0
Steel1/im_val_cut10-400-01-H-9mm-4000x12_4_4/x0_y0,Steel1,im_val_cut10-400-01-H-9mm-4000x12,im_val_cut10-400-01-H-9mm-4000x12_4_4.png,0,0,0.042953,train,256,/content/drive/MyDrive/phase11-data/data/Steel1/images/im_val_cut10-400-01-H-9mm-4000x12_4_4.png,/content/drive/MyDrive/phase11-persistent/gt_boundaries/Steel1/im_val_cut10-400-01-H-9mm-4000x12_4_4.png,0,0,256,256,0,0
Steel1/im_val_cut10-400-01-H-9mm-4000x12_4_5/x0_y0,Steel1,im_val_cut10-400-01-H-9mm-4000x12,im_val_cut10-400-01-H-9mm-4000x12_4_5.png,0,0,0.044876,train,256,/content/drive/MyDrive/phase11-data/data/Steel1/images/im_val_cut10-400-01-H-9mm-4000x12_4_5.png,/content/drive/MyDrive/phase11-persistent/gt_boundaries/Steel1/im_val_cut10-400-01-H-9mm-4000x12_4_5.png,0,0,256,256,0,0
Steel1/im_val_cut10-400-01-H-9mm-4000x12_4_6/x0_y0,Steel1,im_val_cut10-400-01-H-9mm-4000x12,im_val_cut10-400-01-H-9mm-4000x12_4_6.png,0,0,0.039581,train,256,/content/drive/MyDrive/phase11-data/data/Steel1/images/im_val_cut10-400-01-H-9mm-4000x12_4_6.png,/content/drive/MyDrive/phase11-persistent/gt_boundaries/Steel1/im_val_cut10-400-01-H-9mm-4000x12_4_6.png,0,0,256,256,0,0
Steel1/im_val_cut10-400-01-H-9mm-4000x12_5_1/x0_y0,Steel1,im_val_cut10-400-01-H-9mm-4000x12,im_val_cut10-400-01-H-9mm-4000x12_5_1.png,0,0,0.047455,train,256,/content/drive/MyDrive/phase11-data/data/Steel1/images/im_val_cut10-400-01-H-9mm-4000x12_5_1.png,/content/drive/MyDrive/phase11-persistent/gt_boundaries/Steel1/im_val_cut10-400-01-H-9mm-4000x12_5_1.png,0,0,256,256,0,0
Steel1/im_val_cut10-400-01-H-9mm-4000x12_5_2/x0_y0,Steel1,im_val_cut10-400-01-H-9mm-4000x12,im_val_cut10-400-01-H-9mm-4000x12_5_2.png,0,0,0.052612,train,256,/content/drive/MyDrive/phase11-data/data/Steel1/images/im_val_cut10-400-01-H-9mm-4000x12_5_2.png,/content/drive/MyDrive/phase11-persistent/gt_boundaries/Steel1/im_val_cut10-400-01-H-9mm-4000x12_5_2.png,0,0,256,256,0,0
Steel1/im_val_cut10-400-01-H-9mm-4000x12_5_3/x0_y0,Steel1,im_val_cut10-400-01-H-9mm-4000x12,im_val_cut10-400-01-H-9mm-4000x12_5_3.png,0,0,0.020172,train,256,/content/drive/MyDrive/phase11-data/data/Steel1/images/im_val_cut10-400-01-H-9mm-4000x12_5_3.png,/content/drive/MyDrive/phase11-persistent/gt_boundaries/Steel1/im_val_cut10-400-01-H-9mm-4000x12_5_3.png,0,0,256,256,0,0
Steel1/im_val_cut10-400-01-H-9mm-4000x12_5_4/x0_y0,Steel1,im_val_cut10-400-01-H-9mm-4000x12,im_val_cut10-400-01-H-9mm-4000x12_5_4.png,0,0,0.036926,train,256,/content/drive/MyDrive/phase11-data/data/Steel1/images/im_val_cut10-400-01-H-9mm-4000x12_5_4.png,/content/drive/MyDrive/phase11-persistent/gt_boundaries/Steel1/im_val_cut10-400-01-H-9mm-4000x12_5_4.png,0,0,256,256,0,0
Steel1/im_val_cut10-400-01-H-9mm-4000x12_5_5/x0_y0,Steel1,im_val_cut10-400-01-H-9mm-4000x12,im_val_cut10-400-01-H-9mm-4000x12_5_5.png,0,0,0.026077,train,256,/content/drive/MyDrive/phase11-data/data/Steel1/images/im_val_cut10-400-01-H-9mm-4000x12_5_5.png,/content/drive/MyDrive/phase11-persistent/gt_boundaries/Steel1/im_val_cut10-400-01-H-9mm-4000x12_5_5.png,0,0,256,256,0,0
Steel1/im_val_cut10-400-01-H-9mm-4000x12_5_6/x0_y0,Steel1,im_val_cut10-400-01-H-9mm-4000x12,im_val_cut10-400-01-H-9mm-4000x12_5_6.png,0,0,0.049911,train,256,/content/drive/MyDrive/phase11-data/data/Steel1/images/im_val_cut10-400-01-H-9mm-4000x12_5_6.png,/content/drive/MyDrive/phase11-persistent/gt_boundaries/Steel1/im_val_cut10-400-01-H-9mm-4000x12_5_6.png,0,0,256,256,0,0
Steel1/im_val_cut10-400-01-H-9mm-4000x12_6_1/x0_y0,Steel1,im_val_cut10-400-01-H-9mm-4000x12,im_val_cut10-400-01-H-9mm-4000x12_6_1.png,0,0,0.028961,train,256,/content/drive/MyDrive/phase11-data/data/Steel1/images/im_val_cut10-400-01-H-9mm-4000x12_6_1.png,/content/drive/MyDrive/phase11-persistent/gt_boundaries/Steel1/im_val_cut10-400-01-H-9mm-4000x12_6_1.png,0,0,256,256,0,0
Steel1/im_val_cut10-400-01-H-9mm-4000x12_6_2/x0_y0,Steel1,im_val_cut10-400-01-H-9mm-4000x12,im_val_cut10-400-01-H-9mm-4000x12_6_2.png,0,0,0.023773,train,256,/content/drive/MyDrive/phase11-data/data/Steel1/images/im_val_cut10-400-01-H-9mm-4000x12_6_2.png,/content/drive/MyDrive/phase11-persistent/gt_boundaries/Steel1/im_val_cut10-400-01-H-9mm-4000x12_6_2.png,0,0,256,256,0,0
Steel1/im_val_cut10-400-01-H-9mm-4000x12_6_3/x0_y0,Steel1,im_val_cut10-400-01-H-9mm-4000x12,im_val_cut10-400-01-H-9mm-4000x12_6_3.png,0,0,0.027542,train,256,/content/drive/MyDrive/phase11-data/data/Steel1/images/im_val_cut10-400-01-H-9mm-4000x12_6_3.png,/content/drive/MyDrive/phase11-persistent/gt_boundaries/Steel1/im_val_cut10-400-01-H-9mm-4000x12_6_3.png,0,0,256,256,0,0
Steel1/im_val_cut10-400-01-H-9mm-4000x12_6_4/x0_y0,Steel1,im_val_cut10-400-01-H-9mm-4000x12,im_val_cut10-400-01-H-9mm-4000x12_6_4.png,0,0,0.040482,train,256,/content/drive/MyDrive/phase11-data/data/Steel1/images/im_val_cut10-400-01-H-9mm-4000x12_6_4.png,/content/drive/MyDrive/phase11-persistent/gt_boundaries/Steel1/im_val_cut10-400-01-H-9mm-4000x12_6_4.png,0,0,256,256,0,0
Steel1/im_val_cut10-400-01-H-9mm-4000x12_6_5/x0_y0,Steel1,im_val_cut10-400-01-H-9mm-4000x12,im_val_cut10-400-01-H-9mm-4000x12_6_5.png,0,0,0.05043,train,256,/content/drive/MyDrive/phase11-data/data/Steel1/images/im_val_cut10-400-01-H-9mm-4000x12_6_5.png,/content/drive/MyDrive/phase11-persistent/gt_boundaries/Steel1/im_val_cut10-400-01-H-9mm-4000x12_6_5.png,0,0,256,256,0,0
Steel1/im_val_cut10-400-01-H-9mm-4000x12_6_6/x0_y0,Steel1,im_val_cut10-400-01-H-9mm-4000x12,im_val_cut10-400-01-H-9mm-4000x12_6_6.png,0,0,0.025208,train,256,/content/drive/MyDrive/phase11-data/data/Steel1/images/im_val_cut10-400-01-H-9mm-4000x12_6_6.png,/content/drive/MyDrive/phase11-persistent/gt_boundaries/Steel1/im_val_cut10-400-01-H-9mm-4000x12_6_6.png,0,0,256,256,0,0
Steel1/im_val_cut10-400-01-H-9mm-4000x12_7_1/x0_y0,Steel1,im_val_cut10-400-01-H-9mm-4000x12,im_val_cut10-400-01-H-9mm-4000x12_7_1.png,0,0,0.034119,train,256,/content/drive/MyDrive/phase11-data/data/Steel1/images/im_val_cut10-400-01-H-9mm-4000x12_7_1.png,/content/drive/MyDrive/phase11-persistent/gt_boundaries/Steel1/im_val_cut10-400-01-H-9mm-4000x12_7_1.png,0,0,256,256,0,0
Steel1/im_val_cut10-400-01-H-9mm-4000x12_7_2/x0_y0,Steel1,im_val_cut10-400-01-H-9mm-4000x12,im_val_cut10-400-01-H-9mm-4000x12_7_2.png,0,0,0.021973,train,256,/content/drive/MyDrive/phase11-data/data/Steel1/images/im_val_cut10-400-01-H-9mm-4000x12_7_2.png,/content/drive/MyDrive/phase11-persistent/gt_boundaries/Steel1/im_val_cut10-400-01-H-9mm-4000x12_7_2.png,0,0,256,256,0,0
Steel1/im_val_cut10-400-01-H-9mm-4000x12_7_3/x0_y0,Steel1,im_val_cut10-400-01-H-9mm-4000x12,im_val_cut10-400-01-H-9mm-4000x12_7_3.png,0,0,0.026291,train,256,/content/drive/MyDrive/phase11-data/data/Steel1/images/im_val_cut10-400-01-H-9mm-4000x12_7_3.png,/content/drive/MyDrive/phase11-persistent/gt_boundaries/Steel1/im_val_cut10-400-01-H-9mm-4000x12_7_3.png,0,0,256,256,0,0
Steel1/im_val_cut10-400-01-H-9mm-4000x12_7_4/x0_y0,Steel1,im_val_cut10-400-01-H-9mm-4000x12,im_val_cut10-400-01-H-9mm-4000x12_7_4.png,0,0,0.059326,train,256,/content/drive/MyDrive/phase11-data/data/Steel1/images/im_val_cut10-400-01-H-9mm-4000x12_7_4.png,/content/drive/MyDrive/phase11-persistent/gt_boundaries/Steel1/im_val_cut10-400-01-H-9mm-4000x12_7_4.png,0,0,256,256,0,0
Steel1/im_val_cut10-400-01-H-9mm-4000x12_7_5/x0_y0,Steel1,im_val_cut10-400-01-H-9mm-4000x12,im_val_cut10-400-01-H-9mm-4000x12_7_5.png,0,0,0.050888,train,256,/content/drive/MyDrive/phase11-data/data/Steel1/images/im_val_cut10-400-01-H-9mm-4000x12_7_5.png,/content/drive/MyDrive/phase11-persistent/gt_boundaries/Steel1/im_val_cut10-400-01-H-9mm-4000x12_7_5.png,0,0,256,256,0,0
Steel1/im_val_cut10-400-01-H-9mm-4000x12_7_6/x0_y0,Steel1,im_val_cut10-400-01-H-9mm-4000x12,im_val_cut10-400-01-H-9mm-4000x12_7_6.png,0,0,0.031494,train,256,/content/drive/MyDrive/phase11-data/data/Steel1/images/im_val_cut10-400-01-H-9mm-4000x12_7_6.png,/content/drive/MyDrive/phase11-persistent/gt_boundaries/Steel1/im_val_cut10-400-01-H-9mm-4000x12_7_6.png,0,0,256,256,0,0
Steel1/im_val_cut10-400-01-H-9mm-4000x12_8_1/x0_y0,Steel1,im_val_cut10-400-01-H-9mm-4000x12,im_val_cut10-400-01-H-9mm-4000x12_8_1.png,0,0,0.041458,train,256,/content/drive/MyDrive/phase11-data/data/Steel1/images/im_val_cut10-400-01-H-9mm-4000x12_8_1.png,/content/drive/MyDrive/phase11-persistent/gt_boundaries/Steel1/im_val_cut10-400-01-H-9mm-4000x12_8_1.png,0,0,256,256,0,0
Steel1/im_val_cut10-400-01-H-9mm-4000x12_8_2/x0_y0,Steel1,im_val_cut10-400-01-H-9mm-4000x12,im_val_cut10-400-01-H-9mm-4000x12_8_2.png,0,0,0.031265,train,256,/content/drive/MyDrive/phase11-data/data/Steel1/images/im_val_cut10-400-01-H-9mm-4000x12_8_2.png,/content/drive/MyDrive/phase11-persistent/gt_boundaries/Steel1/im_val_cut10-400-01-H-9mm-4000x12_8_2.png,0,0,256,256,0,0
Steel1/im_val_cut10-400-01-H-9mm-4000x12_8_3/x0_y0,Steel1,im_val_cut10-400-01-H-9mm-4000x12,im_val_cut10-400-01-H-9mm-4000x12_8_3.png,0,0,0.040237,train,256,/content/drive/MyDrive/phase11-data/data/Steel1/images/im_val_cut10-400-01-H-9mm-4000x12_8_3.png,/content/drive/MyDrive/phase11-persistent/gt_boundaries/Steel1/im_val_cut10-400-01-H-9mm-4000x12_8_3.png,0,0,256,256,0,0
Steel1/im_val_cut10-400-01-H-9mm-4000x12_8_4/x0_y0,Steel1,im_val_cut10-400-01-H-9mm-4000x12,im_val_cut10-400-01-H-9mm-4000x12_8_4.png,0,0,0.043579,train,256,/content/drive/MyDrive/phase11-data/data/Steel1/images/im_val_cut10-400-01-H-9mm-4000x12_8_4.png,/content/drive/MyDrive/phase11-persistent/gt_boundaries/Steel1/im_val_cut10-400-01-H-9mm-4000x12_8_4.png,0,0,256,256,0,0
Steel1/im_val_cut10-400-01-H-9mm-4000x12_8_5/x0_y0,Steel1,im_val_cut10-400-01-H-9mm-4000x12,im_val_cut10-400-01-H-9mm-4000x12_8_5.png,0,0,0.059174,train,256,/content/drive/MyDrive/phase11-data/data/Steel1/images/im_val_cut10-400-01-H-9mm-4000x12_8_5.png,/content/drive/MyDrive/phase11-persistent/gt_boundaries/Steel1/im_val_cut10-400-01-H-9mm-4000x12_8_5.png,0,0,256,256,0,0
Steel1/im_val_cut10-400-01-H-9mm-4000x12_8_6/x0_y0,Steel1,im_val_cut10-400-01-H-9mm-4000x12,im_val_cut10-400-01-H-9mm-4000x12_8_6.png,0,0,0.023285,train,256,/content/drive/MyDrive/phase11-data/data/Steel1/images/im_val_cut10-400-01-H-9mm-4000x12_8_6.png,/content/drive/MyDrive/phase11-persistent/gt_boundaries/Steel1/im_val_cut10-400-01-H-9mm-4000x12_8_6.png,0,0,256,256,0,0
Steel1/im_val_cut10-400-01-V-12mm-4000x16_1_1/x0_y0,Steel1,im_val_cut10-400-01-V-12mm-4000x16,im_val_cut10-400-01-V-12mm-4000x16_1_1.png,0,0,0.038849,train,256,/content/drive/MyDrive/phase11-data/data/Steel1/images/im_val_cut10-400-01-V-12mm-4000x16_1_1.png,/content/drive/MyDrive/phase11-persistent/gt_boundaries/Steel1/im_val_cut10-400-01-V-12mm-4000x16_1_1.png,0,0,256,256,0,0
Steel1/im_val_cut10-400-01-V-12mm-4000x16_1_2/x0_y0,Steel1,im_val_cut10-400-01-V-12mm-4000x16,im_val_cut10-400-01-V-12mm-4000x16_1_2.png,0,0,0.042862,train,256,/content/drive/MyDrive/phase11-data/data/Steel1/images/im_val_cut10-400-01-V-12mm-4000x16_1_2.png,/content/drive/MyDrive/phase11-persistent/gt_boundaries/Steel1/im_val_cut10-400-01-V-12mm-4000x16_1_2.png,0,0,256,256,0,0
Steel1/im_val_cut10-400-01-V-12mm-4000x16_1_3/x0_y0,Steel1,im_val_cut10-400-01-V-12mm-4000x16,im_val_cut10-400-01-V-12mm-4000x16_1_3.png,0,0,0.020905,train,256,/content/drive/MyDrive/phase11-data/data/Steel1/images/im_val_cut10-400-01-V-12mm-4000x16_1_3.png,/content/drive/MyDrive/phase11-persistent/gt_boundaries/Steel1/im_val_cut10-400-01-V-12mm-4000x16_1_3.png,0,0,256,256,0,0
Steel1/im_val_cut10-400-01-V-12mm-4000x16_1_4/x0_y0,Steel1,im_val_cut10-400-01-V-12mm-4000x16,im_val_cut10-400-01-V-12mm-4000x16_1_4.png,0,0,0.039383,train,256,/content/drive/MyDrive/phase11-data/data/Steel1/images/im_val_cut10-400-01-V-12mm-4000x16_1_4.png,/content/drive/MyDrive/phase11-persistent/gt_boundaries/Steel1/im_val_cut10-400-01-V-12mm-4000x16_1_4.png,0,0,256,256,0,0
Steel1/im_val_cut10-400-01-V-12mm-4000x16_1_5/x0_y0,Steel1,im_val_cut10-400-01-V-12mm-4000x16,im_val_cut10-400-01-V-12mm-4000x16_1_5.png,0,0,0.028992,train,256,/content/drive/MyDrive/phase11-data/data/Steel1/images/im_val_cut10-400-01-V-12mm-4000x16_1_5.png,/content/drive/MyDrive/phase11-persistent/gt_boundaries/Steel1/im_val_cut10-400-01-V-12mm-4000x16_1_5.png,0,0,256,256,0,0
Steel1/im_val_cut10-400-01-V-12mm-4000x16_1_6/x0_y0,Steel1,im_val_cut10-400-01-V-12mm-4000x16,im_val_cut10-400-01-V-12mm-4000x16_1_6.png,0,0,0.045044,train,256,/content/drive/MyDrive/phase11-data/data/Steel1/images/im_val_cut10-400-01-V-12mm-4000x16_1_6.png,/content/drive/MyDrive/phase11-persistent/gt_boundaries/Steel1/im_val_cut10-400-01-V-12mm-4000x16_1_6.png,0,0,256,256,0,0
Steel1/im_val_cut10-400-01-V-12mm-4000x16_2_1/x0_y0,Steel1,im_val_cut10-400-01-V-12mm-4000x16,im_val_cut10-400-01-V-12mm-4000x16_2_1.png,0,0,0.045563,train,256,/content/drive/MyDrive/phase11-data/data/Steel1/images/im_val_cut10-400-01-V-12mm-4000x16_2_1.png,/content/drive/MyDrive/phase11-persistent/gt_boundaries/Steel1/im_val_cut10-400-01-V-12mm-4000x16_2_1.png,0,0,256,256,0,0
Steel1/im_val_cut10-400-01-V-12mm-4000x16_2_2/x0_y0,Steel1,im_val_cut10-400-01-V-12mm-4000x16,im_val_cut10-400-01-V-12mm-4000x16_2_2.png,0,0,0.051575,train,256,/content/drive/MyDrive/phase11-data/data/Steel1/images/im_val_cut10-400-01-V-12mm-4000x16_2_2.png,/content/drive/MyDrive/phase11-persistent/gt_boundaries/Steel1/im_val_cut10-400-01-V-12mm-4000x16_2_2.png,0,0,256,256,0,0
Steel1/im_val_cut10-400-01-V-12mm-4000x16_2_3/x0_y0,Steel1,im_val_cut10-400-01-V-12mm-4000x16,im_val_cut10-400-01-V-12mm-4000x16_2_3.png,0,0,0.0224,train,256,/content/drive/MyDrive/phase11-data/data/Steel1/images/im_val_cut10-400-01-V-12mm-4000x16_2_3.png,/content/drive/MyDrive/phase11-persistent/gt_boundaries/Steel1/im_val_cut10-400-01-V-12mm-4000x16_2_3.png,0,0,256,256,0,0
Steel1/im_val_cut10-400-01-V-12mm-4000x16_2_4/x0_y0,Steel1,im_val_cut10-400-01-V-12mm-4000x16,im_val_cut10-400-01-V-12mm-4000x16_2_4.png,0,0,0.022324,train,256,/content/drive/MyDrive/phase11-data/data/Steel1/images/im_val_cut10-400-01-V-12mm-4000x16_2_4.png,/content/drive/MyDrive/phase11-persistent/gt_boundaries/Steel1/im_val_cut10-400-01-V-12mm-4000x16_2_4.png,0,0,256,256,0,0
Steel1/im_val_cut10-400-01-V-12mm-4000x16_2_5/x0_y0,Steel1,im_val_cut10-400-01-V-12mm-4000x16,im_val_cut10-400-01-V-12mm-4000x16_2_5.png,0,0,0.016861,train,256,/content/drive/MyDrive/phase11-data/data/Steel1/images/im_val_cut10-400-01-V-12mm-4000x16_2_5.png,/content/drive/MyDrive/phase11-persistent/gt_boundaries/Steel1/im_val_cut10-400-01-V-12mm-4000x16_2_5.png,0,0,256,256,0,0
Steel1/im_val_cut10-400-01-V-12mm-4000x16_2_6/x0_y0,Steel1,im_val_cut10-400-01-V-12mm-4000x16,im_val_cut10-400-01-V-12mm-4000x16_2_6.png,0,0,0.050629,train,256,/content/drive/MyDrive/phase11-data/data/Steel1/images/im_val_cut10-400-01-V-12mm-4000x16_2_6.png,/content/drive/MyDrive/phase11-persistent/gt_boundaries/Steel1/im_val_cut10-400-01-V-12mm-4000x16_2_6.png,0,0,256,256,0,0
Steel1/im_val_cut10-400-01-V-12mm-4000x16_3_1/x0_y0,Steel1,im_val_cut10-400-01-V-12mm-4000x16,im_val_cut10-400-01-V-12mm-4000x16_3_1.png,0,0,0.046936,train,256,/content/drive/MyDrive/phase11-data/data/Steel1/images/im_val_cut10-400-01-V-12mm-4000x16_3_1.png,/content/drive/MyDrive/phase11-persistent/gt_boundaries/Steel1/im_val_cut10-400-01-V-12mm-4000x16_3_1.png,0,0,256,256,0,0
Steel1/im_val_cut10-400-01-V-12mm-4000x16_3_2/x0_y0,Steel1,im_val_cut10-400-01-V-12mm-4000x16,im_val_cut10-400-01-V-12mm-4000x16_3_2.png,0,0,0.051971,train,256,/content/drive/MyDrive/phase11-data/data/Steel1/images/im_val_cut10-400-01-V-12mm-4000x16_3_2.png,/content/drive/MyDrive/phase11-persistent/gt_boundaries/Steel1/im_val_cut10-400-01-V-12mm-4000x16_3_2.png,0,0,256,256,0,0
Steel1/im_val_cut10-400-01-V-12mm-4000x16_3_3/x0_y0,Steel1,im_val_cut10-400-01-V-12mm-4000x16,im_val_cut10-400-01-V-12mm-4000x16_3_3.png,0,0,0.044708,train,256,/content/drive/MyDrive/phase11-data/data/Steel1/images/im_val_cut10-400-01-V-12mm-4000x16_3_3.png,/content/drive/MyDrive/phase11-persistent/gt_boundaries/Steel1/im_val_cut10-400-01-V-12mm-4000x16_3_3.png,0,0,256,256,0,0
Steel1/im_val_cut10-400-01-V-12mm-4000x16_3_4/x0_y0,Steel1,im_val_cut10-400-01-V-12mm-4000x16,im_val_cut10-400-01-V-12mm-4000x16_3_4.png,0,0,0.035583,train,256,/content/drive/MyDrive/phase11-data/data/Steel1/images/im_val_cut10-400-01-V-12mm-4000x16_3_4.png,/content/drive/MyDrive/phase11-persistent/gt_boundaries/Steel1/im_val_cut10-400-01-V-12mm-4000x16_3_4.png,0,0,256,256,0,0
Steel1/im_val_cut10-400-01-V-12mm-4000x16_3_5/x0_y0,Steel1,im_val_cut10-400-01-V-12mm-4000x16,im_val_cut10-400-01-V-12mm-4000x16_3_5.png,0,0,0.033951,train,256,/content/drive/MyDrive/phase11-data/data/Steel1/images/im_val_cut10-400-01-V-12mm-4000x16_3_5.png,/content/drive/MyDrive/phase11-persistent/gt_boundaries/Steel1/im_val_cut10-400-01-V-12mm-4000x16_3_5.png,0,0,256,256,0,0
Steel1/im_val_cut10-400-01-V-12mm-4000x16_3_6/x0_y0,Steel1,im_val_cut10-400-01-V-12mm-4000x16,im_val_cut10-400-01-V-12mm-4000x16_3_6.png,0,0,0.041702,train,256,/content/drive/MyDrive/phase11-data/data/Steel1/images/im_val_cut10-400-01-V-12mm-4000x16_3_6.png,/content/drive/MyDrive/phase11-persistent/gt_boundaries/Steel1/im_val_cut10-400-01-V-12mm-4000x16_3_6.png,0,0,256,256,0,0
Steel1/im_val_cut10-400-01-V-12mm-4000x16_4_1/x0_y0,Steel1,im_val_cut10-400-01-V-12mm-4000x16,im_val_cut10-400-01-V-12mm-4000x16_4_1.png,0,0,0.059753,train,256,/content/drive/MyDrive/phase11-data/data/Steel1/images/im_val_cut10-400-01-V-12mm-4000x16_4_1.png,/content/drive/MyDrive/phase11-persistent/gt_boundaries/Steel1/im_val_cut10-400-01-V-12mm-4000x16_4_1.png,0,0,256,256,0,0
Steel1/im_val_cut10-400-01-V-12mm-4000x16_4_2/x0_y0,Steel1,im_val_cut10-400-01-V-12mm-4000x16,im_val_cut10-400-01-V-12mm-4000x16_4_2.png,0,0,0.059189,train,256,/content/drive/MyDrive/phase11-data/data/Steel1/images/im_val_cut10-400-01-V-12mm-4000x16_4_2.png,/content/drive/MyDrive/phase11-persistent/gt_boundaries/Steel1/im_val_cut10-400-01-V-12mm-4000x16_4_2.png,0,0,256,256,0,0
Steel1/im_val_cut10-400-01-V-12mm-4000x16_4_3/x0_y0,Steel1,im_val_cut10-400-01-V-12mm-4000x16,im_val_cut10-400-01-V-12mm-4000x16_4_3.png,0,0,0.075043,train,256,/content/drive/MyDrive/phase11-data/data/Steel1/images/im_val_cut10-400-01-V-12mm-4000x16_4_3.png,/content/drive/MyDrive/phase11-persistent/gt_boundaries/Steel1/im_val_cut10-400-01-V-12mm-4000x16_4_3.png,0,0,256,256,0,0
Steel1/im_val_cut10-400-01-V-12mm-4000x16_4_4/x0_y0,Steel1,im_val_cut10-400-01-V-12mm-4000x16,im_val_cut10-400-01-V-12mm-4000x16_4_4.png,0,0,0.075897,train,256,/content/drive/MyDrive/phase11-data/data/Steel1/images/im_val_cut10-400-01-V-12mm-4000x16_4_4.png,/content/drive/MyDrive/phase11-persistent/gt_boundaries/Steel1/im_val_cut10-400-01-V-12mm-4000x16_4_4.png,0,0,256,256,0,0
Steel1/im_val_cut10-400-01-V-12mm-4000x16_4_5/x0_y0,Steel1,im_val_cut10-400-01-V-12mm-4000x16,im_val_cut10-400-01-V-12mm-4000x16_4_5.png,0,0,0.068802,train,256,/content/drive/MyDrive/phase11-data/data/Steel1/images/im_val_cut10-400-01-V-12mm-4000x16_4_5.png,/content/drive/MyDrive/phase11-persistent/gt_boundaries/Steel1/im_val_cut10-400-01-V-12mm-4000x16_4_5.png,0,0,256,256,0,0
Steel1/im_val_cut10-400-01-V-12mm-4000x16_4_6/x0_y0,Steel1,im_val_cut10-400-01-V-12mm-4000x16,im_val_cut10-400-01-V-12mm-4000x16_4_6.png,0,0,0.05278,train,256,/content/drive/MyDrive/phase11-data/data/Steel1/images/im_val_cut10-400-01-V-12mm-4000x16_4_6.png,/content/drive/MyDrive/phase11-persistent/gt_boundaries/Steel1/im_val_cut10-400-01-V-12mm-4000x16_4_6.png,0,0,256,256,0,0
Steel1/im_val_cut10-400-01-V-12mm-4000x16_5_1/x0_y0,Steel1,im_val_cut10-400-01-V-12mm-4000x16,im_val_cut10-400-01-V-12mm-4000x16_5_1.png,0,0,0.025314,train,256,/content/drive/MyDrive/phase11-data/data/Steel1/images/im_val_cut10-400-01-V-12mm-4000x16_5_1.png,/content/drive/MyDrive/phase11-persistent/gt_boundaries/Steel1/im_val_cut10-400-01-V-12mm-4000x16_5_1.png,0,0,256,256,0,0
Steel1/im_val_cut10-400-01-V-12mm-4000x16_5_2/x0_y0,Steel1,im_val_cut10-400-01-V-12mm-4000x16,im_val_cut10-400-01-V-12mm-4000x16_5_2.png,0,0,0.034897,train,256,/content/drive/MyDrive/phase11-data/data/Steel1/images/im_val_cut10-400-01-V-12mm-4000x16_5_2.png,/content/drive/MyDrive/phase11-persistent/gt_boundaries/Steel1/im_val_cut10-400-01-V-12mm-4000x16_5_2.png,0,0,256,256,0,0
Steel1/im_val_cut10-400-01-V-12mm-4000x16_5_3/x0_y0,Steel1,im_val_cut10-400-01-V-12mm-4000x16,im_val_cut10-400-01-V-12mm-4000x16_5_3.png,0,0,0.041382,train,256,/content/drive/MyDrive/phase11-data/data/Steel1/images/im_val_cut10-400-01-V-12mm-4000x16_5_3.png,/content/drive/MyDrive/phase11-persistent/gt_boundaries/Steel1/im_val_cut10-400-01-V-12mm-4000x16_5_3.png,0,0,256,256,0,0
Steel1/im_val_cut10-400-01-V-12mm-4000x16_5_4/x0_y0,Steel1,im_val_cut10-400-01-V-12mm-4000x16,im_val_cut10-400-01-V-12mm-4000x16_5_4.png,0,0,0.050354,train,256,/content/drive/MyDrive/phase11-data/data/Steel1/images/im_val_cut10-400-01-V-12mm-4000x16_5_4.png,/content/drive/MyDrive/phase11-persistent/gt_boundaries/Steel1/im_val_cut10-400-01-V-12mm-4000x16_5_4.png,0,0,256,256,0,0
Steel1/im_val_cut10-400-01-V-12mm-4000x16_5_5/x0_y0,Steel1,im_val_cut10-400-01-V-12mm-4000x16,im_val_cut10-400-01-V-12mm-4000x16_5_5.png,0,0,0.069931,train,256,/content/drive/MyDrive/phase11-data/data/Steel1/images/im_val_cut10-400-01-V-12mm-4000x16_5_5.png,/content/drive/MyDrive/phase11-persistent/gt_boundaries/Steel1/im_val_cut10-400-01-V-12mm-4000x16_5_5.png,0,0,256,256,0,0
Steel1/im_val_cut10-400-01-V-12mm-4000x16_5_6/x0_y0,Steel1,im_val_cut10-400-01-V-12mm-4000x16,im_val_cut10-400-01-V-12mm-4000x16_5_6.png,0,0,0.050461,train,256,/content/drive/MyDrive/phase11-data/data/Steel1/images/im_val_cut10-400-01-V-12mm-4000x16_5_6.png,/content/drive/MyDrive/phase11-persistent/gt_boundaries/Steel1/im_val_cut10-400-01-V-12mm-4000x16_5_6.png,0,0,256,256,0,0
Steel1/im_val_cut10-400-01-V-12mm-4000x16_6_1/x0_y0,Steel1,im_val_cut10-400-01-V-12mm-4000x16,im_val_cut10-400-01-V-12mm-4000x16_6_1.png,0,0,0.033005,train,256,/content/drive/MyDrive/phase11-data/data/Steel1/images/im_val_cut10-400-01-V-12mm-4000x16_6_1.png,/content/drive/MyDrive/phase11-persistent/gt_boundaries/Steel1/im_val_cut10-400-01-V-12mm-4000x16_6_1.png,0,0,256,256,0,0
Steel1/im_val_cut10-400-01-V-12mm-4000x16_6_2/x0_y0,Steel1,im_val_cut10-400-01-V-12mm-4000x16,im_val_cut10-400-01-V-12mm-4000x16_6_2.png,0,0,0.052765,train,256,/content/drive/MyDrive/phase11-data/data/Steel1/images/im_val_cut10-400-01-V-12mm-4000x16_6_2.png,/content/drive/MyDrive/phase11-persistent/gt_boundaries/Steel1/im_val_cut10-400-01-V-12mm-4000x16_6_2.png,0,0,256,256,0,0
Steel1/im_val_cut10-400-01-V-12mm-4000x16_6_3/x0_y0,Steel1,im_val_cut10-400-01-V-12mm-4000x16,im_val_cut10-400-01-V-12mm-4000x16_6_3.png,0,0,0.034302,train,256,/content/drive/MyDrive/phase11-data/data/Steel1/images/im_val_cut10-400-01-V-12mm-4000x16_6_3.png,/content/drive/MyDrive/phase11-persistent/gt_boundaries/Steel1/im_val_cut10-400-01-V-12mm-4000x16_6_3.png,0,0,256,256,0,0
Steel1/im_val_cut10-400-01-V-12mm-4000x16_6_4/x0_y0,Steel1,im_val_cut10-400-01-V-12mm-4000x16,im_val_cut10-400-01-V-12mm-4000x16_6_4.png,0,0,0.031158,train,256,/content/drive/MyDrive/phase11-data/data/Steel1/images/im_val_cut10-400-01-V-12mm-4000x16_6_4.png,/content/drive/MyDrive/phase11-persistent/gt_boundaries/Steel1/im_val_cut10-400-01-V-12mm-4000x16_6_4.png,0,0,256,256,0,0
Steel1/im_val_cut10-400-01-V-12mm-4000x16_6_5/x0_y0,Steel1,im_val_cut10-400-01-V-12mm-4000x16,im_val_cut10-400-01-V-12mm-4000x16_6_5.png,0,0,0.03038,train,256,/content/drive/MyDrive/phase11-data/data/Steel1/images/im_val_cut10-400-01-V-12mm-4000x16_6_5.png,/content/drive/MyDrive/phase11-persistent/gt_boundaries/Steel1/im_val_cut10-400-01-V-12mm-4000x16_6_5.png,0,0,256,256,0,0
Steel1/im_val_cut10-400-01-V-12mm-4000x16_6_6/x0_y0,Steel1,im_val_cut10-400-01-V-12mm-4000x16,im_val_cut10-400-01-V-12mm-4000x16_6_6.png,0,0,0.065689,train,256,/content/drive/MyDrive/phase11-data/data/Steel1/images/im_val_cut10-400-01-V-12mm-4000x16_6_6.png,/content/drive/MyDrive/phase11-persistent/gt_boundaries/Steel1/im_val_cut10-400-01-V-12mm-4000x16_6_6.png,0,0,256,256,0,0
Steel1/im_val_cut10-400-01-V-12mm-4000x16_7_1/x0_y0,Steel1,im_val_cut10-400-01-V-12mm-4000x16,im_val_cut10-400-01-V-12mm-4000x16_7_1.png,0,0,0.053482,train,256,/content/drive/MyDrive/phase11-data/data/Steel1/images/im_val_cut10-400-01-V-12mm-4000x16_7_1.png,/content/drive/MyDrive/phase11-persistent/gt_boundaries/Steel1/im_val_cut10-400-01-V-12mm-4000x16_7_1.png,0,0,256,256,0,0
Steel1/im_val_cut10-400-01-V-12mm-4000x16_7_2/x0_y0,Steel1,im_val_cut10-400-01-V-12mm-4000x16,im_val_cut10-400-01-V-12mm-4000x16_7_2.png,0,0,0.041458,train,256,/content/drive/MyDrive/phase11-data/data/Steel1/images/im_val_cut10-400-01-V-12mm-4000x16_7_2.png,/content/drive/MyDrive/phase11-persistent/gt_boundaries/Steel1/im_val_cut10-400-01-V-12mm-4000x16_7_2.png,0,0,256,256,0,0
Steel1/im_val_cut10-400-01-V-12mm-4000x16_7_3/x0_y0,Steel1,im_val_cut10-400-01-V-12mm-4000x16,im_val_cut10-400-01-V-12mm-4000x16_7_3.png,0,0,0.044098,train,256,/content/drive/MyDrive/phase11-data/data/Steel1/images/im_val_cut10-400-01-V-12mm-4000x16_7_3.png,/content/drive/MyDrive/phase11-persistent/gt_boundaries/Steel1/im_val_cut10-400-01-V-12mm-4000x16_7_3.png,0,0,256,256,0,0
Steel1/im_val_cut10-400-01-V-12mm-4000x16_7_4/x0_y0,Steel1,im_val_cut10-400-01-V-12mm-4000x16,im_val_cut10-400-01-V-12mm-4000x16_7_4.png,0,0,0.041534,train,256,/content/drive/MyDrive/phase11-data/data/Steel1/images/im_val_cut10-400-01-V-12mm-4000x16_7_4.png,/content/drive/MyDrive/phase11-persistent/gt_boundaries/Steel1/im_val_cut10-400-01-V-12mm-4000x16_7_4.png,0,0,256,256,0,0
Steel1/im_val_cut10-400-01-V-12mm-4000x16_7_5/x0_y0,Steel1,im_val_cut10-400-01-V-12mm-4000x16,im_val_cut10-400-01-V-12mm-4000x16_7_5.png,0,0,0.024796,train,256,/content/drive/MyDrive/phase11-data/data/Steel1/images/im_val_cut10-400-01-V-12mm-4000x16_7_5.png,/content/drive/MyDrive/phase11-persistent/gt_boundaries/Steel1/im_val_cut10-400-01-V-12mm-4000x16_7_5.png,0,0,256,256,0,0
Steel1/im_val_cut10-400-01-V-12mm-4000x16_7_6/x0_y0,Steel1,im_val_cut10-400-01-V-12mm-4000x16,im_val_cut10-400-01-V-12mm-4000x16_7_6.png,0,0,0.032272,train,256,/content/drive/MyDrive/phase11-data/data/Steel1/images/im_val_cut10-400-01-V-12mm-4000x16_7_6.png,/content/drive/MyDrive/phase11-persistent/gt_boundaries/Steel1/im_val_cut10-400-01-V-12mm-4000x16_7_6.png,0,0,256,256,0,0
Steel1/im_val_cut10-400-01-V-12mm-4000x16_8_1/x0_y0,Steel1,im_val_cut10-400-01-V-12mm-4000x16,im_val_cut10-400-01-V-12mm-4000x16_8_1.png,0,0,0.045914,train,256,/content/drive/MyDrive/phase11-data/data/Steel1/images/im_val_cut10-400-01-V-12mm-4000x16_8_1.png,/content/drive/MyDrive/phase11-persistent/gt_boundaries/Steel1/im_val_cut10-400-01-V-12mm-4000x16_8_1.png,0,0,256,256,0,0
Steel1/im_val_cut10-400-01-V-12mm-4000x16_8_2/x0_y0,Steel1,im_val_cut10-400-01-V-12mm-4000x16,im_val_cut10-400-01-V-12mm-4000x16_8_2.png,0,0,0.042984,train,256,/content/drive/MyDrive/phase11-data/data/Steel1/images/im_val_cut10-400-01-V-12mm-4000x16_8_2.png,/content/drive/MyDrive/phase11-persistent/gt_boundaries/Steel1/im_val_cut10-400-01-V-12mm-4000x16_8_2.png,0,0,256,256,0,0
Steel1/im_val_cut10-400-01-V-12mm-4000x16_8_3/x0_y0,Steel1,im_val_cut10-400-01-V-12mm-4000x16,im_val_cut10-400-01-V-12mm-4000x16_8_3.png,0,0,0.041718,train,256,/content/drive/MyDrive/phase11-data/data/Steel1/images/im_val_cut10-400-01-V-12mm-4000x16_8_3.png,/content/drive/MyDrive/phase11-persistent/gt_boundaries/Steel1/im_val_cut10-400-01-V-12mm-4000x16_8_3.png,0,0,256,256,0,0
Steel1/im_val_cut10-400-01-V-12mm-4000x16_8_4/x0_y0,Steel1,im_val_cut10-400-01-V-12mm-4000x16,im_val_cut10-400-01-V-12mm-4000x16_8_4.png,0,0,0.058136,train,256,/content/drive/MyDrive/phase11-data/data/Steel1/images/im_val_cut10-400-01-V-12mm-4000x16_8_4.png,/content/drive/MyDrive/phase11-persistent/gt_boundaries/Steel1/im_val_cut10-400-01-V-12mm-4000x16_8_4.png,0,0,256,256,0,0
Steel1/im_val_cut10-400-01-V-12mm-4000x16_8_5/x0_y0,Steel1,im_val_cut10-400-01-V-12mm-4000x16,im_val_cut10-400-01-V-12mm-4000x16_8_5.png,0,0,0.042084,train,256,/content/drive/MyDrive/phase11-data/data/Steel1/images/im_val_cut10-400-01-V-12mm-4000x16_8_5.png,/content/drive/MyDrive/phase11-persistent/gt_boundaries/Steel1/im_val_cut10-400-01-V-12mm-4000x16_8_5.png,0,0,256,256,0,0
Steel1/im_val_cut10-400-01-V-12mm-4000x16_8_6/x0_y0,Steel1,im_val_cut10-400-01-V-12mm-4000x16,im_val_cut10-400-01-V-12mm-4000x16_8_6.png,0,0,0.041794,train,256,/content/drive/MyDrive/phase11-data/data/Steel1/images/im_val_cut10-400-01-V-12mm-4000x16_8_6.png,/content/drive/MyDrive/phase11-persistent/gt_boundaries/Steel1/im_val_cut10-400-01-V-12mm-4000x16_8_6.png,0,0,256,256,0,0
Steel1/im_val_cut10-400-01-V-12mm-4000x17_1_1/x0_y0,Steel1,im_val_cut10-400-01-V-12mm-4000x17,im_val_cut10-400-01-V-12mm-4000x17_1_1.png,0,0,0.021805,train,256,/content/drive/MyDrive/phase11-data/data/Steel1/images/im_val_cut10-400-01-V-12mm-4000x17_1_1.png,/content/drive/MyDrive/phase11-persistent/gt_boundaries/Steel1/im_val_cut10-400-01-V-12mm-4000x17_1_1.png,0,0,256,256,0,0
Steel1/im_val_cut10-400-01-V-12mm-4000x17_1_2/x0_y0,Steel1,im_val_cut10-400-01-V-12mm-4000x17,im_val_cut10-400-01-V-12mm-4000x17_1_2.png,0,0,0.025101,train,256,/content/drive/MyDrive/phase11-data/data/Steel1/images/im_val_cut10-400-01-V-12mm-4000x17_1_2.png,/content/drive/MyDrive/phase11-persistent/gt_boundaries/Steel1/im_val_cut10-400-01-V-12mm-4000x17_1_2.png,0,0,256,256,0,0
Steel1/im_val_cut10-400-01-V-12mm-4000x17_1_3/x0_y0,Steel1,im_val_cut10-400-01-V-12mm-4000x17,im_val_cut10-400-01-V-12mm-4000x17_1_3.png,0,0,0.050232,train,256,/content/drive/MyDrive/phase11-data/data/Steel1/images/im_val_cut10-400-01-V-12mm-4000x17_1_3.png,/content/drive/MyDrive/phase11-persistent/gt_boundaries/Steel1/im_val_cut10-400-01-V-12mm-4000x17_1_3.png,0,0,256,256,0,0
Steel1/im_val_cut10-400-01-V-12mm-4000x17_1_4/x0_y0,Steel1,im_val_cut10-400-01-V-12mm-4000x17,im_val_cut10-400-01-V-12mm-4000x17_1_4.png,0,0,0.063339,train,256,/content/drive/MyDrive/phase11-data/data/Steel1/images/im_val_cut10-400-01-V-12mm-4000x17_1_4.png,/content/drive/MyDrive/phase11-persistent/gt_boundaries/Steel1/im_val_cut10-400-01-V-12mm-4000x17_1_4.png,0,0,256,256,0,0
Steel1/im_val_cut10-400-01-V-12mm-4000x17_1_5/x0_y0,Steel1,im_val_cut10-400-01-V-12mm-4000x17,im_val_cut10-400-01-V-12mm-4000x17_1_5.png,0,0,0.043594,train,256,/content/drive/MyDrive/phase11-data/data/Steel1/images/im_val_cut10-400-01-V-12mm-4000x17_1_5.png,/content/drive/MyDrive/phase11-persistent/gt_boundaries/Steel1/im_val_cut10-400-01-V-12mm-4000x17_1_5.png,0,0,256,256,0,0
Steel1/im_val_cut10-400-01-V-12mm-4000x17_1_6/x0_y0,Steel1,im_val_cut10-400-01-V-12mm-4000x17,im_val_cut10-400-01-V-12mm-4000x17_1_6.png,0,0,0.062073,train,256,/content/drive/MyDrive/phase11-data/data/Steel1/images/im_val_cut10-400-01-V-12mm-4000x17_1_6.png,/content/drive/MyDrive/phase11-persistent/gt_boundaries/Steel1/im_val_cut10-400-01-V-12mm-4000x17_1_6.png,0,0,256,256,0,0
Steel1/im_val_cut10-400-01-V-12mm-4000x17_2_1/x0_y0,Steel1,im_val_cut10-400-01-V-12mm-4000x17,im_val_cut10-400-01-V-12mm-4000x17_2_1.png,0,0,0.047897,train,256,/content/drive/MyDrive/phase11-data/data/Steel1/images/im_val_cut10-400-01-V-12mm-4000x17_2_1.png,/content/drive/MyDrive/phase11-persistent/gt_boundaries/Steel1/im_val_cut10-400-01-V-12mm-4000x17_2_1.png,0,0,256,256,0,0
Steel1/im_val_cut10-400-01-V-12mm-4000x17_2_2/x0_y0,Steel1,im_val_cut10-400-01-V-12mm-4000x17,im_val_cut10-400-01-V-12mm-4000x17_2_2.png,0,0,0.019913,train,256,/content/drive/MyDrive/phase11-data/data/Steel1/images/im_val_cut10-400-01-V-12mm-4000x17_2_2.png,/content/drive/MyDrive/phase11-persistent/gt_boundaries/Steel1/im_val_cut10-400-01-V-12mm-4000x17_2_2.png,0,0,256,256,0,0
Steel1/im_val_cut10-400-01-V-12mm-4000x17_2_3/x0_y0,Steel1,im_val_cut10-400-01-V-12mm-4000x17,im_val_cut10-400-01-V-12mm-4000x17_2_3.png,0,0,0.035583,train,256,/content/drive/MyDrive/phase11-data/data/Steel1/images/im_val_cut10-400-01-V-12mm-4000x17_2_3.png,/content/drive/MyDrive/phase11-persistent/gt_boundaries/Steel1/im_val_cut10-400-01-V-12mm-4000x17_2_3.png,0,0,256,256,0,0
Steel1/im_val_cut10-400-01-V-12mm-4000x17_2_4/x0_y0,Steel1,im_val_cut10-400-01-V-12mm-4000x17,im_val_cut10-400-01-V-12mm-4000x17_2_4.png,0,0,0.032639,train,256,/content/drive/MyDrive/phase11-data/data/Steel1/images/im_val_cut10-400-01-V-12mm-4000x17_2_4.png,/content/drive/MyDrive/phase11-persistent/gt_boundaries/Steel1/im_val_cut10-400-01-V-12mm-4000x17_2_4.png,0,0,256,256,0,0
Steel1/im_val_cut10-400-01-V-12mm-4000x17_2_5/x0_y0,Steel1,im_val_cut10-400-01-V-12mm-4000x17,im_val_cut10-400-01-V-12mm-4000x17_2_5.png,0,0,0.059082,train,256,/content/drive/MyDrive/phase11-data/data/Steel1/images/im_val_cut10-400-01-V-12mm-4000x17_2_5.png,/content/drive/MyDrive/phase11-persistent/gt_boundaries/Steel1/im_val_cut10-400-01-V-12mm-4000x17_2_5.png,0,0,256,256,0,0
Steel1/im_val_cut10-400-01-V-12mm-4000x17_2_6/x0_y0,Steel1,im_val_cut10-400-01-V-12mm-4000x17,im_val_cut10-400-01-V-12mm-4000x17_2_6.png,0,0,0.043488,train,256,/content/drive/MyDrive/phase11-data/data/Steel1/images/im_val_cut10-400-01-V-12mm-4000x17_2_6.png,/content/drive/MyDrive/phase11-persistent/gt_boundaries/Steel1/im_val_cut10-400-01-V-12mm-4000x17_2_6.png,0,0,256,256,0,0
Steel1/im_val_cut10-400-01-V-12mm-4000x17_3_1/x0_y0,Steel1,im_val_cut10-400-01-V-12mm-4000x17,im_val_cut10-400-01-V-12mm-4000x17_3_1.png,0,0,0.026794,train,256,/content/drive/MyDrive/phase11-data/data/Steel1/images/im_val_cut10-400-01-V-12mm-4000x17_3_1.png,/content/drive/MyDrive/phase11-persistent/gt_boundaries/Steel1/im_val_cut10-400-01-V-12mm-4000x17_3_1.png,0,0,256,256,0,0
Steel1/im_val_cut10-400-01-V-12mm-4000x17_3_2/x0_y0,Steel1,im_val_cut10-400-01-V-12mm-4000x17,im_val_cut10-400-01-V-12mm-4000x17_3_2.png,0,0,0.05748,train,256,/content/drive/MyDrive/phase11-data/data/Steel1/images/im_val_cut10-400-01-V-12mm-4000x17_3_2.png,/content/drive/MyDrive/phase11-persistent/gt_boundaries/Steel1/im_val_cut10-400-01-V-12mm-4000x17_3_2.png,0,0,256,256,0,0
Steel1/im_val_cut10-400-01-V-12mm-4000x17_3_3/x0_y0,Steel1,im_val_cut10-400-01-V-12mm-4000x17,im_val_cut10-400-01-V-12mm-4000x17_3_3.png,0,0,0.036179,train,256,/content/drive/MyDrive/phase11-data/data/Steel1/images/im_val_cut10-400-01-V-12mm-4000x17_3_3.png,/content/drive/MyDrive/phase11-persistent/gt_boundaries/Steel1/im_val_cut10-400-01-V-12mm-4000x17_3_3.png,0,0,256,256,0,0
Steel1/im_val_cut10-400-01-V-12mm-4000x17_3_4/x0_y0,Steel1,im_val_cut10-400-01-V-12mm-4000x17,im_val_cut10-400-01-V-12mm-4000x17_3_4.png,0,0,0.029541,train,256,/content/drive/MyDrive/phase11-data/data/Steel1/images/im_val_cut10-400-01-V-12mm-4000x17_3_4.png,/content/drive/MyDrive/phase11-persistent/gt_boundaries/Steel1/im_val_cut10-400-01-V-12mm-4000x17_3_4.png,0,0,256,256,0,0
Steel1/im_val_cut10-400-01-V-12mm-4000x17_3_5/x0_y0,Steel1,im_val_cut10-400-01-V-12mm-4000x17,im_val_cut10-400-01-V-12mm-4000x17_3_5.png,0,0,0.055527,train,256,/content/drive/MyDrive/phase11-data/data/Steel1/images/im_val_cut10-400-01-V-12mm-4000x17_3_5.png,/content/drive/MyDrive/phase11-persistent/gt_boundaries/Steel1/im_val_cut10-400-01-V-12mm-4000x17_3_5.png,0,0,256,256,0,0
Steel1/im_val_cut10-400-01-V-12mm-4000x17_3_6/x0_y0,Steel1,im_val_cut10-400-01-V-12mm-4000x17,im_val_cut10-400-01-V-12mm-4000x17_3_6.png,0,0,0.040176,train,256,/content/drive/MyDrive/phase11-data/data/Steel1/images/im_val_cut10-400-01-V-12mm-4000x17_3_6.png,/content/drive/MyDrive/phase11-persistent/gt_boundaries/Steel1/im_val_cut10-400-01-V-12mm-4000x17_3_6.png,0,0,256,256,0,0
Steel1/im_val_cut10-400-01-V-12mm-4000x17_4_1/x0_y0,Steel1,im_val_cut10-400-01-V-12mm-4000x17,im_val_cut10-400-01-V-12mm-4000x17_4_1.png,0,0,0.026413,train,256,/content/drive/MyDrive/phase11-data/data/Steel1/images/im_val_cut10-400-01-V-12mm-4000x17_4_1.png,/content/drive/MyDrive/phase11-persistent/gt_boundaries/Steel1/im_val_cut10-400-01-V-12mm-4000x17_4_1.png,0,0,256,256,0,0
Steel1/im_val_cut10-400-01-V-12mm-4000x17_4_2/x0_y0,Steel1,im_val_cut10-400-01-V-12mm-4000x17,im_val_cut10-400-01-V-12mm-4000x17_4_2.png,0,0,0.04631,train,256,/content/drive/MyDrive/phase11-data/data/Steel1/images/im_val_cut10-400-01-V-12mm-4000x17_4_2.png,/content/drive/MyDrive/phase11-persistent/gt_boundaries/Steel1/im_val_cut10-400-01-V-12mm-4000x17_4_2.png,0,0,256,256,0,0
Steel1/im_val_cut10-400-01-V-12mm-4000x17_4_3/x0_y0,Steel1,im_val_cut10-400-01-V-12mm-4000x17,im_val_cut10-400-01-V-12mm-4000x17_4_3.png,0,0,0.041199,train,256,/content/drive/MyDrive/phase11-data/data/Steel1/images/im_val_cut10-400-01-V-12mm-4000x17_4_3.png,/content/drive/MyDrive/phase11-persistent/gt_boundaries/Steel1/im_val_cut10-400-01-V-12mm-4000x17_4_3.png,0,0,256,256,0,0
Steel1/im_val_cut10-400-01-V-12mm-4000x17_4_4/x0_y0,Steel1,im_val_cut10-400-01-V-12mm-4000x17,im_val_cut10-400-01-V-12mm-4000x17_4_4.png,0,0,0.045547,train,256,/content/drive/MyDrive/phase11-data/data/Steel1/images/im_val_cut10-400-01-V-12mm-4000x17_4_4.png,/content/drive/MyDrive/phase11-persistent/gt_boundaries/Steel1/im_val_cut10-400-01-V-12mm-4000x17_4_4.png,0,0,256,256,0,0
Steel1/im_val_cut10-400-01-V-12mm-4000x17_4_5/x0_y0,Steel1,im_val_cut10-400-01-V-12mm-4000x17,im_val_cut10-400-01-V-12mm-4000x17_4_5.png,0,0,0.04213,train,256,/content/drive/MyDrive/phase11-data/data/Steel1/images/im_val_cut10-400-01-V-12mm-4000x17_4_5.png,/content/drive/MyDrive/phase11-persistent/gt_boundaries/Steel1/im_val_cut10-400-01-V-12mm-4000x17_4_5.png,0,0,256,256,0,0
Steel1/im_val_cut10-400-01-V-12mm-4000x17_4_6/x0_y0,Steel1,im_val_cut10-400-01-V-12mm-4000x17,im_val_cut10-400-01-V-12mm-4000x17_4_6.png,0,0,0.042282,train,256,/content/drive/MyDrive/phase11-data/data/Steel1/images/im_val_cut10-400-01-V-12mm-4000x17_4_6.png,/content/drive/MyDrive/phase11-persistent/gt_boundaries/Steel1/im_val_cut10-400-01-V-12mm-4000x17_4_6.png,0,0,256,256,0,0
Steel1/im_val_cut10-400-01-V-12mm-4000x17_5_1/x0_y0,Steel1,im_val_cut10-400-01-V-12mm-4000x17,im_val_cut10-400-01-V-12mm-4000x17_5_1.png,0,0,0.051178,train,256,/content/drive/MyDrive/phase11-data/data/Steel1/images/im_val_cut10-400-01-V-12mm-4000x17_5_1.png,/content/drive/MyDrive/phase11-persistent/gt_boundaries/Steel1/im_val_cut10-400-01-V-12mm-4000x17_5_1.png,0,0,256,256,0,0
Steel1/im_val_cut10-400-01-V-12mm-4000x17_5_2/x0_y0,Steel1,im_val_cut10-400-01-V-12mm-4000x17,im_val_cut10-400-01-V-12mm-4000x17_5_2.png,0,0,0.035339,train,256,/content/drive/MyDrive/phase11-data/data/Steel1/images/im_val_cut10-400-01-V-12mm-4000x17_5_2.png,/content/drive/MyDrive/phase11-persistent/gt_boundaries/Steel1/im_val_cut10-400-01-V-12mm-4000x17_5_2.png,0,0,256,256,0,0
Steel1/im_val_cut10-400-01-V-12mm-4000x17_5_3/x0_y0,Steel1,im_val_cut10-400-01-V-12mm-4000x17,im_val_cut10-400-01-V-12mm-4000x17_5_3.png,0,0,0.043091,train,256,/content/drive/MyDrive/phase11-data/data/Steel1/images/im_val_cut10-400-01-V-12mm-4000x17_5_3.png,/content/drive/MyDrive/phase11-persistent/gt_boundaries/Steel1/im_val_cut10-400-01-V-12mm-4000x17_5_3.png,0,0,256,256,0,0
Steel1/im_val_cut10-400-01-V-12mm-4000x17_5_4/x0_y0,Steel1,im_val_cut10-400-01-V-12mm-4000x17,im_val_cut10-400-01-V-12mm-4000x17_5_4.png,0,0,0.046051,train,256,/content/drive/MyDrive/phase11-data/data/Steel1/images/im_val_cut10-400-01-V-12mm-4000x17_5_4.png,/content/drive/MyDrive/phase11-persistent/gt_boundaries/Steel1/im_val_cut10-400-01-V-12mm-4000x17_5_4.png,0,0,256,256,0,0
Steel1/im_val_cut10-400-01-V-12mm-4000x17_5_5/x0_y0,Steel1,im_val_cut10-400-01-V-12mm-4000x17,im_val_cut10-400-01-V-12mm-4000x17_5_5.png,0,0,0.055801,train,256,/content/drive/MyDrive/phase11-data/data/Steel1/images/im_val_cut10-400-01-V-12mm-4000x17_5_5.png,/content/drive/MyDrive/phase11-persistent/gt_boundaries/Steel1/im_val_cut10-400-01-V-12mm-4000x17_5_5.png,0,0,256,256,0,0
Steel1/im_val_cut10-400-01-V-12mm-4000x17_5_6/x0_y0,Steel1,im_val_cut10-400-01-V-12mm-4000x17,im_val_cut10-400-01-V-12mm-4000x17_5_6.png,0,0,0.039474,train,256,/content/drive/MyDrive/phase11-data/data/Steel1/images/im_val_cut10-400-01-V-12mm-4000x17_5_6.png,/content/drive/MyDrive/phase11-persistent/gt_boundaries/Steel1/im_val_cut10-400-01-V-12mm-4000x17_5_6.png,0,0,256,256,0,0
Steel1/im_val_cut10-400-01-V-12mm-4000x17_6_1/x0_y0,Steel1,im_val_cut10-400-01-V-12mm-4000x17,im_val_cut10-400-01-V-12mm-4000x17_6_1.png,0,0,0.042145,train,256,/content/drive/MyDrive/phase11-data/data/Steel1/images/im_val_cut10-400-01-V-12mm-4000x17_6_1.png,/content/drive/MyDrive/phase11-persistent/gt_boundaries/Steel1/im_val_cut10-400-01-V-12mm-4000x17_6_1.png,0,0,256,256,0,0
Steel1/im_val_cut10-400-01-V-12mm-4000x17_6_2/x0_y0,Steel1,im_val_cut10-400-01-V-12mm-4000x17,im_val_cut10-400-01-V-12mm-4000x17_6_2.png,0,0,0.039032,train,256,/content/drive/MyDrive/phase11-data/data/Steel1/images/im_val_cut10-400-01-V-12mm-4000x17_6_2.png,/content/drive/MyDrive/phase11-persistent/gt_boundaries/Steel1/im_val_cut10-400-01-V-12mm-4000x17_6_2.png,0,0,256,256,0,0
Steel1/im_val_cut10-400-01-V-12mm-4000x17_6_3/x0_y0,Steel1,im_val_cut10-400-01-V-12mm-4000x17,im_val_cut10-400-01-V-12mm-4000x17_6_3.png,0,0,0.040146,train,256,/content/drive/MyDrive/phase11-data/data/Steel1/images/im_val_cut10-400-01-V-12mm-4000x17_6_3.png,/content/drive/MyDrive/phase11-persistent/gt_boundaries/Steel1/im_val_cut10-400-01-V-12mm-4000x17_6_3.png,0,0,256,256,0,0
Steel1/im_val_cut10-400-01-V-12mm-4000x17_6_4/x0_y0,Steel1,im_val_cut10-400-01-V-12mm-4000x17,im_val_cut10-400-01-V-12mm-4000x17_6_4.png,0,0,0.05159,train,256,/content/drive/MyDrive/phase11-data/data/Steel1/images/im_val_cut10-400-01-V-12mm-4000x17_6_4.png,/content/drive/MyDrive/phase11-persistent/gt_boundaries/Steel1/im_val_cut10-400-01-V-12mm-4000x17_6_4.png,0,0,256,256,0,0
Steel1/im_val_cut10-400-01-V-12mm-4000x17_6_5/x0_y0,Steel1,im_val_cut10-400-01-V-12mm-4000x17,im_val_cut10-400-01-V-12mm-4000x17_6_5.png,0,0,0.035095,train,256,/content/drive/MyDrive/phase11-data/data/Steel1/images/im_val_cut10-400-01-V-12mm-4000x17_6_5.png,/content/drive/MyDrive/phase11-persistent/gt_boundaries/Steel1/im_val_cut10-400-01-V-12mm-4000x17_6_5.png,0,0,256,256,0,0
Steel1/im_val_cut10-400-01-V-12mm-4000x17_6_6/x0_y0,Steel1,im_val_cut10-400-01-V-12mm-4000x17,im_val_cut10-400-01-V-12mm-4000x17_6_6.png,0,0,0.049088,train,256,/content/drive/MyDrive/phase11-data/data/Steel1/images/im_val_cut10-400-01-V-12mm-4000x17_6_6.png,/content/drive/MyDrive/phase11-persistent/gt_boundaries/Steel1/im_val_cut10-400-01-V-12mm-4000x17_6_6.png,0,0,256,256,0,0
Steel1/im_val_cut10-400-01-V-12mm-4000x17_7_1/x0_y0,Steel1,im_val_cut10-400-01-V-12mm-4000x17,im_val_cut10-400-01-V-12mm-4000x17_7_1.png,0,0,0.062851,train,256,/content/drive/MyDrive/phase11-data/data/Steel1/images/im_val_cut10-400-01-V-12mm-4000x17_7_1.png,/content/drive/MyDrive/phase11-persistent/gt_boundaries/Steel1/im_val_cut10-400-01-V-12mm-4000x17_7_1.png,0,0,256,256,0,0
Steel1/im_val_cut10-400-01-V-12mm-4000x17_7_2/x0_y0,Steel1,im_val_cut10-400-01-V-12mm-4000x17,im_val_cut10-400-01-V-12mm-4000x17_7_2.png,0,0,0.045883,train,256,/content/drive/MyDrive/phase11-data/data/Steel1/images/im_val_cut10-400-01-V-12mm-4000x17_7_2.png,/content/drive/MyDrive/phase11-persistent/gt_boundaries/Steel1/im_val_cut10-400-01-V-12mm-4000x17_7_2.png,0,0,256,256,0,0
Steel1/im_val_cut10-400-01-V-12mm-4000x17_7_3/x0_y0,Steel1,im_val_cut10-400-01-V-12mm-4000x17,im_val_cut10-400-01-V-12mm-4000x17_7_3.png,0,0,0.040787,train,256,/content/drive/MyDrive/phase11-data/data/Steel1/images/im_val_cut10-400-01-V-12mm-4000x17_7_3.png,/content/drive/MyDrive/phase11-persistent/gt_boundaries/Steel1/im_val_cut10-400-01-V-12mm-4000x17_7_3.png,0,0,256,256,0,0
Steel1/im_val_cut10-400-01-V-12mm-4000x17_7_4/x0_y0,Steel1,im_val_cut10-400-01-V-12mm-4000x17,im_val_cut10-400-01-V-12mm-4000x17_7_4.png,0,0,0.055359,train,256,/content/drive/MyDrive/phase11-data/data/Steel1/images/im_val_cut10-400-01-V-12mm-4000x17_7_4.png,/content/drive/MyDrive/phase11-persistent/gt_boundaries/Steel1/im_val_cut10-400-01-V-12mm-4000x17_7_4.png,0,0,256,256,0,0
Steel1/im_val_cut10-400-01-V-12mm-4000x17_7_5/x0_y0,Steel1,im_val_cut10-400-01-V-12mm-4000x17,im_val_cut10-400-01-V-12mm-4000x17_7_5.png,0,0,0.031235,train,256,/content/drive/MyDrive/phase11-data/data/Steel1/images/im_val_cut10-400-01-V-12mm-4000x17_7_5.png,/content/drive/MyDrive/phase11-persistent/gt_boundaries/Steel1/im_val_cut10-400-01-V-12mm-4000x17_7_5.png,0,0,256,256,0,0
Steel1/im_val_cut10-400-01-V-12mm-4000x17_7_6/x0_y0,Steel1,im_val_cut10-400-01-V-12mm-4000x17,im_val_cut10-400-01-V-12mm-4000x17_7_6.png,0,0,0.022705,train,256,/content/drive/MyDrive/phase11-data/data/Steel1/images/im_val_cut10-400-01-V-12mm-4000x17_7_6.png,/content/drive/MyDrive/phase11-persistent/gt_boundaries/Steel1/im_val_cut10-400-01-V-12mm-4000x17_7_6.png,0,0,256,256,0,0
Steel1/im_val_cut10-400-01-V-12mm-4000x17_8_1/x0_y0,Steel1,im_val_cut10-400-01-V-12mm-4000x17,im_val_cut10-400-01-V-12mm-4000x17_8_1.png,0,0,0.060593,train,256,/content/drive/MyDrive/phase11-data/data/Steel1/images/im_val_cut10-400-01-V-12mm-4000x17_8_1.png,/content/drive/MyDrive/phase11-persistent/gt_boundaries/Steel1/im_val_cut10-400-01-V-12mm-4000x17_8_1.png,0,0,256,256,0,0
Steel1/im_val_cut10-400-01-V-12mm-4000x17_8_2/x0_y0,Steel1,im_val_cut10-400-01-V-12mm-4000x17,im_val_cut10-400-01-V-12mm-4000x17_8_2.png,0,0,0.046738,train,256,/content/drive/MyDrive/phase11-data/data/Steel1/images/im_val_cut10-400-01-V-12mm-4000x17_8_2.png,/content/drive/MyDrive/phase11-persistent/gt_boundaries/Steel1/im_val_cut10-400-01-V-12mm-4000x17_8_2.png,0,0,256,256,0,0
Steel1/im_val_cut10-400-01-V-12mm-4000x17_8_3/x0_y0,Steel1,im_val_cut10-400-01-V-12mm-4000x17,im_val_cut10-400-01-V-12mm-4000x17_8_3.png,0,0,0.046188,train,256,/content/drive/MyDrive/phase11-data/data/Steel1/images/im_val_cut10-400-01-V-12mm-4000x17_8_3.png,/content/drive/MyDrive/phase11-persistent/gt_boundaries/Steel1/im_val_cut10-400-01-V-12mm-4000x17_8_3.png,0,0,256,256,0,0
Steel1/im_val_cut10-400-01-V-12mm-4000x17_8_4/x0_y0,Steel1,im_val_cut10-400-01-V-12mm-4000x17,im_val_cut10-400-01-V-12mm-4000x17_8_4.png,0,0,0.04776,train,256,/content/drive/MyDrive/phase11-data/data/Steel1/images/im_val_cut10-400-01-V-12mm-4000x17_8_4.png,/content/drive/MyDrive/phase11-persistent/gt_boundaries/Steel1/im_val_cut10-400-01-V-12mm-4000x17_8_4.png,0,0,256,256,0,0
Steel1/im_val_cut10-400-01-V-12mm-4000x17_8_5/x0_y0,Steel1,im_val_cut10-400-01-V-12mm-4000x17,im_val_cut10-400-01-V-12mm-4000x17_8_5.png,0,0,0.020325,train,256,/content/drive/MyDrive/phase11-data/data/Steel1/images/im_val_cut10-400-01-V-12mm-4000x17_8_5.png,/content/drive/MyDrive/phase11-persistent/gt_boundaries/Steel1/im_val_cut10-400-01-V-12mm-4000x17_8_5.png,0,0,256,256,0,0
Steel1/im_val_cut10-400-01-V-12mm-4000x17_8_6/x0_y0,Steel1,im_val_cut10-400-01-V-12mm-4000x17,im_val_cut10-400-01-V-12mm-4000x17_8_6.png,0,0,0.044418,train,256,/content/drive/MyDrive/phase11-data/data/Steel1/images/im_val_cut10-400-01-V-12mm-4000x17_8_6.png,/content/drive/MyDrive/phase11-persistent/gt_boundaries/Steel1/im_val_cut10-400-01-V-12mm-4000x17_8_6.png,0,0,256,256,0,0
Steel1/im_val_cut10-400-01-V-6mm-4000x07_1_1/x0_y0,Steel1,im_val_cut10-400-01-V-6mm-4000x07,im_val_cut10-400-01-V-6mm-4000x07_1_1.png,0,0,0.023056,train,256,/content/drive/MyDrive/phase11-data/data/Steel1/images/im_val_cut10-400-01-V-6mm-4000x07_1_1.png,/content/drive/MyDrive/phase11-persistent/gt_boundaries/Steel1/im_val_cut10-400-01-V-6mm-4000x07_1_1.png,0,0,256,256,0,0
Steel1/im_val_cut10-400-01-V-6mm-4000x07_1_2/x0_y0,Steel1,im_val_cut10-400-01-V-6mm-4000x07,im_val_cut10-400-01-V-6mm-4000x07_1_2.png,0,0,0.029266,train,256,/content/drive/MyDrive/phase11-data/data/Steel1/images/im_val_cut10-400-01-V-6mm-4000x07_1_2.png,/content/drive/MyDrive/phase11-persistent/gt_boundaries/Steel1/im_val_cut10-400-01-V-6mm-4000x07_1_2.png,0,0,256,256,0,0
Steel1/im_val_cut10-400-01-V-6mm-4000x07_1_3/x0_y0,Steel1,im_val_cut10-400-01-V-6mm-4000x07,im_val_cut10-400-01-V-6mm-4000x07_1_3.png,0,0,0.026794,train,256,/content/drive/MyDrive/phase11-data/data/Steel1/images/im_val_cut10-400-01-V-6mm-4000x07_1_3.png,/content/drive/MyDrive/phase11-persistent/gt_boundaries/Steel1/im_val_cut10-400-01-V-6mm-4000x07_1_3.png,0,0,256,256,0,0
Steel1/im_val_cut10-400-01-V-6mm-4000x07_1_4/x0_y0,Steel1,im_val_cut10-400-01-V-6mm-4000x07,im_val_cut10-400-01-V-6mm-4000x07_1_4.png,0,0,0.039703,train,256,/content/drive/MyDrive/phase11-data/data/Steel1/images/im_val_cut10-400-01-V-6mm-4000x07_1_4.png,/content/drive/MyDrive/phase11-persistent/gt_boundaries/Steel1/im_val_cut10-400-01-V-6mm-4000x07_1_4.png,0,0,256,256,0,0
Steel1/im_val_cut10-400-01-V-6mm-4000x07_1_5/x0_y0,Steel1,im_val_cut10-400-01-V-6mm-4000x07,im_val_cut10-400-01-V-6mm-4000x07_1_5.png,0,0,0.021286,train,256,/content/drive/MyDrive/phase11-data/data/Steel1/images/im_val_cut10-400-01-V-6mm-4000x07_1_5.png,/content/drive/MyDrive/phase11-persistent/gt_boundaries/Steel1/im_val_cut10-400-01-V-6mm-4000x07_1_5.png,0,0,256,256,0,0
Steel1/im_val_cut10-400-01-V-6mm-4000x07_1_6/x0_y0,Steel1,im_val_cut10-400-01-V-6mm-4000x07,im_val_cut10-400-01-V-6mm-4000x07_1_6.png,0,0,0.011612,train,256,/content/drive/MyDrive/phase11-data/data/Steel1/images/im_val_cut10-400-01-V-6mm-4000x07_1_6.png,/content/drive/MyDrive/phase11-persistent/gt_boundaries/Steel1/im_val_cut10-400-01-V-6mm-4000x07_1_6.png,0,0,256,256,0,0
Steel1/im_val_cut10-400-01-V-6mm-4000x07_2_1/x0_y0,Steel1,im_val_cut10-400-01-V-6mm-4000x07,im_val_cut10-400-01-V-6mm-4000x07_2_1.png,0,0,0.019821,train,256,/content/drive/MyDrive/phase11-data/data/Steel1/images/im_val_cut10-400-01-V-6mm-4000x07_2_1.png,/content/drive/MyDrive/phase11-persistent/gt_boundaries/Steel1/im_val_cut10-400-01-V-6mm-4000x07_2_1.png,0,0,256,256,0,0
Steel1/im_val_cut10-400-01-V-6mm-4000x07_2_2/x0_y0,Steel1,im_val_cut10-400-01-V-6mm-4000x07,im_val_cut10-400-01-V-6mm-4000x07_2_2.png,0,0,0.01918,train,256,/content/drive/MyDrive/phase11-data/data/Steel1/images/im_val_cut10-400-01-V-6mm-4000x07_2_2.png,/content/drive/MyDrive/phase11-persistent/gt_boundaries/Steel1/im_val_cut10-400-01-V-6mm-4000x07_2_2.png,0,0,256,256,0,0
Steel1/im_val_cut10-400-01-V-6mm-4000x07_2_3/x0_y0,Steel1,im_val_cut10-400-01-V-6mm-4000x07,im_val_cut10-400-01-V-6mm-4000x07_2_3.png,0,0,0.056488,train,256,/content/drive/MyDrive/phase11-data/data/Steel1/images/im_val_cut10-400-01-V-6mm-4000x07_2_3.png,/content/drive/MyDrive/phase11-persistent/gt_boundaries/Steel1/im_val_cut10-400-01-V-6mm-4000x07_2_3.png,0,0,256,256,0,0
Steel1/im_val_cut10-400-01-V-6mm-4000x07_2_4/x0_y0,Steel1,im_val_cut10-400-01-V-6mm-4000x07,im_val_cut10-400-01-V-6mm-4000x07_2_4.png,0,0,0.016769,train,256,/content/drive/MyDrive/phase11-data/data/Steel1/images/im_val_cut10-400-01-V-6mm-4000x07_2_4.png,/content/drive/MyDrive/phase11-persistent/gt_boundaries/Steel1/im_val_cut10-400-01-V-6mm-4000x07_2_4.png,0,0,256,256,0,0
Steel1/im_val_cut10-400-01-V-6mm-4000x07_2_5/x0_y0,Steel1,im_val_cut10-400-01-V-6mm-4000x07,im_val_cut10-400-01-V-6mm-4000x07_2_5.png,0,0,0.030731,train,256,/content/drive/MyDrive/phase11-data/data/Steel1/images/im_val_cut10-400-01-V-6mm-4000x07_2_5.png,/content/drive/MyDrive/phase11-persistent/gt_boundaries/Steel1/im_val_cut10-400-01-V-6mm-4000x07_2_5.png,0,0,256,256,0,0
Steel1/im_val_cut10-400-01-V-6mm-4000x07_2_6/x0_y0,Steel1,im_val_cut10-400-01-V-6mm-4000x07,im_val_cut10-400-01-V-6mm-4000x07_2_6.png,0,0,0.021942,train,256,/content/drive/MyDrive/phase11-data/data/Steel1/images/im_val_cut10-400-01-V-6mm-4000x07_2_6.png,/content/drive/MyDrive/phase11-persistent/gt_boundaries/Steel1/im_val_cut10-400-01-V-6mm-4000x07_2_6.png,0,0,256,256,0,0
Steel1/im_val_cut10-400-01-V-6mm-4000x07_3_1/x0_y0,Steel1,im_val_cut10-400-01-V-6mm-4000x07,im_val_cut10-400-01-V-6mm-4000x07_3_1.png,0,0,0.055588,train,256,/content/drive/MyDrive/phase11-data/data/Steel1/images/im_val_cut10-400-01-V-6mm-4000x07_3_1.png,/content/drive/MyDrive/phase11-persistent/gt_boundaries/Steel1/im_val_cut10-400-01-V-6mm-4000x07_3_1.png,0,0,256,256,0,0
Steel1/im_val_cut10-400-01-V-6mm-4000x07_3_2/x0_y0,Steel1,im_val_cut10-400-01-V-6mm-4000x07,im_val_cut10-400-01-V-6mm-4000x07_3_2.png,0,0,0.040115,train,256,/content/drive/MyDrive/phase11-data/data/Steel1/images/im_val_cut10-400-01-V-6mm-4000x07_3_2.png,/content/drive/MyDrive/phase11-persistent/gt_boundaries/Steel1/im_val_cut10-400-01-V-6mm-4000x07_3_2.png,0,0,256,256,0,0
Steel1/im_val_cut10-400-01-V-6mm-4000x07_3_3/x0_y0,Steel1,im_val_cut10-400-01-V-6mm-4000x07,im_val_cut10-400-01-V-6mm-4000x07_3_3.png,0,0,0.023972,train,256,/content/drive/MyDrive/phase11-data/data/Steel1/images/im_val_cut10-400-01-V-6mm-4000x07_3_3.png,/content/drive/MyDrive/phase11-persistent/gt_boundaries/Steel1/im_val_cut10-400-01-V-6mm-4000x07_3_3.png,0,0,256,256,0,0
Steel1/im_val_cut10-400-01-V-6mm-4000x07_3_4/x0_y0,Steel1,im_val_cut10-400-01-V-6mm-4000x07,im_val_cut10-400-01-V-6mm-4000x07_3_4.png,0,0,0.029129,train,256,/content/drive/MyDrive/phase11-data/data/Steel1/images/im_val_cut10-400-01-V-6mm-4000x07_3_4.png,/content/drive/MyDrive/phase11-persistent/gt_boundaries/Steel1/im_val_cut10-400-01-V-6mm-4000x07_3_4.png,0,0,256,256,0,0
Steel1/im_val_cut10-400-01-V-6mm-4000x07_3_5/x0_y0,Steel1,im_val_cut10-400-01-V-6mm-4000x07,im_val_cut10-400-01-V-6mm-4000x07_3_5.png,0,0,0.04689,train,256,/content/drive/MyDrive/phase11-data/data/Steel1/images/im_val_cut10-400-01-V-6mm-4000x07_3_5.png,/content/drive/MyDrive/phase11-persistent/gt_boundaries/Steel1/im_val_cut10-400-01-V-6mm-4000x07_3_5.png,0,0,256,256,0,0
Steel1/im_val_cut10-400-01-V-6mm-4000x07_3_6/x0_y0,Steel1,im_val_cut10-400-01-V-6mm-4000x07,im_val_cut10-400-01-V-6mm-4000x07_3_6.png,0,0,0.044571,train,256,/content/drive/MyDrive/phase11-data/data/Steel1/images/im_val_cut10-400-01-V-6mm-4000x07_3_6.png,/content/drive/MyDrive/phase11-persistent/gt_boundaries/Steel1/im_val_cut10-400-01-V-6mm-4000x07_3_6.png,0,0,256,256,0,0
Steel1/im_val_cut10-400-01-V-6mm-4000x07_4_1/x0_y0,Steel1,im_val_cut10-400-01-V-6mm-4000x07,im_val_cut10-400-01-V-6mm-4000x07_4_1.png,0,0,0.037125,train,256,/content/drive/MyDrive/phase11-data/data/Steel1/images/im_val_cut10-400-01-V-6mm-4000x07_4_1.png,/content/drive/MyDrive/phase11-persistent/gt_boundaries/Steel1/im_val_cut10-400-01-V-6mm-4000x07_4_1.png,0,0,256,256,0,0
Steel1/im_val_cut10-400-01-V-6mm-4000x07_4_2/x0_y0,Steel1,im_val_cut10-400-01-V-6mm-4000x07,im_val_cut10-400-01-V-6mm-4000x07_4_2.png,0,0,0.01767,train,256,/content/drive/MyDrive/phase11-data/data/Steel1/images/im_val_cut10-400-01-V-6mm-4000x07_4_2.png,/content/drive/MyDrive/phase11-persistent/gt_boundaries/Steel1/im_val_cut10-400-01-V-6mm-4000x07_4_2.png,0,0,256,256,0,0
Steel1/im_val_cut10-400-01-V-6mm-4000x07_4_3/x0_y0,Steel1,im_val_cut10-400-01-V-6mm-4000x07,im_val_cut10-400-01-V-6mm-4000x07_4_3.png,0,0,0.056671,train,256,/content/drive/MyDrive/phase11-data/data/Steel1/images/im_val_cut10-400-01-V-6mm-4000x07_4_3.png,/content/drive/MyDrive/phase11-persistent/gt_boundaries/Steel1/im_val_cut10-400-01-V-6mm-4000x07_4_3.png,0,0,256,256,0,0
Steel1/im_val_cut10-400-01-V-6mm-4000x07_4_4/x0_y0,Steel1,im_val_cut10-400-01-V-6mm-4000x07,im_val_cut10-400-01-V-6mm-4000x07_4_4.png,0,0,0.067734,train,256,/content/drive/MyDrive/phase11-data/data/Steel1/images/im_val_cut10-400-01-V-6mm-4000x07_4_4.png,/content/drive/MyDrive/phase11-persistent/gt_boundaries/Steel1/im_val_cut10-400-01-V-6mm-4000x07_4_4.png,0,0,256,256,0,0
Steel1/im_val_cut10-400-01-V-6mm-4000x07_4_5/x0_y0,Steel1,im_val_cut10-400-01-V-6mm-4000x07,im_val_cut10-400-01-V-6mm-4000x07_4_5.png,0,0,0.046677,train,256,/content/drive/MyDrive/phase11-data/data/Steel1/images/im_val_cut10-400-01-V-6mm-4000x07_4_5.png,/content/drive/MyDrive/phase11-persistent/gt_boundaries/Steel1/im_val_cut10-400-01-V-6mm-4000x07_4_5.png,0,0,256,256,0,0
Steel1/im_val_cut10-400-01-V-6mm-4000x07_4_6/x0_y0,Steel1,im_val_cut10-400-01-V-6mm-4000x07,im_val_cut10-400-01-V-6mm-4000x07_4_6.png,0,0,0.037781,train,256,/content/drive/MyDrive/phase11-data/data/Steel1/images/im_val_cut10-400-01-V-6mm-4000x07_4_6.png,/content/drive/MyDrive/phase11-persistent/gt_boundaries/Steel1/im_val_cut10-400-01-V-6mm-4000x07_4_6.png,0,0,256,256,0,0
Steel1/im_val_cut10-400-01-V-6mm-4000x07_5_1/x0_y0,Steel1,im_val_cut10-400-01-V-6mm-4000x07,im_val_cut10-400-01-V-6mm-4000x07_5_1.png,0,0,0.040131,train,256,/content/drive/MyDrive/phase11-data/data/Steel1/images/im_val_cut10-400-01-V-6mm-4000x07_5_1.png,/content/drive/MyDrive/phase11-persistent/gt_boundaries/Steel1/im_val_cut10-400-01-V-6mm-4000x07_5_1.png,0,0,256,256,0,0
Steel1/im_val_cut10-400-01-V-6mm-4000x07_5_2/x0_y0,Steel1,im_val_cut10-400-01-V-6mm-4000x07,im_val_cut10-400-01-V-6mm-4000x07_5_2.png,0,0,0.044601,train,256,/content/drive/MyDrive/phase11-data/data/Steel1/images/im_val_cut10-400-01-V-6mm-4000x07_5_2.png,/content/drive/MyDrive/phase11-persistent/gt_boundaries/Steel1/im_val_cut10-400-01-V-6mm-4000x07_5_2.png,0,0,256,256,0,0
Steel1/im_val_cut10-400-01-V-6mm-4000x07_5_3/x0_y0,Steel1,im_val_cut10-400-01-V-6mm-4000x07,im_val_cut10-400-01-V-6mm-4000x07_5_3.png,0,0,0.041916,train,256,/content/drive/MyDrive/phase11-data/data/Steel1/images/im_val_cut10-400-01-V-6mm-4000x07_5_3.png,/content/drive/MyDrive/phase11-persistent/gt_boundaries/Steel1/im_val_cut10-400-01-V-6mm-4000x07_5_3.png,0,0,256,256,0,0
Steel1/im_val_cut10-400-01-V-6mm-4000x07_5_4/x0_y0,Steel1,im_val_cut10-400-01-V-6mm-4000x07,im_val_cut10-400-01-V-6mm-4000x07_5_4.png,0,0,0.029556,train,256,/content/drive/MyDrive/phase11-data/data/Steel1/images/im_val_cut10-400-01-V-6mm-4000x07_5_4.png,/content/drive/MyDrive/phase11-persistent/gt_boundaries/Steel1/im_val_cut10-400-01-V-6mm-4000x07_5_4.png,0,0,256,256,0,0
Steel1/im_val_cut10-400-01-V-6mm-4000x07_5_5/x0_y0,Steel1,im_val_cut10-400-01-V-6mm-4000x07,im_val_cut10-400-01-V-6mm-4000x07_5_5.png,0,0,0.037613,train,256,/content/drive/MyDrive/phase11-data/data/Steel1/images/im_val_cut10-400-01-V-6mm-4000x07_5_5.png,/content/drive/MyDrive/phase11-persistent/gt_boundaries/Steel1/im_val_cut10-400-01-V-6mm-4000x07_5_5.png,0,0,256,256,0,0
Steel1/im_val_cut10-400-01-V-6mm-4000x07_5_6/x0_y0,Steel1,im_val_cut10-400-01-V-6mm-4000x07,im_val_cut10-400-01-V-6mm-4000x07_5_6.png,0,0,0.035156,train,256,/content/drive/MyDrive/phase11-data/data/Steel1/images/im_val_cut10-400-01-V-6mm-4000x07_5_6.png,/content/drive/MyDrive/phase11-persistent/gt_boundaries/Steel1/im_val_cut10-400-01-V-6mm-4000x07_5_6.png,0,0,256,256,0,0
Steel1/im_val_cut10-400-01-V-6mm-4000x07_6_1/x0_y0,Steel1,im_val_cut10-400-01-V-6mm-4000x07,im_val_cut10-400-01-V-6mm-4000x07_6_1.png,0,0,0.048203,train,256,/content/drive/MyDrive/phase11-data/data/Steel1/images/im_val_cut10-400-01-V-6mm-4000x07_6_1.png,/content/drive/MyDrive/phase11-persistent/gt_boundaries/Steel1/im_val_cut10-400-01-V-6mm-4000x07_6_1.png,0,0,256,256,0,0
Steel1/im_val_cut10-400-01-V-6mm-4000x07_6_2/x0_y0,Steel1,im_val_cut10-400-01-V-6mm-4000x07,im_val_cut10-400-01-V-6mm-4000x07_6_2.png,0,0,0.046783,train,256,/content/drive/MyDrive/phase11-data/data/Steel1/images/im_val_cut10-400-01-V-6mm-4000x07_6_2.png,/content/drive/MyDrive/phase11-persistent/gt_boundaries/Steel1/im_val_cut10-400-01-V-6mm-4000x07_6_2.png,0,0,256,256,0,0
Steel1/im_val_cut10-400-01-V-6mm-4000x07_6_3/x0_y0,Steel1,im_val_cut10-400-01-V-6mm-4000x07,im_val_cut10-400-01-V-6mm-4000x07_6_3.png,0,0,0.028336,train,256,/content/drive/MyDrive/phase11-data/data/Steel1/images/im_val_cut10-400-01-V-6mm-4000x07_6_3.png,/content/drive/MyDrive/phase11-persistent/gt_boundaries/Steel1/im_val_cut10-400-01-V-6mm-4000x07_6_3.png,0,0,256,256,0,0
Steel1/im_val_cut10-400-01-V-6mm-4000x07_6_4/x0_y0,Steel1,im_val_cut10-400-01-V-6mm-4000x07,im_val_cut10-400-01-V-6mm-4000x07_6_4.png,0,0,0.044815,train,256,/content/drive/MyDrive/phase11-data/data/Steel1/images/im_val_cut10-400-01-V-6mm-4000x07_6_4.png,/content/drive/MyDrive/phase11-persistent/gt_boundaries/Steel1/im_val_cut10-400-01-V-6mm-4000x07_6_4.png,0,0,256,256,0,0
Steel1/im_val_cut10-400-01-V-6mm-4000x07_6_5/x0_y0,Steel1,im_val_cut10-400-01-V-6mm-4000x07,im_val_cut10-400-01-V-6mm-4000x07_6_5.png,0,0,0.047455,train,256,/content/drive/MyDrive/phase11-data/data/Steel1/images/im_val_cut10-400-01-V-6mm-4000x07_6_5.png,/content/drive/MyDrive/phase11-persistent/gt_boundaries/Steel1/im_val_cut10-400-01-V-6mm-4000x07_6_5.png,0,0,256,256,0,0
Steel1/im_val_cut10-400-01-V-6mm-4000x07_6_6/x0_y0,Steel1,im_val_cut10-400-01-V-6mm-4000x07,im_val_cut10-400-01-V-6mm-4000x07_6_6.png,0,0,0.054703,train,256,/content/drive/MyDrive/phase11-data/data/Steel1/images/im_val_cut10-400-01-V-6mm-4000x07_6_6.png,/content/drive/MyDrive/phase11-persistent/gt_boundaries/Steel1/im_val_cut10-400-01-V-6mm-4000x07_6_6.png,0,0,256,256,0,0
Steel1/im_val_cut10-400-01-V-6mm-4000x07_7_1/x0_y0,Steel1,im_val_cut10-400-01-V-6mm-4000x07,im_val_cut10-400-01-V-6mm-4000x07_7_1.png,0,0,0.032928,train,256,/content/drive/MyDrive/phase11-data/data/Steel1/images/im_val_cut10-400-01-V-6mm-4000x07_7_1.png,/content/drive/MyDrive/phase11-persistent/gt_boundaries/Steel1/im_val_cut10-400-01-V-6mm-4000x07_7_1.png,0,0,256,256,0,0
Steel1/im_val_cut10-400-01-V-6mm-4000x07_7_2/x0_y0,Steel1,im_val_cut10-400-01-V-6mm-4000x07,im_val_cut10-400-01-V-6mm-4000x07_7_2.png,0,0,0.048203,train,256,/content/drive/MyDrive/phase11-data/data/Steel1/images/im_val_cut10-400-01-V-6mm-4000x07_7_2.png,/content/drive/MyDrive/phase11-persistent/gt_boundaries/Steel1/im_val_cut10-400-01-V-6mm-4000x07_7_2.png,0,0,256,256,0,0
Steel1/im_val_cut10-400-01-V-6mm-4000x07_7_3/x0_y0,Steel1,im_val_cut10-400-01-V-6mm-4000x07,im_val_cut10-400-01-V-6mm-4000x07_7_3.png,0,0,0.068924,train,256,/content/drive/MyDrive/phase11-data/data/Steel1/images/im_val_cut10-400-01-V-6mm-4000x07_7_3.png,/content/drive/MyDrive/phase11-persistent/gt_boundaries/Steel1/im_val_cut10-400-01-V-6mm-4000x07_7_3.png,0,0,256,256,0,0
Steel1/im_val_cut10-400-01-V-6mm-4000x07_7_4/x0_y0,Steel1,im_val_cut10-400-01-V-6mm-4000x07,im_val_cut10-400-01-V-6mm-4000x07_7_4.png,0,0,0.059723,train,256,/content/drive/MyDrive/phase11-data/data/Steel1/images/im_val_cut10-400-01-V-6mm-4000x07_7_4.png,/content/drive/MyDrive/phase11-persistent/gt_boundaries/Steel1/im_val_cut10-400-01-V-6mm-4000x07_7_4.png,0,0,256,256,0,0
Steel1/im_val_cut10-400-01-V-6mm-4000x07_7_5/x0_y0,Steel1,im_val_cut10-400-01-V-6mm-4000x07,im_val_cut10-400-01-V-6mm-4000x07_7_5.png,0,0,0.040176,train,256,/content/drive/MyDrive/phase11-data/data/Steel1/images/im_val_cut10-400-01-V-6mm-4000x07_7_5.png,/content/drive/MyDrive/phase11-persistent/gt_boundaries/Steel1/im_val_cut10-400-01-V-6mm-4000x07_7_5.png,0,0,256,256,0,0
Steel1/im_val_cut10-400-01-V-6mm-4000x07_7_6/x0_y0,Steel1,im_val_cut10-400-01-V-6mm-4000x07,im_val_cut10-400-01-V-6mm-4000x07_7_6.png,0,0,0.048767,train,256,/content/drive/MyDrive/phase11-data/data/Steel1/images/im_val_cut10-400-01-V-6mm-4000x07_7_6.png,/content/drive/MyDrive/phase11-persistent/gt_boundaries/Steel1/im_val_cut10-400-01-V-6mm-4000x07_7_6.png,0,0,256,256,0,0
Steel1/im_val_cut10-400-01-V-6mm-4000x07_8_1/x0_y0,Steel1,im_val_cut10-400-01-V-6mm-4000x07,im_val_cut10-400-01-V-6mm-4000x07_8_1.png,0,0,0.045914,train,256,/content/drive/MyDrive/phase11-data/data/Steel1/images/im_val_cut10-400-01-V-6mm-4000x07_8_1.png,/content/drive/MyDrive/phase11-persistent/gt_boundaries/Steel1/im_val_cut10-400-01-V-6mm-4000x07_8_1.png,0,0,256,256,0,0
Steel1/im_val_cut10-400-01-V-6mm-4000x07_8_2/x0_y0,Steel1,im_val_cut10-400-01-V-6mm-4000x07,im_val_cut10-400-01-V-6mm-4000x07_8_2.png,0,0,0.040009,train,256,/content/drive/MyDrive/phase11-data/data/Steel1/images/im_val_cut10-400-01-V-6mm-4000x07_8_2.png,/content/drive/MyDrive/phase11-persistent/gt_boundaries/Steel1/im_val_cut10-400-01-V-6mm-4000x07_8_2.png,0,0,256,256,0,0
Steel1/im_val_cut10-400-01-V-6mm-4000x07_8_3/x0_y0,Steel1,im_val_cut10-400-01-V-6mm-4000x07,im_val_cut10-400-01-V-6mm-4000x07_8_3.png,0,0,0.036453,train,256,/content/drive/MyDrive/phase11-data/data/Steel1/images/im_val_cut10-400-01-V-6mm-4000x07_8_3.png,/content/drive/MyDrive/phase11-persistent/gt_boundaries/Steel1/im_val_cut10-400-01-V-6mm-4000x07_8_3.png,0,0,256,256,0,0
Steel1/im_val_cut10-400-01-V-6mm-4000x07_8_4/x0_y0,Steel1,im_val_cut10-400-01-V-6mm-4000x07,im_val_cut10-400-01-V-6mm-4000x07_8_4.png,0,0,0.042252,train,256,/content/drive/MyDrive/phase11-data/data/Steel1/images/im_val_cut10-400-01-V-6mm-4000x07_8_4.png,/content/drive/MyDrive/phase11-persistent/gt_boundaries/Steel1/im_val_cut10-400-01-V-6mm-4000x07_8_4.png,0,0,256,256,0,0
Steel1/im_val_cut10-400-01-V-6mm-4000x07_8_5/x0_y0,Steel1,im_val_cut10-400-01-V-6mm-4000x07,im_val_cut10-400-01-V-6mm-4000x07_8_5.png,0,0,0.043335,train,256,/content/drive/MyDrive/phase11-data/data/Steel1/images/im_val_cut10-400-01-V-6mm-4000x07_8_5.png,/content/drive/MyDrive/phase11-persistent/gt_boundaries/Steel1/im_val_cut10-400-01-V-6mm-4000x07_8_5.png,0,0,256,256,0,0
Steel1/im_val_cut10-400-01-V-6mm-4000x07_8_6/x0_y0,Steel1,im_val_cut10-400-01-V-6mm-4000x07,im_val_cut10-400-01-V-6mm-4000x07_8_6.png,0,0,0.048676,train,256,/content/drive/MyDrive/phase11-data/data/Steel1/images/im_val_cut10-400-01-V-6mm-4000x07_8_6.png,/content/drive/MyDrive/phase11-persistent/gt_boundaries/Steel1/im_val_cut10-400-01-V-6mm-4000x07_8_6.png,0,0,256,256,0,0
Steel1/im_val_cut10-400-01-V-6mm-4000x08_1_1/x0_y0,Steel1,im_val_cut10-400-01-V-6mm-4000x08,im_val_cut10-400-01-V-6mm-4000x08_1_1.png,0,0,0.035355,train,256,/content/drive/MyDrive/phase11-data/data/Steel1/images/im_val_cut10-400-01-V-6mm-4000x08_1_1.png,/content/drive/MyDrive/phase11-persistent/gt_boundaries/Steel1/im_val_cut10-400-01-V-6mm-4000x08_1_1.png,0,0,256,256,0,0
Steel1/im_val_cut10-400-01-V-6mm-4000x08_1_2/x0_y0,Steel1,im_val_cut10-400-01-V-6mm-4000x08,im_val_cut10-400-01-V-6mm-4000x08_1_2.png,0,0,0.037857,train,256,/content/drive/MyDrive/phase11-data/data/Steel1/images/im_val_cut10-400-01-V-6mm-4000x08_1_2.png,/content/drive/MyDrive/phase11-persistent/gt_boundaries/Steel1/im_val_cut10-400-01-V-6mm-4000x08_1_2.png,0,0,256,256,0,0
Steel1/im_val_cut10-400-01-V-6mm-4000x08_1_3/x0_y0,Steel1,im_val_cut10-400-01-V-6mm-4000x08,im_val_cut10-400-01-V-6mm-4000x08_1_3.png,0,0,0.045456,train,256,/content/drive/MyDrive/phase11-data/data/Steel1/images/im_val_cut10-400-01-V-6mm-4000x08_1_3.png,/content/drive/MyDrive/phase11-persistent/gt_boundaries/Steel1/im_val_cut10-400-01-V-6mm-4000x08_1_3.png,0,0,256,256,0,0
Steel1/im_val_cut10-400-01-V-6mm-4000x08_1_4/x0_y0,Steel1,im_val_cut10-400-01-V-6mm-4000x08,im_val_cut10-400-01-V-6mm-4000x08_1_4.png,0,0,0.036865,train,256,/content/drive/MyDrive/phase11-data/data/Steel1/images/im_val_cut10-400-01-V-6mm-4000x08_1_4.png,/content/drive/MyDrive/phase11-persistent/gt_boundaries/Steel1/im_val_cut10-400-01-V-6mm-4000x08_1_4.png,0,0,256,256,0,0
Steel1/im_val_cut10-400-01-V-6mm-4000x08_1_5/x0_y0,Steel1,im_val_cut10-400-01-V-6mm-4000x08,im_val_cut10-400-01-V-6mm-4000x08_1_5.png,0,0,0.040359,train,256,/content/drive/MyDrive/phase11-data/data/Steel1/images/im_val_cut10-400-01-V-6mm-4000x08_1_5.png,/content/drive/MyDrive/phase11-persistent/gt_boundaries/Steel1/im_val_cut10-400-01-V-6mm-4000x08_1_5.png,0,0,256,256,0,0
Steel1/im_val_cut10-400-01-V-6mm-4000x08_1_6/x0_y0,Steel1,im_val_cut10-400-01-V-6mm-4000x08,im_val_cut10-400-01-V-6mm-4000x08_1_6.png,0,0,0.033691,train,256,/content/drive/MyDrive/phase11-data/data/Steel1/images/im_val_cut10-400-01-V-6mm-4000x08_1_6.png,/content/drive/MyDrive/phase11-persistent/gt_boundaries/Steel1/im_val_cut10-400-01-V-6mm-4000x08_1_6.png,0,0,256,256,0,0
Steel1/im_val_cut10-400-01-V-6mm-4000x08_2_1/x0_y0,Steel1,im_val_cut10-400-01-V-6mm-4000x08,im_val_cut10-400-01-V-6mm-4000x08_2_1.png,0,0,0.012909,train,256,/content/drive/MyDrive/phase11-data/data/Steel1/images/im_val_cut10-400-01-V-6mm-4000x08_2_1.png,/content/drive/MyDrive/phase11-persistent/gt_boundaries/Steel1/im_val_cut10-400-01-V-6mm-4000x08_2_1.png,0,0,256,256,0,0
Steel1/im_val_cut10-400-01-V-6mm-4000x08_2_2/x0_y0,Steel1,im_val_cut10-400-01-V-6mm-4000x08,im_val_cut10-400-01-V-6mm-4000x08_2_2.png,0,0,0.037399,train,256,/content/drive/MyDrive/phase11-data/data/Steel1/images/im_val_cut10-400-01-V-6mm-4000x08_2_2.png,/content/drive/MyDrive/phase11-persistent/gt_boundaries/Steel1/im_val_cut10-400-01-V-6mm-4000x08_2_2.png,0,0,256,256,0,0
Steel1/im_val_cut10-400-01-V-6mm-4000x08_2_3/x0_y0,Steel1,im_val_cut10-400-01-V-6mm-4000x08,im_val_cut10-400-01-V-6mm-4000x08_2_3.png,0,0,0.049133,train,256,/content/drive/MyDrive/phase11-data/data/Steel1/images/im_val_cut10-400-01-V-6mm-4000x08_2_3.png,/content/drive/MyDrive/phase11-persistent/gt_boundaries/Steel1/im_val_cut10-400-01-V-6mm-4000x08_2_3.png,0,0,256,256,0,0
Steel1/im_val_cut10-400-01-V-6mm-4000x08_2_4/x0_y0,Steel1,im_val_cut10-400-01-V-6mm-4000x08,im_val_cut10-400-01-V-6mm-4000x08_2_4.png,0,0,0.04097,train,256,/content/drive/MyDrive/phase11-data/data/Steel1/images/im_val_cut10-400-01-V-6mm-4000x08_2_4.png,/content/drive/MyDrive/phase11-persistent/gt_boundaries/Steel1/im_val_cut10-400-01-V-6mm-4000x08_2_4.png,0,0,256,256,0,0
Steel1/im_val_cut10-400-01-V-6mm-4000x08_2_5/x0_y0,Steel1,im_val_cut10-400-01-V-6mm-4000x08,im_val_cut10-400-01-V-6mm-4000x08_2_5.png,0,0,0.029572,train,256,/content/drive/MyDrive/phase11-data/data/Steel1/images/im_val_cut10-400-01-V-6mm-4000x08_2_5.png,/content/drive/MyDrive/phase11-persistent/gt_boundaries/Steel1/im_val_cut10-400-01-V-6mm-4000x08_2_5.png,0,0,256,256,0,0
Steel1/im_val_cut10-400-01-V-6mm-4000x08_2_6/x0_y0,Steel1,im_val_cut10-400-01-V-6mm-4000x08,im_val_cut10-400-01-V-6mm-4000x08_2_6.png,0,0,0.04744,train,256,/content/drive/MyDrive/phase11-data/data/Steel1/images/im_val_cut10-400-01-V-6mm-4000x08_2_6.png,/content/drive/MyDrive/phase11-persistent/gt_boundaries/Steel1/im_val_cut10-400-01-V-6mm-4000x08_2_6.png,0,0,256,256,0,0
Steel1/im_val_cut10-400-01-V-6mm-4000x08_3_1/x0_y0,Steel1,im_val_cut10-400-01-V-6mm-4000x08,im_val_cut10-400-01-V-6mm-4000x08_3_1.png,0,0,0.049164,train,256,/content/drive/MyDrive/phase11-data/data/Steel1/images/im_val_cut10-400-01-V-6mm-4000x08_3_1.png,/content/drive/MyDrive/phase11-persistent/gt_boundaries/Steel1/im_val_cut10-400-01-V-6mm-4000x08_3_1.png,0,0,256,256,0,0
Steel1/im_val_cut10-400-01-V-6mm-4000x08_3_2/x0_y0,Steel1,im_val_cut10-400-01-V-6mm-4000x08,im_val_cut10-400-01-V-6mm-4000x08_3_2.png,0,0,0.029083,train,256,/content/drive/MyDrive/phase11-data/data/Steel1/images/im_val_cut10-400-01-V-6mm-4000x08_3_2.png,/content/drive/MyDrive/phase11-persistent/gt_boundaries/Steel1/im_val_cut10-400-01-V-6mm-4000x08_3_2.png,0,0,256,256,0,0
Steel1/im_val_cut10-400-01-V-6mm-4000x08_3_3/x0_y0,Steel1,im_val_cut10-400-01-V-6mm-4000x08,im_val_cut10-400-01-V-6mm-4000x08_3_3.png,0,0,0.027252,train,256,/content/drive/MyDrive/phase11-data/data/Steel1/images/im_val_cut10-400-01-V-6mm-4000x08_3_3.png,/content/drive/MyDrive/phase11-persistent/gt_boundaries/Steel1/im_val_cut10-400-01-V-6mm-4000x08_3_3.png,0,0,256,256,0,0
Steel1/im_val_cut10-400-01-V-6mm-4000x08_3_4/x0_y0,Steel1,im_val_cut10-400-01-V-6mm-4000x08,im_val_cut10-400-01-V-6mm-4000x08_3_4.png,0,0,0.039444,train,256,/content/drive/MyDrive/phase11-data/data/Steel1/images/im_val_cut10-400-01-V-6mm-4000x08_3_4.png,/content/drive/MyDrive/phase11-persistent/gt_boundaries/Steel1/im_val_cut10-400-01-V-6mm-4000x08_3_4.png,0,0,256,256,0,0
Steel1/im_val_cut10-400-01-V-6mm-4000x08_3_5/x0_y0,Steel1,im_val_cut10-400-01-V-6mm-4000x08,im_val_cut10-400-01-V-6mm-4000x08_3_5.png,0,0,0.037445,train,256,/content/drive/MyDrive/phase11-data/data/Steel1/images/im_val_cut10-400-01-V-6mm-4000x08_3_5.png,/content/drive/MyDrive/phase11-persistent/gt_boundaries/Steel1/im_val_cut10-400-01-V-6mm-4000x08_3_5.png,0,0,256,256,0,0
Steel1/im_val_cut10-400-01-V-6mm-4000x08_3_6/x0_y0,Steel1,im_val_cut10-400-01-V-6mm-4000x08,im_val_cut10-400-01-V-6mm-4000x08_3_6.png,0,0,0.042953,train,256,/content/drive/MyDrive/phase11-data/data/Steel1/images/im_val_cut10-400-01-V-6mm-4000x08_3_6.png,/content/drive/MyDrive/phase11-persistent/gt_boundaries/Steel1/im_val_cut10-400-01-V-6mm-4000x08_3_6.png,0,0,256,256,0,0
Steel1/im_val_cut10-400-01-V-6mm-4000x08_4_1/x0_y0,Steel1,im_val_cut10-400-01-V-6mm-4000x08,im_val_cut10-400-01-V-6mm-4000x08_4_1.png,0,0,0.042007,train,256,/content/drive/MyDrive/phase11-data/data/Steel1/images/im_val_cut10-400-01-V-6mm-4000x08_4_1.png,/content/drive/MyDrive/phase11-persistent/gt_boundaries/Steel1/im_val_cut10-400-01-V-6mm-4000x08_4_1.png,0,0,256,256,0,0
Steel1/im_val_cut10-400-01-V-6mm-4000x08_4_2/x0_y0,Steel1,im_val_cut10-400-01-V-6mm-4000x08,im_val_cut10-400-01-V-6mm-4000x08_4_2.png,0,0,0.060867,train,256,/content/drive/MyDrive/phase11-data/data/Steel1/images/im_val_cut10-400-01-V-6mm-4000x08_4_2.png,/content/drive/MyDrive/phase11-persistent/gt_boundaries/Steel1/im_val_cut10-400-01-V-6mm-4000x08_4_2.png,0,0,256,256,0,0
Steel1/im_val_cut10-400-01-V-6mm-4000x08_4_3/x0_y0,Steel1,im_val_cut10-400-01-V-6mm-4000x08,im_val_cut10-400-01-V-6mm-4000x08_4_3.png,0,0,0.052521,train,256,/content/drive/MyDrive/phase11-data/data/Steel1/images/im_val_cut10-400-01-V-6mm-4000x08_4_3.png,/content/drive/MyDrive/phase11-persistent/gt_boundaries/Steel1/im_val_cut10-400-01-V-6mm-4000x08_4_3.png,0,0,256,256,0,0
Steel1/im_val_cut10-400-01-V-6mm-4000x08_4_4/x0_y0,Steel1,im_val_cut10-400-01-V-6mm-4000x08,im_val_cut10-400-01-V-6mm-4000x08_4_4.png,0,0,0.064331,train,256,/content/drive/MyDrive/phase11-data/data/Steel1/images/im_val_cut10-400-01-V-6mm-4000x08_4_4.png,/content/drive/MyDrive/phase11-persistent/gt_boundaries/Steel1/im_val_cut10-400-01-V-6mm-4000x08_4_4.png,0,0,256,256,0,0
Steel1/im_val_cut10-400-01-V-6mm-4000x08_4_5/x0_y0,Steel1,im_val_cut10-400-01-V-6mm-4000x08,im_val_cut10-400-01-V-6mm-4000x08_4_5.png,0,0,0.056915,train,256,/content/drive/MyDrive/phase11-data/data/Steel1/images/im_val_cut10-400-01-V-6mm-4000x08_4_5.png,/content/drive/MyDrive/phase11-persistent/gt_boundaries/Steel1/im_val_cut10-400-01-V-6mm-4000x08_4_5.png,0,0,256,256,0,0
Steel1/im_val_cut10-400-01-V-6mm-4000x08_4_6/x0_y0,Steel1,im_val_cut10-400-01-V-6mm-4000x08,im_val_cut10-400-01-V-6mm-4000x08_4_6.png,0,0,0.053848,train,256,/content/drive/MyDrive/phase11-data/data/Steel1/images/im_val_cut10-400-01-V-6mm-4000x08_4_6.png,/content/drive/MyDrive/phase11-persistent/gt_boundaries/Steel1/im_val_cut10-400-01-V-6mm-4000x08_4_6.png,0,0,256,256,0,0
Steel1/im_val_cut10-400-01-V-6mm-4000x08_5_1/x0_y0,Steel1,im_val_cut10-400-01-V-6mm-4000x08,im_val_cut10-400-01-V-6mm-4000x08_5_1.png,0,0,0.038406,train,256,/content/drive/MyDrive/phase11-data/data/Steel1/images/im_val_cut10-400-01-V-6mm-4000x08_5_1.png,/content/drive/MyDrive/phase11-persistent/gt_boundaries/Steel1/im_val_cut10-400-01-V-6mm-4000x08_5_1.png,0,0,256,256,0,0
Steel1/im_val_cut10-400-01-V-6mm-4000x08_5_2/x0_y0,Steel1,im_val_cut10-400-01-V-6mm-4000x08,im_val_cut10-400-01-V-6mm-4000x08_5_2.png,0,0,0.057877,train,256,/content/drive/MyDrive/phase11-data/data/Steel1/images/im_val_cut10-400-01-V-6mm-4000x08_5_2.png,/content/drive/MyDrive/phase11-persistent/gt_boundaries/Steel1/im_val_cut10-400-01-V-6mm-4000x08_5_2.png,0,0,256,256,0,0
Steel1/im_val_cut10-400-01-V-6mm-4000x08_5_3/x0_y0,Steel1,im_val_cut10-400-01-V-6mm-4000x08,im_val_cut10-400-01-V-6mm-4000x08_5_3.png,0,0,0.045151,train,256,/content/drive/MyDrive/phase11-data/data/Steel1/images/im_val_cut10-400-01-V-6mm-4000x08_5_3.png,/content/drive/MyDrive/phase11-persistent/gt_boundaries/Steel1/im_val_cut10-400-01-V-6mm-4000x08_5_3.png,0,0,256,256,0,0
Steel1/im_val_cut10-400-01-V-6mm-4000x08_5_4/x0_y0,Steel1,im_val_cut10-400-01-V-6mm-4000x08,im_val_cut10-400-01-V-6mm-4000x08_5_4.png,0,0,0.047073,train,256,/content/drive/MyDrive/phase11-data/data/Steel1/images/im_val_cut10-400-01-V-6mm-4000x08_5_4.png,/content/drive/MyDrive/phase11-persistent/gt_boundaries/Steel1/im_val_cut10-400-01-V-6mm-4000x08_5_4.png,0,0,256,256,0,0
Steel1/im_val_cut10-400-01-V-6mm-4000x08_5_5/x0_y0,Steel1,im_val_cut10-400-01-V-6mm-4000x08,im_val_cut10-400-01-V-6mm-4000x08_5_5.png,0,0,0.056183,train,256,/content/drive/MyDrive/phase11-data/data/Steel1/images/im_val_cut10-400-01-V-6mm-4000x08_5_5.png,/content/drive/MyDrive/phase11-persistent/gt_boundaries/Steel1/im_val_cut10-400-01-V-6mm-4000x08_5_5.png,0,0,256,256,0,0
Steel1/im_val_cut10-400-01-V-6mm-4000x08_5_6/x0_y0,Steel1,im_val_cut10-400-01-V-6mm-4000x08,im_val_cut10-400-01-V-6mm-4000x08_5_6.png,0,0,0.047485,train,256,/content/drive/MyDrive/phase11-data/data/Steel1/images/im_val_cut10-400-01-V-6mm-4000x08_5_6.png,/content/drive/MyDrive/phase11-persistent/gt_boundaries/Steel1/im_val_cut10-400-01-V-6mm-4000x08_5_6.png,0,0,256,256,0,0
Steel1/im_val_cut10-400-01-V-6mm-4000x08_6_1/x0_y0,Steel1,im_val_cut10-400-01-V-6mm-4000x08,im_val_cut10-400-01-V-6mm-4000x08_6_1.png,0,0,0.045822,train,256,/content/drive/MyDrive/phase11-data/data/Steel1/images/im_val_cut10-400-01-V-6mm-4000x08_6_1.png,/content/drive/MyDrive/phase11-persistent/gt_boundaries/Steel1/im_val_cut10-400-01-V-6mm-4000x08_6_1.png,0,0,256,256,0,0
Steel1/im_val_cut10-400-01-V-6mm-4000x08_6_2/x0_y0,Steel1,im_val_cut10-400-01-V-6mm-4000x08,im_val_cut10-400-01-V-6mm-4000x08_6_2.png,0,0,0.020126,train,256,/content/drive/MyDrive/phase11-data/data/Steel1/images/im_val_cut10-400-01-V-6mm-4000x08_6_2.png,/content/drive/MyDrive/phase11-persistent/gt_boundaries/Steel1/im_val_cut10-400-01-V-6mm-4000x08_6_2.png,0,0,256,256,0,0
Steel1/im_val_cut10-400-01-V-6mm-4000x08_6_3/x0_y0,Steel1,im_val_cut10-400-01-V-6mm-4000x08,im_val_cut10-400-01-V-6mm-4000x08_6_3.png,0,0,0.043335,train,256,/content/drive/MyDrive/phase11-data/data/Steel1/images/im_val_cut10-400-01-V-6mm-4000x08_6_3.png,/content/drive/MyDrive/phase11-persistent/gt_boundaries/Steel1/im_val_cut10-400-01-V-6mm-4000x08_6_3.png,0,0,256,256,0,0
Steel1/im_val_cut10-400-01-V-6mm-4000x08_6_4/x0_y0,Steel1,im_val_cut10-400-01-V-6mm-4000x08,im_val_cut10-400-01-V-6mm-4000x08_6_4.png,0,0,0.052444,train,256,/content/drive/MyDrive/phase11-data/data/Steel1/images/im_val_cut10-400-01-V-6mm-4000x08_6_4.png,/content/drive/MyDrive/phase11-persistent/gt_boundaries/Steel1/im_val_cut10-400-01-V-6mm-4000x08_6_4.png,0,0,256,256,0,0
Steel1/im_val_cut10-400-01-V-6mm-4000x08_6_5/x0_y0,Steel1,im_val_cut10-400-01-V-6mm-4000x08,im_val_cut10-400-01-V-6mm-4000x08_6_5.png,0,0,0.040054,train,256,/content/drive/MyDrive/phase11-data/data/Steel1/images/im_val_cut10-400-01-V-6mm-4000x08_6_5.png,/content/drive/MyDrive/phase11-persistent/gt_boundaries/Steel1/im_val_cut10-400-01-V-6mm-4000x08_6_5.png,0,0,256,256,0,0
Steel1/im_val_cut10-400-01-V-6mm-4000x08_6_6/x0_y0,Steel1,im_val_cut10-400-01-V-6mm-4000x08,im_val_cut10-400-01-V-6mm-4000x08_6_6.png,0,0,0.049057,train,256,/content/drive/MyDrive/phase11-data/data/Steel1/images/im_val_cut10-400-01-V-6mm-4000x08_6_6.png,/content/drive/MyDrive/phase11-persistent/gt_boundaries/Steel1/im_val_cut10-400-01-V-6mm-4000x08_6_6.png,0,0,256,256,0,0
Steel1/im_val_cut10-400-01-V-6mm-4000x08_7_1/x0_y0,Steel1,im_val_cut10-400-01-V-6mm-4000x08,im_val_cut10-400-01-V-6mm-4000x08_7_1.png,0,0,0.05748,train,256,/content/drive/MyDrive/phase11-data/data/Steel1/images/im_val_cut10-400-01-V-6mm-4000x08_7_1.png,/content/drive/MyDrive/phase11-persistent/gt_boundaries/Steel1/im_val_cut10-400-01-V-6mm-4000x08_7_1.png,0,0,256,256,0,0
Steel1/im_val_cut10-400-01-V-6mm-4000x08_7_2/x0_y0,Steel1,im_val_cut10-400-01-V-6mm-4000x08,im_val_cut10-400-01-V-6mm-4000x08_7_2.png,0,0,0.037033,train,256,/content/drive/MyDrive/phase11-data/data/Steel1/images/im_val_cut10-400-01-V-6mm-4000x08_7_2.png,/content/drive/MyDrive/phase11-persistent/gt_boundaries/Steel1/im_val_cut10-400-01-V-6mm-4000x08_7_2.png,0,0,256,256,0,0
Steel1/im_val_cut10-400-01-V-6mm-4000x08_7_3/x0_y0,Steel1,im_val_cut10-400-01-V-6mm-4000x08,im_val_cut10-400-01-V-6mm-4000x08_7_3.png,0,0,0.049728,train,256,/content/drive/MyDrive/phase11-data/data/Steel1/images/im_val_cut10-400-01-V-6mm-4000x08_7_3.png,/content/drive/MyDrive/phase11-persistent/gt_boundaries/Steel1/im_val_cut10-400-01-V-6mm-4000x08_7_3.png,0,0,256,256,0,0
Steel1/im_val_cut10-400-01-V-6mm-4000x08_7_4/x0_y0,Steel1,im_val_cut10-400-01-V-6mm-4000x08,im_val_cut10-400-01-V-6mm-4000x08_7_4.png,0,0,0.046829,train,256,/content/drive/MyDrive/phase11-data/data/Steel1/images/im_val_cut10-400-01-V-6mm-4000x08_7_4.png,/content/drive/MyDrive/phase11-persistent/gt_boundaries/Steel1/im_val_cut10-400-01-V-6mm-4000x08_7_4.png,0,0,256,256,0,0
Steel1/im_val_cut10-400-01-V-6mm-4000x08_7_5/x0_y0,Steel1,im_val_cut10-400-01-V-6mm-4000x08,im_val_cut10-400-01-V-6mm-4000x08_7_5.png,0,0,0.027145,train,256,/content/drive/MyDrive/phase11-data/data/Steel1/images/im_val_cut10-400-01-V-6mm-4000x08_7_5.png,/content/drive/MyDrive/phase11-persistent/gt_boundaries/Steel1/im_val_cut10-400-01-V-6mm-4000x08_7_5.png,0,0,256,256,0,0
Steel1/im_val_cut10-400-01-V-6mm-4000x08_7_6/x0_y0,Steel1,im_val_cut10-400-01-V-6mm-4000x08,im_val_cut10-400-01-V-6mm-4000x08_7_6.png,0,0,0.042755,train,256,/content/drive/MyDrive/phase11-data/data/Steel1/images/im_val_cut10-400-01-V-6mm-4000x08_7_6.png,/content/drive/MyDrive/phase11-persistent/gt_boundaries/Steel1/im_val_cut10-400-01-V-6mm-4000x08_7_6.png,0,0,256,256,0,0
Steel1/im_val_cut10-400-01-V-6mm-4000x08_8_1/x0_y0,Steel1,im_val_cut10-400-01-V-6mm-4000x08,im_val_cut10-400-01-V-6mm-4000x08_8_1.png,0,0,0.043762,train,256,/content/drive/MyDrive/phase11-data/data/Steel1/images/im_val_cut10-400-01-V-6mm-4000x08_8_1.png,/content/drive/MyDrive/phase11-persistent/gt_boundaries/Steel1/im_val_cut10-400-01-V-6mm-4000x08_8_1.png,0,0,256,256,0,0
Steel1/im_val_cut10-400-01-V-6mm-4000x08_8_2/x0_y0,Steel1,im_val_cut10-400-01-V-6mm-4000x08,im_val_cut10-400-01-V-6mm-4000x08_8_2.png,0,0,0.048279,train,256,/content/drive/MyDrive/phase11-data/data/Steel1/images/im_val_cut10-400-01-V-6mm-4000x08_8_2.png,/content/drive/MyDrive/phase11-persistent/gt_boundaries/Steel1/im_val_cut10-400-01-V-6mm-4000x08_8_2.png,0,0,256,256,0,0
Steel1/im_val_cut10-400-01-V-6mm-4000x08_8_3/x0_y0,Steel1,im_val_cut10-400-01-V-6mm-4000x08,im_val_cut10-400-01-V-6mm-4000x08_8_3.png,0,0,0.061768,train,256,/content/drive/MyDrive/phase11-data/data/Steel1/images/im_val_cut10-400-01-V-6mm-4000x08_8_3.png,/content/drive/MyDrive/phase11-persistent/gt_boundaries/Steel1/im_val_cut10-400-01-V-6mm-4000x08_8_3.png,0,0,256,256,0,0
Steel1/im_val_cut10-400-01-V-6mm-4000x08_8_4/x0_y0,Steel1,im_val_cut10-400-01-V-6mm-4000x08,im_val_cut10-400-01-V-6mm-4000x08_8_4.png,0,0,0.061646,train,256,/content/drive/MyDrive/phase11-data/data/Steel1/images/im_val_cut10-400-01-V-6mm-4000x08_8_4.png,/content/drive/MyDrive/phase11-persistent/gt_boundaries/Steel1/im_val_cut10-400-01-V-6mm-4000x08_8_4.png,0,0,256,256,0,0
Steel1/im_val_cut10-400-01-V-6mm-4000x08_8_5/x0_y0,Steel1,im_val_cut10-400-01-V-6mm-4000x08,im_val_cut10-400-01-V-6mm-4000x08_8_5.png,0,0,0.045059,train,256,/content/drive/MyDrive/phase11-data/data/Steel1/images/im_val_cut10-400-01-V-6mm-4000x08_8_5.png,/content/drive/MyDrive/phase11-persistent/gt_boundaries/Steel1/im_val_cut10-400-01-V-6mm-4000x08_8_5.png,0,0,256,256,0,0
Steel1/im_val_cut10-400-01-V-6mm-4000x08_8_6/x0_y0,Steel1,im_val_cut10-400-01-V-6mm-4000x08,im_val_cut10-400-01-V-6mm-4000x08_8_6.png,0,0,0.033813,train,256,/content/drive/MyDrive/phase11-data/data/Steel1/images/im_val_cut10-400-01-V-6mm-4000x08_8_6.png,/content/drive/MyDrive/phase11-persistent/gt_boundaries/Steel1/im_val_cut10-400-01-V-6mm-4000x08_8_6.png,0,0,256,256,0,0
Steel1/im_val_cut10-400-01-V-9mm-4000x12_1_1/x0_y0,Steel1,im_val_cut10-400-01-V-9mm-4000x12,im_val_cut10-400-01-V-9mm-4000x12_1_1.png,0,0,0.03598,val,256,/content/drive/MyDrive/phase11-data/data/Steel1/images/im_val_cut10-400-01-V-9mm-4000x12_1_1.png,/content/drive/MyDrive/phase11-persistent/gt_boundaries/Steel1/im_val_cut10-400-01-V-9mm-4000x12_1_1.png,0,0,256,256,0,0
Steel1/im_val_cut10-400-01-V-9mm-4000x12_1_2/x0_y0,Steel1,im_val_cut10-400-01-V-9mm-4000x12,im_val_cut10-400-01-V-9mm-4000x12_1_2.png,0,0,0.040543,val,256,/content/drive/MyDrive/phase11-data/data/Steel1/images/im_val_cut10-400-01-V-9mm-4000x12_1_2.png,/content/drive/MyDrive/phase11-persistent/gt_boundaries/Steel1/im_val_cut10-400-01-V-9mm-4000x12_1_2.png,0,0,256,256,0,0
Steel1/im_val_cut10-400-01-V-9mm-4000x12_1_3/x0_y0,Steel1,im_val_cut10-400-01-V-9mm-4000x12,im_val_cut10-400-01-V-9mm-4000x12_1_3.png,0,0,0.053452,val,256,/content/drive/MyDrive/phase11-data/data/Steel1/images/im_val_cut10-400-01-V-9mm-4000x12_1_3.png,/content/drive/MyDrive/phase11-persistent/gt_boundaries/Steel1/im_val_cut10-400-01-V-9mm-4000x12_1_3.png,0,0,256,256,0,0
Steel1/im_val_cut10-400-01-V-9mm-4000x12_1_4/x0_y0,Steel1,im_val_cut10-400-01-V-9mm-4000x12,im_val_cut10-400-01-V-9mm-4000x12_1_4.png,0,0,0.067917,val,256,/content/drive/MyDrive/phase11-data/data/Steel1/images/im_val_cut10-400-01-V-9mm-4000x12_1_4.png,/content/drive/MyDrive/phase11-persistent/gt_boundaries/Steel1/im_val_cut10-400-01-V-9mm-4000x12_1_4.png,0,0,256,256,0,0
Steel1/im_val_cut10-400-01-V-9mm-4000x12_1_5/x0_y0,Steel1,im_val_cut10-400-01-V-9mm-4000x12,im_val_cut10-400-01-V-9mm-4000x12_1_5.png,0,0,0.038361,val,256,/content/drive/MyDrive/phase11-data/data/Steel1/images/im_val_cut10-400-01-V-9mm-4000x12_1_5.png,/content/drive/MyDrive/phase11-persistent/gt_boundaries/Steel1/im_val_cut10-400-01-V-9mm-4000x12_1_5.png,0,0,256,256,0,0
Steel1/im_val_cut10-400-01-V-9mm-4000x12_1_6/x0_y0,Steel1,im_val_cut10-400-01-V-9mm-4000x12,im_val_cut10-400-01-V-9mm-4000x12_1_6.png,0,0,0.054306,val,256,/content/drive/MyDrive/phase11-data/data/Steel1/images/im_val_cut10-400-01-V-9mm-4000x12_1_6.png,/content/drive/MyDrive/phase11-persistent/gt_boundaries/Steel1/im_val_cut10-400-01-V-9mm-4000x12_1_6.png,0,0,256,256,0,0
Steel1/im_val_cut10-400-01-V-9mm-4000x12_2_1/x0_y0,Steel1,im_val_cut10-400-01-V-9mm-4000x12,im_val_cut10-400-01-V-9mm-4000x12_2_1.png,0,0,0.046661,val,256,/content/drive/MyDrive/phase11-data/data/Steel1/images/im_val_cut10-400-01-V-9mm-4000x12_2_1.png,/content/drive/MyDrive/phase11-persistent/gt_boundaries/Steel1/im_val_cut10-400-01-V-9mm-4000x12_2_1.png,0,0,256,256,0,0
Steel1/im_val_cut10-400-01-V-9mm-4000x12_2_2/x0_y0,Steel1,im_val_cut10-400-01-V-9mm-4000x12,im_val_cut10-400-01-V-9mm-4000x12_2_2.png,0,0,0.03688,val,256,/content/drive/MyDrive/phase11-data/data/Steel1/images/im_val_cut10-400-01-V-9mm-4000x12_2_2.png,/content/drive/MyDrive/phase11-persistent/gt_boundaries/Steel1/im_val_cut10-400-01-V-9mm-4000x12_2_2.png,0,0,256,256,0,0
Steel1/im_val_cut10-400-01-V-9mm-4000x12_2_3/x0_y0,Steel1,im_val_cut10-400-01-V-9mm-4000x12,im_val_cut10-400-01-V-9mm-4000x12_2_3.png,0,0,0.053406,val,256,/content/drive/MyDrive/phase11-data/data/Steel1/images/im_val_cut10-400-01-V-9mm-4000x12_2_3.png,/content/drive/MyDrive/phase11-persistent/gt_boundaries/Steel1/im_val_cut10-400-01-V-9mm-4000x12_2_3.png,0,0,256,256,0,0
Steel1/im_val_cut10-400-01-V-9mm-4000x12_2_4/x0_y0,Steel1,im_val_cut10-400-01-V-9mm-4000x12,im_val_cut10-400-01-V-9mm-4000x12_2_4.png,0,0,0.042908,val,256,/content/drive/MyDrive/phase11-data/data/Steel1/images/im_val_cut10-400-01-V-9mm-4000x12_2_4.png,/content/drive/MyDrive/phase11-persistent/gt_boundaries/Steel1/im_val_cut10-400-01-V-9mm-4000x12_2_4.png,0,0,256,256,0,0
Steel1/im_val_cut10-400-01-V-9mm-4000x12_2_5/x0_y0,Steel1,im_val_cut10-400-01-V-9mm-4000x12,im_val_cut10-400-01-V-9mm-4000x12_2_5.png,0,0,0.03096,val,256,/content/drive/MyDrive/phase11-data/data/Steel1/images/im_val_cut10-400-01-V-9mm-4000x12_2_5.png,/content/drive/MyDrive/phase11-persistent/gt_boundaries/Steel1/im_val_cut10-400-01-V-9mm-4000x12_2_5.png,0,0,256,256,0,0
Steel1/im_val_cut10-400-01-V-9mm-4000x12_2_6/x0_y0,Steel1,im_val_cut10-400-01-V-9mm-4000x12,im_val_cut10-400-01-V-9mm-4000x12_2_6.png,0,0,0.048157,val,256,/content/drive/MyDrive/phase11-data/data/Steel1/images/im_val_cut10-400-01-V-9mm-4000x12_2_6.png,/content/drive/MyDrive/phase11-persistent/gt_boundaries/Steel1/im_val_cut10-400-01-V-9mm-4000x12_2_6.png,0,0,256,256,0,0
Steel1/im_val_cut10-400-01-V-9mm-4000x12_3_1/x0_y0,Steel1,im_val_cut10-400-01-V-9mm-4000x12,im_val_cut10-400-01-V-9mm-4000x12_3_1.png,0,0,0.039459,val,256,/content/drive/MyDrive/phase11-data/data/Steel1/images/im_val_cut10-400-01-V-9mm-4000x12_3_1.png,/content/drive/MyDrive/phase11-persistent/gt_boundaries/Steel1/im_val_cut10-400-01-V-9mm-4000x12_3_1.png,0,0,256,256,0,0
Steel1/im_val_cut10-400-01-V-9mm-4000x12_3_2/x0_y0,Steel1,im_val_cut10-400-01-V-9mm-4000x12,im_val_cut10-400-01-V-9mm-4000x12_3_2.png,0,0,0.044556,val,256,/content/drive/MyDrive/phase11-data/data/Steel1/images/im_val_cut10-400-01-V-9mm-4000x12_3_2.png,/content/drive/MyDrive/phase11-persistent/gt_boundaries/Steel1/im_val_cut10-400-01-V-9mm-4000x12_3_2.png,0,0,256,256,0,0
Steel1/im_val_cut10-400-01-V-9mm-4000x12_3_3/x0_y0,Steel1,im_val_cut10-400-01-V-9mm-4000x12,im_val_cut10-400-01-V-9mm-4000x12_3_3.png,0,0,0.040497,val,256,/content/drive/MyDrive/phase11-data/data/Steel1/images/im_val_cut10-400-01-V-9mm-4000x12_3_3.png,/content/drive/MyDrive/phase11-persistent/gt_boundaries/Steel1/im_val_cut10-400-01-V-9mm-4000x12_3_3.png,0,0,256,256,0,0
Steel1/im_val_cut10-400-01-V-9mm-4000x12_3_4/x0_y0,Steel1,im_val_cut10-400-01-V-9mm-4000x12,im_val_cut10-400-01-V-9mm-4000x12_3_4.png,0,0,0.019379,val,256,/content/drive/MyDrive/phase11-data/data/Steel1/images/im_val_cut10-400-01-V-9mm-4000x12_3_4.png,/content/drive/MyDrive/phase11-persistent/gt_boundaries/Steel1/im_val_cut10-400-01-V-9mm-4000x12_3_4.png,0,0,256,256,0,0
Steel1/im_val_cut10-400-01-V-9mm-4000x12_3_5/x0_y0,Steel1,im_val_cut10-400-01-V-9mm-4000x12,im_val_cut10-400-01-V-9mm-4000x12_3_5.png,0,0,0.061279,val,256,/content/drive/MyDrive/phase11-data/data/Steel1/images/im_val_cut10-400-01-V-9mm-4000x12_3_5.png,/content/drive/MyDrive/phase11-persistent/gt_boundaries/Steel1/im_val_cut10-400-01-V-9mm-4000x12_3_5.png,0,0,256,256,0,0
Steel1/im_val_cut10-400-01-V-9mm-4000x12_3_6/x0_y0,Steel1,im_val_cut10-400-01-V-9mm-4000x12,im_val_cut10-400-01-V-9mm-4000x12_3_6.png,0,0,0.029572,val,256,/content/drive/MyDrive/phase11-data/data/Steel1/images/im_val_cut10-400-01-V-9mm-4000x12_3_6.png,/content/drive/MyDrive/phase11-persistent/gt_boundaries/Steel1/im_val_cut10-400-01-V-9mm-4000x12_3_6.png,0,0,256,256,0,0
Steel1/im_val_cut10-400-01-V-9mm-4000x12_4_1/x0_y0,Steel1,im_val_cut10-400-01-V-9mm-4000x12,im_val_cut10-400-01-V-9mm-4000x12_4_1.png,0,0,0.040329,val,256,/content/drive/MyDrive/phase11-data/data/Steel1/images/im_val_cut10-400-01-V-9mm-4000x12_4_1.png,/content/drive/MyDrive/phase11-persistent/gt_boundaries/Steel1/im_val_cut10-400-01-V-9mm-4000x12_4_1.png,0,0,256,256,0,0
Steel1/im_val_cut10-400-01-V-9mm-4000x12_4_2/x0_y0,Steel1,im_val_cut10-400-01-V-9mm-4000x12,im_val_cut10-400-01-V-9mm-4000x12_4_2.png,0,0,0.05481,val,256,/content/drive/MyDrive/phase11-data/data/Steel1/images/im_val_cut10-400-01-V-9mm-4000x12_4_2.png,/content/drive/MyDrive/phase11-persistent/gt_boundaries/Steel1/im_val_cut10-400-01-V-9mm-4000x12_4_2.png,0,0,256,256,0,0
Steel1/im_val_cut10-400-01-V-9mm-4000x12_4_3/x0_y0,Steel1,im_val_cut10-400-01-V-9mm-4000x12,im_val_cut10-400-01-V-9mm-4000x12_4_3.png,0,0,0.05928,val,256,/content/drive/MyDrive/phase11-data/data/Steel1/images/im_val_cut10-400-01-V-9mm-4000x12_4_3.png,/content/drive/MyDrive/phase11-persistent/gt_boundaries/Steel1/im_val_cut10-400-01-V-9mm-4000x12_4_3.png,0,0,256,256,0,0
Steel1/im_val_cut10-400-01-V-9mm-4000x12_4_4/x0_y0,Steel1,im_val_cut10-400-01-V-9mm-4000x12,im_val_cut10-400-01-V-9mm-4000x12_4_4.png,0,0,0.039902,val,256,/content/drive/MyDrive/phase11-data/data/Steel1/images/im_val_cut10-400-01-V-9mm-4000x12_4_4.png,/content/drive/MyDrive/phase11-persistent/gt_boundaries/Steel1/im_val_cut10-400-01-V-9mm-4000x12_4_4.png,0,0,256,256,0,0
Steel1/im_val_cut10-400-01-V-9mm-4000x12_4_5/x0_y0,Steel1,im_val_cut10-400-01-V-9mm-4000x12,im_val_cut10-400-01-V-9mm-4000x12_4_5.png,0,0,0.029099,val,256,/content/drive/MyDrive/phase11-data/data/Steel1/images/im_val_cut10-400-01-V-9mm-4000x12_4_5.png,/content/drive/MyDrive/phase11-persistent/gt_boundaries/Steel1/im_val_cut10-400-01-V-9mm-4000x12_4_5.png,0,0,256,256,0,0
Steel1/im_val_cut10-400-01-V-9mm-4000x12_4_6/x0_y0,Steel1,im_val_cut10-400-01-V-9mm-4000x12,im_val_cut10-400-01-V-9mm-4000x12_4_6.png,0,0,0.037857,val,256,/content/drive/MyDrive/phase11-data/data/Steel1/images/im_val_cut10-400-01-V-9mm-4000x12_4_6.png,/content/drive/MyDrive/phase11-persistent/gt_boundaries/Steel1/im_val_cut10-400-01-V-9mm-4000x12_4_6.png,0,0,256,256,0,0
Steel1/im_val_cut10-400-01-V-9mm-4000x12_5_1/x0_y0,Steel1,im_val_cut10-400-01-V-9mm-4000x12,im_val_cut10-400-01-V-9mm-4000x12_5_1.png,0,0,0.015701,val,256,/content/drive/MyDrive/phase11-data/data/Steel1/images/im_val_cut10-400-01-V-9mm-4000x12_5_1.png,/content/drive/MyDrive/phase11-persistent/gt_boundaries/Steel1/im_val_cut10-400-01-V-9mm-4000x12_5_1.png,0,0,256,256,0,0
Steel1/im_val_cut10-400-01-V-9mm-4000x12_5_2/x0_y0,Steel1,im_val_cut10-400-01-V-9mm-4000x12,im_val_cut10-400-01-V-9mm-4000x12_5_2.png,0,0,0.018936,val,256,/content/drive/MyDrive/phase11-data/data/Steel1/images/im_val_cut10-400-01-V-9mm-4000x12_5_2.png,/content/drive/MyDrive/phase11-persistent/gt_boundaries/Steel1/im_val_cut10-400-01-V-9mm-4000x12_5_2.png,0,0,256,256,0,0
Steel1/im_val_cut10-400-01-V-9mm-4000x12_5_3/x0_y0,Steel1,im_val_cut10-400-01-V-9mm-4000x12,im_val_cut10-400-01-V-9mm-4000x12_5_3.png,0,0,0.043427,val,256,/content/drive/MyDrive/phase11-data/data/Steel1/images/im_val_cut10-400-01-V-9mm-4000x12_5_3.png,/content/drive/MyDrive/phase11-persistent/gt_boundaries/Steel1/im_val_cut10-400-01-V-9mm-4000x12_5_3.png,0,0,256,256,0,0
Steel1/im_val_cut10-400-01-V-9mm-4000x12_5_4/x0_y0,Steel1,im_val_cut10-400-01-V-9mm-4000x12,im_val_cut10-400-01-V-9mm-4000x12_5_4.png,0,0,0.052551,val,256,/content/drive/MyDrive/phase11-data/data/Steel1/images/im_val_cut10-400-01-V-9mm-4000x12_5_4.png,/content/drive/MyDrive/phase11-persistent/gt_boundaries/Steel1/im_val_cut10-400-01-V-9mm-4000x12_5_4.png,0,0,256,256,0,0
Steel1/im_val_cut10-400-01-V-9mm-4000x12_5_5/x0_y0,Steel1,im_val_cut10-400-01-V-9mm-4000x12,im_val_cut10-400-01-V-9mm-4000x12_5_5.png,0,0,0.052338,val,256,/content/drive/MyDrive/phase11-data/data/Steel1/images/im_val_cut10-400-01-V-9mm-4000x12_5_5.png,/content/drive/MyDrive/phase11-persistent/gt_boundaries/Steel1/im_val_cut10-400-01-V-9mm-4000x12_5_5.png,0,0,256,256,0,0
Steel1/im_val_cut10-400-01-V-9mm-4000x12_5_6/x0_y0,Steel1,im_val_cut10-400-01-V-9mm-4000x12,im_val_cut10-400-01-V-9mm-4000x12_5_6.png,0,0,0.050659,val,256,/content/drive/MyDrive/phase11-data/data/Steel1/images/im_val_cut10-400-01-V-9mm-4000x12_5_6.png,/content/drive/MyDrive/phase11-persistent/gt_boundaries/Steel1/im_val_cut10-400-01-V-9mm-4000x12_5_6.png,0,0,256,256,0,0
Steel1/im_val_cut10-400-01-V-9mm-4000x12_6_1/x0_y0,Steel1,im_val_cut10-400-01-V-9mm-4000x12,im_val_cut10-400-01-V-9mm-4000x12_6_1.png,0,0,0.0401,val,256,/content/drive/MyDrive/phase11-data/data/Steel1/images/im_val_cut10-400-01-V-9mm-4000x12_6_1.png,/content/drive/MyDrive/phase11-persistent/gt_boundaries/Steel1/im_val_cut10-400-01-V-9mm-4000x12_6_1.png,0,0,256,256,0,0
Steel1/im_val_cut10-400-01-V-9mm-4000x12_6_2/x0_y0,Steel1,im_val_cut10-400-01-V-9mm-4000x12,im_val_cut10-400-01-V-9mm-4000x12_6_2.png,0,0,0.052597,val,256,/content/drive/MyDrive/phase11-data/data/Steel1/images/im_val_cut10-400-01-V-9mm-4000x12_6_2.png,/content/drive/MyDrive/phase11-persistent/gt_boundaries/Steel1/im_val_cut10-400-01-V-9mm-4000x12_6_2.png,0,0,256,256,0,0
Steel1/im_val_cut10-400-01-V-9mm-4000x12_6_3/x0_y0,Steel1,im_val_cut10-400-01-V-9mm-4000x12,im_val_cut10-400-01-V-9mm-4000x12_6_3.png,0,0,0.057373,val,256,/content/drive/MyDrive/phase11-data/data/Steel1/images/im_val_cut10-400-01-V-9mm-4000x12_6_3.png,/content/drive/MyDrive/phase11-persistent/gt_boundaries/Steel1/im_val_cut10-400-01-V-9mm-4000x12_6_3.png,0,0,256,256,0,0
Steel1/im_val_cut10-400-01-V-9mm-4000x12_6_4/x0_y0,Steel1,im_val_cut10-400-01-V-9mm-4000x12,im_val_cut10-400-01-V-9mm-4000x12_6_4.png,0,0,0.061325,val,256,/content/drive/MyDrive/phase11-data/data/Steel1/images/im_val_cut10-400-01-V-9mm-4000x12_6_4.png,/content/drive/MyDrive/phase11-persistent/gt_boundaries/Steel1/im_val_cut10-400-01-V-9mm-4000x12_6_4.png,0,0,256,256,0,0
Steel1/im_val_cut10-400-01-V-9mm-4000x12_6_5/x0_y0,Steel1,im_val_cut10-400-01-V-9mm-4000x12,im_val_cut10-400-01-V-9mm-4000x12_6_5.png,0,0,0.042694,val,256,/content/drive/MyDrive/phase11-data/data/Steel1/images/im_val_cut10-400-01-V-9mm-4000x12_6_5.png,/content/drive/MyDrive/phase11-persistent/gt_boundaries/Steel1/im_val_cut10-400-01-V-9mm-4000x12_6_5.png,0,0,256,256,0,0
Steel1/im_val_cut10-400-01-V-9mm-4000x12_6_6/x0_y0,Steel1,im_val_cut10-400-01-V-9mm-4000x12,im_val_cut10-400-01-V-9mm-4000x12_6_6.png,0,0,0.064621,val,256,/content/drive/MyDrive/phase11-data/data/Steel1/images/im_val_cut10-400-01-V-9mm-4000x12_6_6.png,/content/drive/MyDrive/phase11-persistent/gt_boundaries/Steel1/im_val_cut10-400-01-V-9mm-4000x12_6_6.png,0,0,256,256,0,0
Steel1/im_val_cut10-400-01-V-9mm-4000x12_7_1/x0_y0,Steel1,im_val_cut10-400-01-V-9mm-4000x12,im_val_cut10-400-01-V-9mm-4000x12_7_1.png,0,0,0.029099,val,256,/content/drive/MyDrive/phase11-data/data/Steel1/images/im_val_cut10-400-01-V-9mm-4000x12_7_1.png,/content/drive/MyDrive/phase11-persistent/gt_boundaries/Steel1/im_val_cut10-400-01-V-9mm-4000x12_7_1.png,0,0,256,256,0,0
Steel1/im_val_cut10-400-01-V-9mm-4000x12_7_2/x0_y0,Steel1,im_val_cut10-400-01-V-9mm-4000x12,im_val_cut10-400-01-V-9mm-4000x12_7_2.png,0,0,0.034683,val,256,/content/drive/MyDrive/phase11-data/data/Steel1/images/im_val_cut10-400-01-V-9mm-4000x12_7_2.png,/content/drive/MyDrive/phase11-persistent/gt_boundaries/Steel1/im_val_cut10-400-01-V-9mm-4000x12_7_2.png,0,0,256,256,0,0
Steel1/im_val_cut10-400-01-V-9mm-4000x12_7_3/x0_y0,Steel1,im_val_cut10-400-01-V-9mm-4000x12,im_val_cut10-400-01-V-9mm-4000x12_7_3.png,0,0,0.043701,val,256,/content/drive/MyDrive/phase11-data/data/Steel1/images/im_val_cut10-400-01-V-9mm-4000x12_7_3.png,/content/drive/MyDrive/phase11-persistent/gt_boundaries/Steel1/im_val_cut10-400-01-V-9mm-4000x12_7_3.png,0,0,256,256,0,0
Steel1/im_val_cut10-400-01-V-9mm-4000x12_7_4/x0_y0,Steel1,im_val_cut10-400-01-V-9mm-4000x12,im_val_cut10-400-01-V-9mm-4000x12_7_4.png,0,0,0.041824,val,256,/content/drive/MyDrive/phase11-data/data/Steel1/images/im_val_cut10-400-01-V-9mm-4000x12_7_4.png,/content/drive/MyDrive/phase11-persistent/gt_boundaries/Steel1/im_val_cut10-400-01-V-9mm-4000x12_7_4.png,0,0,256,256,0,0
Steel1/im_val_cut10-400-01-V-9mm-4000x12_7_5/x0_y0,Steel1,im_val_cut10-400-01-V-9mm-4000x12,im_val_cut10-400-01-V-9mm-4000x12_7_5.png,0,0,0.03923,val,256,/content/drive/MyDrive/phase11-data/data/Steel1/images/im_val_cut10-400-01-V-9mm-4000x12_7_5.png,/content/drive/MyDrive/phase11-persistent/gt_boundaries/Steel1/im_val_cut10-400-01-V-9mm-4000x12_7_5.png,0,0,256,256,0,0
Steel1/im_val_cut10-400-01-V-9mm-4000x12_7_6/x0_y0,Steel1,im_val_cut10-400-01-V-9mm-4000x12,im_val_cut10-400-01-V-9mm-4000x12_7_6.png,0,0,0.046799,val,256,/content/drive/MyDrive/phase11-data/data/Steel1/images/im_val_cut10-400-01-V-9mm-4000x12_7_6.png,/content/drive/MyDrive/phase11-persistent/gt_boundaries/Steel1/im_val_cut10-400-01-V-9mm-4000x12_7_6.png,0,0,256,256,0,0
Steel1/im_val_cut10-400-01-V-9mm-4000x12_8_1/x0_y0,Steel1,im_val_cut10-400-01-V-9mm-4000x12,im_val_cut10-400-01-V-9mm-4000x12_8_1.png,0,0,0.034988,val,256,/content/drive/MyDrive/phase11-data/data/Steel1/images/im_val_cut10-400-01-V-9mm-4000x12_8_1.png,/content/drive/MyDrive/phase11-persistent/gt_boundaries/Steel1/im_val_cut10-400-01-V-9mm-4000x12_8_1.png,0,0,256,256,0,0
Steel1/im_val_cut10-400-01-V-9mm-4000x12_8_2/x0_y0,Steel1,im_val_cut10-400-01-V-9mm-4000x12,im_val_cut10-400-01-V-9mm-4000x12_8_2.png,0,0,0.055466,val,256,/content/drive/MyDrive/phase11-data/data/Steel1/images/im_val_cut10-400-01-V-9mm-4000x12_8_2.png,/content/drive/MyDrive/phase11-persistent/gt_boundaries/Steel1/im_val_cut10-400-01-V-9mm-4000x12_8_2.png,0,0,256,256,0,0
Steel1/im_val_cut10-400-01-V-9mm-4000x12_8_3/x0_y0,Steel1,im_val_cut10-400-01-V-9mm-4000x12,im_val_cut10-400-01-V-9mm-4000x12_8_3.png,0,0,0.045334,val,256,/content/drive/MyDrive/phase11-data/data/Steel1/images/im_val_cut10-400-01-V-9mm-4000x12_8_3.png,/content/drive/MyDrive/phase11-persistent/gt_boundaries/Steel1/im_val_cut10-400-01-V-9mm-4000x12_8_3.png,0,0,256,256,0,0
Steel1/im_val_cut10-400-01-V-9mm-4000x12_8_4/x0_y0,Steel1,im_val_cut10-400-01-V-9mm-4000x12,im_val_cut10-400-01-V-9mm-4000x12_8_4.png,0,0,0.056641,val,256,/content/drive/MyDrive/phase11-data/data/Steel1/images/im_val_cut10-400-01-V-9mm-4000x12_8_4.png,/content/drive/MyDrive/phase11-persistent/gt_boundaries/Steel1/im_val_cut10-400-01-V-9mm-4000x12_8_4.png,0,0,256,256,0,0
Steel1/im_val_cut10-400-01-V-9mm-4000x12_8_5/x0_y0,Steel1,im_val_cut10-400-01-V-9mm-4000x12,im_val_cut10-400-01-V-9mm-4000x12_8_5.png,0,0,0.055359,val,256,/content/drive/MyDrive/phase11-data/data/Steel1/images/im_val_cut10-400-01-V-9mm-4000x12_8_5.png,/content/drive/MyDrive/phase11-persistent/gt_boundaries/Steel1/im_val_cut10-400-01-V-9mm-4000x12_8_5.png,0,0,256,256,0,0
Steel1/im_val_cut10-400-01-V-9mm-4000x12_8_6/x0_y0,Steel1,im_val_cut10-400-01-V-9mm-4000x12,im_val_cut10-400-01-V-9mm-4000x12_8_6.png,0,0,0.064209,val,256,/content/drive/MyDrive/phase11-data/data/Steel1/images/im_val_cut10-400-01-V-9mm-4000x12_8_6.png,/content/drive/MyDrive/phase11-persistent/gt_boundaries/Steel1/im_val_cut10-400-01-V-9mm-4000x12_8_6.png,0,0,256,256,0,0
Steel1/im_val_cut10_400-H-12mm-4000x14_1_1/x0_y0,Steel1,im_val_cut10_400-H-12mm-4000x14,im_val_cut10_400-H-12mm-4000x14_1_1.png,0,0,0.046127,train,256,/content/drive/MyDrive/phase11-data/data/Steel1/images/im_val_cut10_400-H-12mm-4000x14_1_1.png,/content/drive/MyDrive/phase11-persistent/gt_boundaries/Steel1/im_val_cut10_400-H-12mm-4000x14_1_1.png,0,0,256,256,0,0
Steel1/im_val_cut10_400-H-12mm-4000x14_1_2/x0_y0,Steel1,im_val_cut10_400-H-12mm-4000x14,im_val_cut10_400-H-12mm-4000x14_1_2.png,0,0,0.047714,train,256,/content/drive/MyDrive/phase11-data/data/Steel1/images/im_val_cut10_400-H-12mm-4000x14_1_2.png,/content/drive/MyDrive/phase11-persistent/gt_boundaries/Steel1/im_val_cut10_400-H-12mm-4000x14_1_2.png,0,0,256,256,0,0
Steel1/im_val_cut10_400-H-12mm-4000x14_1_3/x0_y0,Steel1,im_val_cut10_400-H-12mm-4000x14,im_val_cut10_400-H-12mm-4000x14_1_3.png,0,0,0.057846,train,256,/content/drive/MyDrive/phase11-data/data/Steel1/images/im_val_cut10_400-H-12mm-4000x14_1_3.png,/content/drive/MyDrive/phase11-persistent/gt_boundaries/Steel1/im_val_cut10_400-H-12mm-4000x14_1_3.png,0,0,256,256,0,0
Steel1/im_val_cut10_400-H-12mm-4000x14_1_4/x0_y0,Steel1,im_val_cut10_400-H-12mm-4000x14,im_val_cut10_400-H-12mm-4000x14_1_4.png,0,0,0.052979,train,256,/content/drive/MyDrive/phase11-data/data/Steel1/images/im_val_cut10_400-H-12mm-4000x14_1_4.png,/content/drive/MyDrive/phase11-persistent/gt_boundaries/Steel1/im_val_cut10_400-H-12mm-4000x14_1_4.png,0,0,256,256,0,0
Steel1/im_val_cut10_400-H-12mm-4000x14_1_5/x0_y0,Steel1,im_val_cut10_400-H-12mm-4000x14,im_val_cut10_400-H-12mm-4000x14_1_5.png,0,0,0.043823,train,256,/content/drive/MyDrive/phase11-data/data/Steel1/images/im_val_cut10_400-H-12mm-4000x14_1_5.png,/content/drive/MyDrive/phase11-persistent/gt_boundaries/Steel1/im_val_cut10_400-H-12mm-4000x14_1_5.png,0,0,256,256,0,0
Steel1/im_val_cut10_400-H-12mm-4000x14_1_6/x0_y0,Steel1,im_val_cut10_400-H-12mm-4000x14,im_val_cut10_400-H-12mm-4000x14_1_6.png,0,0,0.022507,train,256,/content/drive/MyDrive/phase11-data/data/Steel1/images/im_val_cut10_400-H-12mm-4000x14_1_6.png,/content/drive/MyDrive/phase11-persistent/gt_boundaries/Steel1/im_val_cut10_400-H-12mm-4000x14_1_6.png,0,0,256,256,0,0
Steel1/im_val_cut10_400-H-12mm-4000x14_2_1/x0_y0,Steel1,im_val_cut10_400-H-12mm-4000x14,im_val_cut10_400-H-12mm-4000x14_2_1.png,0,0,0.034744,train,256,/content/drive/MyDrive/phase11-data/data/Steel1/images/im_val_cut10_400-H-12mm-4000x14_2_1.png,/content/drive/MyDrive/phase11-persistent/gt_boundaries/Steel1/im_val_cut10_400-H-12mm-4000x14_2_1.png,0,0,256,256,0,0
Steel1/im_val_cut10_400-H-12mm-4000x14_2_2/x0_y0,Steel1,im_val_cut10_400-H-12mm-4000x14,im_val_cut10_400-H-12mm-4000x14_2_2.png,0,0,0.06041,train,256,/content/drive/MyDrive/phase11-data/data/Steel1/images/im_val_cut10_400-H-12mm-4000x14_2_2.png,/content/drive/MyDrive/phase11-persistent/gt_boundaries/Steel1/im_val_cut10_400-H-12mm-4000x14_2_2.png,0,0,256,256,0,0
Steel1/im_val_cut10_400-H-12mm-4000x14_2_3/x0_y0,Steel1,im_val_cut10_400-H-12mm-4000x14,im_val_cut10_400-H-12mm-4000x14_2_3.png,0,0,0.065216,train,256,/content/drive/MyDrive/phase11-data/data/Steel1/images/im_val_cut10_400-H-12mm-4000x14_2_3.png,/content/drive/MyDrive/phase11-persistent/gt_boundaries/Steel1/im_val_cut10_400-H-12mm-4000x14_2_3.png,0,0,256,256,0,0
Steel1/im_val_cut10_400-H-12mm-4000x14_2_4/x0_y0,Steel1,im_val_cut10_400-H-12mm-4000x14,im_val_cut10_400-H-12mm-4000x14_2_4.png,0,0,0.055511,train,256,/content/drive/MyDrive/phase11-data/data/Steel1/images/im_val_cut10_400-H-12mm-4000x14_2_4.png,/content/drive/MyDrive/phase11-persistent/gt_boundaries/Steel1/im_val_cut10_400-H-12mm-4000x14_2_4.png,0,0,256,256,0,0
Steel1/im_val_cut10_400-H-12mm-4000x14_2_5/x0_y0,Steel1,im_val_cut10_400-H-12mm-4000x14,im_val_cut10_400-H-12mm-4000x14_2_5.png,0,0,0.062439,train,256,/content/drive/MyDrive/phase11-data/data/Steel1/images/im_val_cut10_400-H-12mm-4000x14_2_5.png,/content/drive/MyDrive/phase11-persistent/gt_boundaries/Steel1/im_val_cut10_400-H-12mm-4000x14_2_5.png,0,0,256,256,0,0
Steel1/im_val_cut10_400-H-12mm-4000x14_2_6/x0_y0,Steel1,im_val_cut10_400-H-12mm-4000x14,im_val_cut10_400-H-12mm-4000x14_2_6.png,0,0,0.040207,train,256,/content/drive/MyDrive/phase11-data/data/Steel1/images/im_val_cut10_400-H-12mm-4000x14_2_6.png,/content/drive/MyDrive/phase11-persistent/gt_boundaries/Steel1/im_val_cut10_400-H-12mm-4000x14_2_6.png,0,0,256,256,0,0
Steel1/im_val_cut10_400-H-12mm-4000x14_3_1/x0_y0,Steel1,im_val_cut10_400-H-12mm-4000x14,im_val_cut10_400-H-12mm-4000x14_3_1.png,0,0,0.061707,train,256,/content/drive/MyDrive/phase11-data/data/Steel1/images/im_val_cut10_400-H-12mm-4000x14_3_1.png,/content/drive/MyDrive/phase11-persistent/gt_boundaries/Steel1/im_val_cut10_400-H-12mm-4000x14_3_1.png,0,0,256,256,0,0
Steel1/im_val_cut10_400-H-12mm-4000x14_3_2/x0_y0,Steel1,im_val_cut10_400-H-12mm-4000x14,im_val_cut10_400-H-12mm-4000x14_3_2.png,0,0,0.042343,train,256,/content/drive/MyDrive/phase11-data/data/Steel1/images/im_val_cut10_400-H-12mm-4000x14_3_2.png,/content/drive/MyDrive/phase11-persistent/gt_boundaries/Steel1/im_val_cut10_400-H-12mm-4000x14_3_2.png,0,0,256,256,0,0
Steel1/im_val_cut10_400-H-12mm-4000x14_3_3/x0_y0,Steel1,im_val_cut10_400-H-12mm-4000x14,im_val_cut10_400-H-12mm-4000x14_3_3.png,0,0,0.044052,train,256,/content/drive/MyDrive/phase11-data/data/Steel1/images/im_val_cut10_400-H-12mm-4000x14_3_3.png,/content/drive/MyDrive/phase11-persistent/gt_boundaries/Steel1/im_val_cut10_400-H-12mm-4000x14_3_3.png,0,0,256,256,0,0
Steel1/im_val_cut10_400-H-12mm-4000x14_3_4/x0_y0,Steel1,im_val_cut10_400-H-12mm-4000x14,im_val_cut10_400-H-12mm-4000x14_3_4.png,0,0,0.045639,train,256,/content/drive/MyDrive/phase11-data/data/Steel1/images/im_val_cut10_400-H-12mm-4000x14_3_4.png,/content/drive/MyDrive/phase11-persistent/gt_boundaries/Steel1/im_val_cut10_400-H-12mm-4000x14_3_4.png,0,0,256,256,0,0
Steel1/im_val_cut10_400-H-12mm-4000x14_3_5/x0_y0,Steel1,im_val_cut10_400-H-12mm-4000x14,im_val_cut10_400-H-12mm-4000x14_3_5.png,0,0,0.043915,train,256,/content/drive/MyDrive/phase11-data/data/Steel1/images/im_val_cut10_400-H-12mm-4000x14_3_5.png,/content/drive/MyDrive/phase11-persistent/gt_boundaries/Steel1/im_val_cut10_400-H-12mm-4000x14_3_5.png,0,0,256,256,0,0
Steel1/im_val_cut10_400-H-12mm-4000x14_3_6/x0_y0,Steel1,im_val_cut10_400-H-12mm-4000x14,im_val_cut10_400-H-12mm-4000x14_3_6.png,0,0,0.040512,train,256,/content/drive/MyDrive/phase11-data/data/Steel1/images/im_val_cut10_400-H-12mm-4000x14_3_6.png,/content/drive/MyDrive/phase11-persistent/gt_boundaries/Steel1/im_val_cut10_400-H-12mm-4000x14_3_6.png,0,0,256,256,0,0
Steel1/im_val_cut10_400-H-12mm-4000x14_4_1/x0_y0,Steel1,im_val_cut10_400-H-12mm-4000x14,im_val_cut10_400-H-12mm-4000x14_4_1.png,0,0,0.053207,train,256,/content/drive/MyDrive/phase11-data/data/Steel1/images/im_val_cut10_400-H-12mm-4000x14_4_1.png,/content/drive/MyDrive/phase11-persistent/gt_boundaries/Steel1/im_val_cut10_400-H-12mm-4000x14_4_1.png,0,0,256,256,0,0
Steel1/im_val_cut10_400-H-12mm-4000x14_4_2/x0_y0,Steel1,im_val_cut10_400-H-12mm-4000x14,im_val_cut10_400-H-12mm-4000x14_4_2.png,0,0,0.05954,train,256,/content/drive/MyDrive/phase11-data/data/Steel1/images/im_val_cut10_400-H-12mm-4000x14_4_2.png,/content/drive/MyDrive/phase11-persistent/gt_boundaries/Steel1/im_val_cut10_400-H-12mm-4000x14_4_2.png,0,0,256,256,0,0
Steel1/im_val_cut10_400-H-12mm-4000x14_4_3/x0_y0,Steel1,im_val_cut10_400-H-12mm-4000x14,im_val_cut10_400-H-12mm-4000x14_4_3.png,0,0,0.061813,train,256,/content/drive/MyDrive/phase11-data/data/Steel1/images/im_val_cut10_400-H-12mm-4000x14_4_3.png,/content/drive/MyDrive/phase11-persistent/gt_boundaries/Steel1/im_val_cut10_400-H-12mm-4000x14_4_3.png,0,0,256,256,0,0
Steel1/im_val_cut10_400-H-12mm-4000x14_4_4/x0_y0,Steel1,im_val_cut10_400-H-12mm-4000x14,im_val_cut10_400-H-12mm-4000x14_4_4.png,0,0,0.054321,train,256,/content/drive/MyDrive/phase11-data/data/Steel1/images/im_val_cut10_400-H-12mm-4000x14_4_4.png,/content/drive/MyDrive/phase11-persistent/gt_boundaries/Steel1/im_val_cut10_400-H-12mm-4000x14_4_4.png,0,0,256,256,0,0
Steel1/im_val_cut10_400-H-12mm-4000x14_4_5/x0_y0,Steel1,im_val_cut10_400-H-12mm-4000x14,im_val_cut10_400-H-12mm-4000x14_4_5.png,0,0,0.05072,train,256,/content/drive/MyDrive/phase11-data/data/Steel1/images/im_val_cut10_400-H-12mm-4000x14_4_5.png,/content/drive/MyDrive/phase11-persistent/gt_boundaries/Steel1/im_val_cut10_400-H-12mm-4000x14_4_5.png,0,0,256,256,0,0
Steel1/im_val_cut10_400-H-12mm-4000x14_4_6/x0_y0,Steel1,im_val_cut10_400-H-12mm-4000x14,im_val_cut10_400-H-12mm-4000x14_4_6.png,0,0,0.028351,train,256,/content/drive/MyDrive/phase11-data/data/Steel1/images/im_val_cut10_400-H-12mm-4000x14_4_6.png,/content/drive/MyDrive/phase11-persistent/gt_boundaries/Steel1/im_val_cut10_400-H-12mm-4000x14_4_6.png,0,0,256,256,0,0
Steel1/im_val_cut10_400-H-12mm-4000x14_5_1/x0_y0,Steel1,im_val_cut10_400-H-12mm-4000x14,im_val_cut10_400-H-12mm-4000x14_5_1.png,0,0,0.044846,train,256,/content/drive/MyDrive/phase11-data/data/Steel1/images/im_val_cut10_400-H-12mm-4000x14_5_1.png,/content/drive/MyDrive/phase11-persistent/gt_boundaries/Steel1/im_val_cut10_400-H-12mm-4000x14_5_1.png,0,0,256,256,0,0
Steel1/im_val_cut10_400-H-12mm-4000x14_5_2/x0_y0,Steel1,im_val_cut10_400-H-12mm-4000x14,im_val_cut10_400-H-12mm-4000x14_5_2.png,0,0,0.051987,train,256,/content/drive/MyDrive/phase11-data/data/Steel1/images/im_val_cut10_400-H-12mm-4000x14_5_2.png,/content/drive/MyDrive/phase11-persistent/gt_boundaries/Steel1/im_val_cut10_400-H-12mm-4000x14_5_2.png,0,0,256,256,0,0
Steel1/im_val_cut10_400-H-12mm-4000x14_5_3/x0_y0,Steel1,im_val_cut10_400-H-12mm-4000x14,im_val_cut10_400-H-12mm-4000x14_5_3.png,0,0,0.053802,train,256,/content/drive/MyDrive/phase11-data/data/Steel1/images/im_val_cut10_400-H-12mm-4000x14_5_3.png,/content/drive/MyDrive/phase11-persistent/gt_boundaries/Steel1/im_val_cut10_400-H-12mm-4000x14_5_3.png,0,0,256,256,0,0
Steel1/im_val_cut10_400-H-12mm-4000x14_5_4/x0_y0,Steel1,im_val_cut10_400-H-12mm-4000x14,im_val_cut10_400-H-12mm-4000x14_5_4.png,0,0,0.051041,train,256,/content/drive/MyDrive/phase11-data/data/Steel1/images/im_val_cut10_400-H-12mm-4000x14_5_4.png,/content/drive/MyDrive/phase11-persistent/gt_boundaries/Steel1/im_val_cut10_400-H-12mm-4000x14_5_4.png,0,0,256,256,0,0
Steel1/im_val_cut10_400-H-12mm-4000x14_5_5/x0_y0,Steel1,im_val_cut10_400-H-12mm-4000x14,im_val_cut10_400-H-12mm-4000x14_5_5.png,0,0,0.032059,train,256,/content/drive/MyDrive/phase11-data/data/Steel1/images/im_val_cut10_400-H-12mm-4000x14_5_5.png,/content/drive/MyDrive/phase11-persistent/gt_boundaries/Steel1/im_val_cut10_400-H-12mm-4000x14_5_5.png,0,0,256,256,0,0
Steel1/im_val_cut10_400-H-12mm-4000x14_5_6/x0_y0,Steel1,im_val_cut10_400-H-12mm-4000x14,im_val_cut10_400-H-12mm-4000x14_5_6.png,0,0,0.057983,train,256,/content/drive/MyDrive/phase11-data/data/Steel1/images/im_val_cut10_400-H-12mm-4000x14_5_6.png,/content/drive/MyDrive/phase11-persistent/gt_boundaries/Steel1/im_val_cut10_400-H-12mm-4000x14_5_6.png,0,0,256,256,0,0
Steel1/im_val_cut10_400-H-12mm-4000x14_6_1/x0_y0,Steel1,im_val_cut10_400-H-12mm-4000x14,im_val_cut10_400-H-12mm-4000x14_6_1.png,0,0,0.037003,train,256,/content/drive/MyDrive/phase11-data/data/Steel1/images/im_val_cut10_400-H-12mm-4000x14_6_1.png,/content/drive/MyDrive/phase11-persistent/gt_boundaries/Steel1/im_val_cut10_400-H-12mm-4000x14_6_1.png,0,0,256,256,0,0
Steel1/im_val_cut10_400-H-12mm-4000x14_6_2/x0_y0,Steel1,im_val_cut10_400-H-12mm-4000x14,im_val_cut10_400-H-12mm-4000x14_6_2.png,0,0,0.045532,train,256,/content/drive/MyDrive/phase11-data/data/Steel1/images/im_val_cut10_400-H-12mm-4000x14_6_2.png,/content/drive/MyDrive/phase11-persistent/gt_boundaries/Steel1/im_val_cut10_400-H-12mm-4000x14_6_2.png,0,0,256,256,0,0
Steel1/im_val_cut10_400-H-12mm-4000x14_6_3/x0_y0,Steel1,im_val_cut10_400-H-12mm-4000x14,im_val_cut10_400-H-12mm-4000x14_6_3.png,0,0,0.05307,train,256,/content/drive/MyDrive/phase11-data/data/Steel1/images/im_val_cut10_400-H-12mm-4000x14_6_3.png,/content/drive/MyDrive/phase11-persistent/gt_boundaries/Steel1/im_val_cut10_400-H-12mm-4000x14_6_3.png,0,0,256,256,0,0
Steel1/im_val_cut10_400-H-12mm-4000x14_6_4/x0_y0,Steel1,im_val_cut10_400-H-12mm-4000x14,im_val_cut10_400-H-12mm-4000x14_6_4.png,0,0,0.052567,train,256,/content/drive/MyDrive/phase11-data/data/Steel1/images/im_val_cut10_400-H-12mm-4000x14_6_4.png,/content/drive/MyDrive/phase11-persistent/gt_boundaries/Steel1/im_val_cut10_400-H-12mm-4000x14_6_4.png,0,0,256,256,0,0
Steel1/im_val_cut10_400-H-12mm-4000x14_6_5/x0_y0,Steel1,im_val_cut10_400-H-12mm-4000x14,im_val_cut10_400-H-12mm-4000x14_6_5.png,0,0,0.061432,train,256,/content/drive/MyDrive/phase11-data/data/Steel1/images/im_val_cut10_400-H-12mm-4000x14_6_5.png,/content/drive/MyDrive/phase11-persistent/gt_boundaries/Steel1/im_val_cut10_400-H-12mm-4000x14_6_5.png,0,0,256,256,0,0
Steel1/im_val_cut10_400-H-12mm-4000x14_6_6/x0_y0,Steel1,im_val_cut10_400-H-12mm-4000x14,im_val_cut10_400-H-12mm-4000x14_6_6.png,0,0,0.055725,train,256,/content/drive/MyDrive/phase11-data/data/Steel1/images/im_val_cut10_400-H-12mm-4000x14_6_6.png,/content/drive/MyDrive/phase11-persistent/gt_boundaries/Steel1/im_val_cut10_400-H-12mm-4000x14_6_6.png,0,0,256,256,0,0
Steel1/im_val_cut10_400-H-12mm-4000x14_7_1/x0_y0,Steel1,im_val_cut10_400-H-12mm-4000x14,im_val_cut10_400-H-12mm-4000x14_7_1.png,0,0,0.072815,train,256,/content/drive/MyDrive/phase11-data/data/Steel1/images/im_val_cut10_400-H-12mm-4000x14_7_1.png,/content/drive/MyDrive/phase11-persistent/gt_boundaries/Steel1/im_val_cut10_400-H-12mm-4000x14_7_1.png,0,0,256,256,0,0
Steel1/im_val_cut10_400-H-12mm-4000x14_7_2/x0_y0,Steel1,im_val_cut10_400-H-12mm-4000x14,im_val_cut10_400-H-12mm-4000x14_7_2.png,0,0,0.035706,train,256,/content/drive/MyDrive/phase11-data/data/Steel1/images/im_val_cut10_400-H-12mm-4000x14_7_2.png,/content/drive/MyDrive/phase11-persistent/gt_boundaries/Steel1/im_val_cut10_400-H-12mm-4000x14_7_2.png,0,0,256,256,0,0
Steel1/im_val_cut10_400-H-12mm-4000x14_7_3/x0_y0,Steel1,im_val_cut10_400-H-12mm-4000x14,im_val_cut10_400-H-12mm-4000x14_7_3.png,0,0,0.040329,train,256,/content/drive/MyDrive/phase11-data/data/Steel1/images/im_val_cut10_400-H-12mm-4000x14_7_3.png,/content/drive/MyDrive/phase11-persistent/gt_boundaries/Steel1/im_val_cut10_400-H-12mm-4000x14_7_3.png,0,0,256,256,0,0
Steel1/im_val_cut10_400-H-12mm-4000x14_7_4/x0_y0,Steel1,im_val_cut10_400-H-12mm-4000x14,im_val_cut10_400-H-12mm-4000x14_7_4.png,0,0,0.052872,train,256,/content/drive/MyDrive/phase11-data/data/Steel1/images/im_val_cut10_400-H-12mm-4000x14_7_4.png,/content/drive/MyDrive/phase11-persistent/gt_boundaries/Steel1/im_val_cut10_400-H-12mm-4000x14_7_4.png,0,0,256,256,0,0
Steel1/im_val_cut10_400-H-12mm-4000x14_7_5/x0_y0,Steel1,im_val_cut10_400-H-12mm-4000x14,im_val_cut10_400-H-12mm-4000x14_7_5.png,0,0,0.046249,train,256,/content/drive/MyDrive/phase11-data/data/Steel1/images/im_val_cut10_400-H-12mm-4000x14_7_5.png,/content/drive/MyDrive/phase11-persistent/gt_boundaries/Steel1/im_val_cut10_400-H-12mm-4000x14_7_5.png,0,0,256,256,0,0
Steel1/im_val_cut10_400-H-12mm-4000x14_7_6/x0_y0,Steel1,im_val_cut10_400-H-12mm-4000x14,im_val_cut10_400-H-12mm-4000x14_7_6.png,0,0,0.046692,train,256,/content/drive/MyDrive/phase11-data/data/Steel1/images/im_val_cut10_400-H-12mm-4000x14_7_6.png,/content/drive/MyDrive/phase11-persistent/gt_boundaries/Steel1/im_val_cut10_400-H-12mm-4000x14_7_6.png,0,0,256,256,0,0
Steel1/im_val_cut10_400-H-12mm-4000x14_8_1/x0_y0,Steel1,im_val_cut10_400-H-12mm-4000x14,im_val_cut10_400-H-12mm-4000x14_8_1.png,0,0,0.031631,train,256,/content/drive/MyDrive/phase11-data/data/Steel1/images/im_val_cut10_400-H-12mm-4000x14_8_1.png,/content/drive/MyDrive/phase11-persistent/gt_boundaries/Steel1/im_val_cut10_400-H-12mm-4000x14_8_1.png,0,0,256,256,0,0
Steel1/im_val_cut10_400-H-12mm-4000x14_8_2/x0_y0,Steel1,im_val_cut10_400-H-12mm-4000x14,im_val_cut10_400-H-12mm-4000x14_8_2.png,0,0,0.049332,train,256,/content/drive/MyDrive/phase11-data/data/Steel1/images/im_val_cut10_400-H-12mm-4000x14_8_2.png,/content/drive/MyDrive/phase11-persistent/gt_boundaries/Steel1/im_val_cut10_400-H-12mm-4000x14_8_2.png,0,0,256,256,0,0
Steel1/im_val_cut10_400-H-12mm-4000x14_8_3/x0_y0,Steel1,im_val_cut10_400-H-12mm-4000x14,im_val_cut10_400-H-12mm-4000x14_8_3.png,0,0,0.044678,train,256,/content/drive/MyDrive/phase11-data/data/Steel1/images/im_val_cut10_400-H-12mm-4000x14_8_3.png,/content/drive/MyDrive/phase11-persistent/gt_boundaries/Steel1/im_val_cut10_400-H-12mm-4000x14_8_3.png,0,0,256,256,0,0
Steel1/im_val_cut10_400-H-12mm-4000x14_8_4/x0_y0,Steel1,im_val_cut10_400-H-12mm-4000x14,im_val_cut10_400-H-12mm-4000x14_8_4.png,0,0,0.065033,train,256,/content/drive/MyDrive/phase11-data/data/Steel1/images/im_val_cut10_400-H-12mm-4000x14_8_4.png,/content/drive/MyDrive/phase11-persistent/gt_boundaries/Steel1/im_val_cut10_400-H-12mm-4000x14_8_4.png,0,0,256,256,0,0
Steel1/im_val_cut10_400-H-12mm-4000x14_8_5/x0_y0,Steel1,im_val_cut10_400-H-12mm-4000x14,im_val_cut10_400-H-12mm-4000x14_8_5.png,0,0,0.05217,train,256,/content/drive/MyDrive/phase11-data/data/Steel1/images/im_val_cut10_400-H-12mm-4000x14_8_5.png,/content/drive/MyDrive/phase11-persistent/gt_boundaries/Steel1/im_val_cut10_400-H-12mm-4000x14_8_5.png,0,0,256,256,0,0
Steel1/im_val_cut10_400-H-12mm-4000x14_8_6/x0_y0,Steel1,im_val_cut10_400-H-12mm-4000x14,im_val_cut10_400-H-12mm-4000x14_8_6.png,0,0,0.046387,train,256,/content/drive/MyDrive/phase11-data/data/Steel1/images/im_val_cut10_400-H-12mm-4000x14_8_6.png,/content/drive/MyDrive/phase11-persistent/gt_boundaries/Steel1/im_val_cut10_400-H-12mm-4000x14_8_6.png,0,0,256,256,0,0
Steel1/im_val_cut10_400-H-6mm-4000x06_1_1/x0_y0,Steel1,im_val_cut10_400-H-6mm-4000x06,im_val_cut10_400-H-6mm-4000x06_1_1.png,0,0,0.048019,train,256,/content/drive/MyDrive/phase11-data/data/Steel1/images/im_val_cut10_400-H-6mm-4000x06_1_1.png,/content/drive/MyDrive/phase11-persistent/gt_boundaries/Steel1/im_val_cut10_400-H-6mm-4000x06_1_1.png,0,0,256,256,0,0
Steel1/im_val_cut10_400-H-6mm-4000x06_1_2/x0_y0,Steel1,im_val_cut10_400-H-6mm-4000x06,im_val_cut10_400-H-6mm-4000x06_1_2.png,0,0,0.056778,train,256,/content/drive/MyDrive/phase11-data/data/Steel1/images/im_val_cut10_400-H-6mm-4000x06_1_2.png,/content/drive/MyDrive/phase11-persistent/gt_boundaries/Steel1/im_val_cut10_400-H-6mm-4000x06_1_2.png,0,0,256,256,0,0
Steel1/im_val_cut10_400-H-6mm-4000x06_1_3/x0_y0,Steel1,im_val_cut10_400-H-6mm-4000x06,im_val_cut10_400-H-6mm-4000x06_1_3.png,0,0,0.037979,train,256,/content/drive/MyDrive/phase11-data/data/Steel1/images/im_val_cut10_400-H-6mm-4000x06_1_3.png,/content/drive/MyDrive/phase11-persistent/gt_boundaries/Steel1/im_val_cut10_400-H-6mm-4000x06_1_3.png,0,0,256,256,0,0
Steel1/im_val_cut10_400-H-6mm-4000x06_1_4/x0_y0,Steel1,im_val_cut10_400-H-6mm-4000x06,im_val_cut10_400-H-6mm-4000x06_1_4.png,0,0,0.041489,train,256,/content/drive/MyDrive/phase11-data/data/Steel1/images/im_val_cut10_400-H-6mm-4000x06_1_4.png,/content/drive/MyDrive/phase11-persistent/gt_boundaries/Steel1/im_val_cut10_400-H-6mm-4000x06_1_4.png,0,0,256,256,0,0
Steel1/im_val_cut10_400-H-6mm-4000x06_1_5/x0_y0,Steel1,im_val_cut10_400-H-6mm-4000x06,im_val_cut10_400-H-6mm-4000x06_1_5.png,0,0,0.039337,train,256,/content/drive/MyDrive/phase11-data/data/Steel1/images/im_val_cut10_400-H-6mm-4000x06_1_5.png,/content/drive/MyDrive/phase11-persistent/gt_boundaries/Steel1/im_val_cut10_400-H-6mm-4000x06_1_5.png,0,0,256,256,0,0
Steel1/im_val_cut10_400-H-6mm-4000x06_1_6/x0_y0,Steel1,im_val_cut10_400-H-6mm-4000x06,im_val_cut10_400-H-6mm-4000x06_1_6.png,0,0,0.036972,train,256,/content/drive/MyDrive/phase11-data/data/Steel1/images/im_val_cut10_400-H-6mm-4000x06_1_6.png,/content/drive/MyDrive/phase11-persistent/gt_boundaries/Steel1/im_val_cut10_400-H-6mm-4000x06_1_6.png,0,0,256,256,0,0
Steel1/im_val_cut10_400-H-6mm-4000x06_2_1/x0_y0,Steel1,im_val_cut10_400-H-6mm-4000x06,im_val_cut10_400-H-6mm-4000x06_2_1.png,0,0,0.03476,train,256,/content/drive/MyDrive/phase11-data/data/Steel1/images/im_val_cut10_400-H-6mm-4000x06_2_1.png,/content/drive/MyDrive/phase11-persistent/gt_boundaries/Steel1/im_val_cut10_400-H-6mm-4000x06_2_1.png,0,0,256,256,0,0
Steel1/im_val_cut10_400-H-6mm-4000x06_2_2/x0_y0,Steel1,im_val_cut10_400-H-6mm-4000x06,im_val_cut10_400-H-6mm-4000x06_2_2.png,0,0,0.052094,train,256,/content/drive/MyDrive/phase11-data/data/Steel1/images/im_val_cut10_400-H-6mm-4000x06_2_2.png,/content/drive/MyDrive/phase11-persistent/gt_boundaries/Steel1/im_val_cut10_400-H-6mm-4000x06_2_2.png,0,0,256,256,0,0
Steel1/im_val_cut10_400-H-6mm-4000x06_2_3/x0_y0,Steel1,im_val_cut10_400-H-6mm-4000x06,im_val_cut10_400-H-6mm-4000x06_2_3.png,0,0,0.040085,train,256,/content/drive/MyDrive/phase11-data/data/Steel1/images/im_val_cut10_400-H-6mm-4000x06_2_3.png,/content/drive/MyDrive/phase11-persistent/gt_boundaries/Steel1/im_val_cut10_400-H-6mm-4000x06_2_3.png,0,0,256,256,0,0
Steel1/im_val_cut10_400-H-6mm-4000x06_2_4/x0_y0,Steel1,im_val_cut10_400-H-6mm-4000x06,im_val_cut10_400-H-6mm-4000x06_2_4.png,0,0,0.061081,train,256,/content/drive/MyDrive/phase11-data/data/Steel1/images/im_val_cut10_400-H-6mm-4000x06_2_4.png,/content/drive/MyDrive/phase11-persistent/gt_boundaries/Steel1/im_val_cut10_400-H-6mm-4000x06_2_4.png,0,0,256,256,0,0
Steel1/im_val_cut10_400-H-6mm-4000x06_2_5/x0_y0,Steel1,im_val_cut10_400-H-6mm-4000x06,im_val_cut10_400-H-6mm-4000x06_2_5.png,0,0,0.064072,train,256,/content/drive/MyDrive/phase11-data/data/Steel1/images/im_val_cut10_400-H-6mm-4000x06_2_5.png,/content/drive/MyDrive/phase11-persistent/gt_boundaries/Steel1/im_val_cut10_400-H-6mm-4000x06_2_5.png,0,0,256,256,0,0
Steel1/im_val_cut10_400-H-6mm-4000x06_2_6/x0_y0,Steel1,im_val_cut10_400-H-6mm-4000x06,im_val_cut10_400-H-6mm-4000x06_2_6.png,0,0,0.028381,train,256,/content/drive/MyDrive/phase11-data/data/Steel1/images/im_val_cut10_400-H-6mm-4000x06_2_6.png,/content/drive/MyDrive/phase11-persistent/gt_boundaries/Steel1/im_val_cut10_400-H-6mm-4000x06_2_6.png,0,0,256,256,0,0
Steel1/im_val_cut10_400-H-6mm-4000x06_3_1/x0_y0,Steel1,im_val_cut10_400-H-6mm-4000x06,im_val_cut10_400-H-6mm-4000x06_3_1.png,0,0,0.010056,train,256,/content/drive/MyDrive/phase11-data/data/Steel1/images/im_val_cut10_400-H-6mm-4000x06_3_1.png,/content/drive/MyDrive/phase11-persistent/gt_boundaries/Steel1/im_val_cut10_400-H-6mm-4000x06_3_1.png,0,0,256,256,0,0
Steel1/im_val_cut10_400-H-6mm-4000x06_3_2/x0_y0,Steel1,im_val_cut10_400-H-6mm-4000x06,im_val_cut10_400-H-6mm-4000x06_3_2.png,0,0,0.050293,train,256,/content/drive/MyDrive/phase11-data/data/Steel1/images/im_val_cut10_400-H-6mm-4000x06_3_2.png,/content/drive/MyDrive/phase11-persistent/gt_boundaries/Steel1/im_val_cut10_400-H-6mm-4000x06_3_2.png,0,0,256,256,0,0
Steel1/im_val_cut10_400-H-6mm-4000x06_3_3/x0_y0,Steel1,im_val_cut10_400-H-6mm-4000x06,im_val_cut10_400-H-6mm-4000x06_3_3.png,0,0,0.039825,train,256,/content/drive/MyDrive/phase11-data/data/Steel1/images/im_val_cut10_400-H-6mm-4000x06_3_3.png,/content/drive/MyDrive/phase11-persistent/gt_boundaries/Steel1/im_val_cut10_400-H-6mm-4000x06_3_3.png,0,0,256,256,0,0
Steel1/im_val_cut10_400-H-6mm-4000x06_3_4/x0_y0,Steel1,im_val_cut10_400-H-6mm-4000x06,im_val_cut10_400-H-6mm-4000x06_3_4.png,0,0,0.026352,train,256,/content/drive/MyDrive/phase11-data/data/Steel1/images/im_val_cut10_400-H-6mm-4000x06_3_4.png,/content/drive/MyDrive/phase11-persistent/gt_boundaries/Steel1/im_val_cut10_400-H-6mm-4000x06_3_4.png,0,0,256,256,0,0
Steel1/im_val_cut10_400-H-6mm-4000x06_3_5/x0_y0,Steel1,im_val_cut10_400-H-6mm-4000x06,im_val_cut10_400-H-6mm-4000x06_3_5.png,0,0,0.013718,train,256,/content/drive/MyDrive/phase11-data/data/Steel1/images/im_val_cut10_400-H-6mm-4000x06_3_5.png,/content/drive/MyDrive/phase11-persistent/gt_boundaries/Steel1/im_val_cut10_400-H-6mm-4000x06_3_5.png,0,0,256,256,0,0
Steel1/im_val_cut10_400-H-6mm-4000x06_3_6/x0_y0,Steel1,im_val_cut10_400-H-6mm-4000x06,im_val_cut10_400-H-6mm-4000x06_3_6.png,0,0,0.01857,train,256,/content/drive/MyDrive/phase11-data/data/Steel1/images/im_val_cut10_400-H-6mm-4000x06_3_6.png,/content/drive/MyDrive/phase11-persistent/gt_boundaries/Steel1/im_val_cut10_400-H-6mm-4000x06_3_6.png,0,0,256,256,0,0
Steel1/im_val_cut10_400-H-6mm-4000x06_4_1/x0_y0,Steel1,im_val_cut10_400-H-6mm-4000x06,im_val_cut10_400-H-6mm-4000x06_4_1.png,0,0,0.00766,train,256,/content/drive/MyDrive/phase11-data/data/Steel1/images/im_val_cut10_400-H-6mm-4000x06_4_1.png,/content/drive/MyDrive/phase11-persistent/gt_boundaries/Steel1/im_val_cut10_400-H-6mm-4000x06_4_1.png,0,0,256,256,0,0
Steel1/im_val_cut10_400-H-6mm-4000x06_4_2/x0_y0,Steel1,im_val_cut10_400-H-6mm-4000x06,im_val_cut10_400-H-6mm-4000x06_4_2.png,0,0,0.052734,train,256,/content/drive/MyDrive/phase11-data/data/Steel1/images/im_val_cut10_400-H-6mm-4000x06_4_2.png,/content/drive/MyDrive/phase11-persistent/gt_boundaries/Steel1/im_val_cut10_400-H-6mm-4000x06_4_2.png,0,0,256,256,0,0
Steel1/im_val_cut10_400-H-6mm-4000x06_4_3/x0_y0,Steel1,im_val_cut10_400-H-6mm-4000x06,im_val_cut10_400-H-6mm-4000x06_4_3.png,0,0,0.047867,train,256,/content/drive/MyDrive/phase11-data/data/Steel1/images/im_val_cut10_400-H-6mm-4000x06_4_3.png,/content/drive/MyDrive/phase11-persistent/gt_boundaries/Steel1/im_val_cut10_400-H-6mm-4000x06_4_3.png,0,0,256,256,0,0
Steel1/im_val_cut10_400-H-6mm-4000x06_4_4/x0_y0,Steel1,im_val_cut10_400-H-6mm-4000x06,im_val_cut10_400-H-6mm-4000x06_4_4.png,0,0,0.049042,train,256,/content/drive/MyDrive/phase11-data/data/Steel1/images/im_val_cut10_400-H-6mm-4000x06_4_4.png,/content/drive/MyDrive/phase11-persistent/gt_boundaries/Steel1/im_val_cut10_400-H-6mm-4000x06_4_4.png,0,0,256,256,0,0
Steel1/im_val_cut10_400-H-6mm-4000x06_4_5/x0_y0,Steel1,im_val_cut10_400-H-6mm-4000x06,im_val_cut10_400-H-6mm-4000x06_4_5.png,0,0,0.039902,train,256,/content/drive/MyDrive/phase11-data/data/Steel1/images/im_val_cut10_400-H-6mm-4000x06_4_5.png,/content/drive/MyDrive/phase11-persistent/gt_boundaries/Steel1/im_val_cut10_400-H-6mm-4000x06_4_5.png,0,0,256,256,0,0
Steel1/im_val_cut10_400-H-6mm-4000x06_4_6/x0_y0,Steel1,im_val_cut10_400-H-6mm-4000x06,im_val_cut10_400-H-6mm-4000x06_4_6.png,0,0,0.034668,train,256,/content/drive/MyDrive/phase11-data/data/Steel1/images/im_val_cut10_400-H-6mm-4000x06_4_6.png,/content/drive/MyDrive/phase11-persistent/gt_boundaries/Steel1/im_val_cut10_400-H-6mm-4000x06_4_6.png,0,0,256,256,0,0
Steel1/im_val_cut10_400-H-6mm-4000x06_5_1/x0_y0,Steel1,im_val_cut10_400-H-6mm-4000x06,im_val_cut10_400-H-6mm-4000x06_5_1.png,0,0,0.037491,train,256,/content/drive/MyDrive/phase11-data/data/Steel1/images/im_val_cut10_400-H-6mm-4000x06_5_1.png,/content/drive/MyDrive/phase11-persistent/gt_boundaries/Steel1/im_val_cut10_400-H-6mm-4000x06_5_1.png,0,0,256,256,0,0
Steel1/im_val_cut10_400-H-6mm-4000x06_5_2/x0_y0,Steel1,im_val_cut10_400-H-6mm-4000x06,im_val_cut10_400-H-6mm-4000x06_5_2.png,0,0,0.059601,train,256,/content/drive/MyDrive/phase11-data/data/Steel1/images/im_val_cut10_400-H-6mm-4000x06_5_2.png,/content/drive/MyDrive/phase11-persistent/gt_boundaries/Steel1/im_val_cut10_400-H-6mm-4000x06_5_2.png,0,0,256,256,0,0
Steel1/im_val_cut10_400-H-6mm-4000x06_5_3/x0_y0,Steel1,im_val_cut10_400-H-6mm-4000x06,im_val_cut10_400-H-6mm-4000x06_5_3.png,0,0,0.064621,train,256,/content/drive/MyDrive/phase11-data/data/Steel1/images/im_val_cut10_400-H-6mm-4000x06_5_3.png,/content/drive/MyDrive/phase11-persistent/gt_boundaries/Steel1/im_val_cut10_400-H-6mm-4000x06_5_3.png,0,0,256,256,0,0
Steel1/im_val_cut10_400-H-6mm-4000x06_5_4/x0_y0,Steel1,im_val_cut10_400-H-6mm-4000x06,im_val_cut10_400-H-6mm-4000x06_5_4.png,0,0,0.050644,train,256,/content/drive/MyDrive/phase11-data/data/Steel1/images/im_val_cut10_400-H-6mm-4000x06_5_4.png,/content/drive/MyDrive/phase11-persistent/gt_boundaries/Steel1/im_val_cut10_400-H-6mm-4000x06_5_4.png,0,0,256,256,0,0
Steel1/im_val_cut10_400-H-6mm-4000x06_5_5/x0_y0,Steel1,im_val_cut10_400-H-6mm-4000x06,im_val_cut10_400-H-6mm-4000x06_5_5.png,0,0,0.033081,train,256,/content/drive/MyDrive/phase11-data/data/Steel1/images/im_val_cut10_400-H-6mm-4000x06_5_5.png,/content/drive/MyDrive/phase11-persistent/gt_boundaries/Steel1/im_val_cut10_400-H-6mm-4000x06_5_5.png,0,0,256,256,0,0
Steel1/im_val_cut10_400-H-6mm-4000x06_5_6/x0_y0,Steel1,im_val_cut10_400-H-6mm-4000x06,im_val_cut10_400-H-6mm-4000x06_5_6.png,0,0,0.019012,train,256,/content/drive/MyDrive/phase11-data/data/Steel1/images/im_val_cut10_400-H-6mm-4000x06_5_6.png,/content/drive/MyDrive/phase11-persistent/gt_boundaries/Steel1/im_val_cut10_400-H-6mm-4000x06_5_6.png,0,0,256,256,0,0
Steel1/im_val_cut10_400-H-6mm-4000x06_6_1/x0_y0,Steel1,im_val_cut10_400-H-6mm-4000x06,im_val_cut10_400-H-6mm-4000x06_6_1.png,0,0,0.051498,train,256,/content/drive/MyDrive/phase11-data/data/Steel1/images/im_val_cut10_400-H-6mm-4000x06_6_1.png,/content/drive/MyDrive/phase11-persistent/gt_boundaries/Steel1/im_val_cut10_400-H-6mm-4000x06_6_1.png,0,0,256,256,0,0
Steel1/im_val_cut10_400-H-6mm-4000x06_6_2/x0_y0,Steel1,im_val_cut10_400-H-6mm-4000x06,im_val_cut10_400-H-6mm-4000x06_6_2.png,0,0,0.05249,train,256,/content/drive/MyDrive/phase11-data/data/Steel1/images/im_val_cut10_400-H-6mm-4000x06_6_2.png,/content/drive/MyDrive/phase11-persistent/gt_boundaries/Steel1/im_val_cut10_400-H-6mm-4000x06_6_2.png,0,0,256,256,0,0
Steel1/im_val_cut10_400-H-6mm-4000x06_6_3/x0_y0,Steel1,im_val_cut10_400-H-6mm-4000x06,im_val_cut10_400-H-6mm-4000x06_6_3.png,0,0,0.032379,train,256,/content/drive/MyDrive/phase11-data/data/Steel1/images/im_val_cut10_400-H-6mm-4000x06_6_3.png,/content/drive/MyDrive/phase11-persistent/gt_boundaries/Steel1/im_val_cut10_400-H-6mm-4000x06_6_3.png,0,0,256,256,0,0
Steel1/im_val_cut10_400-H-6mm-4000x06_6_4/x0_y0,Steel1,im_val_cut10_400-H-6mm-4000x06,im_val_cut10_400-H-6mm-4000x06_6_4.png,0,0,0.035049,train,256,/content/drive/MyDrive/phase11-data/data/Steel1/images/im_val_cut10_400-H-6mm-4000x06_6_4.png,/content/drive/MyDrive/phase11-persistent/gt_boundaries/Steel1/im_val_cut10_400-H-6mm-4000x06_6_4.png,0,0,256,256,0,0
Steel1/im_val_cut10_400-H-6mm-4000x06_6_5/x0_y0,Steel1,im_val_cut10_400-H-6mm-4000x06,im_val_cut10_400-H-6mm-4000x06_6_5.png,0,0,0.047882,train,256,/content/drive/MyDrive/phase11-data/data/Steel1/images/im_val_cut10_400-H-6mm-4000x06_6_5.png,/content/drive/MyDrive/phase11-persistent/gt_boundaries/Steel1/im_val_cut10_400-H-6mm-4000x06_6_5.png,0,0,256,256,0,0
Steel1/im_val_cut10_400-H-6mm-4000x06_6_6/x0_y0,Steel1,im_val_cut10_400-H-6mm-4000x06,im_val_cut10_400-H-6mm-4000x06_6_6.png,0,0,0.033875,train,256,/content/drive/MyDrive/phase11-data/data/Steel1/images/im_val_cut10_400-H-6mm-4000x06_6_6.png,/content/drive/MyDrive/phase11-persistent/gt_boundaries/Steel1/im_val_cut10_400-H-6mm-4000x06_6_6.png,0,0,256,256,0,0
Steel1/im_val_cut10_400-H-6mm-4000x06_7_1/x0_y0,Steel1,im_val_cut10_400-H-6mm-4000x06,im_val_cut10_400-H-6mm-4000x06_7_1.png,0,0,0.060394,train,256,/content/drive/MyDrive/phase11-data/data/Steel1/images/im_val_cut10_400-H-6mm-4000x06_7_1.png,/content/drive/MyDrive/phase11-persistent/gt_boundaries/Steel1/im_val_cut10_400-H-6mm-4000x06_7_1.png,0,0,256,256,0,0
Steel1/im_val_cut10_400-H-6mm-4000x06_7_2/x0_y0,Steel1,im_val_cut10_400-H-6mm-4000x06,im_val_cut10_400-H-6mm-4000x06_7_2.png,0,0,0.056763,train,256,/content/drive/MyDrive/phase11-data/data/Steel1/images/im_val_cut10_400-H-6mm-4000x06_7_2.png,/content/drive/MyDrive/phase11-persistent/gt_boundaries/Steel1/im_val_cut10_400-H-6mm-4000x06_7_2.png,0,0,256,256,0,0
Steel1/im_val_cut10_400-H-6mm-4000x06_7_3/x0_y0,Steel1,im_val_cut10_400-H-6mm-4000x06,im_val_cut10_400-H-6mm-4000x06_7_3.png,0,0,0.054108,train,256,/content/drive/MyDrive/phase11-data/data/Steel1/images/im_val_cut10_400-H-6mm-4000x06_7_3.png,/content/drive/MyDrive/phase11-persistent/gt_boundaries/Steel1/im_val_cut10_400-H-6mm-4000x06_7_3.png,0,0,256,256,0,0
Steel1/im_val_cut10_400-H-6mm-4000x06_7_4/x0_y0,Steel1,im_val_cut10_400-H-6mm-4000x06,im_val_cut10_400-H-6mm-4000x06_7_4.png,0,0,0.043243,train,256,/content/drive/MyDrive/phase11-data/data/Steel1/images/im_val_cut10_400-H-6mm-4000x06_7_4.png,/content/drive/MyDrive/phase11-persistent/gt_boundaries/Steel1/im_val_cut10_400-H-6mm-4000x06_7_4.png,0,0,256,256,0,0
Steel1/im_val_cut10_400-H-6mm-4000x06_7_5/x0_y0,Steel1,im_val_cut10_400-H-6mm-4000x06,im_val_cut10_400-H-6mm-4000x06_7_5.png,0,0,0.036057,train,256,/content/drive/MyDrive/phase11-data/data/Steel1/images/im_val_cut10_400-H-6mm-4000x06_7_5.png,/content/drive/MyDrive/phase11-persistent/gt_boundaries/Steel1/im_val_cut10_400-H-6mm-4000x06_7_5.png,0,0,256,256,0,0
Steel1/im_val_cut10_400-H-6mm-4000x06_7_6/x0_y0,Steel1,im_val_cut10_400-H-6mm-4000x06,im_val_cut10_400-H-6mm-4000x06_7_6.png,0,0,0.016098,train,256,/content/drive/MyDrive/phase11-data/data/Steel1/images/im_val_cut10_400-H-6mm-4000x06_7_6.png,/content/drive/MyDrive/phase11-persistent/gt_boundaries/Steel1/im_val_cut10_400-H-6mm-4000x06_7_6.png,0,0,256,256,0,0
Steel1/im_val_cut10_400-H-6mm-4000x06_8_1/x0_y0,Steel1,im_val_cut10_400-H-6mm-4000x06,im_val_cut10_400-H-6mm-4000x06_8_1.png,0,0,0.060181,train,256,/content/drive/MyDrive/phase11-data/data/Steel1/images/im_val_cut10_400-H-6mm-4000x06_8_1.png,/content/drive/MyDrive/phase11-persistent/gt_boundaries/Steel1/im_val_cut10_400-H-6mm-4000x06_8_1.png,0,0,256,256,0,0
Steel1/im_val_cut10_400-H-6mm-4000x06_8_2/x0_y0,Steel1,im_val_cut10_400-H-6mm-4000x06,im_val_cut10_400-H-6mm-4000x06_8_2.png,0,0,0.053482,train,256,/content/drive/MyDrive/phase11-data/data/Steel1/images/im_val_cut10_400-H-6mm-4000x06_8_2.png,/content/drive/MyDrive/phase11-persistent/gt_boundaries/Steel1/im_val_cut10_400-H-6mm-4000x06_8_2.png,0,0,256,256,0,0
Steel1/im_val_cut10_400-H-6mm-4000x06_8_3/x0_y0,Steel1,im_val_cut10_400-H-6mm-4000x06,im_val_cut10_400-H-6mm-4000x06_8_3.png,0,0,0.039627,train,256,/content/drive/MyDrive/phase11-data/data/Steel1/images/im_val_cut10_400-H-6mm-4000x06_8_3.png,/content/drive/MyDrive/phase11-persistent/gt_boundaries/Steel1/im_val_cut10_400-H-6mm-4000x06_8_3.png,0,0,256,256,0,0
Steel1/im_val_cut10_400-H-6mm-4000x06_8_4/x0_y0,Steel1,im_val_cut10_400-H-6mm-4000x06,im_val_cut10_400-H-6mm-4000x06_8_4.png,0,0,0.019333,train,256,/content/drive/MyDrive/phase11-data/data/Steel1/images/im_val_cut10_400-H-6mm-4000x06_8_4.png,/content/drive/MyDrive/phase11-persistent/gt_boundaries/Steel1/im_val_cut10_400-H-6mm-4000x06_8_4.png,0,0,256,256,0,0
Steel1/im_val_cut10_400-H-6mm-4000x06_8_5/x0_y0,Steel1,im_val_cut10_400-H-6mm-4000x06,im_val_cut10_400-H-6mm-4000x06_8_5.png,0,0,0.039337,train,256,/content/drive/MyDrive/phase11-data/data/Steel1/images/im_val_cut10_400-H-6mm-4000x06_8_5.png,/content/drive/MyDrive/phase11-persistent/gt_boundaries/Steel1/im_val_cut10_400-H-6mm-4000x06_8_5.png,0,0,256,256,0,0
Steel1/im_val_cut10_400-H-6mm-4000x06_8_6/x0_y0,Steel1,im_val_cut10_400-H-6mm-4000x06,im_val_cut10_400-H-6mm-4000x06_8_6.png,0,0,0.021667,train,256,/content/drive/MyDrive/phase11-data/data/Steel1/images/im_val_cut10_400-H-6mm-4000x06_8_6.png,/content/drive/MyDrive/phase11-persistent/gt_boundaries/Steel1/im_val_cut10_400-H-6mm-4000x06_8_6.png,0,0,256,256,0,0
Steel1/im_val_cut10_400-H-6mm-4000x07_1_1/x0_y0,Steel1,im_val_cut10_400-H-6mm-4000x07,im_val_cut10_400-H-6mm-4000x07_1_1.png,0,0,0.05069,train,256,/content/drive/MyDrive/phase11-data/data/Steel1/images/im_val_cut10_400-H-6mm-4000x07_1_1.png,/content/drive/MyDrive/phase11-persistent/gt_boundaries/Steel1/im_val_cut10_400-H-6mm-4000x07_1_1.png,0,0,256,256,0,0
Steel1/im_val_cut10_400-H-6mm-4000x07_1_2/x0_y0,Steel1,im_val_cut10_400-H-6mm-4000x07,im_val_cut10_400-H-6mm-4000x07_1_2.png,0,0,0.045807,train,256,/content/drive/MyDrive/phase11-data/data/Steel1/images/im_val_cut10_400-H-6mm-4000x07_1_2.png,/content/drive/MyDrive/phase11-persistent/gt_boundaries/Steel1/im_val_cut10_400-H-6mm-4000x07_1_2.png,0,0,256,256,0,0
Steel1/im_val_cut10_400-H-6mm-4000x07_1_3/x0_y0,Steel1,im_val_cut10_400-H-6mm-4000x07,im_val_cut10_400-H-6mm-4000x07_1_3.png,0,0,0.01329,train,256,/content/drive/MyDrive/phase11-data/data/Steel1/images/im_val_cut10_400-H-6mm-4000x07_1_3.png,/content/drive/MyDrive/phase11-persistent/gt_boundaries/Steel1/im_val_cut10_400-H-6mm-4000x07_1_3.png,0,0,256,256,0,0
Steel1/im_val_cut10_400-H-6mm-4000x07_1_4/x0_y0,Steel1,im_val_cut10_400-H-6mm-4000x07,im_val_cut10_400-H-6mm-4000x07_1_4.png,0,0,0.053513,train,256,/content/drive/MyDrive/phase11-data/data/Steel1/images/im_val_cut10_400-H-6mm-4000x07_1_4.png,/content/drive/MyDrive/phase11-persistent/gt_boundaries/Steel1/im_val_cut10_400-H-6mm-4000x07_1_4.png,0,0,256,256,0,0
Steel1/im_val_cut10_400-H-6mm-4000x07_1_5/x0_y0,Steel1,im_val_cut10_400-H-6mm-4000x07,im_val_cut10_400-H-6mm-4000x07_1_5.png,0,0,0.042542,train,256,/content/drive/MyDrive/phase11-data/data/Steel1/images/im_val_cut10_400-H-6mm-4000x07_1_5.png,/content/drive/MyDrive/phase11-persistent/gt_boundaries/Steel1/im_val_cut10_400-H-6mm-4000x07_1_5.png,0,0,256,256,0,0
Steel1/im_val_cut10_400-H-6mm-4000x07_1_6/x0_y0,Steel1,im_val_cut10_400-H-6mm-4000x07,im_val_cut10_400-H-6mm-4000x07_1_6.png,0,0,0.04274,train,256,/content/drive/MyDrive/phase11-data/data/Steel1/images/im_val_cut10_400-H-6mm-4000x07_1_6.png,/content/drive/MyDrive/phase11-persistent/gt_boundaries/Steel1/im_val_cut10_400-H-6mm-4000x07_1_6.png,0,0,256,256,0,0
Steel1/im_val_cut10_400-H-6mm-4000x07_2_1/x0_y0,Steel1,im_val_cut10_400-H-6mm-4000x07,im_val_cut10_400-H-6mm-4000x07_2_1.png,0,0,0.044128,train,256,/content/drive/MyDrive/phase11-data/data/Steel1/images/im_val_cut10_400-H-6mm-4000x07_2_1.png,/content/drive/MyDrive/phase11-persistent/gt_boundaries/Steel1/im_val_cut10_400-H-6mm-4000x07_2_1.png,0,0,256,256,0,0
Steel1/im_val_cut10_400-H-6mm-4000x07_2_2/x0_y0,Steel1,im_val_cut10_400-H-6mm-4000x07,im_val_cut10_400-H-6mm-4000x07_2_2.png,0,0,0.050003,train,256,/content/drive/MyDrive/phase11-data/data/Steel1/images/im_val_cut10_400-H-6mm-4000x07_2_2.png,/content/drive/MyDrive/phase11-persistent/gt_boundaries/Steel1/im_val_cut10_400-H-6mm-4000x07_2_2.png,0,0,256,256,0,0
Steel1/im_val_cut10_400-H-6mm-4000x07_2_3/x0_y0,Steel1,im_val_cut10_400-H-6mm-4000x07,im_val_cut10_400-H-6mm-4000x07_2_3.png,0,0,0.054367,train,256,/content/drive/MyDrive/phase11-data/data/Steel1/images/im_val_cut10_400-H-6mm-4000x07_2_3.png,/content/drive/MyDrive/phase11-persistent/gt_boundaries/Steel1/im_val_cut10_400-H-6mm-4000x07_2_3.png,0,0,256,256,0,0
Steel1/im_val_cut10_400-H-6mm-4000x07_2_4/x0_y0,Steel1,im_val_cut10_400-H-6mm-4000x07,im_val_cut10_400-H-6mm-4000x07_2_4.png,0,0,0.048218,train,256,/content/drive/MyDrive/phase11-data/data/Steel1/images/im_val_cut10_400-H-6mm-4000x07_2_4.png,/content/drive/MyDrive/phase11-persistent/gt_boundaries/Steel1/im_val_cut10_400-H-6mm-4000x07_2_4.png,0,0,256,256,0,0
Steel1/im_val_cut10_400-H-6mm-4000x07_2_5/x0_y0,Steel1,im_val_cut10_400-H-6mm-4000x07,im_val_cut10_400-H-6mm-4000x07_2_5.png,0,0,0.044327,train,256,/content/drive/MyDrive/phase11-data/data/Steel1/images/im_val_cut10_400-H-6mm-4000x07_2_5.png,/content/drive/MyDrive/phase11-persistent/gt_boundaries/Steel1/im_val_cut10_400-H-6mm-4000x07_2_5.png,0,0,256,256,0,0
Steel1/im_val_cut10_400-H-6mm-4000x07_2_6/x0_y0,Steel1,im_val_cut10_400-H-6mm-4000x07,im_val_cut10_400-H-6mm-4000x07_2_6.png,0,0,0.042496,train,256,/content/drive/MyDrive/phase11-data/data/Steel1/images/im_val_cut10_400-H-6mm-4000x07_2_6.png,/content/drive/MyDrive/phase11-persistent/gt_boundaries/Steel1/im_val_cut10_400-H-6mm-4000x07_2_6.png,0,0,256,256,0,0
Steel1/im_val_cut10_400-H-6mm-4000x07_3_1/x0_y0,Steel1,im_val_cut10_400-H-6mm-4000x07,im_val_cut10_400-H-6mm-4000x07_3_1.png,0,0,0.044952,train,256,/content/drive/MyDrive/phase11-data/data/Steel1/images/im_val_cut10_400-H-6mm-4000x07_3_1.png,/content/drive/MyDrive/phase11-persistent/gt_boundaries/Steel1/im_val_cut10_400-H-6mm-4000x07_3_1.png,0,0,256,256,0,0
Steel1/im_val_cut10_400-H-6mm-4000x07_3_2/x0_y0,Steel1,im_val_cut10_400-H-6mm-4000x07,im_val_cut10_400-H-6mm-4000x07_3_2.png,0,0,0.065521,train,256,/content/drive/MyDrive/phase11-data/data/Steel1/images/im_val_cut10_400-H-6mm-4000x07_3_2.png,/content/drive/MyDrive/phase11-persistent/gt_boundaries/Steel1/im_val_cut10_400-H-6mm-4000x07_3_2.png,0,0,256,256,0,0
Steel1/im_val_cut10_400-H-6mm-4000x07_3_3/x0_y0,Steel1,im_val_cut10_400-H-6mm-4000x07,im_val_cut10_400-H-6mm-4000x07_3_3.png,0,0,0.051941,train,256,/content/drive/MyDrive/phase11-data/data/Steel1/images/im_val_cut10_400-H-6mm-4000x07_3_3.png,/content/drive/MyDrive/phase11-persistent/gt_boundaries/Steel1/im_val_cut10_400-H-6mm-4000x07_3_3.png,0,0,256,256,0,0
Steel1/im_val_cut10_400-H-6mm-4000x07_3_4/x0_y0,Steel1,im_val_cut10_400-H-6mm-4000x07,im_val_cut10_400-H-6mm-4000x07_3_4.png,0,0,0.04866,train,256,/content/drive/MyDrive/phase11-data/data/Steel1/images/im_val_cut10_400-H-6mm-4000x07_3_4.png,/content/drive/MyDrive/phase11-persistent/gt_boundaries/Steel1/im_val_cut10_400-H-6mm-4000x07_3_4.png,0,0,256,256,0,0
Steel1/im_val_cut10_400-H-6mm-4000x07_3_5/x0_y0,Steel1,im_val_cut10_400-H-6mm-4000x07,im_val_cut10_400-H-6mm-4000x07_3_5.png,0,0,0.063995,train,256,/content/drive/MyDrive/phase11-data/data/Steel1/images/im_val_cut10_400-H-6mm-4000x07_3_5.png,/content/drive/MyDrive/phase11-persistent/gt_boundaries/Steel1/im_val_cut10_400-H-6mm-4000x07_3_5.png,0,0,256,256,0,0
Steel1/im_val_cut10_400-H-6mm-4000x07_3_6/x0_y0,Steel1,im_val_cut10_400-H-6mm-4000x07,im_val_cut10_400-H-6mm-4000x07_3_6.png,0,0,0.05162,train,256,/content/drive/MyDrive/phase11-data/data/Steel1/images/im_val_cut10_400-H-6mm-4000x07_3_6.png,/content/drive/MyDrive/phase11-persistent/gt_boundaries/Steel1/im_val_cut10_400-H-6mm-4000x07_3_6.png,0,0,256,256,0,0
Steel1/im_val_cut10_400-H-6mm-4000x07_4_1/x0_y0,Steel1,im_val_cut10_400-H-6mm-4000x07,im_val_cut10_400-H-6mm-4000x07_4_1.png,0,0,0.068939,train,256,/content/drive/MyDrive/phase11-data/data/Steel1/images/im_val_cut10_400-H-6mm-4000x07_4_1.png,/content/drive/MyDrive/phase11-persistent/gt_boundaries/Steel1/im_val_cut10_400-H-6mm-4000x07_4_1.png,0,0,256,256,0,0
Steel1/im_val_cut10_400-H-6mm-4000x07_4_2/x0_y0,Steel1,im_val_cut10_400-H-6mm-4000x07,im_val_cut10_400-H-6mm-4000x07_4_2.png,0,0,0.065948,train,256,/content/drive/MyDrive/phase11-data/data/Steel1/images/im_val_cut10_400-H-6mm-4000x07_4_2.png,/content/drive/MyDrive/phase11-persistent/gt_boundaries/Steel1/im_val_cut10_400-H-6mm-4000x07_4_2.png,0,0,256,256,0,0
Steel1/im_val_cut10_400-H-6mm-4000x07_4_3/x0_y0,Steel1,im_val_cut10_400-H-6mm-4000x07,im_val_cut10_400-H-6mm-4000x07_4_3.png,0,0,0.05101,train,256,/content/drive/MyDrive/phase11-data/data/Steel1/images/im_val_cut10_400-H-6mm-4000x07_4_3.png,/content/drive/MyDrive/phase11-persistent/gt_boundaries/Steel1/im_val_cut10_400-H-6mm-4000x07_4_3.png,0,0,256,256,0,0
Steel1/im_val_cut10_400-H-6mm-4000x07_4_4/x0_y0,Steel1,im_val_cut10_400-H-6mm-4000x07,im_val_cut10_400-H-6mm-4000x07_4_4.png,0,0,0.057999,train,256,/content/drive/MyDrive/phase11-data/data/Steel1/images/im_val_cut10_400-H-6mm-4000x07_4_4.png,/content/drive/MyDrive/phase11-persistent/gt_boundaries/Steel1/im_val_cut10_400-H-6mm-4000x07_4_4.png,0,0,256,256,0,0
Steel1/im_val_cut10_400-H-6mm-4000x07_4_5/x0_y0,Steel1,im_val_cut10_400-H-6mm-4000x07,im_val_cut10_400-H-6mm-4000x07_4_5.png,0,0,0.048065,train,256,/content/drive/MyDrive/phase11-data/data/Steel1/images/im_val_cut10_400-H-6mm-4000x07_4_5.png,/content/drive/MyDrive/phase11-persistent/gt_boundaries/Steel1/im_val_cut10_400-H-6mm-4000x07_4_5.png,0,0,256,256,0,0
Steel1/im_val_cut10_400-H-6mm-4000x07_4_6/x0_y0,Steel1,im_val_cut10_400-H-6mm-4000x07,im_val_cut10_400-H-6mm-4000x07_4_6.png,0,0,0.063461,train,256,/content/drive/MyDrive/phase11-data/data/Steel1/images/im_val_cut10_400-H-6mm-4000x07_4_6.png,/content/drive/MyDrive/phase11-persistent/gt_boundaries/Steel1/im_val_cut10_400-H-6mm-4000x07_4_6.png,0,0,256,256,0,0
Steel1/im_val_cut10_400-H-6mm-4000x07_5_1/x0_y0,Steel1,im_val_cut10_400-H-6mm-4000x07,im_val_cut10_400-H-6mm-4000x07_5_1.png,0,0,0.064484,train,256,/content/drive/MyDrive/phase11-data/data/Steel1/images/im_val_cut10_400-H-6mm-4000x07_5_1.png,/content/drive/MyDrive/phase11-persistent/gt_boundaries/Steel1/im_val_cut10_400-H-6mm-4000x07_5_1.png,0,0,256,256,0,0
Steel1/im_val_cut10_400-H-6mm-4000x07_5_2/x0_y0,Steel1,im_val_cut10_400-H-6mm-4000x07,im_val_cut10_400-H-6mm-4000x07_5_2.png,0,0,0.044052,train,256,/content/drive/MyDrive/phase11-data/data/Steel1/images/im_val_cut10_400-H-6mm-4000x07_5_2.png,/content/drive/MyDrive/phase11-persistent/gt_boundaries/Steel1/im_val_cut10_400-H-6mm-4000x07_5_2.png,0,0,256,256,0,0
Steel1/im_val_cut10_400-H-6mm-4000x07_5_3/x0_y0,Steel1,im_val_cut10_400-H-6mm-4000x07,im_val_cut10_400-H-6mm-4000x07_5_3.png,0,0,0.047638,train,256,/content/drive/MyDrive/phase11-data/data/Steel1/images/im_val_cut10_400-H-6mm-4000x07_5_3.png,/content/drive/MyDrive/phase11-persistent/gt_boundaries/Steel1/im_val_cut10_400-H-6mm-4000x07_5_3.png,0,0,256,256,0,0
Steel1/im_val_cut10_400-H-6mm-4000x07_5_4/x0_y0,Steel1,im_val_cut10_400-H-6mm-4000x07,im_val_cut10_400-H-6mm-4000x07_5_4.png,0,0,0.059113,train,256,/content/drive/MyDrive/phase11-data/data/Steel1/images/im_val_cut10_400-H-6mm-4000x07_5_4.png,/content/drive/MyDrive/phase11-persistent/gt_boundaries/Steel1/im_val_cut10_400-H-6mm-4000x07_5_4.png,0,0,256,256,0,0
Steel1/im_val_cut10_400-H-6mm-4000x07_5_5/x0_y0,Steel1,im_val_cut10_400-H-6mm-4000x07,im_val_cut10_400-H-6mm-4000x07_5_5.png,0,0,0.065063,train,256,/content/drive/MyDrive/phase11-data/data/Steel1/images/im_val_cut10_400-H-6mm-4000x07_5_5.png,/content/drive/MyDrive/phase11-persistent/gt_boundaries/Steel1/im_val_cut10_400-H-6mm-4000x07_5_5.png,0,0,256,256,0,0
Steel1/im_val_cut10_400-H-6mm-4000x07_5_6/x0_y0,Steel1,im_val_cut10_400-H-6mm-4000x07,im_val_cut10_400-H-6mm-4000x07_5_6.png,0,0,0.052582,train,256,/content/drive/MyDrive/phase11-data/data/Steel1/images/im_val_cut10_400-H-6mm-4000x07_5_6.png,/content/drive/MyDrive/phase11-persistent/gt_boundaries/Steel1/im_val_cut10_400-H-6mm-4000x07_5_6.png,0,0,256,256,0,0
Steel1/im_val_cut10_400-H-6mm-4000x07_6_1/x0_y0,Steel1,im_val_cut10_400-H-6mm-4000x07,im_val_cut10_400-H-6mm-4000x07_6_1.png,0,0,0.060333,train,256,/content/drive/MyDrive/phase11-data/data/Steel1/images/im_val_cut10_400-H-6mm-4000x07_6_1.png,/content/drive/MyDrive/phase11-persistent/gt_boundaries/Steel1/im_val_cut10_400-H-6mm-4000x07_6_1.png,0,0,256,256,0,0
Steel1/im_val_cut10_400-H-6mm-4000x07_6_2/x0_y0,Steel1,im_val_cut10_400-H-6mm-4000x07,im_val_cut10_400-H-6mm-4000x07_6_2.png,0,0,0.053986,train,256,/content/drive/MyDrive/phase11-data/data/Steel1/images/im_val_cut10_400-H-6mm-4000x07_6_2.png,/content/drive/MyDrive/phase11-persistent/gt_boundaries/Steel1/im_val_cut10_400-H-6mm-4000x07_6_2.png,0,0,256,256,0,0
Steel1/im_val_cut10_400-H-6mm-4000x07_6_3/x0_y0,Steel1,im_val_cut10_400-H-6mm-4000x07,im_val_cut10_400-H-6mm-4000x07_6_3.png,0,0,0.078827,train,256,/content/drive/MyDrive/phase11-data/data/Steel1/images/im_val_cut10_400-H-6mm-4000x07_6_3.png,/content/drive/MyDrive/phase11-persistent/gt_boundaries/Steel1/im_val_cut10_400-H-6mm-4000x07_6_3.png,0,0,256,256,0,0
Steel1/im_val_cut10_400-H-6mm-4000x07_6_4/x0_y0,Steel1,im_val_cut10_400-H-6mm-4000x07,im_val_cut10_400-H-6mm-4000x07_6_4.png,0,0,0.069763,train,256,/content/drive/MyDrive/phase11-data/data/Steel1/images/im_val_cut10_400-H-6mm-4000x07_6_4.png,/content/drive/MyDrive/phase11-persistent/gt_boundaries/Steel1/im_val_cut10_400-H-6mm-4000x07_6_4.png,0,0,256,256,0,0
Steel1/im_val_cut10_400-H-6mm-4000x07_6_5/x0_y0,Steel1,im_val_cut10_400-H-6mm-4000x07,im_val_cut10_400-H-6mm-4000x07_6_5.png,0,0,0.065155,train,256,/content/drive/MyDrive/phase11-data/data/Steel1/images/im_val_cut10_400-H-6mm-4000x07_6_5.png,/content/drive/MyDrive/phase11-persistent/gt_boundaries/Steel1/im_val_cut10_400-H-6mm-4000x07_6_5.png,0,0,256,256,0,0
Steel1/im_val_cut10_400-H-6mm-4000x07_6_6/x0_y0,Steel1,im_val_cut10_400-H-6mm-4000x07,im_val_cut10_400-H-6mm-4000x07_6_6.png,0,0,0.047119,train,256,/content/drive/MyDrive/phase11-data/data/Steel1/images/im_val_cut10_400-H-6mm-4000x07_6_6.png,/content/drive/MyDrive/phase11-persistent/gt_boundaries/Steel1/im_val_cut10_400-H-6mm-4000x07_6_6.png,0,0,256,256,0,0
Steel1/im_val_cut10_400-H-6mm-4000x07_7_1/x0_y0,Steel1,im_val_cut10_400-H-6mm-4000x07,im_val_cut10_400-H-6mm-4000x07_7_1.png,0,0,0.051453,train,256,/content/drive/MyDrive/phase11-data/data/Steel1/images/im_val_cut10_400-H-6mm-4000x07_7_1.png,/content/drive/MyDrive/phase11-persistent/gt_boundaries/Steel1/im_val_cut10_400-H-6mm-4000x07_7_1.png,0,0,256,256,0,0
Steel1/im_val_cut10_400-H-6mm-4000x07_7_2/x0_y0,Steel1,im_val_cut10_400-H-6mm-4000x07,im_val_cut10_400-H-6mm-4000x07_7_2.png,0,0,0.063766,train,256,/content/drive/MyDrive/phase11-data/data/Steel1/images/im_val_cut10_400-H-6mm-4000x07_7_2.png,/content/drive/MyDrive/phase11-persistent/gt_boundaries/Steel1/im_val_cut10_400-H-6mm-4000x07_7_2.png,0,0,256,256,0,0
Steel1/im_val_cut10_400-H-6mm-4000x07_7_3/x0_y0,Steel1,im_val_cut10_400-H-6mm-4000x07,im_val_cut10_400-H-6mm-4000x07_7_3.png,0,0,0.037933,train,256,/content/drive/MyDrive/phase11-data/data/Steel1/images/im_val_cut10_400-H-6mm-4000x07_7_3.png,/content/drive/MyDrive/phase11-persistent/gt_boundaries/Steel1/im_val_cut10_400-H-6mm-4000x07_7_3.png,0,0,256,256,0,0
Steel1/im_val_cut10_400-H-6mm-4000x07_7_4/x0_y0,Steel1,im_val_cut10_400-H-6mm-4000x07,im_val_cut10_400-H-6mm-4000x07_7_4.png,0,0,0.039093,train,256,/content/drive/MyDrive/phase11-data/data/Steel1/images/im_val_cut10_400-H-6mm-4000x07_7_4.png,/content/drive/MyDrive/phase11-persistent/gt_boundaries/Steel1/im_val_cut10_400-H-6mm-4000x07_7_4.png,0,0,256,256,0,0
Steel1/im_val_cut10_400-H-6mm-4000x07_7_5/x0_y0,Steel1,im_val_cut10_400-H-6mm-4000x07,im_val_cut10_400-H-6mm-4000x07_7_5.png,0,0,0.066467,train,256,/content/drive/MyDrive/phase11-data/data/Steel1/images/im_val_cut10_400-H-6mm-4000x07_7_5.png,/content/drive/MyDrive/phase11-persistent/gt_boundaries/Steel1/im_val_cut10_400-H-6mm-4000x07_7_5.png,0,0,256,256,0,0
Steel1/im_val_cut10_400-H-6mm-4000x07_7_6/x0_y0,Steel1,im_val_cut10_400-H-6mm-4000x07,im_val_cut10_400-H-6mm-4000x07_7_6.png,0,0,0.006958,train,256,/content/drive/MyDrive/phase11-data/data/Steel1/images/im_val_cut10_400-H-6mm-4000x07_7_6.png,/content/drive/MyDrive/phase11-persistent/gt_boundaries/Steel1/im_val_cut10_400-H-6mm-4000x07_7_6.png,0,0,256,256,0,0
Steel1/im_val_cut10_400-H-6mm-4000x07_8_1/x0_y0,Steel1,im_val_cut10_400-H-6mm-4000x07,im_val_cut10_400-H-6mm-4000x07_8_1.png,0,0,0.049744,train,256,/content/drive/MyDrive/phase11-data/data/Steel1/images/im_val_cut10_400-H-6mm-4000x07_8_1.png,/content/drive/MyDrive/phase11-persistent/gt_boundaries/Steel1/im_val_cut10_400-H-6mm-4000x07_8_1.png,0,0,256,256,0,0
Steel1/im_val_cut10_400-H-6mm-4000x07_8_2/x0_y0,Steel1,im_val_cut10_400-H-6mm-4000x07,im_val_cut10_400-H-6mm-4000x07_8_2.png,0,0,0.055588,train,256,/content/drive/MyDrive/phase11-data/data/Steel1/images/im_val_cut10_400-H-6mm-4000x07_8_2.png,/content/drive/MyDrive/phase11-persistent/gt_boundaries/Steel1/im_val_cut10_400-H-6mm-4000x07_8_2.png,0,0,256,256,0,0
Steel1/im_val_cut10_400-H-6mm-4000x07_8_3/x0_y0,Steel1,im_val_cut10_400-H-6mm-4000x07,im_val_cut10_400-H-6mm-4000x07_8_3.png,0,0,0.035721,train,256,/content/drive/MyDrive/phase11-data/data/Steel1/images/im_val_cut10_400-H-6mm-4000x07_8_3.png,/content/drive/MyDrive/phase11-persistent/gt_boundaries/Steel1/im_val_cut10_400-H-6mm-4000x07_8_3.png,0,0,256,256,0,0
Steel1/im_val_cut10_400-H-6mm-4000x07_8_4/x0_y0,Steel1,im_val_cut10_400-H-6mm-4000x07,im_val_cut10_400-H-6mm-4000x07_8_4.png,0,0,0.068085,train,256,/content/drive/MyDrive/phase11-data/data/Steel1/images/im_val_cut10_400-H-6mm-4000x07_8_4.png,/content/drive/MyDrive/phase11-persistent/gt_boundaries/Steel1/im_val_cut10_400-H-6mm-4000x07_8_4.png,0,0,256,256,0,0
Steel1/im_val_cut10_400-H-6mm-4000x07_8_5/x0_y0,Steel1,im_val_cut10_400-H-6mm-4000x07,im_val_cut10_400-H-6mm-4000x07_8_5.png,0,0,0.056961,train,256,/content/drive/MyDrive/phase11-data/data/Steel1/images/im_val_cut10_400-H-6mm-4000x07_8_5.png,/content/drive/MyDrive/phase11-persistent/gt_boundaries/Steel1/im_val_cut10_400-H-6mm-4000x07_8_5.png,0,0,256,256,0,0
Steel1/im_val_cut10_400-H-6mm-4000x07_8_6/x0_y0,Steel1,im_val_cut10_400-H-6mm-4000x07,im_val_cut10_400-H-6mm-4000x07_8_6.png,0,0,0.063187,train,256,/content/drive/MyDrive/phase11-data/data/Steel1/images/im_val_cut10_400-H-6mm-4000x07_8_6.png,/content/drive/MyDrive/phase11-persistent/gt_boundaries/Steel1/im_val_cut10_400-H-6mm-4000x07_8_6.png,0,0,256,256,0,0
Steel1/im_val_cut10_400-H-9mm-4000x10_1_1/x0_y0,Steel1,im_val_cut10_400-H-9mm-4000x10,im_val_cut10_400-H-9mm-4000x10_1_1.png,0,0,0.042694,val,256,/content/drive/MyDrive/phase11-data/data/Steel1/images/im_val_cut10_400-H-9mm-4000x10_1_1.png,/content/drive/MyDrive/phase11-persistent/gt_boundaries/Steel1/im_val_cut10_400-H-9mm-4000x10_1_1.png,0,0,256,256,0,0
Steel1/im_val_cut10_400-H-9mm-4000x10_1_2/x0_y0,Steel1,im_val_cut10_400-H-9mm-4000x10,im_val_cut10_400-H-9mm-4000x10_1_2.png,0,0,0.022385,val,256,/content/drive/MyDrive/phase11-data/data/Steel1/images/im_val_cut10_400-H-9mm-4000x10_1_2.png,/content/drive/MyDrive/phase11-persistent/gt_boundaries/Steel1/im_val_cut10_400-H-9mm-4000x10_1_2.png,0,0,256,256,0,0
Steel1/im_val_cut10_400-H-9mm-4000x10_1_3/x0_y0,Steel1,im_val_cut10_400-H-9mm-4000x10,im_val_cut10_400-H-9mm-4000x10_1_3.png,0,0,0.059723,val,256,/content/drive/MyDrive/phase11-data/data/Steel1/images/im_val_cut10_400-H-9mm-4000x10_1_3.png,/content/drive/MyDrive/phase11-persistent/gt_boundaries/Steel1/im_val_cut10_400-H-9mm-4000x10_1_3.png,0,0,256,256,0,0
Steel1/im_val_cut10_400-H-9mm-4000x10_1_4/x0_y0,Steel1,im_val_cut10_400-H-9mm-4000x10,im_val_cut10_400-H-9mm-4000x10_1_4.png,0,0,0.04155,val,256,/content/drive/MyDrive/phase11-data/data/Steel1/images/im_val_cut10_400-H-9mm-4000x10_1_4.png,/content/drive/MyDrive/phase11-persistent/gt_boundaries/Steel1/im_val_cut10_400-H-9mm-4000x10_1_4.png,0,0,256,256,0,0
Steel1/im_val_cut10_400-H-9mm-4000x10_1_5/x0_y0,Steel1,im_val_cut10_400-H-9mm-4000x10,im_val_cut10_400-H-9mm-4000x10_1_5.png,0,0,0.035599,val,256,/content/drive/MyDrive/phase11-data/data/Steel1/images/im_val_cut10_400-H-9mm-4000x10_1_5.png,/content/drive/MyDrive/phase11-persistent/gt_boundaries/Steel1/im_val_cut10_400-H-9mm-4000x10_1_5.png,0,0,256,256,0,0
Steel1/im_val_cut10_400-H-9mm-4000x10_1_6/x0_y0,Steel1,im_val_cut10_400-H-9mm-4000x10,im_val_cut10_400-H-9mm-4000x10_1_6.png,0,0,0.049881,val,256,/content/drive/MyDrive/phase11-data/data/Steel1/images/im_val_cut10_400-H-9mm-4000x10_1_6.png,/content/drive/MyDrive/phase11-persistent/gt_boundaries/Steel1/im_val_cut10_400-H-9mm-4000x10_1_6.png,0,0,256,256,0,0
Steel1/im_val_cut10_400-H-9mm-4000x10_2_1/x0_y0,Steel1,im_val_cut10_400-H-9mm-4000x10,im_val_cut10_400-H-9mm-4000x10_2_1.png,0,0,0.054825,val,256,/content/drive/MyDrive/phase11-data/data/Steel1/images/im_val_cut10_400-H-9mm-4000x10_2_1.png,/content/drive/MyDrive/phase11-persistent/gt_boundaries/Steel1/im_val_cut10_400-H-9mm-4000x10_2_1.png,0,0,256,256,0,0
Steel1/im_val_cut10_400-H-9mm-4000x10_2_2/x0_y0,Steel1,im_val_cut10_400-H-9mm-4000x10,im_val_cut10_400-H-9mm-4000x10_2_2.png,0,0,0.036011,val,256,/content/drive/MyDrive/phase11-data/data/Steel1/images/im_val_cut10_400-H-9mm-4000x10_2_2.png,/content/drive/MyDrive/phase11-persistent/gt_boundaries/Steel1/im_val_cut10_400-H-9mm-4000x10_2_2.png,0,0,256,256,0,0
Steel1/im_val_cut10_400-H-9mm-4000x10_2_3/x0_y0,Steel1,im_val_cut10_400-H-9mm-4000x10,im_val_cut10_400-H-9mm-4000x10_2_3.png,0,0,0.048996,val,256,/content/drive/MyDrive/phase11-data/data/Steel1/images/im_val_cut10_400-H-9mm-4000x10_2_3.png,/content/drive/MyDrive/phase11-persistent/gt_boundaries/Steel1/im_val_cut10_400-H-9mm-4000x10_2_3.png,0,0,256,256,0,0
Steel1/im_val_cut10_400-H-9mm-4000x10_2_4/x0_y0,Steel1,im_val_cut10_400-H-9mm-4000x10,im_val_cut10_400-H-9mm-4000x10_2_4.png,0,0,0.048523,val,256,/content/drive/MyDrive/phase11-data/data/Steel1/images/im_val_cut10_400-H-9mm-4000x10_2_4.png,/content/drive/MyDrive/phase11-persistent/gt_boundaries/Steel1/im_val_cut10_400-H-9mm-4000x10_2_4.png,0,0,256,256,0,0
Steel1/im_val_cut10_400-H-9mm-4000x10_2_5/x0_y0,Steel1,im_val_cut10_400-H-9mm-4000x10,im_val_cut10_400-H-9mm-4000x10_2_5.png,0,0,0.05957,val,256,/content/drive/MyDrive/phase11-data/data/Steel1/images/im_val_cut10_400-H-9mm-4000x10_2_5.png,/content/drive/MyDrive/phase11-persistent/gt_boundaries/Steel1/im_val_cut10_400-H-9mm-4000x10_2_5.png,0,0,256,256,0,0
Steel1/im_val_cut10_400-H-9mm-4000x10_2_6/x0_y0,Steel1,im_val_cut10_400-H-9mm-4000x10,im_val_cut10_400-H-9mm-4000x10_2_6.png,0,0,0.034485,val,256,/content/drive/MyDrive/phase11-data/data/Steel1/images/im_val_cut10_400-H-9mm-4000x10_2_6.png,/content/drive/MyDrive/phase11-persistent/gt_boundaries/Steel1/im_val_cut10_400-H-9mm-4000x10_2_6.png,0,0,256,256,0,0
Steel1/im_val_cut10_400-H-9mm-4000x10_3_1/x0_y0,Steel1,im_val_cut10_400-H-9mm-4000x10,im_val_cut10_400-H-9mm-4000x10_3_1.png,0,0,0.054291,val,256,/content/drive/MyDrive/phase11-data/data/Steel1/images/im_val_cut10_400-H-9mm-4000x10_3_1.png,/content/drive/MyDrive/phase11-persistent/gt_boundaries/Steel1/im_val_cut10_400-H-9mm-4000x10_3_1.png,0,0,256,256,0,0
Steel1/im_val_cut10_400-H-9mm-4000x10_3_2/x0_y0,Steel1,im_val_cut10_400-H-9mm-4000x10,im_val_cut10_400-H-9mm-4000x10_3_2.png,0,0,0.056274,val,256,/content/drive/MyDrive/phase11-data/data/Steel1/images/im_val_cut10_400-H-9mm-4000x10_3_2.png,/content/drive/MyDrive/phase11-persistent/gt_boundaries/Steel1/im_val_cut10_400-H-9mm-4000x10_3_2.png,0,0,256,256,0,0
Steel1/im_val_cut10_400-H-9mm-4000x10_3_3/x0_y0,Steel1,im_val_cut10_400-H-9mm-4000x10,im_val_cut10_400-H-9mm-4000x10_3_3.png,0,0,0.030197,val,256,/content/drive/MyDrive/phase11-data/data/Steel1/images/im_val_cut10_400-H-9mm-4000x10_3_3.png,/content/drive/MyDrive/phase11-persistent/gt_boundaries/Steel1/im_val_cut10_400-H-9mm-4000x10_3_3.png,0,0,256,256,0,0
Steel1/im_val_cut10_400-H-9mm-4000x10_3_4/x0_y0,Steel1,im_val_cut10_400-H-9mm-4000x10,im_val_cut10_400-H-9mm-4000x10_3_4.png,0,0,0.040649,val,256,/content/drive/MyDrive/phase11-data/data/Steel1/images/im_val_cut10_400-H-9mm-4000x10_3_4.png,/content/drive/MyDrive/phase11-persistent/gt_boundaries/Steel1/im_val_cut10_400-H-9mm-4000x10_3_4.png,0,0,256,256,0,0
Steel1/im_val_cut10_400-H-9mm-4000x10_3_5/x0_y0,Steel1,im_val_cut10_400-H-9mm-4000x10,im_val_cut10_400-H-9mm-4000x10_3_5.png,0,0,0.05191,val,256,/content/drive/MyDrive/phase11-data/data/Steel1/images/im_val_cut10_400-H-9mm-4000x10_3_5.png,/content/drive/MyDrive/phase11-persistent/gt_boundaries/Steel1/im_val_cut10_400-H-9mm-4000x10_3_5.png,0,0,256,256,0,0
Steel1/im_val_cut10_400-H-9mm-4000x10_3_6/x0_y0,Steel1,im_val_cut10_400-H-9mm-4000x10,im_val_cut10_400-H-9mm-4000x10_3_6.png,0,0,0.028885,val,256,/content/drive/MyDrive/phase11-data/data/Steel1/images/im_val_cut10_400-H-9mm-4000x10_3_6.png,/content/drive/MyDrive/phase11-persistent/gt_boundaries/Steel1/im_val_cut10_400-H-9mm-4000x10_3_6.png,0,0,256,256,0,0
Steel1/im_val_cut10_400-H-9mm-4000x10_4_1/x0_y0,Steel1,im_val_cut10_400-H-9mm-4000x10,im_val_cut10_400-H-9mm-4000x10_4_1.png,0,0,0.08136,val,256,/content/drive/MyDrive/phase11-data/data/Steel1/images/im_val_cut10_400-H-9mm-4000x10_4_1.png,/content/drive/MyDrive/phase11-persistent/gt_boundaries/Steel1/im_val_cut10_400-H-9mm-4000x10_4_1.png,0,0,256,256,0,0
Steel1/im_val_cut10_400-H-9mm-4000x10_4_2/x0_y0,Steel1,im_val_cut10_400-H-9mm-4000x10,im_val_cut10_400-H-9mm-4000x10_4_2.png,0,0,0.058716,val,256,/content/drive/MyDrive/phase11-data/data/Steel1/images/im_val_cut10_400-H-9mm-4000x10_4_2.png,/content/drive/MyDrive/phase11-persistent/gt_boundaries/Steel1/im_val_cut10_400-H-9mm-4000x10_4_2.png,0,0,256,256,0,0
Steel1/im_val_cut10_400-H-9mm-4000x10_4_3/x0_y0,Steel1,im_val_cut10_400-H-9mm-4000x10,im_val_cut10_400-H-9mm-4000x10_4_3.png,0,0,0.008286,val,256,/content/drive/MyDrive/phase11-data/data/Steel1/images/im_val_cut10_400-H-9mm-4000x10_4_3.png,/content/drive/MyDrive/phase11-persistent/gt_boundaries/Steel1/im_val_cut10_400-H-9mm-4000x10_4_3.png,0,0,256,256,0,0
Steel1/im_val_cut10_400-H-9mm-4000x10_4_4/x0_y0,Steel1,im_val_cut10_400-H-9mm-4000x10,im_val_cut10_400-H-9mm-4000x10_4_4.png,0,0,0.031174,val,256,/content/drive/MyDrive/phase11-data/data/Steel1/images/im_val_cut10_400-H-9mm-4000x10_4_4.png,/content/drive/MyDrive/phase11-persistent/gt_boundaries/Steel1/im_val_cut10_400-H-9mm-4000x10_4_4.png,0,0,256,256,0,0
Steel1/im_val_cut10_400-H-9mm-4000x10_4_5/x0_y0,Steel1,im_val_cut10_400-H-9mm-4000x10,im_val_cut10_400-H-9mm-4000x10_4_5.png,0,0,0.053909,val,256,/content/drive/MyDrive/phase11-data/data/Steel1/images/im_val_cut10_400-H-9mm-4000x10_4_5.png,/content/drive/MyDrive/phase11-persistent/gt_boundaries/Steel1/im_val_cut10_400-H-9mm-4000x10_4_5.png,0,0,256,256,0,0
Steel1/im_val_cut10_400-H-9mm-4000x10_4_6/x0_y0,Steel1,im_val_cut10_400-H-9mm-4000x10,im_val_cut10_400-H-9mm-4000x10_4_6.png,0,0,0.042984,val,256,/content/drive/MyDrive/phase11-data/data/Steel1/images/im_val_cut10_400-H-9mm-4000x10_4_6.png,/content/drive/MyDrive/phase11-persistent/gt_boundaries/Steel1/im_val_cut10_400-H-9mm-4000x10_4_6.png,0,0,256,256,0,0
Steel1/im_val_cut10_400-H-9mm-4000x10_5_1/x0_y0,Steel1,im_val_cut10_400-H-9mm-4000x10,im_val_cut10_400-H-9mm-4000x10_5_1.png,0,0,0.041794,val,256,/content/drive/MyDrive/phase11-data/data/Steel1/images/im_val_cut10_400-H-9mm-4000x10_5_1.png,/content/drive/MyDrive/phase11-persistent/gt_boundaries/Steel1/im_val_cut10_400-H-9mm-4000x10_5_1.png,0,0,256,256,0,0
Steel1/im_val_cut10_400-H-9mm-4000x10_5_2/x0_y0,Steel1,im_val_cut10_400-H-9mm-4000x10,im_val_cut10_400-H-9mm-4000x10_5_2.png,0,0,0.044937,val,256,/content/drive/MyDrive/phase11-data/data/Steel1/images/im_val_cut10_400-H-9mm-4000x10_5_2.png,/content/drive/MyDrive/phase11-persistent/gt_boundaries/Steel1/im_val_cut10_400-H-9mm-4000x10_5_2.png,0,0,256,256,0,0
Steel1/im_val_cut10_400-H-9mm-4000x10_5_3/x0_y0,Steel1,im_val_cut10_400-H-9mm-4000x10,im_val_cut10_400-H-9mm-4000x10_5_3.png,0,0,0.037415,val,256,/content/drive/MyDrive/phase11-data/data/Steel1/images/im_val_cut10_400-H-9mm-4000x10_5_3.png,/content/drive/MyDrive/phase11-persistent/gt_boundaries/Steel1/im_val_cut10_400-H-9mm-4000x10_5_3.png,0,0,256,256,0,0
Steel1/im_val_cut10_400-H-9mm-4000x10_5_4/x0_y0,Steel1,im_val_cut10_400-H-9mm-4000x10,im_val_cut10_400-H-9mm-4000x10_5_4.png,0,0,0.04187,val,256,/content/drive/MyDrive/phase11-data/data/Steel1/images/im_val_cut10_400-H-9mm-4000x10_5_4.png,/content/drive/MyDrive/phase11-persistent/gt_boundaries/Steel1/im_val_cut10_400-H-9mm-4000x10_5_4.png,0,0,256,256,0,0
Steel1/im_val_cut10_400-H-9mm-4000x10_5_5/x0_y0,Steel1,im_val_cut10_400-H-9mm-4000x10,im_val_cut10_400-H-9mm-4000x10_5_5.png,0,0,0.011429,val,256,/content/drive/MyDrive/phase11-data/data/Steel1/images/im_val_cut10_400-H-9mm-4000x10_5_5.png,/content/drive/MyDrive/phase11-persistent/gt_boundaries/Steel1/im_val_cut10_400-H-9mm-4000x10_5_5.png,0,0,256,256,0,0
Steel1/im_val_cut10_400-H-9mm-4000x10_5_6/x0_y0,Steel1,im_val_cut10_400-H-9mm-4000x10,im_val_cut10_400-H-9mm-4000x10_5_6.png,0,0,0.039108,val,256,/content/drive/MyDrive/phase11-data/data/Steel1/images/im_val_cut10_400-H-9mm-4000x10_5_6.png,/content/drive/MyDrive/phase11-persistent/gt_boundaries/Steel1/im_val_cut10_400-H-9mm-4000x10_5_6.png,0,0,256,256,0,0
Steel1/im_val_cut10_400-H-9mm-4000x10_6_1/x0_y0,Steel1,im_val_cut10_400-H-9mm-4000x10,im_val_cut10_400-H-9mm-4000x10_6_1.png,0,0,0.040833,val,256,/content/drive/MyDrive/phase11-data/data/Steel1/images/im_val_cut10_400-H-9mm-4000x10_6_1.png,/content/drive/MyDrive/phase11-persistent/gt_boundaries/Steel1/im_val_cut10_400-H-9mm-4000x10_6_1.png,0,0,256,256,0,0
Steel1/im_val_cut10_400-H-9mm-4000x10_6_2/x0_y0,Steel1,im_val_cut10_400-H-9mm-4000x10,im_val_cut10_400-H-9mm-4000x10_6_2.png,0,0,0.048126,val,256,/content/drive/MyDrive/phase11-data/data/Steel1/images/im_val_cut10_400-H-9mm-4000x10_6_2.png,/content/drive/MyDrive/phase11-persistent/gt_boundaries/Steel1/im_val_cut10_400-H-9mm-4000x10_6_2.png,0,0,256,256,0,0
Steel1/im_val_cut10_400-H-9mm-4000x10_6_3/x0_y0,Steel1,im_val_cut10_400-H-9mm-4000x10,im_val_cut10_400-H-9mm-4000x10_6_3.png,0,0,0.052902,val,256,/content/drive/MyDrive/phase11-data/data/Steel1/images/im_val_cut10_400-H-9mm-4000x10_6_3.png,/content/drive/MyDrive/phase11-persistent/gt_boundaries/Steel1/im_val_cut10_400-H-9mm-4000x10_6_3.png,0,0,256,256,0,0
Steel1/im_val_cut10_400-H-9mm-4000x10_6_4/x0_y0,Steel1,im_val_cut10_400-H-9mm-4000x10,im_val_cut10_400-H-9mm-4000x10_6_4.png,0,0,0.027451,val,256,/content/drive/MyDrive/phase11-data/data/Steel1/images/im_val_cut10_400-H-9mm-4000x10_6_4.png,/content/drive/MyDrive/phase11-persistent/gt_boundaries/Steel1/im_val_cut10_400-H-9mm-4000x10_6_4.png,0,0,256,256,0,0
Steel1/im_val_cut10_400-H-9mm-4000x10_6_5/x0_y0,Steel1,im_val_cut10_400-H-9mm-4000x10,im_val_cut10_400-H-9mm-4000x10_6_5.png,0,0,0.021317,val,256,/content/drive/MyDrive/phase11-data/data/Steel1/images/im_val_cut10_400-H-9mm-4000x10_6_5.png,/content/drive/MyDrive/phase11-persistent/gt_boundaries/Steel1/im_val_cut10_400-H-9mm-4000x10_6_5.png,0,0,256,256,0,0
Steel1/im_val_cut10_400-H-9mm-4000x10_6_6/x0_y0,Steel1,im_val_cut10_400-H-9mm-4000x10,im_val_cut10_400-H-9mm-4000x10_6_6.png,0,0,0.021118,val,256,/content/drive/MyDrive/phase11-data/data/Steel1/images/im_val_cut10_400-H-9mm-4000x10_6_6.png,/content/drive/MyDrive/phase11-persistent/gt_boundaries/Steel1/im_val_cut10_400-H-9mm-4000x10_6_6.png,0,0,256,256,0,0
Steel1/im_val_cut10_400-H-9mm-4000x10_7_1/x0_y0,Steel1,im_val_cut10_400-H-9mm-4000x10,im_val_cut10_400-H-9mm-4000x10_7_1.png,0,0,0.053802,val,256,/content/drive/MyDrive/phase11-data/data/Steel1/images/im_val_cut10_400-H-9mm-4000x10_7_1.png,/content/drive/MyDrive/phase11-persistent/gt_boundaries/Steel1/im_val_cut10_400-H-9mm-4000x10_7_1.png,0,0,256,256,0,0
Steel1/im_val_cut10_400-H-9mm-4000x10_7_2/x0_y0,Steel1,im_val_cut10_400-H-9mm-4000x10,im_val_cut10_400-H-9mm-4000x10_7_2.png,0,0,0.035767,val,256,/content/drive/MyDrive/phase11-data/data/Steel1/images/im_val_cut10_400-H-9mm-4000x10_7_2.png,/content/drive/MyDrive/phase11-persistent/gt_boundaries/Steel1/im_val_cut10_400-H-9mm-4000x10_7_2.png,0,0,256,256,0,0
Steel1/im_val_cut10_400-H-9mm-4000x10_7_3/x0_y0,Steel1,im_val_cut10_400-H-9mm-4000x10,im_val_cut10_400-H-9mm-4000x10_7_3.png,0,0,0.028397,val,256,/content/drive/MyDrive/phase11-data/data/Steel1/images/im_val_cut10_400-H-9mm-4000x10_7_3.png,/content/drive/MyDrive/phase11-persistent/gt_boundaries/Steel1/im_val_cut10_400-H-9mm-4000x10_7_3.png,0,0,256,256,0,0
Steel1/im_val_cut10_400-H-9mm-4000x10_7_4/x0_y0,Steel1,im_val_cut10_400-H-9mm-4000x10,im_val_cut10_400-H-9mm-4000x10_7_4.png,0,0,0.034592,val,256,/content/drive/MyDrive/phase11-data/data/Steel1/images/im_val_cut10_400-H-9mm-4000x10_7_4.png,/content/drive/MyDrive/phase11-persistent/gt_boundaries/Steel1/im_val_cut10_400-H-9mm-4000x10_7_4.png,0,0,256,256,0,0
Steel1/im_val_cut10_400-H-9mm-4000x10_7_5/x0_y0,Steel1,im_val_cut10_400-H-9mm-4000x10,im_val_cut10_400-H-9mm-4000x10_7_5.png,0,0,0.03183,val,256,/content/drive/MyDrive/phase11-data/data/Steel1/images/im_val_cut10_400-H-9mm-4000x10_7_5.png,/content/drive/MyDrive/phase11-persistent/gt_boundaries/Steel1/im_val_cut10_400-H-9mm-4000x10_7_5.png,0,0,256,256,0,0
Steel1/im_val_cut10_400-H-9mm-4000x10_7_6/x0_y0,Steel1,im_val_cut10_400-H-9mm-4000x10,im_val_cut10_400-H-9mm-4000x10_7_6.png,0,0,0.027756,val,256,/content/drive/MyDrive/phase11-data/data/Steel1/images/im_val_cut10_400-H-9mm-4000x10_7_6.png,/content/drive/MyDrive/phase11-persistent/gt_boundaries/Steel1/im_val_cut10_400-H-9mm-4000x10_7_6.png,0,0,256,256,0,0
Steel1/im_val_cut10_400-H-9mm-4000x10_8_1/x0_y0,Steel1,im_val_cut10_400-H-9mm-4000x10,im_val_cut10_400-H-9mm-4000x10_8_1.png,0,0,0.031006,val,256,/content/drive/MyDrive/phase11-data/data/Steel1/images/im_val_cut10_400-H-9mm-4000x10_8_1.png,/content/drive/MyDrive/phase11-persistent/gt_boundaries/Steel1/im_val_cut10_400-H-9mm-4000x10_8_1.png,0,0,256,256,0,0
Steel1/im_val_cut10_400-H-9mm-4000x10_8_2/x0_y0,Steel1,im_val_cut10_400-H-9mm-4000x10,im_val_cut10_400-H-9mm-4000x10_8_2.png,0,0,0.03833,val,256,/content/drive/MyDrive/phase11-data/data/Steel1/images/im_val_cut10_400-H-9mm-4000x10_8_2.png,/content/drive/MyDrive/phase11-persistent/gt_boundaries/Steel1/im_val_cut10_400-H-9mm-4000x10_8_2.png,0,0,256,256,0,0
Steel1/im_val_cut10_400-H-9mm-4000x10_8_3/x0_y0,Steel1,im_val_cut10_400-H-9mm-4000x10,im_val_cut10_400-H-9mm-4000x10_8_3.png,0,0,0.029999,val,256,/content/drive/MyDrive/phase11-data/data/Steel1/images/im_val_cut10_400-H-9mm-4000x10_8_3.png,/content/drive/MyDrive/phase11-persistent/gt_boundaries/Steel1/im_val_cut10_400-H-9mm-4000x10_8_3.png,0,0,256,256,0,0
Steel1/im_val_cut10_400-H-9mm-4000x10_8_4/x0_y0,Steel1,im_val_cut10_400-H-9mm-4000x10,im_val_cut10_400-H-9mm-4000x10_8_4.png,0,0,0.022583,val,256,/content/drive/MyDrive/phase11-data/data/Steel1/images/im_val_cut10_400-H-9mm-4000x10_8_4.png,/content/drive/MyDrive/phase11-persistent/gt_boundaries/Steel1/im_val_cut10_400-H-9mm-4000x10_8_4.png,0,0,256,256,0,0
Steel1/im_val_cut10_400-H-9mm-4000x10_8_5/x0_y0,Steel1,im_val_cut10_400-H-9mm-4000x10,im_val_cut10_400-H-9mm-4000x10_8_5.png,0,0,0.007675,val,256,/content/drive/MyDrive/phase11-data/data/Steel1/images/im_val_cut10_400-H-9mm-4000x10_8_5.png,/content/drive/MyDrive/phase11-persistent/gt_boundaries/Steel1/im_val_cut10_400-H-9mm-4000x10_8_5.png,0,0,256,256,0,0
Steel1/im_val_cut10_400-H-9mm-4000x10_8_6/x0_y0,Steel1,im_val_cut10_400-H-9mm-4000x10,im_val_cut10_400-H-9mm-4000x10_8_6.png,0,0,0.039169,val,256,/content/drive/MyDrive/phase11-data/data/Steel1/images/im_val_cut10_400-H-9mm-4000x10_8_6.png,/content/drive/MyDrive/phase11-persistent/gt_boundaries/Steel1/im_val_cut10_400-H-9mm-4000x10_8_6.png,0,0,256,256,0,0
Steel1/im_val_cut10_400-H-9mm-4000x11_1_1/x0_y0,Steel1,im_val_cut10_400-H-9mm-4000x11,im_val_cut10_400-H-9mm-4000x11_1_1.png,0,0,0.042664,val,256,/content/drive/MyDrive/phase11-data/data/Steel1/images/im_val_cut10_400-H-9mm-4000x11_1_1.png,/content/drive/MyDrive/phase11-persistent/gt_boundaries/Steel1/im_val_cut10_400-H-9mm-4000x11_1_1.png,0,0,256,256,0,0
Steel1/im_val_cut10_400-H-9mm-4000x11_1_2/x0_y0,Steel1,im_val_cut10_400-H-9mm-4000x11,im_val_cut10_400-H-9mm-4000x11_1_2.png,0,0,0.055573,val,256,/content/drive/MyDrive/phase11-data/data/Steel1/images/im_val_cut10_400-H-9mm-4000x11_1_2.png,/content/drive/MyDrive/phase11-persistent/gt_boundaries/Steel1/im_val_cut10_400-H-9mm-4000x11_1_2.png,0,0,256,256,0,0
Steel1/im_val_cut10_400-H-9mm-4000x11_1_3/x0_y0,Steel1,im_val_cut10_400-H-9mm-4000x11,im_val_cut10_400-H-9mm-4000x11_1_3.png,0,0,0.045944,val,256,/content/drive/MyDrive/phase11-data/data/Steel1/images/im_val_cut10_400-H-9mm-4000x11_1_3.png,/content/drive/MyDrive/phase11-persistent/gt_boundaries/Steel1/im_val_cut10_400-H-9mm-4000x11_1_3.png,0,0,256,256,0,0
Steel1/im_val_cut10_400-H-9mm-4000x11_1_4/x0_y0,Steel1,im_val_cut10_400-H-9mm-4000x11,im_val_cut10_400-H-9mm-4000x11_1_4.png,0,0,0.012955,val,256,/content/drive/MyDrive/phase11-data/data/Steel1/images/im_val_cut10_400-H-9mm-4000x11_1_4.png,/content/drive/MyDrive/phase11-persistent/gt_boundaries/Steel1/im_val_cut10_400-H-9mm-4000x11_1_4.png,0,0,256,256,0,0
Steel1/im_val_cut10_400-H-9mm-4000x11_1_5/x0_y0,Steel1,im_val_cut10_400-H-9mm-4000x11,im_val_cut10_400-H-9mm-4000x11_1_5.png,0,0,0.026947,val,256,/content/drive/MyDrive/phase11-data/data/Steel1/images/im_val_cut10_400-H-9mm-4000x11_1_5.png,/content/drive/MyDrive/phase11-persistent/gt_boundaries/Steel1/im_val_cut10_400-H-9mm-4000x11_1_5.png,0,0,256,256,0,0
Steel1/im_val_cut10_400-H-9mm-4000x11_1_6/x0_y0,Steel1,im_val_cut10_400-H-9mm-4000x11,im_val_cut10_400-H-9mm-4000x11_1_6.png,0,0,0.030838,val,256,/content/drive/MyDrive/phase11-data/data/Steel1/images/im_val_cut10_400-H-9mm-4000x11_1_6.png,/content/drive/MyDrive/phase11-persistent/gt_boundaries/Steel1/im_val_cut10_400-H-9mm-4000x11_1_6.png,0,0,256,256,0,0
Steel1/im_val_cut10_400-H-9mm-4000x11_2_1/x0_y0,Steel1,im_val_cut10_400-H-9mm-4000x11,im_val_cut10_400-H-9mm-4000x11_2_1.png,0,0,0.057388,val,256,/content/drive/MyDrive/phase11-data/data/Steel1/images/im_val_cut10_400-H-9mm-4000x11_2_1.png,/content/drive/MyDrive/phase11-persistent/gt_boundaries/Steel1/im_val_cut10_400-H-9mm-4000x11_2_1.png,0,0,256,256,0,0
Steel1/im_val_cut10_400-H-9mm-4000x11_2_2/x0_y0,Steel1,im_val_cut10_400-H-9mm-4000x11,im_val_cut10_400-H-9mm-4000x11_2_2.png,0,0,0.043762,val,256,/content/drive/MyDrive/phase11-data/data/Steel1/images/im_val_cut10_400-H-9mm-4000x11_2_2.png,/content/drive/MyDrive/phase11-persistent/gt_boundaries/Steel1/im_val_cut10_400-H-9mm-4000x11_2_2.png,0,0,256,256,0,0
Steel1/im_val_cut10_400-H-9mm-4000x11_2_4/x0_y0,Steel1,im_val_cut10_400-H-9mm-4000x11,im_val_cut10_400-H-9mm-4000x11_2_4.png,0,0,0.019257,val,256,/content/drive/MyDrive/phase11-data/data/Steel1/images/im_val_cut10_400-H-9mm-4000x11_2_4.png,/content/drive/MyDrive/phase11-persistent/gt_boundaries/Steel1/im_val_cut10_400-H-9mm-4000x11_2_4.png,0,0,256,256,0,0
Steel1/im_val_cut10_400-H-9mm-4000x11_2_5/x0_y0,Steel1,im_val_cut10_400-H-9mm-4000x11,im_val_cut10_400-H-9mm-4000x11_2_5.png,0,0,0.027817,val,256,/content/drive/MyDrive/phase11-data/data/Steel1/images/im_val_cut10_400-H-9mm-4000x11_2_5.png,/content/drive/MyDrive/phase11-persistent/gt_boundaries/Steel1/im_val_cut10_400-H-9mm-4000x11_2_5.png,0,0,256,256,0,0
Steel1/im_val_cut10_400-H-9mm-4000x11_2_6/x0_y0,Steel1,im_val_cut10_400-H-9mm-4000x11,im_val_cut10_400-H-9mm-4000x11_2_6.png,0,0,0.040466,val,256,/content/drive/MyDrive/phase11-data/data/Steel1/images/im_val_cut10_400-H-9mm-4000x11_2_6.png,/content/drive/MyDrive/phase11-persistent/gt_boundaries/Steel1/im_val_cut10_400-H-9mm-4000x11_2_6.png,0,0,256,256,0,0
Steel1/im_val_cut10_400-H-9mm-4000x11_3_1/x0_y0,Steel1,im_val_cut10_400-H-9mm-4000x11,im_val_cut10_400-H-9mm-4000x11_3_1.png,0,0,0.035233,val,256,/content/drive/MyDrive/phase11-data/data/Steel1/images/im_val_cut10_400-H-9mm-4000x11_3_1.png,/content/drive/MyDrive/phase11-persistent/gt_boundaries/Steel1/im_val_cut10_400-H-9mm-4000x11_3_1.png,0,0,256,256,0,0
Steel1/im_val_cut10_400-H-9mm-4000x11_3_2/x0_y0,Steel1,im_val_cut10_400-H-9mm-4000x11,im_val_cut10_400-H-9mm-4000x11_3_2.png,0,0,0.0383,val,256,/content/drive/MyDrive/phase11-data/data/Steel1/images/im_val_cut10_400-H-9mm-4000x11_3_2.png,/content/drive/MyDrive/phase11-persistent/gt_boundaries/Steel1/im_val_cut10_400-H-9mm-4000x11_3_2.png,0,0,256,256,0,0
Steel1/im_val_cut10_400-H-9mm-4000x11_3_4/x0_y0,Steel1,im_val_cut10_400-H-9mm-4000x11,im_val_cut10_400-H-9mm-4000x11_3_4.png,0,0,0.016068,val,256,/content/drive/MyDrive/phase11-data/data/Steel1/images/im_val_cut10_400-H-9mm-4000x11_3_4.png,/content/drive/MyDrive/phase11-persistent/gt_boundaries/Steel1/im_val_cut10_400-H-9mm-4000x11_3_4.png,0,0,256,256,0,0
Steel1/im_val_cut10_400-H-9mm-4000x11_3_5/x0_y0,Steel1,im_val_cut10_400-H-9mm-4000x11,im_val_cut10_400-H-9mm-4000x11_3_5.png,0,0,0.050964,val,256,/content/drive/MyDrive/phase11-data/data/Steel1/images/im_val_cut10_400-H-9mm-4000x11_3_5.png,/content/drive/MyDrive/phase11-persistent/gt_boundaries/Steel1/im_val_cut10_400-H-9mm-4000x11_3_5.png,0,0,256,256,0,0
Steel1/im_val_cut10_400-H-9mm-4000x11_3_6/x0_y0,Steel1,im_val_cut10_400-H-9mm-4000x11,im_val_cut10_400-H-9mm-4000x11_3_6.png,0,0,0.041718,val,256,/content/drive/MyDrive/phase11-data/data/Steel1/images/im_val_cut10_400-H-9mm-4000x11_3_6.png,/content/drive/MyDrive/phase11-persistent/gt_boundaries/Steel1/im_val_cut10_400-H-9mm-4000x11_3_6.png,0,0,256,256,0,0
Steel1/im_val_cut10_400-H-9mm-4000x11_4_1/x0_y0,Steel1,im_val_cut10_400-H-9mm-4000x11,im_val_cut10_400-H-9mm-4000x11_4_1.png,0,0,0.049255,val,256,/content/drive/MyDrive/phase11-data/data/Steel1/images/im_val_cut10_400-H-9mm-4000x11_4_1.png,/content/drive/MyDrive/phase11-persistent/gt_boundaries/Steel1/im_val_cut10_400-H-9mm-4000x11_4_1.png,0,0,256,256,0,0
Steel1/im_val_cut10_400-H-9mm-4000x11_4_2/x0_y0,Steel1,im_val_cut10_400-H-9mm-4000x11,im_val_cut10_400-H-9mm-4000x11_4_2.png,0,0,0.043961,val,256,/content/drive/MyDrive/phase11-data/data/Steel1/images/im_val_cut10_400-H-9mm-4000x11_4_2.png,/content/drive/MyDrive/phase11-persistent/gt_boundaries/Steel1/im_val_cut10_400-H-9mm-4000x11_4_2.png,0,0,256,256,0,0
Steel1/im_val_cut10_400-H-9mm-4000x11_4_3/x0_y0,Steel1,im_val_cut10_400-H-9mm-4000x11,im_val_cut10_400-H-9mm-4000x11_4_3.png,0,0,0.006607,val,256,/content/drive/MyDrive/phase11-data/data/Steel1/images/im_val_cut10_400-H-9mm-4000x11_4_3.png,/content/drive/MyDrive/phase11-persistent/gt_boundaries/Steel1/im_val_cut10_400-H-9mm-4000x11_4_3.png,0,0,256,256,0,0
Steel1/im_val_cut10_400-H-9mm-4000x11_4_4/x0_y0,Steel1,im_val_cut10_400-H-9mm-4000x11,im_val_cut10_400-H-9mm-4000x11_4_4.png,0,0,0.021988,val,256,/content/drive/MyDrive/phase11-data/data/Steel1/images/im_val_cut10_400-H-9mm-4000x11_4_4.png,/content/drive/MyDrive/phase11-persistent/gt_boundaries/Steel1/im_val_cut10_400-H-9mm-4000x11_4_4.png,0,0,256,256,0,0
Steel1/im_val_cut10_400-H-9mm-4000x11_4_5/x0_y0,Steel1,im_val_cut10_400-H-9mm-4000x11,im_val_cut10_400-H-9mm-4000x11_4_5.png,0,0,0.028732,val,256,/content/drive/MyDrive/phase11-data/data/Steel1/images/im_val_cut10_400-H-9mm-4000x11_4_5.png,/content/drive/MyDrive/phase11-persistent/gt_boundaries/Steel1/im_val_cut10_400-H-9mm-4000x11_4_5.png,0,0,256,256,0,0
Steel1/im_val_cut10_400-H-9mm-4000x11_4_6/x0_y0,Steel1,im_val_cut10_400-H-9mm-4000x11,im_val_cut10_400-H-9mm-4000x11_4_6.png,0,0,0.032242,val,256,/content/drive/MyDrive/phase11-data/data/Steel1/images/im_val_cut10_400-H-9mm-4000x11_4_6.png,/content/drive/MyDrive/phase11-persistent/gt_boundaries/Steel1/im_val_cut10_400-H-9mm-4000x11_4_6.png,0,0,256,256,0,0
Steel1/im_val_cut10_400-H-9mm-4000x11_5_1/x0_y0,Steel1,im_val_cut10_400-H-9mm-4000x11,im_val_cut10_400-H-9mm-4000x11_5_1.png,0,0,0.020676,val,256,/content/drive/MyDrive/phase11-data/data/Steel1/images/im_val_cut10_400-H-9mm-4000x11_5_1.png,/content/drive/MyDrive/phase11-persistent/gt_boundaries/Steel1/im_val_cut10_400-H-9mm-4000x11_5_1.png,0,0,256,256,0,0
Steel1/im_val_cut10_400-H-9mm-4000x11_5_2/x0_y0,Steel1,im_val_cut10_400-H-9mm-4000x11,im_val_cut10_400-H-9mm-4000x11_5_2.png,0,0,0.026932,val,256,/content/drive/MyDrive/phase11-data/data/Steel1/images/im_val_cut10_400-H-9mm-4000x11_5_2.png,/content/drive/MyDrive/phase11-persistent/gt_boundaries/Steel1/im_val_cut10_400-H-9mm-4000x11_5_2.png,0,0,256,256,0,0
Steel1/im_val_cut10_400-H-9mm-4000x11_5_3/x0_y0,Steel1,im_val_cut10_400-H-9mm-4000x11,im_val_cut10_400-H-9mm-4000x11_5_3.png,0,0,0.029938,val,256,/content/drive/MyDrive/phase11-data/data/Steel1/images/im_val_cut10_400-H-9mm-4000x11_5_3.png,/content/drive/MyDrive/phase11-persistent/gt_boundaries/Steel1/im_val_cut10_400-H-9mm-4000x11_5_3.png,0,0,256,256,0,0
Steel1/im_val_cut10_400-H-9mm-4000x11_5_4/x0_y0,Steel1,im_val_cut10_400-H-9mm-4000x11,im_val_cut10_400-H-9mm-4000x11_5_4.png,0,0,0.028656,val,256,/content/drive/MyDrive/phase11-data/data/Steel1/images/im_val_cut10_400-H-9mm-4000x11_5_4.png,/content/drive/MyDrive/phase11-persistent/gt_boundaries/Steel1/im_val_cut10_400-H-9mm-4000x11_5_4.png,0,0,256,256,0,0
Steel1/im_val_cut10_400-H-9mm-4000x11_5_5/x0_y0,Steel1,im_val_cut10_400-H-9mm-4000x11,im_val_cut10_400-H-9mm-4000x11_5_5.png,0,0,0.04277,val,256,/content/drive/MyDrive/phase11-data/data/Steel1/images/im_val_cut10_400-H-9mm-4000x11_5_5.png,/content/drive/MyDrive/phase11-persistent/gt_boundaries/Steel1/im_val_cut10_400-H-9mm-4000x11_5_5.png,0,0,256,256,0,0
Steel1/im_val_cut10_400-H-9mm-4000x11_5_6/x0_y0,Steel1,im_val_cut10_400-H-9mm-4000x11,im_val_cut10_400-H-9mm-4000x11_5_6.png,0,0,0.038467,val,256,/content/drive/MyDrive/phase11-data/data/Steel1/images/im_val_cut10_400-H-9mm-4000x11_5_6.png,/content/drive/MyDrive/phase11-persistent/gt_boundaries/Steel1/im_val_cut10_400-H-9mm-4000x11_5_6.png,0,0,256,256,0,0
Steel1/im_val_cut10_400-H-9mm-4000x11_6_2/x0_y0,Steel1,im_val_cut10_400-H-9mm-4000x11,im_val_cut10_400-H-9mm-4000x11_6_2.png,0,0,0.024445,val,256,/content/drive/MyDrive/phase11-data/data/Steel1/images/im_val_cut10_400-H-9mm-4000x11_6_2.png,/content/drive/MyDrive/phase11-persistent/gt_boundaries/Steel1/im_val_cut10_400-H-9mm-4000x11_6_2.png,0,0,256,256,0,0
Steel1/im_val_cut10_400-H-9mm-4000x11_6_3/x0_y0,Steel1,im_val_cut10_400-H-9mm-4000x11,im_val_cut10_400-H-9mm-4000x11_6_3.png,0,0,0.041626,val,256,/content/drive/MyDrive/phase11-data/data/Steel1/images/im_val_cut10_400-H-9mm-4000x11_6_3.png,/content/drive/MyDrive/phase11-persistent/gt_boundaries/Steel1/im_val_cut10_400-H-9mm-4000x11_6_3.png,0,0,256,256,0,0
Steel1/im_val_cut10_400-H-9mm-4000x11_6_4/x0_y0,Steel1,im_val_cut10_400-H-9mm-4000x11,im_val_cut10_400-H-9mm-4000x11_6_4.png,0,0,0.038269,val,256,/content/drive/MyDrive/phase11-data/data/Steel1/images/im_val_cut10_400-H-9mm-4000x11_6_4.png,/content/drive/MyDrive/phase11-persistent/gt_boundaries/Steel1/im_val_cut10_400-H-9mm-4000x11_6_4.png,0,0,256,256,0,0
Steel1/im_val_cut10_400-H-9mm-4000x11_6_5/x0_y0,Steel1,im_val_cut10_400-H-9mm-4000x11,im_val_cut10_400-H-9mm-4000x11_6_5.png,0,0,0.031799,val,256,/content/drive/MyDrive/phase11-data/data/Steel1/images/im_val_cut10_400-H-9mm-4000x11_6_5.png,/content/drive/MyDrive/phase11-persistent/gt_boundaries/Steel1/im_val_cut10_400-H-9mm-4000x11_6_5.png,0,0,256,256,0,0
Steel1/im_val_cut10_400-H-9mm-4000x11_6_6/x0_y0,Steel1,im_val_cut10_400-H-9mm-4000x11,im_val_cut10_400-H-9mm-4000x11_6_6.png,0,0,0.045654,val,256,/content/drive/MyDrive/phase11-data/data/Steel1/images/im_val_cut10_400-H-9mm-4000x11_6_6.png,/content/drive/MyDrive/phase11-persistent/gt_boundaries/Steel1/im_val_cut10_400-H-9mm-4000x11_6_6.png,0,0,256,256,0,0
Steel1/im_val_cut10_400-H-9mm-4000x11_7_1/x0_y0,Steel1,im_val_cut10_400-H-9mm-4000x11,im_val_cut10_400-H-9mm-4000x11_7_1.png,0,0,0.029282,val,256,/content/drive/MyDrive/phase11-data/data/Steel1/images/im_val_cut10_400-H-9mm-4000x11_7_1.png,/content/drive/MyDrive/phase11-persistent/gt_boundaries/Steel1/im_val_cut10_400-H-9mm-4000x11_7_1.png,0,0,256,256,0,0
Steel1/im_val_cut10_400-H-9mm-4000x11_7_2/x0_y0,Steel1,im_val_cut10_400-H-9mm-4000x11,im_val_cut10_400-H-9mm-4000x11_7_2.png,0,0,0.048126,val,256,/content/drive/MyDrive/phase11-data/data/Steel1/images/im_val_cut10_400-H-9mm-4000x11_7_2.png,/content/drive/MyDrive/phase11-persistent/gt_boundaries/Steel1/im_val_cut10_400-H-9mm-4000x11_7_2.png,0,0,256,256,0,0
Steel1/im_val_cut10_400-H-9mm-4000x11_7_3/x0_y0,Steel1,im_val_cut10_400-H-9mm-4000x11,im_val_cut10_400-H-9mm-4000x11_7_3.png,0,0,0.032257,val,256,/content/drive/MyDrive/phase11-data/data/Steel1/images/im_val_cut10_400-H-9mm-4000x11_7_3.png,/content/drive/MyDrive/phase11-persistent/gt_boundaries/Steel1/im_val_cut10_400-H-9mm-4000x11_7_3.png,0,0,256,256,0,0
Steel1/im_val_cut10_400-H-9mm-4000x11_7_4/x0_y0,Steel1,im_val_cut10_400-H-9mm-4000x11,im_val_cut10_400-H-9mm-4000x11_7_4.png,0,0,0.037277,val,256,/content/drive/MyDrive/phase11-data/data/Steel1/images/im_val_cut10_400-H-9mm-4000x11_7_4.png,/content/drive/MyDrive/phase11-persistent/gt_boundaries/Steel1/im_val_cut10_400-H-9mm-4000x11_7_4.png,0,0,256,256,0,0
Steel1/im_val_cut10_400-H-9mm-4000x11_7_5/x0_y0,Steel1,im_val_cut10_400-H-9mm-4000x11,im_val_cut10_400-H-9mm-4000x11_7_5.png,0,0,0.044205,val,256,/content/drive/MyDrive/phase11-data/data/Steel1/images/im_val_cut10_400-H-9mm-4000x11_7_5.png,/content/drive/MyDrive/phase11-persistent/gt_boundaries/Steel1/im_val_cut10_400-H-9mm-4000x11_7_5.png,0,0,256,256,0,0
Steel1/im_val_cut10_400-H-9mm-4000x11_7_6/x0_y0,Steel1,im_val_cut10_400-H-9mm-4000x11,im_val_cut10_400-H-9mm-4000x11_7_6.png,0,0,0.040833,val,256,/content/drive/MyDrive/phase11-data/data/Steel1/images/im_val_cut10_400-H-9mm-4000x11_7_6.png,/content/drive/MyDrive/phase11-persistent/gt_boundaries/Steel1/im_val_cut10_400-H-9mm-4000x11_7_6.png,0,0,256,256,0,0
Steel1/im_val_cut10_400-H-9mm-4000x11_8_1/x0_y0,Steel1,im_val_cut10_400-H-9mm-4000x11,im_val_cut10_400-H-9mm-4000x11_8_1.png,0,0,0.039825,val,256,/content/drive/MyDrive/phase11-data/data/Steel1/images/im_val_cut10_400-H-9mm-4000x11_8_1.png,/content/drive/MyDrive/phase11-persistent/gt_boundaries/Steel1/im_val_cut10_400-H-9mm-4000x11_8_1.png,0,0,256,256,0,0
Steel1/im_val_cut10_400-H-9mm-4000x11_8_2/x0_y0,Steel1,im_val_cut10_400-H-9mm-4000x11,im_val_cut10_400-H-9mm-4000x11_8_2.png,0,0,0.018875,val,256,/content/drive/MyDrive/phase11-data/data/Steel1/images/im_val_cut10_400-H-9mm-4000x11_8_2.png,/content/drive/MyDrive/phase11-persistent/gt_boundaries/Steel1/im_val_cut10_400-H-9mm-4000x11_8_2.png,0,0,256,256,0,0
Steel1/im_val_cut10_400-H-9mm-4000x11_8_3/x0_y0,Steel1,im_val_cut10_400-H-9mm-4000x11,im_val_cut10_400-H-9mm-4000x11_8_3.png,0,0,0.046753,val,256,/content/drive/MyDrive/phase11-data/data/Steel1/images/im_val_cut10_400-H-9mm-4000x11_8_3.png,/content/drive/MyDrive/phase11-persistent/gt_boundaries/Steel1/im_val_cut10_400-H-9mm-4000x11_8_3.png,0,0,256,256,0,0
Steel1/im_val_cut10_400-H-9mm-4000x11_8_4/x0_y0,Steel1,im_val_cut10_400-H-9mm-4000x11,im_val_cut10_400-H-9mm-4000x11_8_4.png,0,0,0.017517,val,256,/content/drive/MyDrive/phase11-data/data/Steel1/images/im_val_cut10_400-H-9mm-4000x11_8_4.png,/content/drive/MyDrive/phase11-persistent/gt_boundaries/Steel1/im_val_cut10_400-H-9mm-4000x11_8_4.png,0,0,256,256,0,0
Steel1/im_val_cut10_400-H-9mm-4000x11_8_5/x0_y0,Steel1,im_val_cut10_400-H-9mm-4000x11,im_val_cut10_400-H-9mm-4000x11_8_5.png,0,0,0.055161,val,256,/content/drive/MyDrive/phase11-data/data/Steel1/images/im_val_cut10_400-H-9mm-4000x11_8_5.png,/content/drive/MyDrive/phase11-persistent/gt_boundaries/Steel1/im_val_cut10_400-H-9mm-4000x11_8_5.png,0,0,256,256,0,0
Steel1/im_val_cut10_400-H-9mm-4000x11_8_6/x0_y0,Steel1,im_val_cut10_400-H-9mm-4000x11,im_val_cut10_400-H-9mm-4000x11_8_6.png,0,0,0.045181,val,256,/content/drive/MyDrive/phase11-data/data/Steel1/images/im_val_cut10_400-H-9mm-4000x11_8_6.png,/content/drive/MyDrive/phase11-persistent/gt_boundaries/Steel1/im_val_cut10_400-H-9mm-4000x11_8_6.png,0,0,256,256,0,0
Steel1/im_val_cut10_400-V-12mm-4000x14_1_1/x0_y0,Steel1,im_val_cut10_400-V-12mm-4000x14,im_val_cut10_400-V-12mm-4000x14_1_1.png,0,0,0.04097,train,256,/content/drive/MyDrive/phase11-data/data/Steel1/images/im_val_cut10_400-V-12mm-4000x14_1_1.png,/content/drive/MyDrive/phase11-persistent/gt_boundaries/Steel1/im_val_cut10_400-V-12mm-4000x14_1_1.png,0,0,256,256,0,0
Steel1/im_val_cut10_400-V-12mm-4000x14_1_2/x0_y0,Steel1,im_val_cut10_400-V-12mm-4000x14,im_val_cut10_400-V-12mm-4000x14_1_2.png,0,0,0.063766,train,256,/content/drive/MyDrive/phase11-data/data/Steel1/images/im_val_cut10_400-V-12mm-4000x14_1_2.png,/content/drive/MyDrive/phase11-persistent/gt_boundaries/Steel1/im_val_cut10_400-V-12mm-4000x14_1_2.png,0,0,256,256,0,0
Steel1/im_val_cut10_400-V-12mm-4000x14_1_3/x0_y0,Steel1,im_val_cut10_400-V-12mm-4000x14,im_val_cut10_400-V-12mm-4000x14_1_3.png,0,0,0.043823,train,256,/content/drive/MyDrive/phase11-data/data/Steel1/images/im_val_cut10_400-V-12mm-4000x14_1_3.png,/content/drive/MyDrive/phase11-persistent/gt_boundaries/Steel1/im_val_cut10_400-V-12mm-4000x14_1_3.png,0,0,256,256,0,0
Steel1/im_val_cut10_400-V-12mm-4000x14_1_4/x0_y0,Steel1,im_val_cut10_400-V-12mm-4000x14,im_val_cut10_400-V-12mm-4000x14_1_4.png,0,0,0.036118,train,256,/content/drive/MyDrive/phase11-data/data/Steel1/images/im_val_cut10_400-V-12mm-4000x14_1_4.png,/content/drive/MyDrive/phase11-persistent/gt_boundaries/Steel1/im_val_cut10_400-V-12mm-4000x14_1_4.png,0,0,256,256,0,0
Steel1/im_val_cut10_400-V-12mm-4000x14_1_5/x0_y0,Steel1,im_val_cut10_400-V-12mm-4000x14,im_val_cut10_400-V-12mm-4000x14_1_5.png,0,0,0.050156,train,256,/content/drive/MyDrive/phase11-data/data/Steel1/images/im_val_cut10_400-V-12mm-4000x14_1_5.png,/content/drive/MyDrive/phase11-persistent/gt_boundaries/Steel1/im_val_cut10_400-V-12mm-4000x14_1_5.png,0,0,256,256,0,0
Steel1/im_val_cut10_400-V-12mm-4000x14_1_6/x0_y0,Steel1,im_val_cut10_400-V-12mm-4000x14,im_val_cut10_400-V-12mm-4000x14_1_6.png,0,0,0.046234,train,256,/content/drive/MyDrive/phase11-data/data/Steel1/images/im_val_cut10_400-V-12mm-4000x14_1_6.png,/content/drive/MyDrive/phase11-persistent/gt_boundaries/Steel1/im_val_cut10_400-V-12mm-4000x14_1_6.png,0,0,256,256,0,0
Steel1/im_val_cut10_400-V-12mm-4000x14_2_1/x0_y0,Steel1,im_val_cut10_400-V-12mm-4000x14,im_val_cut10_400-V-12mm-4000x14_2_1.png,0,0,0.049881,train,256,/content/drive/MyDrive/phase11-data/data/Steel1/images/im_val_cut10_400-V-12mm-4000x14_2_1.png,/content/drive/MyDrive/phase11-persistent/gt_boundaries/Steel1/im_val_cut10_400-V-12mm-4000x14_2_1.png,0,0,256,256,0,0
Steel1/im_val_cut10_400-V-12mm-4000x14_2_2/x0_y0,Steel1,im_val_cut10_400-V-12mm-4000x14,im_val_cut10_400-V-12mm-4000x14_2_2.png,0,0,0.041702,train,256,/content/drive/MyDrive/phase11-data/data/Steel1/images/im_val_cut10_400-V-12mm-4000x14_2_2.png,/content/drive/MyDrive/phase11-persistent/gt_boundaries/Steel1/im_val_cut10_400-V-12mm-4000x14_2_2.png,0,0,256,256,0,0
Steel1/im_val_cut10_400-V-12mm-4000x14_2_3/x0_y0,Steel1,im_val_cut10_400-V-12mm-4000x14,im_val_cut10_400-V-12mm-4000x14_2_3.png,0,0,0.039886,train,256,/content/drive/MyDrive/phase11-data/data/Steel1/images/im_val_cut10_400-V-12mm-4000x14_2_3.png,/content/drive/MyDrive/phase11-persistent/gt_boundaries/Steel1/im_val_cut10_400-V-12mm-4000x14_2_3.png,0,0,256,256,0,0
Steel1/im_val_cut10_400-V-12mm-4000x14_2_4/x0_y0,Steel1,im_val_cut10_400-V-12mm-4000x14,im_val_cut10_400-V-12mm-4000x14_2_4.png,0,0,0.063858,train,256,/content/drive/MyDrive/phase11-data/data/Steel1/images/im_val_cut10_400-V-12mm-4000x14_2_4.png,/content/drive/MyDrive/phase11-persistent/gt_boundaries/Steel1/im_val_cut10_400-V-12mm-4000x14_2_4.png,0,0,256,256,0,0
Steel1/im_val_cut10_400-V-12mm-4000x14_2_5/x0_y0,Steel1,im_val_cut10_400-V-12mm-4000x14,im_val_cut10_400-V-12mm-4000x14_2_5.png,0,0,0.03952,train,256,/content/drive/MyDrive/phase11-data/data/Steel1/images/im_val_cut10_400-V-12mm-4000x14_2_5.png,/content/drive/MyDrive/phase11-persistent/gt_boundaries/Steel1/im_val_cut10_400-V-12mm-4000x14_2_5.png,0,0,256,256,0,0
Steel1/im_val_cut10_400-V-12mm-4000x14_2_6/x0_y0,Steel1,im_val_cut10_400-V-12mm-4000x14,im_val_cut10_400-V-12mm-4000x14_2_6.png,0,0,0.032883,train,256,/content/drive/MyDrive/phase11-data/data/Steel1/images/im_val_cut10_400-V-12mm-4000x14_2_6.png,/content/drive/MyDrive/phase11-persistent/gt_boundaries/Steel1/im_val_cut10_400-V-12mm-4000x14_2_6.png,0,0,256,256,0,0
Steel1/im_val_cut10_400-V-12mm-4000x14_3_1/x0_y0,Steel1,im_val_cut10_400-V-12mm-4000x14,im_val_cut10_400-V-12mm-4000x14_3_1.png,0,0,0.063583,train,256,/content/drive/MyDrive/phase11-data/data/Steel1/images/im_val_cut10_400-V-12mm-4000x14_3_1.png,/content/drive/MyDrive/phase11-persistent/gt_boundaries/Steel1/im_val_cut10_400-V-12mm-4000x14_3_1.png,0,0,256,256,0,0
Steel1/im_val_cut10_400-V-12mm-4000x14_3_2/x0_y0,Steel1,im_val_cut10_400-V-12mm-4000x14,im_val_cut10_400-V-12mm-4000x14_3_2.png,0,0,0.044281,train,256,/content/drive/MyDrive/phase11-data/data/Steel1/images/im_val_cut10_400-V-12mm-4000x14_3_2.png,/content/drive/MyDrive/phase11-persistent/gt_boundaries/Steel1/im_val_cut10_400-V-12mm-4000x14_3_2.png,0,0,256,256,0,0
Steel1/im_val_cut10_400-V-12mm-4000x14_3_3/x0_y0,Steel1,im_val_cut10_400-V-12mm-4000x14,im_val_cut10_400-V-12mm-4000x14_3_3.png,0,0,0.038528,train,256,/content/drive/MyDrive/phase11-data/data/Steel1/images/im_val_cut10_400-V-12mm-4000x14_3_3.png,/content/drive/MyDrive/phase11-persistent/gt_boundaries/Steel1/im_val_cut10_400-V-12mm-4000x14_3_3.png,0,0,256,256,0,0
Steel1/im_val_cut10_400-V-12mm-4000x14_3_4/x0_y0,Steel1,im_val_cut10_400-V-12mm-4000x14,im_val_cut10_400-V-12mm-4000x14_3_4.png,0,0,0.029388,train,256,/content/drive/MyDrive/phase11-data/data/Steel1/images/im_val_cut10_400-V-12mm-4000x14_3_4.png,/content/drive/MyDrive/phase11-persistent/gt_boundaries/Steel1/im_val_cut10_400-V-12mm-4000x14_3_4.png,0,0,256,256,0,0
Steel1/im_val_cut10_400-V-12mm-4000x14_3_5/x0_y0,Steel1,im_val_cut10_400-V-12mm-4000x14,im_val_cut10_400-V-12mm-4000x14_3_5.png,0,0,0.046143,train,256,/content/drive/MyDrive/phase11-data/data/Steel1/images/im_val_cut10_400-V-12mm-4000x14_3_5.png,/content/drive/MyDrive/phase11-persistent/gt_boundaries/Steel1/im_val_cut10_400-V-12mm-4000x14_3_5.png,0,0,256,256,0,0
Steel1/im_val_cut10_400-V-12mm-4000x14_4_1/x0_y0,Steel1,im_val_cut10_400-V-12mm-4000x14,im_val_cut10_400-V-12mm-4000x14_4_1.png,0,0,0.045074,train,256,/content/drive/MyDrive/phase11-data/data/Steel1/images/im_val_cut10_400-V-12mm-4000x14_4_1.png,/content/drive/MyDrive/phase11-persistent/gt_boundaries/Steel1/im_val_cut10_400-V-12mm-4000x14_4_1.png,0,0,256,256,0,0
Steel1/im_val_cut10_400-V-12mm-4000x14_4_2/x0_y0,Steel1,im_val_cut10_400-V-12mm-4000x14,im_val_cut10_400-V-12mm-4000x14_4_2.png,0,0,0.063416,train,256,/content/drive/MyDrive/phase11-data/data/Steel1/images/im_val_cut10_400-V-12mm-4000x14_4_2.png,/content/drive/MyDrive/phase11-persistent/gt_boundaries/Steel1/im_val_cut10_400-V-12mm-4000x14_4_2.png,0,0,256,256,0,0
Steel1/im_val_cut10_400-V-12mm-4000x14_4_3/x0_y0,Steel1,im_val_cut10_400-V-12mm-4000x14,im_val_cut10_400-V-12mm-4000x14_4_3.png,0,0,0.016525,train,256,/content/drive/MyDrive/phase11-data/data/Steel1/images/im_val_cut10_400-V-12mm-4000x14_4_3.png,/content/drive/MyDrive/phase11-persistent/gt_boundaries/Steel1/im_val_cut10_400-V-12mm-4000x14_4_3.png,0,0,256,256,0,0
Steel1/im_val_cut10_400-V-12mm-4000x14_4_4/x0_y0,Steel1,im_val_cut10_400-V-12mm-4000x14,im_val_cut10_400-V-12mm-4000x14_4_4.png,0,0,0.008743,train,256,/content/drive/MyDrive/phase11-data/data/Steel1/images/im_val_cut10_400-V-12mm-4000x14_4_4.png,/content/drive/MyDrive/phase11-persistent/gt_boundaries/Steel1/im_val_cut10_400-V-12mm-4000x14_4_4.png,0,0,256,256,0,0
Steel1/im_val_cut10_400-V-12mm-4000x14_4_5/x0_y0,Steel1,im_val_cut10_400-V-12mm-4000x14,im_val_cut10_400-V-12mm-4000x14_4_5.png,0,0,0.035751,train,256,/content/drive/MyDrive/phase11-data/data/Steel1/images/im_val_cut10_400-V-12mm-4000x14_4_5.png,/content/drive/MyDrive/phase11-persistent/gt_boundaries/Steel1/im_val_cut10_400-V-12mm-4000x14_4_5.png,0,0,256,256,0,0
Steel1/im_val_cut10_400-V-12mm-4000x14_4_6/x0_y0,Steel1,im_val_cut10_400-V-12mm-4000x14,im_val_cut10_400-V-12mm-4000x14_4_6.png,0,0,0.047562,train,256,/content/drive/MyDrive/phase11-data/data/Steel1/images/im_val_cut10_400-V-12mm-4000x14_4_6.png,/content/drive/MyDrive/phase11-persistent/gt_boundaries/Steel1/im_val_cut10_400-V-12mm-4000x14_4_6.png,0,0,256,256,0,0
Steel1/im_val_cut10_400-V-12mm-4000x14_5_1/x0_y0,Steel1,im_val_cut10_400-V-12mm-4000x14,im_val_cut10_400-V-12mm-4000x14_5_1.png,0,0,0.059799,train,256,/content/drive/MyDrive/phase11-data/data/Steel1/images/im_val_cut10_400-V-12mm-4000x14_5_1.png,/content/drive/MyDrive/phase11-persistent/gt_boundaries/Steel1/im_val_cut10_400-V-12mm-4000x14_5_1.png,0,0,256,256,0,0
Steel1/im_val_cut10_400-V-12mm-4000x14_5_2/x0_y0,Steel1,im_val_cut10_400-V-12mm-4000x14,im_val_cut10_400-V-12mm-4000x14_5_2.png,0,0,0.024506,train,256,/content/drive/MyDrive/phase11-data/data/Steel1/images/im_val_cut10_400-V-12mm-4000x14_5_2.png,/content/drive/MyDrive/phase11-persistent/gt_boundaries/Steel1/im_val_cut10_400-V-12mm-4000x14_5_2.png,0,0,256,256,0,0
Steel1/im_val_cut10_400-V-12mm-4000x14_5_3/x0_y0,Steel1,im_val_cut10_400-V-12mm-4000x14,im_val_cut10_400-V-12mm-4000x14_5_3.png,0,0,0.046036,train,256,/content/drive/MyDrive/phase11-data/data/Steel1/images/im_val_cut10_400-V-12mm-4000x14_5_3.png,/content/drive/MyDrive/phase11-persistent/gt_boundaries/Steel1/im_val_cut10_400-V-12mm-4000x14_5_3.png,0,0,256,256,0,0
Steel1/im_val_cut10_400-V-12mm-4000x14_5_4/x0_y0,Steel1,im_val_cut10_400-V-12mm-4000x14,im_val_cut10_400-V-12mm-4000x14_5_4.png,0,0,0.034424,train,256,/content/drive/MyDrive/phase11-data/data/Steel1/images/im_val_cut10_400-V-12mm-4000x14_5_4.png,/content/drive/MyDrive/phase11-persistent/gt_boundaries/Steel1/im_val_cut10_400-V-12mm-4000x14_5_4.png,0,0,256,256,0,0
Steel1/im_val_cut10_400-V-12mm-4000x14_5_5/x0_y0,Steel1,im_val_cut10_400-V-12mm-4000x14,im_val_cut10_400-V-12mm-4000x14_5_5.png,0,0,0.039352,train,256,/content/drive/MyDrive/phase11-data/data/Steel1/images/im_val_cut10_400-V-12mm-4000x14_5_5.png,/content/drive/MyDrive/phase11-persistent/gt_boundaries/Steel1/im_val_cut10_400-V-12mm-4000x14_5_5.png,0,0,256,256,0,0
Steel1/im_val_cut10_400-V-12mm-4000x14_5_6/x0_y0,Steel1,im_val_cut10_400-V-12mm-4000x14,im_val_cut10_400-V-12mm-4000x14_5_6.png,0,0,0.036316,train,256,/content/drive/MyDrive/phase11-data/data/Steel1/images/im_val_cut10_400-V-12mm-4000x14_5_6.png,/content/drive/MyDrive/phase11-persistent/gt_boundaries/Steel1/im_val_cut10_400-V-12mm-4000x14_5_6.png,0,0,256,256,0,0
Steel1/im_val_cut10_400-V-12mm-4000x14_6_1/x0_y0,Steel1,im_val_cut10_400-V-12mm-4000x14,im_val_cut10_400-V-12mm-4000x14_6_1.png,0,0,0.063416,train,256,/content/drive/MyDrive/phase11-data/data/Steel1/images/im_val_cut10_400-V-12mm-4000x14_6_1.png,/content/drive/MyDrive/phase11-persistent/gt_boundaries/Steel1/im_val_cut10_400-V-12mm-4000x14_6_1.png,0,0,256,256,0,0
Steel1/im_val_cut10_400-V-12mm-4000x14_6_2/x0_y0,Steel1,im_val_cut10_400-V-12mm-4000x14,im_val_cut10_400-V-12mm-4000x14_6_2.png,0,0,0.046265,train,256,/content/drive/MyDrive/phase11-data/data/Steel1/images/im_val_cut10_400-V-12mm-4000x14_6_2.png,/content/drive/MyDrive/phase11-persistent/gt_boundaries/Steel1/im_val_cut10_400-V-12mm-4000x14_6_2.png,0,0,256,256,0,0
Steel1/im_val_cut10_400-V-12mm-4000x14_6_3/x0_y0,Steel1,im_val_cut10_400-V-12mm-4000x14,im_val_cut10_400-V-12mm-4000x14_6_3.png,0,0,0.048782,train,256,/content/drive/MyDrive/phase11-data/data/Steel1/images/im_val_cut10_400-V-12mm-4000x14_6_3.png,/content/drive/MyDrive/phase11-persistent/gt_boundaries/Steel1/im_val_cut10_400-V-12mm-4000x14_6_3.png,0,0,256,256,0,0
Steel1/im_val_cut10_400-V-12mm-4000x14_6_4/x0_y0,Steel1,im_val_cut10_400-V-12mm-4000x14,im_val_cut10_400-V-12mm-4000x14_6_4.png,0,0,0.030518,train,256,/content/drive/MyDrive/phase11-data/data/Steel1/images/im_val_cut10_400-V-12mm-4000x14_6_4.png,/content/drive/MyDrive/phase11-persistent/gt_boundaries/Steel1/im_val_cut10_400-V-12mm-4000x14_6_4.png,0,0,256,256,0,0
Steel1/im_val_cut10_400-V-12mm-4000x14_6_5/x0_y0,Steel1,im_val_cut10_400-V-12mm-4000x14,im_val_cut10_400-V-12mm-4000x14_6_5.png,0,0,0.042572,train,256,/content/drive/MyDrive/phase11-data/data/Steel1/images/im_val_cut10_400-V-12mm-4000x14_6_5.png,/content/drive/MyDrive/phase11-persistent/gt_boundaries/Steel1/im_val_cut10_400-V-12mm-4000x14_6_5.png,0,0,256,256,0,0
Steel1/im_val_cut10_400-V-12mm-4000x14_6_6/x0_y0,Steel1,im_val_cut10_400-V-12mm-4000x14,im_val_cut10_400-V-12mm-4000x14_6_6.png,0,0,0.021698,train,256,/content/drive/MyDrive/phase11-data/data/Steel1/images/im_val_cut10_400-V-12mm-4000x14_6_6.png,/content/drive/MyDrive/phase11-persistent/gt_boundaries/Steel1/im_val_cut10_400-V-12mm-4000x14_6_6.png,0,0,256,256,0,0
Steel1/im_val_cut10_400-V-12mm-4000x14_7_1/x0_y0,Steel1,im_val_cut10_400-V-12mm-4000x14,im_val_cut10_400-V-12mm-4000x14_7_1.png,0,0,0.086624,train,256,/content/drive/MyDrive/phase11-data/data/Steel1/images/im_val_cut10_400-V-12mm-4000x14_7_1.png,/content/drive/MyDrive/phase11-persistent/gt_boundaries/Steel1/im_val_cut10_400-V-12mm-4000x14_7_1.png,0,0,256,256,0,0
Steel1/im_val_cut10_400-V-12mm-4000x14_7_2/x0_y0,Steel1,im_val_cut10_400-V-12mm-4000x14,im_val_cut10_400-V-12mm-4000x14_7_2.png,0,0,0.086044,train,256,/content/drive/MyDrive/phase11-data/data/Steel1/images/im_val_cut10_400-V-12mm-4000x14_7_2.png,/content/drive/MyDrive/phase11-persistent/gt_boundaries/Steel1/im_val_cut10_400-V-12mm-4000x14_7_2.png,0,0,256,256,0,0
Steel1/im_val_cut10_400-V-12mm-4000x14_7_3/x0_y0,Steel1,im_val_cut10_400-V-12mm-4000x14,im_val_cut10_400-V-12mm-4000x14_7_3.png,0,0,0.057098,train,256,/content/drive/MyDrive/phase11-data/data/Steel1/images/im_val_cut10_400-V-12mm-4000x14_7_3.png,/content/drive/MyDrive/phase11-persistent/gt_boundaries/Steel1/im_val_cut10_400-V-12mm-4000x14_7_3.png,0,0,256,256,0,0
Steel1/im_val_cut10_400-V-12mm-4000x14_7_4/x0_y0,Steel1,im_val_cut10_400-V-12mm-4000x14,im_val_cut10_400-V-12mm-4000x14_7_4.png,0,0,0.058228,train,256,/content/drive/MyDrive/phase11-data/data/Steel1/images/im_val_cut10_400-V-12mm-4000x14_7_4.png,/content/drive/MyDrive/phase11-persistent/gt_boundaries/Steel1/im_val_cut10_400-V-12mm-4000x14_7_4.png,0,0,256,256,0,0
Steel1/im_val_cut10_400-V-12mm-4000x14_7_5/x0_y0,Steel1,im_val_cut10_400-V-12mm-4000x14,im_val_cut10_400-V-12mm-4000x14_7_5.png,0,0,0.029282,train,256,/content/drive/MyDrive/phase11-data/data/Steel1/images/im_val_cut10_400-V-12mm-4000x14_7_5.png,/content/drive/MyDrive/phase11-persistent/gt_boundaries/Steel1/im_val_cut10_400-V-12mm-4000x14_7_5.png,0,0,256,256,0,0
Steel1/im_val_cut10_400-V-12mm-4000x14_7_6/x0_y0,Steel1,im_val_cut10_400-V-12mm-4000x14,im_val_cut10_400-V-12mm-4000x14_7_6.png,0,0,0.029144,train,256,/content/drive/MyDrive/phase11-data/data/Steel1/images/im_val_cut10_400-V-12mm-4000x14_7_6.png,/content/drive/MyDrive/phase11-persistent/gt_boundaries/Steel1/im_val_cut10_400-V-12mm-4000x14_7_6.png,0,0,256,256,0,0
Steel1/im_val_cut10_400-V-12mm-4000x14_8_1/x0_y0,Steel1,im_val_cut10_400-V-12mm-4000x14,im_val_cut10_400-V-12mm-4000x14_8_1.png,0,0,0.12291,train,256,/content/drive/MyDrive/phase11-data/data/Steel1/images/im_val_cut10_400-V-12mm-4000x14_8_1.png,/content/drive/MyDrive/phase11-persistent/gt_boundaries/Steel1/im_val_cut10_400-V-12mm-4000x14_8_1.png,0,0,256,256,0,0
Steel1/im_val_cut10_400-V-12mm-4000x14_8_2/x0_y0,Steel1,im_val_cut10_400-V-12mm-4000x14,im_val_cut10_400-V-12mm-4000x14_8_2.png,0,0,0.086563,train,256,/content/drive/MyDrive/phase11-data/data/Steel1/images/im_val_cut10_400-V-12mm-4000x14_8_2.png,/content/drive/MyDrive/phase11-persistent/gt_boundaries/Steel1/im_val_cut10_400-V-12mm-4000x14_8_2.png,0,0,256,256,0,0
Steel1/im_val_cut10_400-V-12mm-4000x14_8_3/x0_y0,Steel1,im_val_cut10_400-V-12mm-4000x14,im_val_cut10_400-V-12mm-4000x14_8_3.png,0,0,0.050262,train,256,/content/drive/MyDrive/phase11-data/data/Steel1/images/im_val_cut10_400-V-12mm-4000x14_8_3.png,/content/drive/MyDrive/phase11-persistent/gt_boundaries/Steel1/im_val_cut10_400-V-12mm-4000x14_8_3.png,0,0,256,256,0,0
Steel1/im_val_cut10_400-V-12mm-4000x14_8_4/x0_y0,Steel1,im_val_cut10_400-V-12mm-4000x14,im_val_cut10_400-V-12mm-4000x14_8_4.png,0,0,0.049515,train,256,/content/drive/MyDrive/phase11-data/data/Steel1/images/im_val_cut10_400-V-12mm-4000x14_8_4.png,/content/drive/MyDrive/phase11-persistent/gt_boundaries/Steel1/im_val_cut10_400-V-12mm-4000x14_8_4.png,0,0,256,256,0,0
Steel1/im_val_cut10_400-V-12mm-4000x14_8_5/x0_y0,Steel1,im_val_cut10_400-V-12mm-4000x14,im_val_cut10_400-V-12mm-4000x14_8_5.png,0,0,0.077637,train,256,/content/drive/MyDrive/phase11-data/data/Steel1/images/im_val_cut10_400-V-12mm-4000x14_8_5.png,/content/drive/MyDrive/phase11-persistent/gt_boundaries/Steel1/im_val_cut10_400-V-12mm-4000x14_8_5.png,0,0,256,256,0,0
Steel1/im_val_cut10_400-V-12mm-4000x14_8_6/x0_y0,Steel1,im_val_cut10_400-V-12mm-4000x14,im_val_cut10_400-V-12mm-4000x14_8_6.png,0,0,0.034424,train,256,/content/drive/MyDrive/phase11-data/data/Steel1/images/im_val_cut10_400-V-12mm-4000x14_8_6.png,/content/drive/MyDrive/phase11-persistent/gt_boundaries/Steel1/im_val_cut10_400-V-12mm-4000x14_8_6.png,0,0,256,256,0,0
Steel1/im_val_cut10_400-V-6mm-4000x06_1_1/x0_y0,Steel1,im_val_cut10_400-V-6mm-4000x06,im_val_cut10_400-V-6mm-4000x06_1_1.png,0,0,0.04364,train,256,/content/drive/MyDrive/phase11-data/data/Steel1/images/im_val_cut10_400-V-6mm-4000x06_1_1.png,/content/drive/MyDrive/phase11-persistent/gt_boundaries/Steel1/im_val_cut10_400-V-6mm-4000x06_1_1.png,0,0,256,256,0,0
Steel1/im_val_cut10_400-V-6mm-4000x06_1_2/x0_y0,Steel1,im_val_cut10_400-V-6mm-4000x06,im_val_cut10_400-V-6mm-4000x06_1_2.png,0,0,0.042572,train,256,/content/drive/MyDrive/phase11-data/data/Steel1/images/im_val_cut10_400-V-6mm-4000x06_1_2.png,/content/drive/MyDrive/phase11-persistent/gt_boundaries/Steel1/im_val_cut10_400-V-6mm-4000x06_1_2.png,0,0,256,256,0,0
Steel1/im_val_cut10_400-V-6mm-4000x06_1_3/x0_y0,Steel1,im_val_cut10_400-V-6mm-4000x06,im_val_cut10_400-V-6mm-4000x06_1_3.png,0,0,0.052261,train,256,/content/drive/MyDrive/phase11-data/data/Steel1/images/im_val_cut10_400-V-6mm-4000x06_1_3.png,/content/drive/MyDrive/phase11-persistent/gt_boundaries/Steel1/im_val_cut10_400-V-6mm-4000x06_1_3.png,0,0,256,256,0,0
Steel1/im_val_cut10_400-V-6mm-4000x06_1_4/x0_y0,Steel1,im_val_cut10_400-V-6mm-4000x06,im_val_cut10_400-V-6mm-4000x06_1_4.png,0,0,0.054855,train,256,/content/drive/MyDrive/phase11-data/data/Steel1/images/im_val_cut10_400-V-6mm-4000x06_1_4.png,/content/drive/MyDrive/phase11-persistent/gt_boundaries/Steel1/im_val_cut10_400-V-6mm-4000x06_1_4.png,0,0,256,256,0,0
Steel1/im_val_cut10_400-V-6mm-4000x06_1_5/x0_y0,Steel1,im_val_cut10_400-V-6mm-4000x06,im_val_cut10_400-V-6mm-4000x06_1_5.png,0,0,0.05983,train,256,/content/drive/MyDrive/phase11-data/data/Steel1/images/im_val_cut10_400-V-6mm-4000x06_1_5.png,/content/drive/MyDrive/phase11-persistent/gt_boundaries/Steel1/im_val_cut10_400-V-6mm-4000x06_1_5.png,0,0,256,256,0,0
Steel1/im_val_cut10_400-V-6mm-4000x06_1_6/x0_y0,Steel1,im_val_cut10_400-V-6mm-4000x06,im_val_cut10_400-V-6mm-4000x06_1_6.png,0,0,0.050461,train,256,/content/drive/MyDrive/phase11-data/data/Steel1/images/im_val_cut10_400-V-6mm-4000x06_1_6.png,/content/drive/MyDrive/phase11-persistent/gt_boundaries/Steel1/im_val_cut10_400-V-6mm-4000x06_1_6.png,0,0,256,256,0,0
Steel1/im_val_cut10_400-V-6mm-4000x06_2_1/x0_y0,Steel1,im_val_cut10_400-V-6mm-4000x06,im_val_cut10_400-V-6mm-4000x06_2_1.png,0,0,0.052933,train,256,/content/drive/MyDrive/phase11-data/data/Steel1/images/im_val_cut10_400-V-6mm-4000x06_2_1.png,/content/drive/MyDrive/phase11-persistent/gt_boundaries/Steel1/im_val_cut10_400-V-6mm-4000x06_2_1.png,0,0,256,256,0,0
Steel1/im_val_cut10_400-V-6mm-4000x06_2_2/x0_y0,Steel1,im_val_cut10_400-V-6mm-4000x06,im_val_cut10_400-V-6mm-4000x06_2_2.png,0,0,0.053101,train,256,/content/drive/MyDrive/phase11-data/data/Steel1/images/im_val_cut10_400-V-6mm-4000x06_2_2.png,/content/drive/MyDrive/phase11-persistent/gt_boundaries/Steel1/im_val_cut10_400-V-6mm-4000x06_2_2.png,0,0,256,256,0,0
Steel1/im_val_cut10_400-V-6mm-4000x06_2_3/x0_y0,Steel1,im_val_cut10_400-V-6mm-4000x06,im_val_cut10_400-V-6mm-4000x06_2_3.png,0,0,0.041183,train,256,/content/drive/MyDrive/phase11-data/data/Steel1/images/im_val_cut10_400-V-6mm-4000x06_2_3.png,/content/drive/MyDrive/phase11-persistent/gt_boundaries/Steel1/im_val_cut10_400-V-6mm-4000x06_2_3.png,0,0,256,256,0,0
Steel1/im_val_cut10_400-V-6mm-4000x06_2_4/x0_y0,Steel1,im_val_cut10_400-V-6mm-4000x06,im_val_cut10_400-V-6mm-4000x06_2_4.png,0,0,0.072296,train,256,/content/drive/MyDrive/phase11-data/data/Steel1/images/im_val_cut10_400-V-6mm-4000x06_2_4.png,/content/drive/MyDrive/phase11-persistent/gt_boundaries/Steel1/im_val_cut10_400-V-6mm-4000x06_2_4.png,0,0,256,256,0,0
Steel1/im_val_cut10_400-V-6mm-4000x06_2_5/x0_y0,Steel1,im_val_cut10_400-V-6mm-4000x06,im_val_cut10_400-V-6mm-4000x06_2_5.png,0,0,0.055527,train,256,/content/drive/MyDrive/phase11-data/data/Steel1/images/im_val_cut10_400-V-6mm-4000x06_2_5.png,/content/drive/MyDrive/phase11-persistent/gt_boundaries/Steel1/im_val_cut10_400-V-6mm-4000x06_2_5.png,0,0,256,256,0,0
Steel1/im_val_cut10_400-V-6mm-4000x06_2_6/x0_y0,Steel1,im_val_cut10_400-V-6mm-4000x06,im_val_cut10_400-V-6mm-4000x06_2_6.png,0,0,0.042358,train,256,/content/drive/MyDrive/phase11-data/data/Steel1/images/im_val_cut10_400-V-6mm-4000x06_2_6.png,/content/drive/MyDrive/phase11-persistent/gt_boundaries/Steel1/im_val_cut10_400-V-6mm-4000x06_2_6.png,0,0,256,256,0,0
Steel1/im_val_cut10_400-V-6mm-4000x06_3_1/x0_y0,Steel1,im_val_cut10_400-V-6mm-4000x06,im_val_cut10_400-V-6mm-4000x06_3_1.png,0,0,0.047272,train,256,/content/drive/MyDrive/phase11-data/data/Steel1/images/im_val_cut10_400-V-6mm-4000x06_3_1.png,/content/drive/MyDrive/phase11-persistent/gt_boundaries/Steel1/im_val_cut10_400-V-6mm-4000x06_3_1.png,0,0,256,256,0,0
Steel1/im_val_cut10_400-V-6mm-4000x06_3_2/x0_y0,Steel1,im_val_cut10_400-V-6mm-4000x06,im_val_cut10_400-V-6mm-4000x06_3_2.png,0,0,0.045639,train,256,/content/drive/MyDrive/phase11-data/data/Steel1/images/im_val_cut10_400-V-6mm-4000x06_3_2.png,/content/drive/MyDrive/phase11-persistent/gt_boundaries/Steel1/im_val_cut10_400-V-6mm-4000x06_3_2.png,0,0,256,256,0,0
Steel1/im_val_cut10_400-V-6mm-4000x06_3_3/x0_y0,Steel1,im_val_cut10_400-V-6mm-4000x06,im_val_cut10_400-V-6mm-4000x06_3_3.png,0,0,0.034378,train,256,/content/drive/MyDrive/phase11-data/data/Steel1/images/im_val_cut10_400-V-6mm-4000x06_3_3.png,/content/drive/MyDrive/phase11-persistent/gt_boundaries/Steel1/im_val_cut10_400-V-6mm-4000x06_3_3.png,0,0,256,256,0,0
Steel1/im_val_cut10_400-V-6mm-4000x06_3_4/x0_y0,Steel1,im_val_cut10_400-V-6mm-4000x06,im_val_cut10_400-V-6mm-4000x06_3_4.png,0,0,0.03891,train,256,/content/drive/MyDrive/phase11-data/data/Steel1/images/im_val_cut10_400-V-6mm-4000x06_3_4.png,/content/drive/MyDrive/phase11-persistent/gt_boundaries/Steel1/im_val_cut10_400-V-6mm-4000x06_3_4.png,0,0,256,256,0,0
Steel1/im_val_cut10_400-V-6mm-4000x06_3_5/x0_y0,Steel1,im_val_cut10_400-V-6mm-4000x06,im_val_cut10_400-V-6mm-4000x06_3_5.png,0,0,0.051529,train,256,/content/drive/MyDrive/phase11-data/data/Steel1/images/im_val_cut10_400-V-6mm-4000x06_3_5.png,/content/drive/MyDrive/phase11-persistent/gt_boundaries/Steel1/im_val_cut10_400-V-6mm-4000x06_3_5.png,0,0,256,256,0,0
Steel1/im_val_cut10_400-V-6mm-4000x06_3_6/x0_y0,Steel1,im_val_cut10_400-V-6mm-4000x06,im_val_cut10_400-V-6mm-4000x06_3_6.png,0,0,0.053635,train,256,/content/drive/MyDrive/phase11-data/data/Steel1/images/im_val_cut10_400-V-6mm-4000x06_3_6.png,/content/drive/MyDrive/phase11-persistent/gt_boundaries/Steel1/im_val_cut10_400-V-6mm-4000x06_3_6.png,0,0,256,256,0,0
Steel1/im_val_cut10_400-V-6mm-4000x06_4_1/x0_y0,Steel1,im_val_cut10_400-V-6mm-4000x06,im_val_cut10_400-V-6mm-4000x06_4_1.png,0,0,0.061935,train,256,/content/drive/MyDrive/phase11-data/data/Steel1/images/im_val_cut10_400-V-6mm-4000x06_4_1.png,/content/drive/MyDrive/phase11-persistent/gt_boundaries/Steel1/im_val_cut10_400-V-6mm-4000x06_4_1.png,0,0,256,256,0,0
Steel1/im_val_cut10_400-V-6mm-4000x06_4_2/x0_y0,Steel1,im_val_cut10_400-V-6mm-4000x06,im_val_cut10_400-V-6mm-4000x06_4_2.png,0,0,0.048294,train,256,/content/drive/MyDrive/phase11-data/data/Steel1/images/im_val_cut10_400-V-6mm-4000x06_4_2.png,/content/drive/MyDrive/phase11-persistent/gt_boundaries/Steel1/im_val_cut10_400-V-6mm-4000x06_4_2.png,0,0,256,256,0,0
Steel1/im_val_cut10_400-V-6mm-4000x06_4_3/x0_y0,Steel1,im_val_cut10_400-V-6mm-4000x06,im_val_cut10_400-V-6mm-4000x06_4_3.png,0,0,0.067734,train,256,/content/drive/MyDrive/phase11-data/data/Steel1/images/im_val_cut10_400-V-6mm-4000x06_4_3.png,/content/drive/MyDrive/phase11-persistent/gt_boundaries/Steel1/im_val_cut10_400-V-6mm-4000x06_4_3.png,0,0,256,256,0,0
Steel1/im_val_cut10_400-V-6mm-4000x06_4_4/x0_y0,Steel1,im_val_cut10_400-V-6mm-4000x06,im_val_cut10_400-V-6mm-4000x06_4_4.png,0,0,0.038055,train,256,/content/drive/MyDrive/phase11-data/data/Steel1/images/im_val_cut10_400-V-6mm-4000x06_4_4.png,/content/drive/MyDrive/phase11-persistent/gt_boundaries/Steel1/im_val_cut10_400-V-6mm-4000x06_4_4.png,0,0,256,256,0,0
Steel1/im_val_cut10_400-V-6mm-4000x06_4_5/x0_y0,Steel1,im_val_cut10_400-V-6mm-4000x06,im_val_cut10_400-V-6mm-4000x06_4_5.png,0,0,0.039017,train,256,/content/drive/MyDrive/phase11-data/data/Steel1/images/im_val_cut10_400-V-6mm-4000x06_4_5.png,/content/drive/MyDrive/phase11-persistent/gt_boundaries/Steel1/im_val_cut10_400-V-6mm-4000x06_4_5.png,0,0,256,256,0,0
Steel1/im_val_cut10_400-V-6mm-4000x06_4_6/x0_y0,Steel1,im_val_cut10_400-V-6mm-4000x06,im_val_cut10_400-V-6mm-4000x06_4_6.png,0,0,0.057587,train,256,/content/drive/MyDrive/phase11-data/data/Steel1/images/im_val_cut10_400-V-6mm-4000x06_4_6.png,/content/drive/MyDrive/phase11-persistent/gt_boundaries/Steel1/im_val_cut10_400-V-6mm-4000x06_4_6.png,0,0,256,256,0,0
Steel1/im_val_cut10_400-V-6mm-4000x06_5_1/x0_y0,Steel1,im_val_cut10_400-V-6mm-4000x06,im_val_cut10_400-V-6mm-4000x06_5_1.png,0,0,0.041489,train,256,/content/drive/MyDrive/phase11-data/data/Steel1/images/im_val_cut10_400-V-6mm-4000x06_5_1.png,/content/drive/MyDrive/phase11-persistent/gt_boundaries/Steel1/im_val_cut10_400-V-6mm-4000x06_5_1.png,0,0,256,256,0,0
Steel1/im_val_cut10_400-V-6mm-4000x06_5_2/x0_y0,Steel1,im_val_cut10_400-V-6mm-4000x06,im_val_cut10_400-V-6mm-4000x06_5_2.png,0,0,0.052917,train,256,/content/drive/MyDrive/phase11-data/data/Steel1/images/im_val_cut10_400-V-6mm-4000x06_5_2.png,/content/drive/MyDrive/phase11-persistent/gt_boundaries/Steel1/im_val_cut10_400-V-6mm-4000x06_5_2.png,0,0,256,256,0,0
Steel1/im_val_cut10_400-V-6mm-4000x06_5_3/x0_y0,Steel1,im_val_cut10_400-V-6mm-4000x06,im_val_cut10_400-V-6mm-4000x06_5_3.png,0,0,0.041183,train,256,/content/drive/MyDrive/phase11-data/data/Steel1/images/im_val_cut10_400-V-6mm-4000x06_5_3.png,/content/drive/MyDrive/phase11-persistent/gt_boundaries/Steel1/im_val_cut10_400-V-6mm-4000x06_5_3.png,0,0,256,256,0,0
Steel1/im_val_cut10_400-V-6mm-4000x06_5_4/x0_y0,Steel1,im_val_cut10_400-V-6mm-4000x06,im_val_cut10_400-V-6mm-4000x06_5_4.png,0,0,0.02124,train,256,/content/drive/MyDrive/phase11-data/data/Steel1/images/im_val_cut10_400-V-6mm-4000x06_5_4.png,/content/drive/MyDrive/phase11-persistent/gt_boundaries/Steel1/im_val_cut10_400-V-6mm-4000x06_5_4.png,0,0,256,256,0,0
Steel1/im_val_cut10_400-V-6mm-4000x06_5_5/x0_y0,Steel1,im_val_cut10_400-V-6mm-4000x06,im_val_cut10_400-V-6mm-4000x06_5_5.png,0,0,0.055984,train,256,/content/drive/MyDrive/phase11-data/data/Steel1/images/im_val_cut10_400-V-6mm-4000x06_5_5.png,/content/drive/MyDrive/phase11-persistent/gt_boundaries/Steel1/im_val_cut10_400-V-6mm-4000x06_5_5.png,0,0,256,256,0,0
Steel1/im_val_cut10_400-V-6mm-4000x06_5_6/x0_y0,Steel1,im_val_cut10_400-V-6mm-4000x06,im_val_cut10_400-V-6mm-4000x06_5_6.png,0,0,0.026489,train,256,/content/drive/MyDrive/phase11-data/data/Steel1/images/im_val_cut10_400-V-6mm-4000x06_5_6.png,/content/drive/MyDrive/phase11-persistent/gt_boundaries/Steel1/im_val_cut10_400-V-6mm-4000x06_5_6.png,0,0,256,256,0,0
Steel1/im_val_cut10_400-V-6mm-4000x06_6_1/x0_y0,Steel1,im_val_cut10_400-V-6mm-4000x06,im_val_cut10_400-V-6mm-4000x06_6_1.png,0,0,0.046768,train,256,/content/drive/MyDrive/phase11-data/data/Steel1/images/im_val_cut10_400-V-6mm-4000x06_6_1.png,/content/drive/MyDrive/phase11-persistent/gt_boundaries/Steel1/im_val_cut10_400-V-6mm-4000x06_6_1.png,0,0,256,256,0,0
Steel1/im_val_cut10_400-V-6mm-4000x06_6_2/x0_y0,Steel1,im_val_cut10_400-V-6mm-4000x06,im_val_cut10_400-V-6mm-4000x06_6_2.png,0,0,0.026199,train,256,/content/drive/MyDrive/phase11-data/data/Steel1/images/im_val_cut10_400-V-6mm-4000x06_6_2.png,/content/drive/MyDrive/phase11-persistent/gt_boundaries/Steel1/im_val_cut10_400-V-6mm-4000x06_6_2.png,0,0,256,256,0,0
Steel1/im_val_cut10_400-V-6mm-4000x06_6_3/x0_y0,Steel1,im_val_cut10_400-V-6mm-4000x06,im_val_cut10_400-V-6mm-4000x06_6_3.png,0,0,0.041565,train,256,/content/drive/MyDrive/phase11-data/data/Steel1/images/im_val_cut10_400-V-6mm-4000x06_6_3.png,/content/drive/MyDrive/phase11-persistent/gt_boundaries/Steel1/im_val_cut10_400-V-6mm-4000x06_6_3.png,0,0,256,256,0,0
Steel1/im_val_cut10_400-V-6mm-4000x06_6_4/x0_y0,Steel1,im_val_cut10_400-V-6mm-4000x06,im_val_cut10_400-V-6mm-4000x06_6_4.png,0,0,0.035004,train,256,/content/drive/MyDrive/phase11-data/data/Steel1/images/im_val_cut10_400-V-6mm-4000x06_6_4.png,/content/drive/MyDrive/phase11-persistent/gt_boundaries/Steel1/im_val_cut10_400-V-6mm-4000x06_6_4.png,0,0,256,256,0,0
Steel1/im_val_cut10_400-V-6mm-4000x06_6_5/x0_y0,Steel1,im_val_cut10_400-V-6mm-4000x06,im_val_cut10_400-V-6mm-4000x06_6_5.png,0,0,0.034119,train,256,/content/drive/MyDrive/phase11-data/data/Steel1/images/im_val_cut10_400-V-6mm-4000x06_6_5.png,/content/drive/MyDrive/phase11-persistent/gt_boundaries/Steel1/im_val_cut10_400-V-6mm-4000x06_6_5.png,0,0,256,256,0,0
Steel1/im_val_cut10_400-V-6mm-4000x06_6_6/x0_y0,Steel1,im_val_cut10_400-V-6mm-4000x06,im_val_cut10_400-V-6mm-4000x06_6_6.png,0,0,0.013504,train,256,/content/drive/MyDrive/phase11-data/data/Steel1/images/im_val_cut10_400-V-6mm-4000x06_6_6.png,/content/drive/MyDrive/phase11-persistent/gt_boundaries/Steel1/im_val_cut10_400-V-6mm-4000x06_6_6.png,0,0,256,256,0,0
Steel1/im_val_cut10_400-V-6mm-4000x06_7_1/x0_y0,Steel1,im_val_cut10_400-V-6mm-4000x06,im_val_cut10_400-V-6mm-4000x06_7_1.png,0,0,0.031769,train,256,/content/drive/MyDrive/phase11-data/data/Steel1/images/im_val_cut10_400-V-6mm-4000x06_7_1.png,/content/drive/MyDrive/phase11-persistent/gt_boundaries/Steel1/im_val_cut10_400-V-6mm-4000x06_7_1.png,0,0,256,256,0,0
Steel1/im_val_cut10_400-V-6mm-4000x06_7_2/x0_y0,Steel1,im_val_cut10_400-V-6mm-4000x06,im_val_cut10_400-V-6mm-4000x06_7_2.png,0,0,0.05043,train,256,/content/drive/MyDrive/phase11-data/data/Steel1/images/im_val_cut10_400-V-6mm-4000x06_7_2.png,/content/drive/MyDrive/phase11-persistent/gt_boundaries/Steel1/im_val_cut10_400-V-6mm-4000x06_7_2.png,0,0,256,256,0,0
Steel1/im_val_cut10_400-V-6mm-4000x06_7_3/x0_y0,Steel1,im_val_cut10_400-V-6mm-4000x06,im_val_cut10_400-V-6mm-4000x06_7_3.png,0,0,0.048782,train,256,/content/drive/MyDrive/phase11-data/data/Steel1/images/im_val_cut10_400-V-6mm-4000x06_7_3.png,/content/drive/MyDrive/phase11-persistent/gt_boundaries/Steel1/im_val_cut10_400-V-6mm-4000x06_7_3.png,0,0,256,256,0,0
Steel1/im_val_cut10_400-V-6mm-4000x06_7_4/x0_y0,Steel1,im_val_cut10_400-V-6mm-4000x06,im_val_cut10_400-V-6mm-4000x06_7_4.png,0,0,0.036652,train,256,/content/drive/MyDrive/phase11-data/data/Steel1/images/im_val_cut10_400-V-6mm-4000x06_7_4.png,/content/drive/MyDrive/phase11-persistent/gt_boundaries/Steel1/im_val_cut10_400-V-6mm-4000x06_7_4.png,0,0,256,256,0,0
Steel1/im_val_cut10_400-V-6mm-4000x06_7_5/x0_y0,Steel1,im_val_cut10_400-V-6mm-4000x06,im_val_cut10_400-V-6mm-4000x06_7_5.png,0,0,0.047043,train,256,/content/drive/MyDrive/phase11-data/data/Steel1/images/im_val_cut10_400-V-6mm-4000x06_7_5.png,/content/drive/MyDrive/phase11-persistent/gt_boundaries/Steel1/im_val_cut10_400-V-6mm-4000x06_7_5.png,0,0,256,256,0,0
Steel1/im_val_cut10_400-V-6mm-4000x06_7_6/x0_y0,Steel1,im_val_cut10_400-V-6mm-4000x06,im_val_cut10_400-V-6mm-4000x06_7_6.png,0,0,0.013336,train,256,/content/drive/MyDrive/phase11-data/data/Steel1/images/im_val_cut10_400-V-6mm-4000x06_7_6.png,/content/drive/MyDrive/phase11-persistent/gt_boundaries/Steel1/im_val_cut10_400-V-6mm-4000x06_7_6.png,0,0,256,256,0,0
Steel1/im_val_cut10_400-V-6mm-4000x06_8_1/x0_y0,Steel1,im_val_cut10_400-V-6mm-4000x06,im_val_cut10_400-V-6mm-4000x06_8_1.png,0,0,0.029724,train,256,/content/drive/MyDrive/phase11-data/data/Steel1/images/im_val_cut10_400-V-6mm-4000x06_8_1.png,/content/drive/MyDrive/phase11-persistent/gt_boundaries/Steel1/im_val_cut10_400-V-6mm-4000x06_8_1.png,0,0,256,256,0,0
Steel1/im_val_cut10_400-V-6mm-4000x06_8_2/x0_y0,Steel1,im_val_cut10_400-V-6mm-4000x06,im_val_cut10_400-V-6mm-4000x06_8_2.png,0,0,0.040237,train,256,/content/drive/MyDrive/phase11-data/data/Steel1/images/im_val_cut10_400-V-6mm-4000x06_8_2.png,/content/drive/MyDrive/phase11-persistent/gt_boundaries/Steel1/im_val_cut10_400-V-6mm-4000x06_8_2.png,0,0,256,256,0,0
Steel1/im_val_cut10_400-V-6mm-4000x06_8_3/x0_y0,Steel1,im_val_cut10_400-V-6mm-4000x06,im_val_cut10_400-V-6mm-4000x06_8_3.png,0,0,0.042938,train,256,/content/drive/MyDrive/phase11-data/data/Steel1/images/im_val_cut10_400-V-6mm-4000x06_8_3.png,/content/drive/MyDrive/phase11-persistent/gt_boundaries/Steel1/im_val_cut10_400-V-6mm-4000x06_8_3.png,0,0,256,256,0,0
Steel1/im_val_cut10_400-V-6mm-4000x06_8_4/x0_y0,Steel1,im_val_cut10_400-V-6mm-4000x06,im_val_cut10_400-V-6mm-4000x06_8_4.png,0,0,0.038803,train,256,/content/drive/MyDrive/phase11-data/data/Steel1/images/im_val_cut10_400-V-6mm-4000x06_8_4.png,/content/drive/MyDrive/phase11-persistent/gt_boundaries/Steel1/im_val_cut10_400-V-6mm-4000x06_8_4.png,0,0,256,256,0,0
Steel1/im_val_cut10_400-V-6mm-4000x06_8_5/x0_y0,Steel1,im_val_cut10_400-V-6mm-4000x06,im_val_cut10_400-V-6mm-4000x06_8_5.png,0,0,0.047989,train,256,/content/drive/MyDrive/phase11-data/data/Steel1/images/im_val_cut10_400-V-6mm-4000x06_8_5.png,/content/drive/MyDrive/phase11-persistent/gt_boundaries/Steel1/im_val_cut10_400-V-6mm-4000x06_8_5.png,0,0,256,256,0,0
Steel1/im_val_cut10_400-V-6mm-4000x06_8_6/x0_y0,Steel1,im_val_cut10_400-V-6mm-4000x06,im_val_cut10_400-V-6mm-4000x06_8_6.png,0,0,0.038925,train,256,/content/drive/MyDrive/phase11-data/data/Steel1/images/im_val_cut10_400-V-6mm-4000x06_8_6.png,/content/drive/MyDrive/phase11-persistent/gt_boundaries/Steel1/im_val_cut10_400-V-6mm-4000x06_8_6.png,0,0,256,256,0,0
Steel1/im_val_cut10_400-V-6mm-4000x07_1_1/x0_y0,Steel1,im_val_cut10_400-V-6mm-4000x07,im_val_cut10_400-V-6mm-4000x07_1_1.png,0,0,0.036591,train,256,/content/drive/MyDrive/phase11-data/data/Steel1/images/im_val_cut10_400-V-6mm-4000x07_1_1.png,/content/drive/MyDrive/phase11-persistent/gt_boundaries/Steel1/im_val_cut10_400-V-6mm-4000x07_1_1.png,0,0,256,256,0,0
Steel1/im_val_cut10_400-V-6mm-4000x07_1_3/x0_y0,Steel1,im_val_cut10_400-V-6mm-4000x07,im_val_cut10_400-V-6mm-4000x07_1_3.png,0,0,0.005127,train,256,/content/drive/MyDrive/phase11-data/data/Steel1/images/im_val_cut10_400-V-6mm-4000x07_1_3.png,/content/drive/MyDrive/phase11-persistent/gt_boundaries/Steel1/im_val_cut10_400-V-6mm-4000x07_1_3.png,0,0,256,256,0,0
Steel1/im_val_cut10_400-V-6mm-4000x07_1_6/x0_y0,Steel1,im_val_cut10_400-V-6mm-4000x07,im_val_cut10_400-V-6mm-4000x07_1_6.png,0,0,0.020416,train,256,/content/drive/MyDrive/phase11-data/data/Steel1/images/im_val_cut10_400-V-6mm-4000x07_1_6.png,/content/drive/MyDrive/phase11-persistent/gt_boundaries/Steel1/im_val_cut10_400-V-6mm-4000x07_1_6.png,0,0,256,256,0,0
Steel1/im_val_cut10_400-V-6mm-4000x07_2_1/x0_y0,Steel1,im_val_cut10_400-V-6mm-4000x07,im_val_cut10_400-V-6mm-4000x07_2_1.png,0,0,0.034012,train,256,/content/drive/MyDrive/phase11-data/data/Steel1/images/im_val_cut10_400-V-6mm-4000x07_2_1.png,/content/drive/MyDrive/phase11-persistent/gt_boundaries/Steel1/im_val_cut10_400-V-6mm-4000x07_2_1.png,0,0,256,256,0,0
Steel1/im_val_cut10_400-V-6mm-4000x07_2_2/x0_y0,Steel1,im_val_cut10_400-V-6mm-4000x07,im_val_cut10_400-V-6mm-4000x07_2_2.png,0,0,0.021957,train,256,/content/drive/MyDrive/phase11-data/data/Steel1/images/im_val_cut10_400-V-6mm-4000x07_2_2.png,/content/drive/MyDrive/phase11-persistent/gt_boundaries/Steel1/im_val_cut10_400-V-6mm-4000x07_2_2.png,0,0,256,256,0,0
Steel1/im_val_cut10_400-V-6mm-4000x07_2_4/x0_y0,Steel1,im_val_cut10_400-V-6mm-4000x07,im_val_cut10_400-V-6mm-4000x07_2_4.png,0,0,0.016327,train,256,/content/drive/MyDrive/phase11-data/data/Steel1/images/im_val_cut10_400-V-6mm-4000x07_2_4.png,/content/drive/MyDrive/phase11-persistent/gt_boundaries/Steel1/im_val_cut10_400-V-6mm-4000x07_2_4.png,0,0,256,256,0,0
Steel1/im_val_cut10_400-V-6mm-4000x07_2_6/x0_y0,Steel1,im_val_cut10_400-V-6mm-4000x07,im_val_cut10_400-V-6mm-4000x07_2_6.png,0,0,0.016495,train,256,/content/drive/MyDrive/phase11-data/data/Steel1/images/im_val_cut10_400-V-6mm-4000x07_2_6.png,/content/drive/MyDrive/phase11-persistent/gt_boundaries/Steel1/im_val_cut10_400-V-6mm-4000x07_2_6.png,0,0,256,256,0,0
Steel1/im_val_cut10_400-V-6mm-4000x07_3_1/x0_y0,Steel1,im_val_cut10_400-V-6mm-4000x07,im_val_cut10_400-V-6mm-4000x07_3_1.png,0,0,0.020081,train,256,/content/drive/MyDrive/phase11-data/data/Steel1/images/im_val_cut10_400-V-6mm-4000x07_3_1.png,/content/drive/MyDrive/phase11-persistent/gt_boundaries/Steel1/im_val_cut10_400-V-6mm-4000x07_3_1.png,0,0,256,256,0,0
Steel1/im_val_cut10_400-V-6mm-4000x07_3_2/x0_y0,Steel1,im_val_cut10_400-V-6mm-4000x07,im_val_cut10_400-V-6mm-4000x07_3_2.png,0,0,0.032104,train,256,/content/drive/MyDrive/phase11-data/data/Steel1/images/im_val_cut10_400-V-6mm-4000x07_3_2.png,/content/drive/MyDrive/phase11-persistent/gt_boundaries/Steel1/im_val_cut10_400-V-6mm-4000x07_3_2.png,0,0,256,256,0,0
Steel1/im_val_cut10_400-V-6mm-4000x07_3_3/x0_y0,Steel1,im_val_cut10_400-V-6mm-4000x07,im_val_cut10_400-V-6mm-4000x07_3_3.png,0,0,0.031891,train,256,/content/drive/MyDrive/phase11-data/data/Steel1/images/im_val_cut10_400-V-6mm-4000x07_3_3.png,/content/drive/MyDrive/phase11-persistent/gt_boundaries/Steel1/im_val_cut10_400-V-6mm-4000x07_3_3.png,0,0,256,256,0,0
Steel1/im_val_cut10_400-V-6mm-4000x07_3_4/x0_y0,Steel1,im_val_cut10_400-V-6mm-4000x07,im_val_cut10_400-V-6mm-4000x07_3_4.png,0,0,0.008179,train,256,/content/drive/MyDrive/phase11-data/data/Steel1/images/im_val_cut10_400-V-6mm-4000x07_3_4.png,/content/drive/MyDrive/phase11-persistent/gt_boundaries/Steel1/im_val_cut10_400-V-6mm-4000x07_3_4.png,0,0,256,256,0,0
Steel1/im_val_cut10_400-V-6mm-4000x07_3_5/x0_y0,Steel1,im_val_cut10_400-V-6mm-4000x07,im_val_cut10_400-V-6mm-4000x07_3_5.png,0,0,0.011642,train,256,/content/drive/MyDrive/phase11-data/data/Steel1/images/im_val_cut10_400-V-6mm-4000x07_3_5.png,/content/drive/MyDrive/phase11-persistent/gt_boundaries/Steel1/im_val_cut10_400-V-6mm-4000x07_3_5.png,0,0,256,256,0,0
Steel1/im_val_cut10_400-V-6mm-4000x07_3_6/x0_y0,Steel1,im_val_cut10_400-V-6mm-4000x07,im_val_cut10_400-V-6mm-4000x07_3_6.png,0,0,0.006027,train,256,/content/drive/MyDrive/phase11-data/data/Steel1/images/im_val_cut10_400-V-6mm-4000x07_3_6.png,/content/drive/MyDrive/phase11-persistent/gt_boundaries/Steel1/im_val_cut10_400-V-6mm-4000x07_3_6.png,0,0,256,256,0,0
Steel1/im_val_cut10_400-V-6mm-4000x07_4_1/x0_y0,Steel1,im_val_cut10_400-V-6mm-4000x07,im_val_cut10_400-V-6mm-4000x07_4_1.png,0,0,0.024002,train,256,/content/drive/MyDrive/phase11-data/data/Steel1/images/im_val_cut10_400-V-6mm-4000x07_4_1.png,/content/drive/MyDrive/phase11-persistent/gt_boundaries/Steel1/im_val_cut10_400-V-6mm-4000x07_4_1.png,0,0,256,256,0,0
Steel1/im_val_cut10_400-V-6mm-4000x07_4_2/x0_y0,Steel1,im_val_cut10_400-V-6mm-4000x07,im_val_cut10_400-V-6mm-4000x07_4_2.png,0,0,0.041397,train,256,/content/drive/MyDrive/phase11-data/data/Steel1/images/im_val_cut10_400-V-6mm-4000x07_4_2.png,/content/drive/MyDrive/phase11-persistent/gt_boundaries/Steel1/im_val_cut10_400-V-6mm-4000x07_4_2.png,0,0,256,256,0,0
Steel1/im_val_cut10_400-V-6mm-4000x07_4_3/x0_y0,Steel1,im_val_cut10_400-V-6mm-4000x07,im_val_cut10_400-V-6mm-4000x07_4_3.png,0,0,0.028824,train,256,/content/drive/MyDrive/phase11-data/data/Steel1/images/im_val_cut10_400-V-6mm-4000x07_4_3.png,/content/drive/MyDrive/phase11-persistent/gt_boundaries/Steel1/im_val_cut10_400-V-6mm-4000x07_4_3.png,0,0,256,256,0,0
Steel1/im_val_cut10_400-V-6mm-4000x07_4_4/x0_y0,Steel1,im_val_cut10_400-V-6mm-4000x07,im_val_cut10_400-V-6mm-4000x07_4_4.png,0,0,0.037613,train,256,/content/drive/MyDrive/phase11-data/data/Steel1/images/im_val_cut10_400-V-6mm-4000x07_4_4.png,/content/drive/MyDrive/phase11-persistent/gt_boundaries/Steel1/im_val_cut10_400-V-6mm-4000x07_4_4.png,0,0,256,256,0,0
Steel1/im_val_cut10_400-V-6mm-4000x07_4_5/x0_y0,Steel1,im_val_cut10_400-V-6mm-4000x07,im_val_cut10_400-V-6mm-4000x07_4_5.png,0,0,0.039566,train,256,/content/drive/MyDrive/phase11-data/data/Steel1/images/im_val_cut10_400-V-6mm-4000x07_4_5.png,/content/drive/MyDrive/phase11-persistent/gt_boundaries/Steel1/im_val_cut10_400-V-6mm-4000x07_4_5.png,0,0,256,256,0,0
Steel1/im_val_cut10_400-V-6mm-4000x07_4_6/x0_y0,Steel1,im_val_cut10_400-V-6mm-4000x07,im_val_cut10_400-V-6mm-4000x07_4_6.png,0,0,0.019684,train,256,/content/drive/MyDrive/phase11-data/data/Steel1/images/im_val_cut10_400-V-6mm-4000x07_4_6.png,/content/drive/MyDrive/phase11-persistent/gt_boundaries/Steel1/im_val_cut10_400-V-6mm-4000x07_4_6.png,0,0,256,256,0,0
Steel1/im_val_cut10_400-V-6mm-4000x07_5_1/x0_y0,Steel1,im_val_cut10_400-V-6mm-4000x07,im_val_cut10_400-V-6mm-4000x07_5_1.png,0,0,0.041351,train,256,/content/drive/MyDrive/phase11-data/data/Steel1/images/im_val_cut10_400-V-6mm-4000x07_5_1.png,/content/drive/MyDrive/phase11-persistent/gt_boundaries/Steel1/im_val_cut10_400-V-6mm-4000x07_5_1.png,0,0,256,256,0,0
Steel1/im_val_cut10_400-V-6mm-4000x07_5_2/x0_y0,Steel1,im_val_cut10_400-V-6mm-4000x07,im_val_cut10_400-V-6mm-4000x07_5_2.png,0,0,0.052414,train,256,/content/drive/MyDrive/phase11-data/data/Steel1/images/im_val_cut10_400-V-6mm-4000x07_5_2.png,/content/drive/MyDrive/phase11-persistent/gt_boundaries/Steel1/im_val_cut10_400-V-6mm-4000x07_5_2.png,0,0,256,256,0,0
Steel1/im_val_cut10_400-V-6mm-4000x07_5_3/x0_y0,Steel1,im_val_cut10_400-V-6mm-4000x07,im_val_cut10_400-V-6mm-4000x07_5_3.png,0,0,0.064056,train,256,/content/drive/MyDrive/phase11-data/data/Steel1/images/im_val_cut10_400-V-6mm-4000x07_5_3.png,/content/drive/MyDrive/phase11-persistent/gt_boundaries/Steel1/im_val_cut10_400-V-6mm-4000x07_5_3.png,0,0,256,256,0,0
Steel1/im_val_cut10_400-V-6mm-4000x07_5_4/x0_y0,Steel1,im_val_cut10_400-V-6mm-4000x07,im_val_cut10_400-V-6mm-4000x07_5_4.png,0,0,0.051208,train,256,/content/drive/MyDrive/phase11-data/data/Steel1/images/im_val_cut10_400-V-6mm-4000x07_5_4.png,/content/drive/MyDrive/phase11-persistent/gt_boundaries/Steel1/im_val_cut10_400-V-6mm-4000x07_5_4.png,0,0,256,256,0,0
Steel1/im_val_cut10_400-V-6mm-4000x07_5_5/x0_y0,Steel1,im_val_cut10_400-V-6mm-4000x07,im_val_cut10_400-V-6mm-4000x07_5_5.png,0,0,0.04805,train,256,/content/drive/MyDrive/phase11-data/data/Steel1/images/im_val_cut10_400-V-6mm-4000x07_5_5.png,/content/drive/MyDrive/phase11-persistent/gt_boundaries/Steel1/im_val_cut10_400-V-6mm-4000x07_5_5.png,0,0,256,256,0,0
Steel1/im_val_cut10_400-V-6mm-4000x07_5_6/x0_y0,Steel1,im_val_cut10_400-V-6mm-4000x07,im_val_cut10_400-V-6mm-4000x07_5_6.png,0,0,0.024002,train,256,/content/drive/MyDrive/phase11-data/data/Steel1/images/im_val_cut10_400-V-6mm-4000x07_5_6.png,/content/drive/MyDrive/phase11-persistent/gt_boundaries/Steel1/im_val_cut10_400-V-6mm-4000x07_5_6.png,0,0,256,256,0,0
Steel1/im_val_cut10_400-V-6mm-4000x07_6_1/x0_y0,Steel1,im_val_cut10_400-V-6mm-4000x07,im_val_cut10_400-V-6mm-4000x07_6_1.png,0,0,0.01445,train,256,/content/drive/MyDrive/phase11-data/data/Steel1/images/im_val_cut10_400-V-6mm-4000x07_6_1.png,/content/drive/MyDrive/phase11-persistent/gt_boundaries/Steel1/im_val_cut10_400-V-6mm-4000x07_6_1.png,0,0,256,256,0,0
Steel1/im_val_cut10_400-V-6mm-4000x07_6_2/x0_y0,Steel1,im_val_cut10_400-V-6mm-4000x07,im_val_cut10_400-V-6mm-4000x07_6_2.png,0,0,0.021286,train,256,/content/drive/MyDrive/phase11-data/data/Steel1/images/im_val_cut10_400-V-6mm-4000x07_6_2.png,/content/drive/MyDrive/phase11-persistent/gt_boundaries/Steel1/im_val_cut10_400-V-6mm-4000x07_6_2.png,0,0,256,256,0,0
Steel1/im_val_cut10_400-V-6mm-4000x07_6_3/x0_y0,Steel1,im_val_cut10_400-V-6mm-4000x07,im_val_cut10_400-V-6mm-4000x07_6_3.png,0,0,0.023758,train,256,/content/drive/MyDrive/phase11-data/data/Steel1/images/im_val_cut10_400-V-6mm-4000x07_6_3.png,/content/drive/MyDrive/phase11-persistent/gt_boundaries/Steel1/im_val_cut10_400-V-6mm-4000x07_6_3.png,0,0,256,256,0,0
Steel1/im_val_cut10_400-V-6mm-4000x07_6_4/x0_y0,Steel1,im_val_cut10_400-V-6mm-4000x07,im_val_cut10_400-V-6mm-4000x07_6_4.png,0,0,0.057831,train,256,/content/drive/MyDrive/phase11-data/data/Steel1/images/im_val_cut10_400-V-6mm-4000x07_6_4.png,/content/drive/MyDrive/phase11-persistent/gt_boundaries/Steel1/im_val_cut10_400-V-6mm-4000x07_6_4.png,0,0,256,256,0,0
Steel1/im_val_cut10_400-V-6mm-4000x07_6_5/x0_y0,Steel1,im_val_cut10_400-V-6mm-4000x07,im_val_cut10_400-V-6mm-4000x07_6_5.png,0,0,0.044754,train,256,/content/drive/MyDrive/phase11-data/data/Steel1/images/im_val_cut10_400-V-6mm-4000x07_6_5.png,/content/drive/MyDrive/phase11-persistent/gt_boundaries/Steel1/im_val_cut10_400-V-6mm-4000x07_6_5.png,0,0,256,256,0,0
Steel1/im_val_cut10_400-V-6mm-4000x07_6_6/x0_y0,Steel1,im_val_cut10_400-V-6mm-4000x07,im_val_cut10_400-V-6mm-4000x07_6_6.png,0,0,0.048676,train,256,/content/drive/MyDrive/phase11-data/data/Steel1/images/im_val_cut10_400-V-6mm-4000x07_6_6.png,/content/drive/MyDrive/phase11-persistent/gt_boundaries/Steel1/im_val_cut10_400-V-6mm-4000x07_6_6.png,0,0,256,256,0,0
Steel1/im_val_cut10_400-V-6mm-4000x07_7_1/x0_y0,Steel1,im_val_cut10_400-V-6mm-4000x07,im_val_cut10_400-V-6mm-4000x07_7_1.png,0,0,0.041946,train,256,/content/drive/MyDrive/phase11-data/data/Steel1/images/im_val_cut10_400-V-6mm-4000x07_7_1.png,/content/drive/MyDrive/phase11-persistent/gt_boundaries/Steel1/im_val_cut10_400-V-6mm-4000x07_7_1.png,0,0,256,256,0,0
Steel1/im_val_cut10_400-V-6mm-4000x07_7_2/x0_y0,Steel1,im_val_cut10_400-V-6mm-4000x07,im_val_cut10_400-V-6mm-4000x07_7_2.png,0,0,0.028473,train,256,/content/drive/MyDrive/phase11-data/data/Steel1/images/im_val_cut10_400-V-6mm-4000x07_7_2.png,/content/drive/MyDrive/phase11-persistent/gt_boundaries/Steel1/im_val_cut10_400-V-6mm-4000x07_7_2.png,0,0,256,256,0,0
Steel1/im_val_cut10_400-V-6mm-4000x07_7_3/x0_y0,Steel1,im_val_cut10_400-V-6mm-4000x07,im_val_cut10_400-V-6mm-4000x07_7_3.png,0,0,0.04361,train,256,/content/drive/MyDrive/phase11-data/data/Steel1/images/im_val_cut10_400-V-6mm-4000x07_7_3.png,/content/drive/MyDrive/phase11-persistent/gt_boundaries/Steel1/im_val_cut10_400-V-6mm-4000x07_7_3.png,0,0,256,256,0,0
Steel1/im_val_cut10_400-V-6mm-4000x07_7_4/x0_y0,Steel1,im_val_cut10_400-V-6mm-4000x07,im_val_cut10_400-V-6mm-4000x07_7_4.png,0,0,0.040649,train,256,/content/drive/MyDrive/phase11-data/data/Steel1/images/im_val_cut10_400-V-6mm-4000x07_7_4.png,/content/drive/MyDrive/phase11-persistent/gt_boundaries/Steel1/im_val_cut10_400-V-6mm-4000x07_7_4.png,0,0,256,256,0,0
Steel1/im_val_cut10_400-V-6mm-4000x07_7_5/x0_y0,Steel1,im_val_cut10_400-V-6mm-4000x07,im_val_cut10_400-V-6mm-4000x07_7_5.png,0,0,0.045914,train,256,/content/drive/MyDrive/phase11-data/data/Steel1/images/im_val_cut10_400-V-6mm-4000x07_7_5.png,/content/drive/MyDrive/phase11-persistent/gt_boundaries/Steel1/im_val_cut10_400-V-6mm-4000x07_7_5.png,0,0,256,256,0,0
Steel1/im_val_cut10_400-V-6mm-4000x07_7_6/x0_y0,Steel1,im_val_cut10_400-V-6mm-4000x07,im_val_cut10_400-V-6mm-4000x07_7_6.png,0,0,0.032318,train,256,/content/drive/MyDrive/phase11-data/data/Steel1/images/im_val_cut10_400-V-6mm-4000x07_7_6.png,/content/drive/MyDrive/phase11-persistent/gt_boundaries/Steel1/im_val_cut10_400-V-6mm-4000x07_7_6.png,0,0,256,256,0,0
Steel1/im_val_cut10_400-V-6mm-4000x07_8_1/x0_y0,Steel1,im_val_cut10_400-V-6mm-4000x07,im_val_cut10_400-V-6mm-4000x07_8_1.png,0,0,0.051178,train,256,/content/drive/MyDrive/phase11-data/data/Steel1/images/im_val_cut10_400-V-6mm-4000x07_8_1.png,/content/drive/MyDrive/phase11-persistent/gt_boundaries/Steel1/im_val_cut10_400-V-6mm-4000x07_8_1.png,0,0,256,256,0,0
Steel1/im_val_cut10_400-V-6mm-4000x07_8_2/x0_y0,Steel1,im_val_cut10_400-V-6mm-4000x07,im_val_cut10_400-V-6mm-4000x07_8_2.png,0,0,0.042587,train,256,/content/drive/MyDrive/phase11-data/data/Steel1/images/im_val_cut10_400-V-6mm-4000x07_8_2.png,/content/drive/MyDrive/phase11-persistent/gt_boundaries/Steel1/im_val_cut10_400-V-6mm-4000x07_8_2.png,0,0,256,256,0,0
Steel1/im_val_cut10_400-V-6mm-4000x07_8_3/x0_y0,Steel1,im_val_cut10_400-V-6mm-4000x07,im_val_cut10_400-V-6mm-4000x07_8_3.png,0,0,0.047211,train,256,/content/drive/MyDrive/phase11-data/data/Steel1/images/im_val_cut10_400-V-6mm-4000x07_8_3.png,/content/drive/MyDrive/phase11-persistent/gt_boundaries/Steel1/im_val_cut10_400-V-6mm-4000x07_8_3.png,0,0,256,256,0,0
Steel1/im_val_cut10_400-V-6mm-4000x07_8_4/x0_y0,Steel1,im_val_cut10_400-V-6mm-4000x07,im_val_cut10_400-V-6mm-4000x07_8_4.png,0,0,0.051682,train,256,/content/drive/MyDrive/phase11-data/data/Steel1/images/im_val_cut10_400-V-6mm-4000x07_8_4.png,/content/drive/MyDrive/phase11-persistent/gt_boundaries/Steel1/im_val_cut10_400-V-6mm-4000x07_8_4.png,0,0,256,256,0,0
Steel1/im_val_cut10_400-V-6mm-4000x07_8_5/x0_y0,Steel1,im_val_cut10_400-V-6mm-4000x07,im_val_cut10_400-V-6mm-4000x07_8_5.png,0,0,0.036331,train,256,/content/drive/MyDrive/phase11-data/data/Steel1/images/im_val_cut10_400-V-6mm-4000x07_8_5.png,/content/drive/MyDrive/phase11-persistent/gt_boundaries/Steel1/im_val_cut10_400-V-6mm-4000x07_8_5.png,0,0,256,256,0,0
Steel1/im_val_cut10_400-V-6mm-4000x07_8_6/x0_y0,Steel1,im_val_cut10_400-V-6mm-4000x07,im_val_cut10_400-V-6mm-4000x07_8_6.png,0,0,0.039413,train,256,/content/drive/MyDrive/phase11-data/data/Steel1/images/im_val_cut10_400-V-6mm-4000x07_8_6.png,/content/drive/MyDrive/phase11-persistent/gt_boundaries/Steel1/im_val_cut10_400-V-6mm-4000x07_8_6.png,0,0,256,256,0,0
Steel1/im_val_cut10_400-V-9mm-4000x10_1_1/x0_y0,Steel1,im_val_cut10_400-V-9mm-4000x10,im_val_cut10_400-V-9mm-4000x10_1_1.png,0,0,0.051376,train,256,/content/drive/MyDrive/phase11-data/data/Steel1/images/im_val_cut10_400-V-9mm-4000x10_1_1.png,/content/drive/MyDrive/phase11-persistent/gt_boundaries/Steel1/im_val_cut10_400-V-9mm-4000x10_1_1.png,0,0,256,256,0,0
Steel1/im_val_cut10_400-V-9mm-4000x10_1_2/x0_y0,Steel1,im_val_cut10_400-V-9mm-4000x10,im_val_cut10_400-V-9mm-4000x10_1_2.png,0,0,0.042297,train,256,/content/drive/MyDrive/phase11-data/data/Steel1/images/im_val_cut10_400-V-9mm-4000x10_1_2.png,/content/drive/MyDrive/phase11-persistent/gt_boundaries/Steel1/im_val_cut10_400-V-9mm-4000x10_1_2.png,0,0,256,256,0,0
Steel1/im_val_cut10_400-V-9mm-4000x10_1_3/x0_y0,Steel1,im_val_cut10_400-V-9mm-4000x10,im_val_cut10_400-V-9mm-4000x10_1_3.png,0,0,0.048431,train,256,/content/drive/MyDrive/phase11-data/data/Steel1/images/im_val_cut10_400-V-9mm-4000x10_1_3.png,/content/drive/MyDrive/phase11-persistent/gt_boundaries/Steel1/im_val_cut10_400-V-9mm-4000x10_1_3.png,0,0,256,256,0,0
Steel1/im_val_cut10_400-V-9mm-4000x10_1_4/x0_y0,Steel1,im_val_cut10_400-V-9mm-4000x10,im_val_cut10_400-V-9mm-4000x10_1_4.png,0,0,0.033264,train,256,/content/drive/MyDrive/phase11-data/data/Steel1/images/im_val_cut10_400-V-9mm-4000x10_1_4.png,/content/drive/MyDrive/phase11-persistent/gt_boundaries/Steel1/im_val_cut10_400-V-9mm-4000x10_1_4.png,0,0,256,256,0,0
Steel1/im_val_cut10_400-V-9mm-4000x10_1_5/x0_y0,Steel1,im_val_cut10_400-V-9mm-4000x10,im_val_cut10_400-V-9mm-4000x10_1_5.png,0,0,0.064987,train,256,/content/drive/MyDrive/phase11-data/data/Steel1/images/im_val_cut10_400-V-9mm-4000x10_1_5.png,/content/drive/MyDrive/phase11-persistent/gt_boundaries/Steel1/im_val_cut10_400-V-9mm-4000x10_1_5.png,0,0,256,256,0,0
Steel1/im_val_cut10_400-V-9mm-4000x10_1_6/x0_y0,Steel1,im_val_cut10_400-V-9mm-4000x10,im_val_cut10_400-V-9mm-4000x10_1_6.png,0,0,0.059067,train,256,/content/drive/MyDrive/phase11-data/data/Steel1/images/im_val_cut10_400-V-9mm-4000x10_1_6.png,/content/drive/MyDrive/phase11-persistent/gt_boundaries/Steel1/im_val_cut10_400-V-9mm-4000x10_1_6.png,0,0,256,256,0,0
Steel1/im_val_cut10_400-V-9mm-4000x10_2_1/x0_y0,Steel1,im_val_cut10_400-V-9mm-4000x10,im_val_cut10_400-V-9mm-4000x10_2_1.png,0,0,0.056091,train,256,/content/drive/MyDrive/phase11-data/data/Steel1/images/im_val_cut10_400-V-9mm-4000x10_2_1.png,/content/drive/MyDrive/phase11-persistent/gt_boundaries/Steel1/im_val_cut10_400-V-9mm-4000x10_2_1.png,0,0,256,256,0,0
Steel1/im_val_cut10_400-V-9mm-4000x10_2_2/x0_y0,Steel1,im_val_cut10_400-V-9mm-4000x10,im_val_cut10_400-V-9mm-4000x10_2_2.png,0,0,0.053421,train,256,/content/drive/MyDrive/phase11-data/data/Steel1/images/im_val_cut10_400-V-9mm-4000x10_2_2.png,/content/drive/MyDrive/phase11-persistent/gt_boundaries/Steel1/im_val_cut10_400-V-9mm-4000x10_2_2.png,0,0,256,256,0,0
Steel1/im_val_cut10_400-V-9mm-4000x10_2_3/x0_y0,Steel1,im_val_cut10_400-V-9mm-4000x10,im_val_cut10_400-V-9mm-4000x10_2_3.png,0,0,0.058426,train,256,/content/drive/MyDrive/phase11-data/data/Steel1/images/im_val_cut10_400-V-9mm-4000x10_2_3.png,/content/drive/MyDrive/phase11-persistent/gt_boundaries/Steel1/im_val_cut10_400-V-9mm-4000x10_2_3.png,0,0,256,256,0,0
Steel1/im_val_cut10_400-V-9mm-4000x10_2_4/x0_y0,Steel1,im_val_cut10_400-V-9mm-4000x10,im_val_cut10_400-V-9mm-4000x10_2_4.png,0,0,0.050385,train,256,/content/drive/MyDrive/phase11-data/data/Steel1/images/im_val_cut10_400-V-9mm-4000x10_2_4.png,/content/drive/MyDrive/phase11-persistent/gt_boundaries/Steel1/im_val_cut10_400-V-9mm-4000x10_2_4.png,0,0,256,256,0,0
Steel1/im_val_cut10_400-V-9mm-4000x10_2_5/x0_y0,Steel1,im_val_cut10_400-V-9mm-4000x10,im_val_cut10_400-V-9mm-4000x10_2_5.png,0,0,0.069717,train,256,/content/drive/MyDrive/phase11-data/data/Steel1/images/im_val_cut10_400-V-9mm-4000x10_2_5.png,/content/drive/MyDrive/phase11-persistent/gt_boundaries/Steel1/im_val_cut10_400-V-9mm-4000x10_2_5.png,0,0,256,256,0,0
Steel1/im_val_cut10_400-V-9mm-4000x10_2_6/x0_y0,Steel1,im_val_cut10_400-V-9mm-4000x10,im_val_cut10_400-V-9mm-4000x10_2_6.png,0,0,0.068863,train,256,/content/drive/MyDrive/phase11-data/data/Steel1/images/im_val_cut10_400-V-9mm-4000x10_2_6.png,/content/drive/MyDrive/phase11-persistent/gt_boundaries/Steel1/im_val_cut10_400-V-9mm-4000x10_2_6.png,0,0,256,256,0,0
Steel1/im_val_cut10_400-V-9mm-4000x10_3_1/x0_y0,Steel1,im_val_cut10_400-V-9mm-4000x10,im_val_cut10_400-V-9mm-4000x10_3_1.png,0,0,0.043411,train,256,/content/drive/MyDrive/phase11-data/data/Steel1/images/im_val_cut10_400-V-9mm-4000x10_3_1.png,/content/drive/MyDrive/phase11-persistent/gt_boundaries/Steel1/im_val_cut10_400-V-9mm-4000x10_3_1.png,0,0,256,256,0,0
Steel1/im_val_cut10_400-V-9mm-4000x10_3_2/x0_y0,Steel1,im_val_cut10_400-V-9mm-4000x10,im_val_cut10_400-V-9mm-4000x10_3_2.png,0,0,0.051071,train,256,/content/drive/MyDrive/phase11-data/data/Steel1/images/im_val_cut10_400-V-9mm-4000x10_3_2.png,/content/drive/MyDrive/phase11-persistent/gt_boundaries/Steel1/im_val_cut10_400-V-9mm-4000x10_3_2.png,0,0,256,256,0,0
Steel1/im_val_cut10_400-V-9mm-4000x10_3_3/x0_y0,Steel1,im_val_cut10_400-V-9mm-4000x10,im_val_cut10_400-V-9mm-4000x10_3_3.png,0,0,0.066925,train,256,/content/drive/MyDrive/phase11-data/data/Steel1/images/im_val_cut10_400-V-9mm-4000x10_3_3.png,/content/drive/MyDrive/phase11-persistent/gt_boundaries/Steel1/im_val_cut10_400-V-9mm-4000x10_3_3.png,0,0,256,256,0,0
Steel1/im_val_cut10_400-V-9mm-4000x10_3_4/x0_y0,Steel1,im_val_cut10_400-V-9mm-4000x10,im_val_cut10_400-V-9mm-4000x10_3_4.png,0,0,0.040634,train,256,/content/drive/MyDrive/phase11-data/data/Steel1/images/im_val_cut10_400-V-9mm-4000x10_3_4.png,/content/drive/MyDrive/phase11-persistent/gt_boundaries/Steel1/im_val_cut10_400-V-9mm-4000x10_3_4.png,0,0,256,256,0,0
Steel1/im_val_cut10_400-V-9mm-4000x10_3_5/x0_y0,Steel1,im_val_cut10_400-V-9mm-4000x10,im_val_cut10_400-V-9mm-4000x10_3_5.png,0,0,0.069672,train,256,/content/drive/MyDrive/phase11-data/data/Steel1/images/im_val_cut10_400-V-9mm-4000x10_3_5.png,/content/drive/MyDrive/phase11-persistent/gt_boundaries/Steel1/im_val_cut10_400-V-9mm-4000x10_3_5.png,0,0,256,256,0,0
Steel1/im_val_cut10_400-V-9mm-4000x10_3_6/x0_y0,Steel1,im_val_cut10_400-V-9mm-4000x10,im_val_cut10_400-V-9mm-4000x10_3_6.png,0,0,0.066116,train,256,/content/drive/MyDrive/phase11-data/data/Steel1/images/im_val_cut10_400-V-9mm-4000x10_3_6.png,/content/drive/MyDrive/phase11-persistent/gt_boundaries/Steel1/im_val_cut10_400-V-9mm-4000x10_3_6.png,0,0,256,256,0,0
Steel1/im_val_cut10_400-V-9mm-4000x10_4_1/x0_y0,Steel1,im_val_cut10_400-V-9mm-4000x10,im_val_cut10_400-V-9mm-4000x10_4_1.png,0,0,0.056213,train,256,/content/drive/MyDrive/phase11-data/data/Steel1/images/im_val_cut10_400-V-9mm-4000x10_4_1.png,/content/drive/MyDrive/phase11-persistent/gt_boundaries/Steel1/im_val_cut10_400-V-9mm-4000x10_4_1.png,0,0,256,256,0,0
Steel1/im_val_cut10_400-V-9mm-4000x10_4_2/x0_y0,Steel1,im_val_cut10_400-V-9mm-4000x10,im_val_cut10_400-V-9mm-4000x10_4_2.png,0,0,0.056839,train,256,/content/drive/MyDrive/phase11-data/data/Steel1/images/im_val_cut10_400-V-9mm-4000x10_4_2.png,/content/drive/MyDrive/phase11-persistent/gt_boundaries/Steel1/im_val_cut10_400-V-9mm-4000x10_4_2.png,0,0,256,256,0,0
Steel1/im_val_cut10_400-V-9mm-4000x10_4_3/x0_y0,Steel1,im_val_cut10_400-V-9mm-4000x10,im_val_cut10_400-V-9mm-4000x10_4_3.png,0,0,0.045273,train,256,/content/drive/MyDrive/phase11-data/data/Steel1/images/im_val_cut10_400-V-9mm-4000x10_4_3.png,/content/drive/MyDrive/phase11-persistent/gt_boundaries/Steel1/im_val_cut10_400-V-9mm-4000x10_4_3.png,0,0,256,256,0,0
Steel1/im_val_cut10_400-V-9mm-4000x10_4_4/x0_y0,Steel1,im_val_cut10_400-V-9mm-4000x10,im_val_cut10_400-V-9mm-4000x10_4_4.png,0,0,0.030075,train,256,/content/drive/MyDrive/phase11-data/data/Steel1/images/im_val_cut10_400-V-9mm-4000x10_4_4.png,/content/drive/MyDrive/phase11-persistent/gt_boundaries/Steel1/im_val_cut10_400-V-9mm-4000x10_4_4.png,0,0,256,256,0,0
Steel1/im_val_cut10_400-V-9mm-4000x10_4_5/x0_y0,Steel1,im_val_cut10_400-V-9mm-4000x10,im_val_cut10_400-V-9mm-4000x10_4_5.png,0,0,0.07103,train,256,/content/drive/MyDrive/phase11-data/data/Steel1/images/im_val_cut10_400-V-9mm-4000x10_4_5.png,/content/drive/MyDrive/phase11-persistent/gt_boundaries/Steel1/im_val_cut10_400-V-9mm-4000x10_4_5.png,0,0,256,256,0,0
Steel1/im_val_cut10_400-V-9mm-4000x10_4_6/x0_y0,Steel1,im_val_cut10_400-V-9mm-4000x10,im_val_cut10_400-V-9mm-4000x10_4_6.png,0,0,0.060486,train,256,/content/drive/MyDrive/phase11-data/data/Steel1/images/im_val_cut10_400-V-9mm-4000x10_4_6.png,/content/drive/MyDrive/phase11-persistent/gt_boundaries/Steel1/im_val_cut10_400-V-9mm-4000x10_4_6.png,0,0,256,256,0,0
Steel1/im_val_cut10_400-V-9mm-4000x10_5_1/x0_y0,Steel1,im_val_cut10_400-V-9mm-4000x10,im_val_cut10_400-V-9mm-4000x10_5_1.png,0,0,0.054413,train,256,/content/drive/MyDrive/phase11-data/data/Steel1/images/im_val_cut10_400-V-9mm-4000x10_5_1.png,/content/drive/MyDrive/phase11-persistent/gt_boundaries/Steel1/im_val_cut10_400-V-9mm-4000x10_5_1.png,0,0,256,256,0,0
Steel1/im_val_cut10_400-V-9mm-4000x10_5_2/x0_y0,Steel1,im_val_cut10_400-V-9mm-4000x10,im_val_cut10_400-V-9mm-4000x10_5_2.png,0,0,0.055038,train,256,/content/drive/MyDrive/phase11-data/data/Steel1/images/im_val_cut10_400-V-9mm-4000x10_5_2.png,/content/drive/MyDrive/phase11-persistent/gt_boundaries/Steel1/im_val_cut10_400-V-9mm-4000x10_5_2.png,0,0,256,256,0,0
Steel1/im_val_cut10_400-V-9mm-4000x10_5_3/x0_y0,Steel1,im_val_cut10_400-V-9mm-4000x10,im_val_cut10_400-V-9mm-4000x10_5_3.png,0,0,0.053558,train,256,/content/drive/MyDrive/phase11-data/data/Steel1/images/im_val_cut10_400-V-9mm-4000x10_5_3.png,/content/drive/MyDrive/phase11-persistent/gt_boundaries/Steel1/im_val_cut10_400-V-9mm-4000x10_5_3.png,0,0,256,256,0,0
Steel1/im_val_cut10_400-V-9mm-4000x10_5_4/x0_y0,Steel1,im_val_cut10_400-V-9mm-4000x10,im_val_cut10_400-V-9mm-4000x10_5_4.png,0,0,0.062683,train,256,/content/drive/MyDrive/phase11-data/data/Steel1/images/im_val_cut10_400-V-9mm-4000x10_5_4.png,/content/drive/MyDrive/phase11-persistent/gt_boundaries/Steel1/im_val_cut10_400-V-9mm-4000x10_5_4.png,0,0,256,256,0,0
Steel1/im_val_cut10_400-V-9mm-4000x10_5_5/x0_y0,Steel1,im_val_cut10_400-V-9mm-4000x10,im_val_cut10_400-V-9mm-4000x10_5_5.png,0,0,0.054062,train,256,/content/drive/MyDrive/phase11-data/data/Steel1/images/im_val_cut10_400-V-9mm-4000x10_5_5.png,/content/drive/MyDrive/phase11-persistent/gt_boundaries/Steel1/im_val_cut10_400-V-9mm-4000x10_5_5.png,0,0,256,256,0,0
Steel1/im_val_cut10_400-V-9mm-4000x10_5_6/x0_y0,Steel1,im_val_cut10_400-V-9mm-4000x10,im_val_cut10_400-V-9mm-4000x10_5_6.png,0,0,0.050201,train,256,/content/drive/MyDrive/phase11-data/data/Steel1/images/im_val_cut10_400-V-9mm-4000x10_5_6.png,/content/drive/MyDrive/phase11-persistent/gt_boundaries/Steel1/im_val_cut10_400-V-9mm-4000x10_5_6.png,0,0,256,256,0,0
Steel1/im_val_cut10_400-V-9mm-4000x10_6_1/x0_y0,Steel1,im_val_cut10_400-V-9mm-4000x10,im_val_cut10_400-V-9mm-4000x10_6_1.png,0,0,0.077454,train,256,/content/drive/MyDrive/phase11-data/data/Steel1/images/im_val_cut10_400-V-9mm-4000x10_6_1.png,/content/drive/MyDrive/phase11-persistent/gt_boundaries/Steel1/im_val_cut10_400-V-9mm-4000x10_6_1.png,0,0,256,256,0,0
Steel1/im_val_cut10_400-V-9mm-4000x10_6_2/x0_y0,Steel1,im_val_cut10_400-V-9mm-4000x10,im_val_cut10_400-V-9mm-4000x10_6_2.png,0,0,0.060608,train,256,/content/drive/MyDrive/phase11-data/data/Steel1/images/im_val_cut10_400-V-9mm-4000x10_6_2.png,/content/drive/MyDrive/phase11-persistent/gt_boundaries/Steel1/im_val_cut10_400-V-9mm-4000x10_6_2.png,0,0,256,256,0,0
Steel1/im_val_cut10_400-V-9mm-4000x10_6_3/x0_y0,Steel1,im_val_cut10_400-V-9mm-4000x10,im_val_cut10_400-V-9mm-4000x10_6_3.png,0,0,0.059402,train,256,/content/drive/MyDrive/phase11-data/data/Steel1/images/im_val_cut10_400-V-9mm-4000x10_6_3.png,/content/drive/MyDrive/phase11-persistent/gt_boundaries/Steel1/im_val_cut10_400-V-9mm-4000x10_6_3.png,0,0,256,256,0,0
Steel1/im_val_cut10_400-V-9mm-4000x10_6_4/x0_y0,Steel1,im_val_cut10_400-V-9mm-4000x10,im_val_cut10_400-V-9mm-4000x10_6_4.png,0,0,0.063766,train,256,/content/drive/MyDrive/phase11-data/data/Steel1/images/im_val_cut10_400-V-9mm-4000x10_6_4.png,/content/drive/MyDrive/phase11-persistent/gt_boundaries/Steel1/im_val_cut10_400-V-9mm-4000x10_6_4.png,0,0,256,256,0,0
Steel1/im_val_cut10_400-V-9mm-4000x10_6_5/x0_y0,Steel1,im_val_cut10_400-V-9mm-4000x10,im_val_cut10_400-V-9mm-4000x10_6_5.png,0,0,0.038696,train,256,/content/drive/MyDrive/phase11-data/data/Steel1/images/im_val_cut10_400-V-9mm-4000x10_6_5.png,/content/drive/MyDrive/phase11-persistent/gt_boundaries/Steel1/im_val_cut10_400-V-9mm-4000x10_6_5.png,0,0,256,256,0,0
Steel1/im_val_cut10_400-V-9mm-4000x10_6_6/x0_y0,Steel1,im_val_cut10_400-V-9mm-4000x10,im_val_cut10_400-V-9mm-4000x10_6_6.png,0,0,0.048462,train,256,/content/drive/MyDrive/phase11-data/data/Steel1/images/im_val_cut10_400-V-9mm-4000x10_6_6.png,/content/drive/MyDrive/phase11-persistent/gt_boundaries/Steel1/im_val_cut10_400-V-9mm-4000x10_6_6.png,0,0,256,256,0,0
Steel1/im_val_cut10_400-V-9mm-4000x10_7_1/x0_y0,Steel1,im_val_cut10_400-V-9mm-4000x10,im_val_cut10_400-V-9mm-4000x10_7_1.png,0,0,0.055862,train,256,/content/drive/MyDrive/phase11-data/data/Steel1/images/im_val_cut10_400-V-9mm-4000x10_7_1.png,/content/drive/MyDrive/phase11-persistent/gt_boundaries/Steel1/im_val_cut10_400-V-9mm-4000x10_7_1.png,0,0,256,256,0,0
Steel1/im_val_cut10_400-V-9mm-4000x10_7_2/x0_y0,Steel1,im_val_cut10_400-V-9mm-4000x10,im_val_cut10_400-V-9mm-4000x10_7_2.png,0,0,0.063934,train,256,/content/drive/MyDrive/phase11-data/data/Steel1/images/im_val_cut10_400-V-9mm-4000x10_7_2.png,/content/drive/MyDrive/phase11-persistent/gt_boundaries/Steel1/im_val_cut10_400-V-9mm-4000x10_7_2.png,0,0,256,256,0,0
Steel1/im_val_cut10_400-V-9mm-4000x10_7_3/x0_y0,Steel1,im_val_cut10_400-V-9mm-4000x10,im_val_cut10_400-V-9mm-4000x10_7_3.png,0,0,0.035233,train,256,/content/drive/MyDrive/phase11-data/data/Steel1/images/im_val_cut10_400-V-9mm-4000x10_7_3.png,/content/drive/MyDrive/phase11-persistent/gt_boundaries/Steel1/im_val_cut10_400-V-9mm-4000x10_7_3.png,0,0,256,256,0,0
Steel1/im_val_cut10_400-V-9mm-4000x10_7_4/x0_y0,Steel1,im_val_cut10_400-V-9mm-4000x10,im_val_cut10_400-V-9mm-4000x10_7_4.png,0,0,0.035492,train,256,/content/drive/MyDrive/phase11-data/data/Steel1/images/im_val_cut10_400-V-9mm-4000x10_7_4.png,/content/drive/MyDrive/phase11-persistent/gt_boundaries/Steel1/im_val_cut10_400-V-9mm-4000x10_7_4.png,0,0,256,256,0,0
Steel1/im_val_cut10_400-V-9mm-4000x10_7_5/x0_y0,Steel1,im_val_cut10_400-V-9mm-4000x10,im_val_cut10_400-V-9mm-4000x10_7_5.png,0,0,0.043793,train,256,/content/drive/MyDrive/phase11-data/data/Steel1/images/im_val_cut10_400-V-9mm-4000x10_7_5.png,/content/drive/MyDrive/phase11-persistent/gt_boundaries/Steel1/im_val_cut10_400-V-9mm-4000x10_7_5.png,0,0,256,256,0,0
Steel1/im_val_cut10_400-V-9mm-4000x10_7_6/x0_y0,Steel1,im_val_cut10_400-V-9mm-4000x10,im_val_cut10_400-V-9mm-4000x10_7_6.png,0,0,0.04277,train,256,/content/drive/MyDrive/phase11-data/data/Steel1/images/im_val_cut10_400-V-9mm-4000x10_7_6.png,/content/drive/MyDrive/phase11-persistent/gt_boundaries/Steel1/im_val_cut10_400-V-9mm-4000x10_7_6.png,0,0,256,256,0,0
Steel1/im_val_cut10_400-V-9mm-4000x10_8_1/x0_y0,Steel1,im_val_cut10_400-V-9mm-4000x10,im_val_cut10_400-V-9mm-4000x10_8_1.png,0,0,0.040161,train,256,/content/drive/MyDrive/phase11-data/data/Steel1/images/im_val_cut10_400-V-9mm-4000x10_8_1.png,/content/drive/MyDrive/phase11-persistent/gt_boundaries/Steel1/im_val_cut10_400-V-9mm-4000x10_8_1.png,0,0,256,256,0,0
Steel1/im_val_cut10_400-V-9mm-4000x10_8_2/x0_y0,Steel1,im_val_cut10_400-V-9mm-4000x10,im_val_cut10_400-V-9mm-4000x10_8_2.png,0,0,0.065567,train,256,/content/drive/MyDrive/phase11-data/data/Steel1/images/im_val_cut10_400-V-9mm-4000x10_8_2.png,/content/drive/MyDrive/phase11-persistent/gt_boundaries/Steel1/im_val_cut10_400-V-9mm-4000x10_8_2.png,0,0,256,256,0,0
Steel1/im_val_cut10_400-V-9mm-4000x10_8_3/x0_y0,Steel1,im_val_cut10_400-V-9mm-4000x10,im_val_cut10_400-V-9mm-4000x10_8_3.png,0,0,0.005615,train,256,/content/drive/MyDrive/phase11-data/data/Steel1/images/im_val_cut10_400-V-9mm-4000x10_8_3.png,/content/drive/MyDrive/phase11-persistent/gt_boundaries/Steel1/im_val_cut10_400-V-9mm-4000x10_8_3.png,0,0,256,256,0,0
Steel1/im_val_cut10_400-V-9mm-4000x10_8_4/x0_y0,Steel1,im_val_cut10_400-V-9mm-4000x10,im_val_cut10_400-V-9mm-4000x10_8_4.png,0,0,0.062225,train,256,/content/drive/MyDrive/phase11-data/data/Steel1/images/im_val_cut10_400-V-9mm-4000x10_8_4.png,/content/drive/MyDrive/phase11-persistent/gt_boundaries/Steel1/im_val_cut10_400-V-9mm-4000x10_8_4.png,0,0,256,256,0,0
Steel1/im_val_cut10_400-V-9mm-4000x10_8_5/x0_y0,Steel1,im_val_cut10_400-V-9mm-4000x10,im_val_cut10_400-V-9mm-4000x10_8_5.png,0,0,0.04068,train,256,/content/drive/MyDrive/phase11-data/data/Steel1/images/im_val_cut10_400-V-9mm-4000x10_8_5.png,/content/drive/MyDrive/phase11-persistent/gt_boundaries/Steel1/im_val_cut10_400-V-9mm-4000x10_8_5.png,0,0,256,256,0,0
Steel1/im_val_cut10_400-V-9mm-4000x10_8_6/x0_y0,Steel1,im_val_cut10_400-V-9mm-4000x10,im_val_cut10_400-V-9mm-4000x10_8_6.png,0,0,0.045044,train,256,/content/drive/MyDrive/phase11-data/data/Steel1/images/im_val_cut10_400-V-9mm-4000x10_8_6.png,/content/drive/MyDrive/phase11-persistent/gt_boundaries/Steel1/im_val_cut10_400-V-9mm-4000x10_8_6.png,0,0,256,256,0,0
Steel1/im_val_cut10_400-V-9mm-4000x11_1_1/x0_y0,Steel1,im_val_cut10_400-V-9mm-4000x11,im_val_cut10_400-V-9mm-4000x11_1_1.png,0,0,0.05304,train,256,/content/drive/MyDrive/phase11-data/data/Steel1/images/im_val_cut10_400-V-9mm-4000x11_1_1.png,/content/drive/MyDrive/phase11-persistent/gt_boundaries/Steel1/im_val_cut10_400-V-9mm-4000x11_1_1.png,0,0,256,256,0,0
Steel1/im_val_cut10_400-V-9mm-4000x11_1_2/x0_y0,Steel1,im_val_cut10_400-V-9mm-4000x11,im_val_cut10_400-V-9mm-4000x11_1_2.png,0,0,0.064529,train,256,/content/drive/MyDrive/phase11-data/data/Steel1/images/im_val_cut10_400-V-9mm-4000x11_1_2.png,/content/drive/MyDrive/phase11-persistent/gt_boundaries/Steel1/im_val_cut10_400-V-9mm-4000x11_1_2.png,0,0,256,256,0,0
Steel1/im_val_cut10_400-V-9mm-4000x11_1_3/x0_y0,Steel1,im_val_cut10_400-V-9mm-4000x11,im_val_cut10_400-V-9mm-4000x11_1_3.png,0,0,0.066528,train,256,/content/drive/MyDrive/phase11-data/data/Steel1/images/im_val_cut10_400-V-9mm-4000x11_1_3.png,/content/drive/MyDrive/phase11-persistent/gt_boundaries/Steel1/im_val_cut10_400-V-9mm-4000x11_1_3.png,0,0,256,256,0,0
Steel1/im_val_cut10_400-V-9mm-4000x11_1_4/x0_y0,Steel1,im_val_cut10_400-V-9mm-4000x11,im_val_cut10_400-V-9mm-4000x11_1_4.png,0,0,0.056946,train,256,/content/drive/MyDrive/phase11-data/data/Steel1/images/im_val_cut10_400-V-9mm-4000x11_1_4.png,/content/drive/MyDrive/phase11-persistent/gt_boundaries/Steel1/im_val_cut10_400-V-9mm-4000x11_1_4.png,0,0,256,256,0,0
Steel1/im_val_cut10_400-V-9mm-4000x11_1_5/x0_y0,Steel1,im_val_cut10_400-V-9mm-4000x11,im_val_cut10_400-V-9mm-4000x11_1_5.png,0,0,0.083099,train,256,/content/drive/MyDrive/phase11-data/data/Steel1/images/im_val_cut10_400-V-9mm-4000x11_1_5.png,/content/drive/MyDrive/phase11-persistent/gt_boundaries/Steel1/im_val_cut10_400-V-9mm-4000x11_1_5.png,0,0,256,256,0,0
Steel1/im_val_cut10_400-V-9mm-4000x11_1_6/x0_y0,Steel1,im_val_cut10_400-V-9mm-4000x11,im_val_cut10_400-V-9mm-4000x11_1_6.png,0,0,0.047348,train,256,/content/drive/MyDrive/phase11-data/data/Steel1/images/im_val_cut10_400-V-9mm-4000x11_1_6.png,/content/drive/MyDrive/phase11-persistent/gt_boundaries/Steel1/im_val_cut10_400-V-9mm-4000x11_1_6.png,0,0,256,256,0,0
Steel1/im_val_cut10_400-V-9mm-4000x11_2_1/x0_y0,Steel1,im_val_cut10_400-V-9mm-4000x11,im_val_cut10_400-V-9mm-4000x11_2_1.png,0,0,0.06163,train,256,/content/drive/MyDrive/phase11-data/data/Steel1/images/im_val_cut10_400-V-9mm-4000x11_2_1.png,/content/drive/MyDrive/phase11-persistent/gt_boundaries/Steel1/im_val_cut10_400-V-9mm-4000x11_2_1.png,0,0,256,256,0,0
Steel1/im_val_cut10_400-V-9mm-4000x11_2_2/x0_y0,Steel1,im_val_cut10_400-V-9mm-4000x11,im_val_cut10_400-V-9mm-4000x11_2_2.png,0,0,0.050461,train,256,/content/drive/MyDrive/phase11-data/data/Steel1/images/im_val_cut10_400-V-9mm-4000x11_2_2.png,/content/drive/MyDrive/phase11-persistent/gt_boundaries/Steel1/im_val_cut10_400-V-9mm-4000x11_2_2.png,0,0,256,256,0,0
Steel1/im_val_cut10_400-V-9mm-4000x11_2_3/x0_y0,Steel1,im_val_cut10_400-V-9mm-4000x11,im_val_cut10_400-V-9mm-4000x11_2_3.png,0,0,0.051575,train,256,/content/drive/MyDrive/phase11-data/data/Steel1/images/im_val_cut10_400-V-9mm-4000x11_2_3.png,/content/drive/MyDrive/phase11-persistent/gt_boundaries/Steel1/im_val_cut10_400-V-9mm-4000x11_2_3.png,0,0,256,256,0,0
Steel1/im_val_cut10_400-V-9mm-4000x11_2_4/x0_y0,Steel1,im_val_cut10_400-V-9mm-4000x11,im_val_cut10_400-V-9mm-4000x11_2_4.png,0,0,0.063629,train,256,/content/drive/MyDrive/phase11-data/data/Steel1/images/im_val_cut10_400-V-9mm-4000x11_2_4.png,/content/drive/MyDrive/phase11-persistent/gt_boundaries/Steel1/im_val_cut10_400-V-9mm-4000x11_2_4.png,0,0,256,256,0,0
Steel1/im_val_cut10_400-V-9mm-4000x11_2_5/x0_y0,Steel1,im_val_cut10_400-V-9mm-4000x11,im_val_cut10_400-V-9mm-4000x11_2_5.png,0,0,0.058212,train,256,/content/drive/MyDrive/phase11-data/data/Steel1/images/im_val_cut10_400-V-9mm-4000x11_2_5.png,/content/drive/MyDrive/phase11-persistent/gt_boundaries/Steel1/im_val_cut10_400-V-9mm-4000x11_2_5.png,0,0,256,256,0,0
Steel1/im_val_cut10_400-V-9mm-4000x11_2_6/x0_y0,Steel1,im_val_cut10_400-V-9mm-4000x11,im_val_cut10_400-V-9mm-4000x11_2_6.png,0,0,0.04184,train,256,/content/drive/MyDrive/phase11-data/data/Steel1/images/im_val_cut10_400-V-9mm-4000x11_2_6.png,/content/drive/MyDrive/phase11-persistent/gt_boundaries/Steel1/im_val_cut10_400-V-9mm-4000x11_2_6.png,0,0,256,256,0,0
Steel1/im_val_cut10_400-V-9mm-4000x11_3_1/x0_y0,Steel1,im_val_cut10_400-V-9mm-4000x11,im_val_cut10_400-V-9mm-4000x11_3_1.png,0,0,0.04744,train,256,/content/drive/MyDrive/phase11-data/data/Steel1/images/im_val_cut10_400-V-9mm-4000x11_3_1.png,/content/drive/MyDrive/phase11-persistent/gt_boundaries/Steel1/im_val_cut10_400-V-9mm-4000x11_3_1.png,0,0,256,256,0,0
Steel1/im_val_cut10_400-V-9mm-4000x11_3_2/x0_y0,Steel1,im_val_cut10_400-V-9mm-4000x11,im_val_cut10_400-V-9mm-4000x11_3_2.png,0,0,0.013931,train,256,/content/drive/MyDrive/phase11-data/data/Steel1/images/im_val_cut10_400-V-9mm-4000x11_3_2.png,/content/drive/MyDrive/phase11-persistent/gt_boundaries/Steel1/im_val_cut10_400-V-9mm-4000x11_3_2.png,0,0,256,256,0,0
Steel1/im_val_cut10_400-V-9mm-4000x11_3_3/x0_y0,Steel1,im_val_cut10_400-V-9mm-4000x11,im_val_cut10_400-V-9mm-4000x11_3_3.png,0,0,0.02948,train,256,/content/drive/MyDrive/phase11-data/data/Steel1/images/im_val_cut10_400-V-9mm-4000x11_3_3.png,/content/drive/MyDrive/phase11-persistent/gt_boundaries/Steel1/im_val_cut10_400-V-9mm-4000x11_3_3.png,0,0,256,256,0,0
Steel1/im_val_cut10_400-V-9mm-4000x11_3_4/x0_y0,Steel1,im_val_cut10_400-V-9mm-4000x11,im_val_cut10_400-V-9mm-4000x11_3_4.png,0,0,0.050095,train,256,/content/drive/MyDrive/phase11-data/data/Steel1/images/im_val_cut10_400-V-9mm-4000x11_3_4.png,/content/drive/MyDrive/phase11-persistent/gt_boundaries/Steel1/im_val_cut10_400-V-9mm-4000x11_3_4.png,0,0,256,256,0,0
Steel1/im_val_cut10_400-V-9mm-4000x11_3_5/x0_y0,Steel1,im_val_cut10_400-V-9mm-4000x11,im_val_cut10_400-V-9mm-4000x11_3_5.png,0,0,0.046188,train,256,/content/drive/MyDrive/phase11-data/data/Steel1/images/im_val_cut10_400-V-9mm-4000x11_3_5.png,/content/drive/MyDrive/phase11-persistent/gt_boundaries/Steel1/im_val_cut10_400-V-9mm-4000x11_3_5.png,0,0,256,256,0,0
Steel1/im_val_cut10_400-V-9mm-4000x11_3_6/x0_y0,Steel1,im_val_cut10_400-V-9mm-4000x11,im_val_cut10_400-V-9mm-4000x11_3_6.png,0,0,0.052826,train,256,/content/drive/MyDrive/phase11-data/data/Steel1/images/im_val_cut10_400-V-9mm-4000x11_3_6.png,/content/drive/MyDrive/phase11-persistent/gt_boundaries/Steel1/im_val_cut10_400-V-9mm-4000x11_3_6.png,0,0,256,256,0,0
Steel1/im_val_cut10_400-V-9mm-4000x11_4_1/x0_y0,Steel1,im_val_cut10_400-V-9mm-4000x11,im_val_cut10_400-V-9mm-4000x11_4_1.png,0,0,0.059357,train,256,/content/drive/MyDrive/phase11-data/data/Steel1/images/im_val_cut10_400-V-9mm-4000x11_4_1.png,/content/drive/MyDrive/phase11-persistent/gt_boundaries/Steel1/im_val_cut10_400-V-9mm-4000x11_4_1.png,0,0,256,256,0,0
Steel1/im_val_cut10_400-V-9mm-4000x11_4_2/x0_y0,Steel1,im_val_cut10_400-V-9mm-4000x11,im_val_cut10_400-V-9mm-4000x11_4_2.png,0,0,0.037613,train,256,/content/drive/MyDrive/phase11-data/data/Steel1/images/im_val_cut10_400-V-9mm-4000x11_4_2.png,/content/drive/MyDrive/phase11-persistent/gt_boundaries/Steel1/im_val_cut10_400-V-9mm-4000x11_4_2.png,0,0,256,256,0,0
Steel1/im_val_cut10_400-V-9mm-4000x11_4_3/x0_y0,Steel1,im_val_cut10_400-V-9mm-4000x11,im_val_cut10_400-V-9mm-4000x11_4_3.png,0,0,0.055008,train,256,/content/drive/MyDrive/phase11-data/data/Steel1/images/im_val_cut10_400-V-9mm-4000x11_4_3.png,/content/drive/MyDrive/phase11-persistent/gt_boundaries/Steel1/im_val_cut10_400-V-9mm-4000x11_4_3.png,0,0,256,256,0,0
Steel1/im_val_cut10_400-V-9mm-4000x11_4_4/x0_y0,Steel1,im_val_cut10_400-V-9mm-4000x11,im_val_cut10_400-V-9mm-4000x11_4_4.png,0,0,0.043243,train,256,/content/drive/MyDrive/phase11-data/data/Steel1/images/im_val_cut10_400-V-9mm-4000x11_4_4.png,/content/drive/MyDrive/phase11-persistent/gt_boundaries/Steel1/im_val_cut10_400-V-9mm-4000x11_4_4.png,0,0,256,256,0,0
Steel1/im_val_cut10_400-V-9mm-4000x11_4_5/x0_y0,Steel1,im_val_cut10_400-V-9mm-4000x11,im_val_cut10_400-V-9mm-4000x11_4_5.png,0,0,0.053864,train,256,/content/drive/MyDrive/phase11-data/data/Steel1/images/im_val_cut10_400-V-9mm-4000x11_4_5.png,/content/drive/MyDrive/phase11-persistent/gt_boundaries/Steel1/im_val_cut10_400-V-9mm-4000x11_4_5.png,0,0,256,256,0,0
Steel1/im_val_cut10_400-V-9mm-4000x11_4_6/x0_y0,Steel1,im_val_cut10_400-V-9mm-4000x11,im_val_cut10_400-V-9mm-4000x11_4_6.png,0,0,0.044434,train,256,/content/drive/MyDrive/phase11-data/data/Steel1/images/im_val_cut10_400-V-9mm-4000x11_4_6.png,/content/drive/MyDrive/phase11-persistent/gt_boundaries/Steel1/im_val_cut10_400-V-9mm-4000x11_4_6.png,0,0,256,256,0,0
Steel1/im_val_cut10_400-V-9mm-4000x11_5_1/x0_y0,Steel1,im_val_cut10_400-V-9mm-4000x11,im_val_cut10_400-V-9mm-4000x11_5_1.png,0,0,0.074799,train,256,/content/drive/MyDrive/phase11-data/data/Steel1/images/im_val_cut10_400-V-9mm-4000x11_5_1.png,/content/drive/MyDrive/phase11-persistent/gt_boundaries/Steel1/im_val_cut10_400-V-9mm-4000x11_5_1.png,0,0,256,256,0,0
Steel1/im_val_cut10_400-V-9mm-4000x11_5_2/x0_y0,Steel1,im_val_cut10_400-V-9mm-4000x11,im_val_cut10_400-V-9mm-4000x11_5_2.png,0,0,0.034744,train,256,/content/drive/MyDrive/phase11-data/data/Steel1/images/im_val_cut10_400-V-9mm-4000x11_5_2.png,/content/drive/MyDrive/phase11-persistent/gt_boundaries/Steel1/im_val_cut10_400-V-9mm-4000x11_5_2.png,0,0,256,256,0,0
Steel1/im_val_cut10_400-V-9mm-4000x11_5_3/x0_y0,Steel1,im_val_cut10_400-V-9mm-4000x11,im_val_cut10_400-V-9mm-4000x11_5_3.png,0,0,0.057312,train,256,/content/drive/MyDrive/phase11-data/data/Steel1/images/im_val_cut10_400-V-9mm-4000x11_5_3.png,/content/drive/MyDrive/phase11-persistent/gt_boundaries/Steel1/im_val_cut10_400-V-9mm-4000x11_5_3.png,0,0,256,256,0,0
Steel1/im_val_cut10_400-V-9mm-4000x11_5_4/x0_y0,Steel1,im_val_cut10_400-V-9mm-4000x11,im_val_cut10_400-V-9mm-4000x11_5_4.png,0,0,0.050949,train,256,/content/drive/MyDrive/phase11-data/data/Steel1/images/im_val_cut10_400-V-9mm-4000x11_5_4.png,/content/drive/MyDrive/phase11-persistent/gt_boundaries/Steel1/im_val_cut10_400-V-9mm-4000x11_5_4.png,0,0,256,256,0,0
Steel1/im_val_cut10_400-V-9mm-4000x11_5_5/x0_y0,Steel1,im_val_cut10_400-V-9mm-4000x11,im_val_cut10_400-V-9mm-4000x11_5_5.png,0,0,0.036285,train,256,/content/drive/MyDrive/phase11-data/data/Steel1/images/im_val_cut10_400-V-9mm-4000x11_5_5.png,/content/drive/MyDrive/phase11-persistent/gt_boundaries/Steel1/im_val_cut10_400-V-9mm-4000x11_5_5.png,0,0,256,256,0,0
Steel1/im_val_cut10_400-V-9mm-4000x11_5_6/x0_y0,Steel1,im_val_cut10_400-V-9mm-4000x11,im_val_cut10_400-V-9mm-4000x11_5_6.png,0,0,0.064209,train,256,/content/drive/MyDrive/phase11-data/data/Steel1/images/im_val_cut10_400-V-9mm-4000x11_5_6.png,/content/drive/MyDrive/phase11-persistent/gt_boundaries/Steel1/im_val_cut10_400-V-9mm-4000x11_5_6.png,0,0,256,256,0,0
Steel1/im_val_cut10_400-V-9mm-4000x11_6_1/x0_y0,Steel1,im_val_cut10_400-V-9mm-4000x11,im_val_cut10_400-V-9mm-4000x11_6_1.png,0,0,0.042648,train,256,/content/drive/MyDrive/phase11-data/data/Steel1/images/im_val_cut10_400-V-9mm-4000x11_6_1.png,/content/drive/MyDrive/phase11-persistent/gt_boundaries/Steel1/im_val_cut10_400-V-9mm-4000x11_6_1.png,0,0,256,256,0,0
Steel1/im_val_cut10_400-V-9mm-4000x11_6_2/x0_y0,Steel1,im_val_cut10_400-V-9mm-4000x11,im_val_cut10_400-V-9mm-4000x11_6_2.png,0,0,0.057007,train,256,/content/drive/MyDrive/phase11-data/data/Steel1/images/im_val_cut10_400-V-9mm-4000x11_6_2.png,/content/drive/MyDrive/phase11-persistent/gt_boundaries/Steel1/im_val_cut10_400-V-9mm-4000x11_6_2.png,0,0,256,256,0,0
Steel1/im_val_cut10_400-V-9mm-4000x11_6_3/x0_y0,Steel1,im_val_cut10_400-V-9mm-4000x11,im_val_cut10_400-V-9mm-4000x11_6_3.png,0,0,0.065231,train,256,/content/drive/MyDrive/phase11-data/data/Steel1/images/im_val_cut10_400-V-9mm-4000x11_6_3.png,/content/drive/MyDrive/phase11-persistent/gt_boundaries/Steel1/im_val_cut10_400-V-9mm-4000x11_6_3.png,0,0,256,256,0,0
Steel1/im_val_cut10_400-V-9mm-4000x11_6_4/x0_y0,Steel1,im_val_cut10_400-V-9mm-4000x11,im_val_cut10_400-V-9mm-4000x11_6_4.png,0,0,0.036743,train,256,/content/drive/MyDrive/phase11-data/data/Steel1/images/im_val_cut10_400-V-9mm-4000x11_6_4.png,/content/drive/MyDrive/phase11-persistent/gt_boundaries/Steel1/im_val_cut10_400-V-9mm-4000x11_6_4.png,0,0,256,256,0,0
Steel1/im_val_cut10_400-V-9mm-4000x11_6_5/x0_y0,Steel1,im_val_cut10_400-V-9mm-4000x11,im_val_cut10_400-V-9mm-4000x11_6_5.png,0,0,0.07373,train,256,/content/drive/MyDrive/phase11-data/data/Steel1/images/im_val_cut10_400-V-9mm-4000x11_6_5.png,/content/drive/MyDrive/phase11-persistent/gt_boundaries/Steel1/im_val_cut10_400-V-9mm-4000x11_6_5.png,0,0,256,256,0,0
Steel1/im_val_cut10_400-V-9mm-4000x11_6_6/x0_y0,Steel1,im_val_cut10_400-V-9mm-4000x11,im_val_cut10_400-V-9mm-4000x11_6_6.png,0,0,0.046829,train,256,/content/drive/MyDrive/phase11-data/data/Steel1/images/im_val_cut10_400-V-9mm-4000x11_6_6.png,/content/drive/MyDrive/phase11-persistent/gt_boundaries/Steel1/im_val_cut10_400-V-9mm-4000x11_6_6.png,0,0,256,256,0,0
Steel1/im_val_cut10_400-V-9mm-4000x11_7_1/x0_y0,Steel1,im_val_cut10_400-V-9mm-4000x11,im_val_cut10_400-V-9mm-4000x11_7_1.png,0,0,0.066299,train,256,/content/drive/MyDrive/phase11-data/data/Steel1/images/im_val_cut10_400-V-9mm-4000x11_7_1.png,/content/drive/MyDrive/phase11-persistent/gt_boundaries/Steel1/im_val_cut10_400-V-9mm-4000x11_7_1.png,0,0,256,256,0,0
Steel1/im_val_cut10_400-V-9mm-4000x11_7_2/x0_y0,Steel1,im_val_cut10_400-V-9mm-4000x11,im_val_cut10_400-V-9mm-4000x11_7_2.png,0,0,0.057327,train,256,/content/drive/MyDrive/phase11-data/data/Steel1/images/im_val_cut10_400-V-9mm-4000x11_7_2.png,/content/drive/MyDrive/phase11-persistent/gt_boundaries/Steel1/im_val_cut10_400-V-9mm-4000x11_7_2.png,0,0,256,256,0,0
Steel1/im_val_cut10_400-V-9mm-4000x11_7_3/x0_y0,Steel1,im_val_cut10_400-V-9mm-4000x11,im_val_cut10_400-V-9mm-4000x11_7_3.png,0,0,0.03508,train,256,/content/drive/MyDrive/phase11-data/data/Steel1/images/im_val_cut10_400-V-9mm-4000x11_7_3.png,/content/drive/MyDrive/phase11-persistent/gt_boundaries/Steel1/im_val_cut10_400-V-9mm-4000x11_7_3.png,0,0,256,256,0,0
Steel1/im_val_cut10_400-V-9mm-4000x11_7_4/x0_y0,Steel1,im_val_cut10_400-V-9mm-4000x11,im_val_cut10_400-V-9mm-4000x11_7_4.png,0,0,0.046677,train,256,/content/drive/MyDrive/phase11-data/data/Steel1/images/im_val_cut10_400-V-9mm-4000x11_7_4.png,/content/drive/MyDrive/phase11-persistent/gt_boundaries/Steel1/im_val_cut10_400-V-9mm-4000x11_7_4.png,0,0,256,256,0,0
Steel1/im_val_cut10_400-V-9mm-4000x11_7_5/x0_y0,Steel1,im_val_cut10_400-V-9mm-4000x11,im_val_cut10_400-V-9mm-4000x11_7_5.png,0,0,0.07251,train,256,/content/drive/MyDrive/phase11-data/data/Steel1/images/im_val_cut10_400-V-9mm-4000x11_7_5.png,/content/drive/MyDrive/phase11-persistent/gt_boundaries/Steel1/im_val_cut10_400-V-9mm-4000x11_7_5.png,0,0,256,256,0,0
Steel1/im_val_cut10_400-V-9mm-4000x11_7_6/x0_y0,Steel1,im_val_cut10_400-V-9mm-4000x11,im_val_cut10_400-V-9mm-4000x11_7_6.png,0,0,0.056381,train,256,/content/drive/MyDrive/phase11-data/data/Steel1/images/im_val_cut10_400-V-9mm-4000x11_7_6.png,/content/drive/MyDrive/phase11-persistent/gt_boundaries/Steel1/im_val_cut10_400-V-9mm-4000x11_7_6.png,0,0,256,256,0,0
Steel1/im_val_cut10_400-V-9mm-4000x11_8_1/x0_y0,Steel1,im_val_cut10_400-V-9mm-4000x11,im_val_cut10_400-V-9mm-4000x11_8_1.png,0,0,0.06105,train,256,/content/drive/MyDrive/phase11-data/data/Steel1/images/im_val_cut10_400-V-9mm-4000x11_8_1.png,/content/drive/MyDrive/phase11-persistent/gt_boundaries/Steel1/im_val_cut10_400-V-9mm-4000x11_8_1.png,0,0,256,256,0,0
Steel1/im_val_cut10_400-V-9mm-4000x11_8_2/x0_y0,Steel1,im_val_cut10_400-V-9mm-4000x11,im_val_cut10_400-V-9mm-4000x11_8_2.png,0,0,0.066284,train,256,/content/drive/MyDrive/phase11-data/data/Steel1/images/im_val_cut10_400-V-9mm-4000x11_8_2.png,/content/drive/MyDrive/phase11-persistent/gt_boundaries/Steel1/im_val_cut10_400-V-9mm-4000x11_8_2.png,0,0,256,256,0,0
Steel1/im_val_cut10_400-V-9mm-4000x11_8_3/x0_y0,Steel1,im_val_cut10_400-V-9mm-4000x11,im_val_cut10_400-V-9mm-4000x11_8_3.png,0,0,0.061981,train,256,/content/drive/MyDrive/phase11-data/data/Steel1/images/im_val_cut10_400-V-9mm-4000x11_8_3.png,/content/drive/MyDrive/phase11-persistent/gt_boundaries/Steel1/im_val_cut10_400-V-9mm-4000x11_8_3.png,0,0,256,256,0,0
Steel1/im_val_cut10_400-V-9mm-4000x11_8_4/x0_y0,Steel1,im_val_cut10_400-V-9mm-4000x11,im_val_cut10_400-V-9mm-4000x11_8_4.png,0,0,0.064392,train,256,/content/drive/MyDrive/phase11-data/data/Steel1/images/im_val_cut10_400-V-9mm-4000x11_8_4.png,/content/drive/MyDrive/phase11-persistent/gt_boundaries/Steel1/im_val_cut10_400-V-9mm-4000x11_8_4.png,0,0,256,256,0,0
Steel1/im_val_cut10_400-V-9mm-4000x11_8_5/x0_y0,Steel1,im_val_cut10_400-V-9mm-4000x11,im_val_cut10_400-V-9mm-4000x11_8_5.png,0,0,0.069397,train,256,/content/drive/MyDrive/phase11-data/data/Steel1/images/im_val_cut10_400-V-9mm-4000x11_8_5.png,/content/drive/MyDrive/phase11-persistent/gt_boundaries/Steel1/im_val_cut10_400-V-9mm-4000x11_8_5.png,0,0,256,256,0,0
Steel1/im_val_cut10_400-V-9mm-4000x11_8_6/x0_y0,Steel1,im_val_cut10_400-V-9mm-4000x11,im_val_cut10_400-V-9mm-4000x11_8_6.png,0,0,0.057251,train,256,/content/drive/MyDrive/phase11-data/data/Steel1/images/im_val_cut10_400-V-9mm-4000x11_8_6.png,/content/drive/MyDrive/phase11-persistent/gt_boundaries/Steel1/im_val_cut10_400-V-9mm-4000x11_8_6.png,0,0,256,256,0,0
uhcs1/800C-24H-Q-1/x0_y0,uhcs1,800C-24H-Q-1,800C-24H-Q-1.png,0,0,0.10347,train,256,/content/drive/MyDrive/phase11-data/data/uhcs1/images/800C-24H-Q-1.png,/content/drive/MyDrive/phase11-persistent/gt_boundaries/uhcs1/800C-24H-Q-1.png,0,0,645,475,123,37
uhcs1/800C-24H-Q-1/x0_y128,uhcs1,800C-24H-Q-1,800C-24H-Q-1.png,0,128,0.121902,train,256,/content/drive/MyDrive/phase11-data/data/uhcs1/images/800C-24H-Q-1.png,/content/drive/MyDrive/phase11-persistent/gt_boundaries/uhcs1/800C-24H-Q-1.png,0,0,645,475,123,37
uhcs1/800C-24H-Q-1/x0_y256,uhcs1,800C-24H-Q-1,800C-24H-Q-1.png,0,256,0.129059,train,256,/content/drive/MyDrive/phase11-data/data/uhcs1/images/800C-24H-Q-1.png,/content/drive/MyDrive/phase11-persistent/gt_boundaries/uhcs1/800C-24H-Q-1.png,0,0,645,475,123,37
uhcs1/800C-24H-Q-1/x128_y0,uhcs1,800C-24H-Q-1,800C-24H-Q-1.png,128,0,0.114243,train,256,/content/drive/MyDrive/phase11-data/data/uhcs1/images/800C-24H-Q-1.png,/content/drive/MyDrive/phase11-persistent/gt_boundaries/uhcs1/800C-24H-Q-1.png,0,0,645,475,123,37
uhcs1/800C-24H-Q-1/x128_y128,uhcs1,800C-24H-Q-1,800C-24H-Q-1.png,128,128,0.112396,train,256,/content/drive/MyDrive/phase11-data/data/uhcs1/images/800C-24H-Q-1.png,/content/drive/MyDrive/phase11-persistent/gt_boundaries/uhcs1/800C-24H-Q-1.png,0,0,645,475,123,37
uhcs1/800C-24H-Q-1/x128_y256,uhcs1,800C-24H-Q-1,800C-24H-Q-1.png,128,256,0.120865,train,256,/content/drive/MyDrive/phase11-data/data/uhcs1/images/800C-24H-Q-1.png,/content/drive/MyDrive/phase11-persistent/gt_boundaries/uhcs1/800C-24H-Q-1.png,0,0,645,475,123,37
uhcs1/800C-24H-Q-1/x256_y0,uhcs1,800C-24H-Q-1,800C-24H-Q-1.png,256,0,0.101639,train,256,/content/drive/MyDrive/phase11-data/data/uhcs1/images/800C-24H-Q-1.png,/content/drive/MyDrive/phase11-persistent/gt_boundaries/uhcs1/800C-24H-Q-1.png,0,0,645,475,123,37
uhcs1/800C-24H-Q-1/x256_y128,uhcs1,800C-24H-Q-1,800C-24H-Q-1.png,256,128,0.089813,train,256,/content/drive/MyDrive/phase11-data/data/uhcs1/images/800C-24H-Q-1.png,/content/drive/MyDrive/phase11-persistent/gt_boundaries/uhcs1/800C-24H-Q-1.png,0,0,645,475,123,37
uhcs1/800C-24H-Q-1/x256_y256,uhcs1,800C-24H-Q-1,800C-24H-Q-1.png,256,256,0.099396,train,256,/content/drive/MyDrive/phase11-data/data/uhcs1/images/800C-24H-Q-1.png,/content/drive/MyDrive/phase11-persistent/gt_boundaries/uhcs1/800C-24H-Q-1.png,0,0,645,475,123,37
uhcs1/800C-24H-Q-1/x384_y0,uhcs1,800C-24H-Q-1,800C-24H-Q-1.png,384,0,0.085693,train,256,/content/drive/MyDrive/phase11-data/data/uhcs1/images/800C-24H-Q-1.png,/content/drive/MyDrive/phase11-persistent/gt_boundaries/uhcs1/800C-24H-Q-1.png,0,0,645,475,123,37
uhcs1/800C-24H-Q-1/x384_y128,uhcs1,800C-24H-Q-1,800C-24H-Q-1.png,384,128,0.067276,train,256,/content/drive/MyDrive/phase11-data/data/uhcs1/images/800C-24H-Q-1.png,/content/drive/MyDrive/phase11-persistent/gt_boundaries/uhcs1/800C-24H-Q-1.png,0,0,645,475,123,37
uhcs1/800C-24H-Q-1/x384_y256,uhcs1,800C-24H-Q-1,800C-24H-Q-1.png,384,256,0.092209,train,256,/content/drive/MyDrive/phase11-data/data/uhcs1/images/800C-24H-Q-1.png,/content/drive/MyDrive/phase11-persistent/gt_boundaries/uhcs1/800C-24H-Q-1.png,0,0,645,475,123,37
uhcs1/800C-24H-Q-1/x512_y0,uhcs1,800C-24H-Q-1,800C-24H-Q-1.png,512,0,0.077789,train,256,/content/drive/MyDrive/phase11-data/data/uhcs1/images/800C-24H-Q-1.png,/content/drive/MyDrive/phase11-persistent/gt_boundaries/uhcs1/800C-24H-Q-1.png,0,0,645,475,123,37
uhcs1/800C-24H-Q-1/x512_y128,uhcs1,800C-24H-Q-1,800C-24H-Q-1.png,512,128,0.061371,train,256,/content/drive/MyDrive/phase11-data/data/uhcs1/images/800C-24H-Q-1.png,/content/drive/MyDrive/phase11-persistent/gt_boundaries/uhcs1/800C-24H-Q-1.png,0,0,645,475,123,37
uhcs1/800C-24H-Q-1/x512_y256,uhcs1,800C-24H-Q-1,800C-24H-Q-1.png,512,256,0.095444,train,256,/content/drive/MyDrive/phase11-data/data/uhcs1/images/800C-24H-Q-1.png,/content/drive/MyDrive/phase11-persistent/gt_boundaries/uhcs1/800C-24H-Q-1.png,0,0,645,475,123,37
uhcs1/800C-24H-Q-2/x0_y0,uhcs1,800C-24H-Q-2,800C-24H-Q-2.png,0,0,0.104309,train,256,/content/drive/MyDrive/phase11-data/data/uhcs1/images/800C-24H-Q-2.png,/content/drive/MyDrive/phase11-persistent/gt_boundaries/uhcs1/800C-24H-Q-2.png,0,0,645,475,123,37
uhcs1/800C-24H-Q-2/x0_y128,uhcs1,800C-24H-Q-2,800C-24H-Q-2.png,0,128,0.095871,train,256,/content/drive/MyDrive/phase11-data/data/uhcs1/images/800C-24H-Q-2.png,/content/drive/MyDrive/phase11-persistent/gt_boundaries/uhcs1/800C-24H-Q-2.png,0,0,645,475,123,37
uhcs1/800C-24H-Q-2/x0_y256,uhcs1,800C-24H-Q-2,800C-24H-Q-2.png,0,256,0.101089,train,256,/content/drive/MyDrive/phase11-data/data/uhcs1/images/800C-24H-Q-2.png,/content/drive/MyDrive/phase11-persistent/gt_boundaries/uhcs1/800C-24H-Q-2.png,0,0,645,475,123,37
uhcs1/800C-24H-Q-2/x128_y0,uhcs1,800C-24H-Q-2,800C-24H-Q-2.png,128,0,0.099472,train,256,/content/drive/MyDrive/phase11-data/data/uhcs1/images/800C-24H-Q-2.png,/content/drive/MyDrive/phase11-persistent/gt_boundaries/uhcs1/800C-24H-Q-2.png,0,0,645,475,123,37
uhcs1/800C-24H-Q-2/x128_y128,uhcs1,800C-24H-Q-2,800C-24H-Q-2.png,128,128,0.087738,train,256,/content/drive/MyDrive/phase11-data/data/uhcs1/images/800C-24H-Q-2.png,/content/drive/MyDrive/phase11-persistent/gt_boundaries/uhcs1/800C-24H-Q-2.png,0,0,645,475,123,37
uhcs1/800C-24H-Q-2/x128_y256,uhcs1,800C-24H-Q-2,800C-24H-Q-2.png,128,256,0.093597,train,256,/content/drive/MyDrive/phase11-data/data/uhcs1/images/800C-24H-Q-2.png,/content/drive/MyDrive/phase11-persistent/gt_boundaries/uhcs1/800C-24H-Q-2.png,0,0,645,475,123,37
uhcs1/800C-24H-Q-2/x256_y0,uhcs1,800C-24H-Q-2,800C-24H-Q-2.png,256,0,0.09433,train,256,/content/drive/MyDrive/phase11-data/data/uhcs1/images/800C-24H-Q-2.png,/content/drive/MyDrive/phase11-persistent/gt_boundaries/uhcs1/800C-24H-Q-2.png,0,0,645,475,123,37
uhcs1/800C-24H-Q-2/x256_y128,uhcs1,800C-24H-Q-2,800C-24H-Q-2.png,256,128,0.084229,train,256,/content/drive/MyDrive/phase11-data/data/uhcs1/images/800C-24H-Q-2.png,/content/drive/MyDrive/phase11-persistent/gt_boundaries/uhcs1/800C-24H-Q-2.png,0,0,645,475,123,37
uhcs1/800C-24H-Q-2/x256_y256,uhcs1,800C-24H-Q-2,800C-24H-Q-2.png,256,256,0.07518,train,256,/content/drive/MyDrive/phase11-data/data/uhcs1/images/800C-24H-Q-2.png,/content/drive/MyDrive/phase11-persistent/gt_boundaries/uhcs1/800C-24H-Q-2.png,0,0,645,475,123,37
uhcs1/800C-24H-Q-2/x384_y0,uhcs1,800C-24H-Q-2,800C-24H-Q-2.png,384,0,0.09996,train,256,/content/drive/MyDrive/phase11-data/data/uhcs1/images/800C-24H-Q-2.png,/content/drive/MyDrive/phase11-persistent/gt_boundaries/uhcs1/800C-24H-Q-2.png,0,0,645,475,123,37
uhcs1/800C-24H-Q-2/x384_y128,uhcs1,800C-24H-Q-2,800C-24H-Q-2.png,384,128,0.096161,train,256,/content/drive/MyDrive/phase11-data/data/uhcs1/images/800C-24H-Q-2.png,/content/drive/MyDrive/phase11-persistent/gt_boundaries/uhcs1/800C-24H-Q-2.png,0,0,645,475,123,37
uhcs1/800C-24H-Q-2/x384_y256,uhcs1,800C-24H-Q-2,800C-24H-Q-2.png,384,256,0.097473,train,256,/content/drive/MyDrive/phase11-data/data/uhcs1/images/800C-24H-Q-2.png,/content/drive/MyDrive/phase11-persistent/gt_boundaries/uhcs1/800C-24H-Q-2.png,0,0,645,475,123,37
uhcs1/800C-24H-Q-2/x512_y0,uhcs1,800C-24H-Q-2,800C-24H-Q-2.png,512,0,0.104767,train,256,/content/drive/MyDrive/phase11-data/data/uhcs1/images/800C-24H-Q-2.png,/content/drive/MyDrive/phase11-persistent/gt_boundaries/uhcs1/800C-24H-Q-2.png,0,0,645,475,123,37
uhcs1/800C-24H-Q-2/x512_y128,uhcs1,800C-24H-Q-2,800C-24H-Q-2.png,512,128,0.102966,train,256,/content/drive/MyDrive/phase11-data/data/uhcs1/images/800C-24H-Q-2.png,/content/drive/MyDrive/phase11-persistent/gt_boundaries/uhcs1/800C-24H-Q-2.png,0,0,645,475,123,37
uhcs1/800C-24H-Q-2/x512_y256,uhcs1,800C-24H-Q-2,800C-24H-Q-2.png,512,256,0.105347,train,256,/content/drive/MyDrive/phase11-data/data/uhcs1/images/800C-24H-Q-2.png,/content/drive/MyDrive/phase11-persistent/gt_boundaries/uhcs1/800C-24H-Q-2.png,0,0,645,475,123,37
uhcs1/800C-24H-Q-3/x0_y0,uhcs1,800C-24H-Q-3,800C-24H-Q-3.png,0,0,0.107315,train,256,/content/drive/MyDrive/phase11-data/data/uhcs1/images/800C-24H-Q-3.png,/content/drive/MyDrive/phase11-persistent/gt_boundaries/uhcs1/800C-24H-Q-3.png,0,0,645,475,123,37
uhcs1/800C-24H-Q-3/x0_y128,uhcs1,800C-24H-Q-3,800C-24H-Q-3.png,0,128,0.118729,train,256,/content/drive/MyDrive/phase11-data/data/uhcs1/images/800C-24H-Q-3.png,/content/drive/MyDrive/phase11-persistent/gt_boundaries/uhcs1/800C-24H-Q-3.png,0,0,645,475,123,37
uhcs1/800C-24H-Q-3/x0_y256,uhcs1,800C-24H-Q-3,800C-24H-Q-3.png,0,256,0.126678,train,256,/content/drive/MyDrive/phase11-data/data/uhcs1/images/800C-24H-Q-3.png,/content/drive/MyDrive/phase11-persistent/gt_boundaries/uhcs1/800C-24H-Q-3.png,0,0,645,475,123,37
uhcs1/800C-24H-Q-3/x128_y0,uhcs1,800C-24H-Q-3,800C-24H-Q-3.png,128,0,0.116043,train,256,/content/drive/MyDrive/phase11-data/data/uhcs1/images/800C-24H-Q-3.png,/content/drive/MyDrive/phase11-persistent/gt_boundaries/uhcs1/800C-24H-Q-3.png,0,0,645,475,123,37
uhcs1/800C-24H-Q-3/x128_y128,uhcs1,800C-24H-Q-3,800C-24H-Q-3.png,128,128,0.11937,train,256,/content/drive/MyDrive/phase11-data/data/uhcs1/images/800C-24H-Q-3.png,/content/drive/MyDrive/phase11-persistent/gt_boundaries/uhcs1/800C-24H-Q-3.png,0,0,645,475,123,37
uhcs1/800C-24H-Q-3/x128_y256,uhcs1,800C-24H-Q-3,800C-24H-Q-3.png,128,256,0.112823,train,256,/content/drive/MyDrive/phase11-data/data/uhcs1/images/800C-24H-Q-3.png,/content/drive/MyDrive/phase11-persistent/gt_boundaries/uhcs1/800C-24H-Q-3.png,0,0,645,475,123,37
uhcs1/800C-24H-Q-3/x256_y0,uhcs1,800C-24H-Q-3,800C-24H-Q-3.png,256,0,0.114685,train,256,/content/drive/MyDrive/phase11-data/data/uhcs1/images/800C-24H-Q-3.png,/content/drive/MyDrive/phase11-persistent/gt_boundaries/uhcs1/800C-24H-Q-3.png,0,0,645,475,123,37
uhcs1/800C-24H-Q-3/x256_y128,uhcs1,800C-24H-Q-3,800C-24H-Q-3.png,256,128,0.118088,train,256,/content/drive/MyDrive/phase11-data/data/uhcs1/images/800C-24H-Q-3.png,/content/drive/MyDrive/phase11-persistent/gt_boundaries/uhcs1/800C-24H-Q-3.png,0,0,645,475,123,37
uhcs1/800C-24H-Q-3/x256_y256,uhcs1,800C-24H-Q-3,800C-24H-Q-3.png,256,256,0.1082,train,256,/content/drive/MyDrive/phase11-data/data/uhcs1/images/800C-24H-Q-3.png,/content/drive/MyDrive/phase11-persistent/gt_boundaries/uhcs1/800C-24H-Q-3.png,0,0,645,475,123,37
uhcs1/800C-24H-Q-3/x384_y0,uhcs1,800C-24H-Q-3,800C-24H-Q-3.png,384,0,0.111649,train,256,/content/drive/MyDrive/phase11-data/data/uhcs1/images/800C-24H-Q-3.png,/content/drive/MyDrive/phase11-persistent/gt_boundaries/uhcs1/800C-24H-Q-3.png,0,0,645,475,123,37
uhcs1/800C-24H-Q-3/x384_y128,uhcs1,800C-24H-Q-3,800C-24H-Q-3.png,384,128,0.1138,train,256,/content/drive/MyDrive/phase11-data/data/uhcs1/images/800C-24H-Q-3.png,/content/drive/MyDrive/phase11-persistent/gt_boundaries/uhcs1/800C-24H-Q-3.png,0,0,645,475,123,37
uhcs1/800C-24H-Q-3/x384_y256,uhcs1,800C-24H-Q-3,800C-24H-Q-3.png,384,256,0.106934,train,256,/content/drive/MyDrive/phase11-data/data/uhcs1/images/800C-24H-Q-3.png,/content/drive/MyDrive/phase11-persistent/gt_boundaries/uhcs1/800C-24H-Q-3.png,0,0,645,475,123,37
uhcs1/800C-24H-Q-3/x512_y0,uhcs1,800C-24H-Q-3,800C-24H-Q-3.png,512,0,0.114441,train,256,/content/drive/MyDrive/phase11-data/data/uhcs1/images/800C-24H-Q-3.png,/content/drive/MyDrive/phase11-persistent/gt_boundaries/uhcs1/800C-24H-Q-3.png,0,0,645,475,123,37
uhcs1/800C-24H-Q-3/x512_y128,uhcs1,800C-24H-Q-3,800C-24H-Q-3.png,512,128,0.110046,train,256,/content/drive/MyDrive/phase11-data/data/uhcs1/images/800C-24H-Q-3.png,/content/drive/MyDrive/phase11-persistent/gt_boundaries/uhcs1/800C-24H-Q-3.png,0,0,645,475,123,37
uhcs1/800C-24H-Q-3/x512_y256,uhcs1,800C-24H-Q-3,800C-24H-Q-3.png,512,256,0.099884,train,256,/content/drive/MyDrive/phase11-data/data/uhcs1/images/800C-24H-Q-3.png,/content/drive/MyDrive/phase11-persistent/gt_boundaries/uhcs1/800C-24H-Q-3.png,0,0,645,475,123,37
uhcs1/800C-24H-Q-4/x0_y0,uhcs1,800C-24H-Q-4,800C-24H-Q-4.png,0,0,0.060532,train,256,/content/drive/MyDrive/phase11-data/data/uhcs1/images/800C-24H-Q-4.png,/content/drive/MyDrive/phase11-persistent/gt_boundaries/uhcs1/800C-24H-Q-4.png,0,0,645,475,123,37
uhcs1/800C-24H-Q-4/x0_y128,uhcs1,800C-24H-Q-4,800C-24H-Q-4.png,0,128,0.061142,train,256,/content/drive/MyDrive/phase11-data/data/uhcs1/images/800C-24H-Q-4.png,/content/drive/MyDrive/phase11-persistent/gt_boundaries/uhcs1/800C-24H-Q-4.png,0,0,645,475,123,37
uhcs1/800C-24H-Q-4/x0_y256,uhcs1,800C-24H-Q-4,800C-24H-Q-4.png,0,256,0.045441,train,256,/content/drive/MyDrive/phase11-data/data/uhcs1/images/800C-24H-Q-4.png,/content/drive/MyDrive/phase11-persistent/gt_boundaries/uhcs1/800C-24H-Q-4.png,0,0,645,475,123,37
uhcs1/800C-24H-Q-4/x128_y0,uhcs1,800C-24H-Q-4,800C-24H-Q-4.png,128,0,0.070877,train,256,/content/drive/MyDrive/phase11-data/data/uhcs1/images/800C-24H-Q-4.png,/content/drive/MyDrive/phase11-persistent/gt_boundaries/uhcs1/800C-24H-Q-4.png,0,0,645,475,123,37
uhcs1/800C-24H-Q-4/x128_y128,uhcs1,800C-24H-Q-4,800C-24H-Q-4.png,128,128,0.060165,train,256,/content/drive/MyDrive/phase11-data/data/uhcs1/images/800C-24H-Q-4.png,/content/drive/MyDrive/phase11-persistent/gt_boundaries/uhcs1/800C-24H-Q-4.png,0,0,645,475,123,37
uhcs1/800C-24H-Q-4/x128_y256,uhcs1,800C-24H-Q-4,800C-24H-Q-4.png,128,256,0.040588,train,256,/content/drive/MyDrive/phase11-data/data/uhcs1/images/800C-24H-Q-4.png,/content/drive/MyDrive/phase11-persistent/gt_boundaries/uhcs1/800C-24H-Q-4.png,0,0,645,475,123,37
uhcs1/800C-24H-Q-4/x256_y0,uhcs1,800C-24H-Q-4,800C-24H-Q-4.png,256,0,0.073532,train,256,/content/drive/MyDrive/phase11-data/data/uhcs1/images/800C-24H-Q-4.png,/content/drive/MyDrive/phase11-persistent/gt_boundaries/uhcs1/800C-24H-Q-4.png,0,0,645,475,123,37
uhcs1/800C-24H-Q-4/x256_y128,uhcs1,800C-24H-Q-4,800C-24H-Q-4.png,256,128,0.044785,train,256,/content/drive/MyDrive/phase11-data/data/uhcs1/images/800C-24H-Q-4.png,/content/drive/MyDrive/phase11-persistent/gt_boundaries/uhcs1/800C-24H-Q-4.png,0,0,645,475,123,37
uhcs1/800C-24H-Q-4/x256_y256,uhcs1,800C-24H-Q-4,800C-24H-Q-4.png,256,256,0.034073,train,256,/content/drive/MyDrive/phase11-data/data/uhcs1/images/800C-24H-Q-4.png,/content/drive/MyDrive/phase11-persistent/gt_boundaries/uhcs1/800C-24H-Q-4.png,0,0,645,475,123,37
uhcs1/800C-24H-Q-4/x384_y0,uhcs1,800C-24H-Q-4,800C-24H-Q-4.png,384,0,0.050461,train,256,/content/drive/MyDrive/phase11-data/data/uhcs1/images/800C-24H-Q-4.png,/content/drive/MyDrive/phase11-persistent/gt_boundaries/uhcs1/800C-24H-Q-4.png,0,0,645,475,123,37
uhcs1/800C-24H-Q-4/x384_y128,uhcs1,800C-24H-Q-4,800C-24H-Q-4.png,384,128,0.051575,train,256,/content/drive/MyDrive/phase11-data/data/uhcs1/images/800C-24H-Q-4.png,/content/drive/MyDrive/phase11-persistent/gt_boundaries/uhcs1/800C-24H-Q-4.png,0,0,645,475,123,37
uhcs1/800C-24H-Q-4/x384_y256,uhcs1,800C-24H-Q-4,800C-24H-Q-4.png,384,256,0.042191,train,256,/content/drive/MyDrive/phase11-data/data/uhcs1/images/800C-24H-Q-4.png,/content/drive/MyDrive/phase11-persistent/gt_boundaries/uhcs1/800C-24H-Q-4.png,0,0,645,475,123,37
uhcs1/800C-24H-Q-4/x512_y0,uhcs1,800C-24H-Q-4,800C-24H-Q-4.png,512,0,0.036636,train,256,/content/drive/MyDrive/phase11-data/data/uhcs1/images/800C-24H-Q-4.png,/content/drive/MyDrive/phase11-persistent/gt_boundaries/uhcs1/800C-24H-Q-4.png,0,0,645,475,123,37
uhcs1/800C-24H-Q-4/x512_y128,uhcs1,800C-24H-Q-4,800C-24H-Q-4.png,512,128,0.061539,train,256,/content/drive/MyDrive/phase11-data/data/uhcs1/images/800C-24H-Q-4.png,/content/drive/MyDrive/phase11-persistent/gt_boundaries/uhcs1/800C-24H-Q-4.png,0,0,645,475,123,37
uhcs1/800C-24H-Q-4/x512_y256,uhcs1,800C-24H-Q-4,800C-24H-Q-4.png,512,256,0.042358,train,256,/content/drive/MyDrive/phase11-data/data/uhcs1/images/800C-24H-Q-4.png,/content/drive/MyDrive/phase11-persistent/gt_boundaries/uhcs1/800C-24H-Q-4.png,0,0,645,475,123,37
uhcs1/800C-24H-Q-5/x0_y0,uhcs1,800C-24H-Q-5,800C-24H-Q-5.png,0,0,0.103241,train,256,/content/drive/MyDrive/phase11-data/data/uhcs1/images/800C-24H-Q-5.png,/content/drive/MyDrive/phase11-persistent/gt_boundaries/uhcs1/800C-24H-Q-5.png,0,0,645,475,123,37
uhcs1/800C-24H-Q-5/x0_y128,uhcs1,800C-24H-Q-5,800C-24H-Q-5.png,0,128,0.081039,train,256,/content/drive/MyDrive/phase11-data/data/uhcs1/images/800C-24H-Q-5.png,/content/drive/MyDrive/phase11-persistent/gt_boundaries/uhcs1/800C-24H-Q-5.png,0,0,645,475,123,37
uhcs1/800C-24H-Q-5/x0_y256,uhcs1,800C-24H-Q-5,800C-24H-Q-5.png,0,256,0.088684,train,256,/content/drive/MyDrive/phase11-data/data/uhcs1/images/800C-24H-Q-5.png,/content/drive/MyDrive/phase11-persistent/gt_boundaries/uhcs1/800C-24H-Q-5.png,0,0,645,475,123,37
uhcs1/800C-24H-Q-5/x128_y0,uhcs1,800C-24H-Q-5,800C-24H-Q-5.png,128,0,0.102951,train,256,/content/drive/MyDrive/phase11-data/data/uhcs1/images/800C-24H-Q-5.png,/content/drive/MyDrive/phase11-persistent/gt_boundaries/uhcs1/800C-24H-Q-5.png,0,0,645,475,123,37
uhcs1/800C-24H-Q-5/x128_y128,uhcs1,800C-24H-Q-5,800C-24H-Q-5.png,128,128,0.098984,train,256,/content/drive/MyDrive/phase11-data/data/uhcs1/images/800C-24H-Q-5.png,/content/drive/MyDrive/phase11-persistent/gt_boundaries/uhcs1/800C-24H-Q-5.png,0,0,645,475,123,37
uhcs1/800C-24H-Q-5/x128_y256,uhcs1,800C-24H-Q-5,800C-24H-Q-5.png,128,256,0.115814,train,256,/content/drive/MyDrive/phase11-data/data/uhcs1/images/800C-24H-Q-5.png,/content/drive/MyDrive/phase11-persistent/gt_boundaries/uhcs1/800C-24H-Q-5.png,0,0,645,475,123,37
uhcs1/800C-24H-Q-5/x256_y0,uhcs1,800C-24H-Q-5,800C-24H-Q-5.png,256,0,0.110489,train,256,/content/drive/MyDrive/phase11-data/data/uhcs1/images/800C-24H-Q-5.png,/content/drive/MyDrive/phase11-persistent/gt_boundaries/uhcs1/800C-24H-Q-5.png,0,0,645,475,123,37
uhcs1/800C-24H-Q-5/x256_y128,uhcs1,800C-24H-Q-5,800C-24H-Q-5.png,256,128,0.109344,train,256,/content/drive/MyDrive/phase11-data/data/uhcs1/images/800C-24H-Q-5.png,/content/drive/MyDrive/phase11-persistent/gt_boundaries/uhcs1/800C-24H-Q-5.png,0,0,645,475,123,37
uhcs1/800C-24H-Q-5/x256_y256,uhcs1,800C-24H-Q-5,800C-24H-Q-5.png,256,256,0.105637,train,256,/content/drive/MyDrive/phase11-data/data/uhcs1/images/800C-24H-Q-5.png,/content/drive/MyDrive/phase11-persistent/gt_boundaries/uhcs1/800C-24H-Q-5.png,0,0,645,475,123,37
uhcs1/800C-24H-Q-5/x384_y0,uhcs1,800C-24H-Q-5,800C-24H-Q-5.png,384,0,0.114731,train,256,/content/drive/MyDrive/phase11-data/data/uhcs1/images/800C-24H-Q-5.png,/content/drive/MyDrive/phase11-persistent/gt_boundaries/uhcs1/800C-24H-Q-5.png,0,0,645,475,123,37
uhcs1/800C-24H-Q-5/x384_y128,uhcs1,800C-24H-Q-5,800C-24H-Q-5.png,384,128,0.10788,train,256,/content/drive/MyDrive/phase11-data/data/uhcs1/images/800C-24H-Q-5.png,/content/drive/MyDrive/phase11-persistent/gt_boundaries/uhcs1/800C-24H-Q-5.png,0,0,645,475,123,37
uhcs1/800C-24H-Q-5/x384_y256,uhcs1,800C-24H-Q-5,800C-24H-Q-5.png,384,256,0.111664,train,256,/content/drive/MyDrive/phase11-data/data/uhcs1/images/800C-24H-Q-5.png,/content/drive/MyDrive/phase11-persistent/gt_boundaries/uhcs1/800C-24H-Q-5.png,0,0,645,475,123,37
uhcs1/800C-24H-Q-5/x512_y0,uhcs1,800C-24H-Q-5,800C-24H-Q-5.png,512,0,0.117233,train,256,/content/drive/MyDrive/phase11-data/data/uhcs1/images/800C-24H-Q-5.png,/content/drive/MyDrive/phase11-persistent/gt_boundaries/uhcs1/800C-24H-Q-5.png,0,0,645,475,123,37
uhcs1/800C-24H-Q-5/x512_y128,uhcs1,800C-24H-Q-5,800C-24H-Q-5.png,512,128,0.114471,train,256,/content/drive/MyDrive/phase11-data/data/uhcs1/images/800C-24H-Q-5.png,/content/drive/MyDrive/phase11-persistent/gt_boundaries/uhcs1/800C-24H-Q-5.png,0,0,645,475,123,37
uhcs1/800C-24H-Q-5/x512_y256,uhcs1,800C-24H-Q-5,800C-24H-Q-5.png,512,256,0.11261,train,256,/content/drive/MyDrive/phase11-data/data/uhcs1/images/800C-24H-Q-5.png,/content/drive/MyDrive/phase11-persistent/gt_boundaries/uhcs1/800C-24H-Q-5.png,0,0,645,475,123,37
uhcs1/800C-24H-Q-6/x0_y0,uhcs1,800C-24H-Q-6,800C-24H-Q-6.png,0,0,0.03476,train,256,/content/drive/MyDrive/phase11-data/data/uhcs1/images/800C-24H-Q-6.png,/content/drive/MyDrive/phase11-persistent/gt_boundaries/uhcs1/800C-24H-Q-6.png,0,0,645,475,123,37
uhcs1/800C-24H-Q-6/x0_y128,uhcs1,800C-24H-Q-6,800C-24H-Q-6.png,0,128,0.039261,train,256,/content/drive/MyDrive/phase11-data/data/uhcs1/images/800C-24H-Q-6.png,/content/drive/MyDrive/phase11-persistent/gt_boundaries/uhcs1/800C-24H-Q-6.png,0,0,645,475,123,37
uhcs1/800C-24H-Q-6/x0_y256,uhcs1,800C-24H-Q-6,800C-24H-Q-6.png,0,256,0.041275,train,256,/content/drive/MyDrive/phase11-data/data/uhcs1/images/800C-24H-Q-6.png,/content/drive/MyDrive/phase11-persistent/gt_boundaries/uhcs1/800C-24H-Q-6.png,0,0,645,475,123,37
uhcs1/800C-24H-Q-6/x128_y0,uhcs1,800C-24H-Q-6,800C-24H-Q-6.png,128,0,0.024567,train,256,/content/drive/MyDrive/phase11-data/data/uhcs1/images/800C-24H-Q-6.png,/content/drive/MyDrive/phase11-persistent/gt_boundaries/uhcs1/800C-24H-Q-6.png,0,0,645,475,123,37
uhcs1/800C-24H-Q-6/x128_y128,uhcs1,800C-24H-Q-6,800C-24H-Q-6.png,128,128,0.03598,train,256,/content/drive/MyDrive/phase11-data/data/uhcs1/images/800C-24H-Q-6.png,/content/drive/MyDrive/phase11-persistent/gt_boundaries/uhcs1/800C-24H-Q-6.png,0,0,645,475,123,37
uhcs1/800C-24H-Q-6/x128_y256,uhcs1,800C-24H-Q-6,800C-24H-Q-6.png,128,256,0.046707,train,256,/content/drive/MyDrive/phase11-data/data/uhcs1/images/800C-24H-Q-6.png,/content/drive/MyDrive/phase11-persistent/gt_boundaries/uhcs1/800C-24H-Q-6.png,0,0,645,475,123,37
uhcs1/800C-24H-Q-6/x256_y0,uhcs1,800C-24H-Q-6,800C-24H-Q-6.png,256,0,0.024475,train,256,/content/drive/MyDrive/phase11-data/data/uhcs1/images/800C-24H-Q-6.png,/content/drive/MyDrive/phase11-persistent/gt_boundaries/uhcs1/800C-24H-Q-6.png,0,0,645,475,123,37
uhcs1/800C-24H-Q-6/x256_y128,uhcs1,800C-24H-Q-6,800C-24H-Q-6.png,256,128,0.036392,train,256,/content/drive/MyDrive/phase11-data/data/uhcs1/images/800C-24H-Q-6.png,/content/drive/MyDrive/phase11-persistent/gt_boundaries/uhcs1/800C-24H-Q-6.png,0,0,645,475,123,37
uhcs1/800C-24H-Q-6/x256_y256,uhcs1,800C-24H-Q-6,800C-24H-Q-6.png,256,256,0.047897,train,256,/content/drive/MyDrive/phase11-data/data/uhcs1/images/800C-24H-Q-6.png,/content/drive/MyDrive/phase11-persistent/gt_boundaries/uhcs1/800C-24H-Q-6.png,0,0,645,475,123,37
uhcs1/800C-24H-Q-6/x384_y0,uhcs1,800C-24H-Q-6,800C-24H-Q-6.png,384,0,0.029999,train,256,/content/drive/MyDrive/phase11-data/data/uhcs1/images/800C-24H-Q-6.png,/content/drive/MyDrive/phase11-persistent/gt_boundaries/uhcs1/800C-24H-Q-6.png,0,0,645,475,123,37
uhcs1/800C-24H-Q-6/x384_y128,uhcs1,800C-24H-Q-6,800C-24H-Q-6.png,384,128,0.034698,train,256,/content/drive/MyDrive/phase11-data/data/uhcs1/images/800C-24H-Q-6.png,/content/drive/MyDrive/phase11-persistent/gt_boundaries/uhcs1/800C-24H-Q-6.png,0,0,645,475,123,37
uhcs1/800C-24H-Q-6/x384_y256,uhcs1,800C-24H-Q-6,800C-24H-Q-6.png,384,256,0.035645,train,256,/content/drive/MyDrive/phase11-data/data/uhcs1/images/800C-24H-Q-6.png,/content/drive/MyDrive/phase11-persistent/gt_boundaries/uhcs1/800C-24H-Q-6.png,0,0,645,475,123,37
uhcs1/800C-24H-Q-6/x512_y0,uhcs1,800C-24H-Q-6,800C-24H-Q-6.png,512,0,0.029419,train,256,/content/drive/MyDrive/phase11-data/data/uhcs1/images/800C-24H-Q-6.png,/content/drive/MyDrive/phase11-persistent/gt_boundaries/uhcs1/800C-24H-Q-6.png,0,0,645,475,123,37
uhcs1/800C-24H-Q-6/x512_y128,uhcs1,800C-24H-Q-6,800C-24H-Q-6.png,512,128,0.035309,train,256,/content/drive/MyDrive/phase11-data/data/uhcs1/images/800C-24H-Q-6.png,/content/drive/MyDrive/phase11-persistent/gt_boundaries/uhcs1/800C-24H-Q-6.png,0,0,645,475,123,37
uhcs1/800C-24H-Q-6/x512_y256,uhcs1,800C-24H-Q-6,800C-24H-Q-6.png,512,256,0.029877,train,256,/content/drive/MyDrive/phase11-data/data/uhcs1/images/800C-24H-Q-6.png,/content/drive/MyDrive/phase11-persistent/gt_boundaries/uhcs1/800C-24H-Q-6.png,0,0,645,475,123,37
uhcs1/800C-24H-Q-7/x0_y0,uhcs1,800C-24H-Q-7,800C-24H-Q-7.png,0,0,0.10347,train,256,/content/drive/MyDrive/phase11-data/data/uhcs1/images/800C-24H-Q-7.png,/content/drive/MyDrive/phase11-persistent/gt_boundaries/uhcs1/800C-24H-Q-7.png,0,0,645,475,123,37
uhcs1/800C-24H-Q-7/x0_y128,uhcs1,800C-24H-Q-7,800C-24H-Q-7.png,0,128,0.121902,train,256,/content/drive/MyDrive/phase11-data/data/uhcs1/images/800C-24H-Q-7.png,/content/drive/MyDrive/phase11-persistent/gt_boundaries/uhcs1/800C-24H-Q-7.png,0,0,645,475,123,37
uhcs1/800C-24H-Q-7/x0_y256,uhcs1,800C-24H-Q-7,800C-24H-Q-7.png,0,256,0.129059,train,256,/content/drive/MyDrive/phase11-data/data/uhcs1/images/800C-24H-Q-7.png,/content/drive/MyDrive/phase11-persistent/gt_boundaries/uhcs1/800C-24H-Q-7.png,0,0,645,475,123,37
uhcs1/800C-24H-Q-7/x128_y0,uhcs1,800C-24H-Q-7,800C-24H-Q-7.png,128,0,0.114243,train,256,/content/drive/MyDrive/phase11-data/data/uhcs1/images/800C-24H-Q-7.png,/content/drive/MyDrive/phase11-persistent/gt_boundaries/uhcs1/800C-24H-Q-7.png,0,0,645,475,123,37
uhcs1/800C-24H-Q-7/x128_y128,uhcs1,800C-24H-Q-7,800C-24H-Q-7.png,128,128,0.112396,train,256,/content/drive/MyDrive/phase11-data/data/uhcs1/images/800C-24H-Q-7.png,/content/drive/MyDrive/phase11-persistent/gt_boundaries/uhcs1/800C-24H-Q-7.png,0,0,645,475,123,37
uhcs1/800C-24H-Q-7/x128_y256,uhcs1,800C-24H-Q-7,800C-24H-Q-7.png,128,256,0.120865,train,256,/content/drive/MyDrive/phase11-data/data/uhcs1/images/800C-24H-Q-7.png,/content/drive/MyDrive/phase11-persistent/gt_boundaries/uhcs1/800C-24H-Q-7.png,0,0,645,475,123,37
uhcs1/800C-24H-Q-7/x256_y0,uhcs1,800C-24H-Q-7,800C-24H-Q-7.png,256,0,0.101639,train,256,/content/drive/MyDrive/phase11-data/data/uhcs1/images/800C-24H-Q-7.png,/content/drive/MyDrive/phase11-persistent/gt_boundaries/uhcs1/800C-24H-Q-7.png,0,0,645,475,123,37
uhcs1/800C-24H-Q-7/x256_y128,uhcs1,800C-24H-Q-7,800C-24H-Q-7.png,256,128,0.089813,train,256,/content/drive/MyDrive/phase11-data/data/uhcs1/images/800C-24H-Q-7.png,/content/drive/MyDrive/phase11-persistent/gt_boundaries/uhcs1/800C-24H-Q-7.png,0,0,645,475,123,37
uhcs1/800C-24H-Q-7/x256_y256,uhcs1,800C-24H-Q-7,800C-24H-Q-7.png,256,256,0.099396,train,256,/content/drive/MyDrive/phase11-data/data/uhcs1/images/800C-24H-Q-7.png,/content/drive/MyDrive/phase11-persistent/gt_boundaries/uhcs1/800C-24H-Q-7.png,0,0,645,475,123,37
uhcs1/800C-24H-Q-7/x384_y0,uhcs1,800C-24H-Q-7,800C-24H-Q-7.png,384,0,0.085693,train,256,/content/drive/MyDrive/phase11-data/data/uhcs1/images/800C-24H-Q-7.png,/content/drive/MyDrive/phase11-persistent/gt_boundaries/uhcs1/800C-24H-Q-7.png,0,0,645,475,123,37
uhcs1/800C-24H-Q-7/x384_y128,uhcs1,800C-24H-Q-7,800C-24H-Q-7.png,384,128,0.067276,train,256,/content/drive/MyDrive/phase11-data/data/uhcs1/images/800C-24H-Q-7.png,/content/drive/MyDrive/phase11-persistent/gt_boundaries/uhcs1/800C-24H-Q-7.png,0,0,645,475,123,37
uhcs1/800C-24H-Q-7/x384_y256,uhcs1,800C-24H-Q-7,800C-24H-Q-7.png,384,256,0.092209,train,256,/content/drive/MyDrive/phase11-data/data/uhcs1/images/800C-24H-Q-7.png,/content/drive/MyDrive/phase11-persistent/gt_boundaries/uhcs1/800C-24H-Q-7.png,0,0,645,475,123,37
uhcs1/800C-24H-Q-7/x512_y0,uhcs1,800C-24H-Q-7,800C-24H-Q-7.png,512,0,0.077789,train,256,/content/drive/MyDrive/phase11-data/data/uhcs1/images/800C-24H-Q-7.png,/content/drive/MyDrive/phase11-persistent/gt_boundaries/uhcs1/800C-24H-Q-7.png,0,0,645,475,123,37
uhcs1/800C-24H-Q-7/x512_y128,uhcs1,800C-24H-Q-7,800C-24H-Q-7.png,512,128,0.061371,train,256,/content/drive/MyDrive/phase11-data/data/uhcs1/images/800C-24H-Q-7.png,/content/drive/MyDrive/phase11-persistent/gt_boundaries/uhcs1/800C-24H-Q-7.png,0,0,645,475,123,37
uhcs1/800C-24H-Q-7/x512_y256,uhcs1,800C-24H-Q-7,800C-24H-Q-7.png,512,256,0.095444,train,256,/content/drive/MyDrive/phase11-data/data/uhcs1/images/800C-24H-Q-7.png,/content/drive/MyDrive/phase11-persistent/gt_boundaries/uhcs1/800C-24H-Q-7.png,0,0,645,475,123,37
uhcs1/800C-3H-Q-1/x0_y0,uhcs1,800C-3H-Q-1,800C-3H-Q-1.png,0,0,0.18428,train,256,/content/drive/MyDrive/phase11-data/data/uhcs1/images/800C-3H-Q-1.png,/content/drive/MyDrive/phase11-persistent/gt_boundaries/uhcs1/800C-3H-Q-1.png,0,0,645,475,123,37
uhcs1/800C-3H-Q-1/x0_y128,uhcs1,800C-3H-Q-1,800C-3H-Q-1.png,0,128,0.140335,train,256,/content/drive/MyDrive/phase11-data/data/uhcs1/images/800C-3H-Q-1.png,/content/drive/MyDrive/phase11-persistent/gt_boundaries/uhcs1/800C-3H-Q-1.png,0,0,645,475,123,37
uhcs1/800C-3H-Q-1/x0_y256,uhcs1,800C-3H-Q-1,800C-3H-Q-1.png,0,256,0.117798,train,256,/content/drive/MyDrive/phase11-data/data/uhcs1/images/800C-3H-Q-1.png,/content/drive/MyDrive/phase11-persistent/gt_boundaries/uhcs1/800C-3H-Q-1.png,0,0,645,475,123,37
uhcs1/800C-3H-Q-1/x128_y0,uhcs1,800C-3H-Q-1,800C-3H-Q-1.png,128,0,0.16507,train,256,/content/drive/MyDrive/phase11-data/data/uhcs1/images/800C-3H-Q-1.png,/content/drive/MyDrive/phase11-persistent/gt_boundaries/uhcs1/800C-3H-Q-1.png,0,0,645,475,123,37
uhcs1/800C-3H-Q-1/x128_y128,uhcs1,800C-3H-Q-1,800C-3H-Q-1.png,128,128,0.149933,train,256,/content/drive/MyDrive/phase11-data/data/uhcs1/images/800C-3H-Q-1.png,/content/drive/MyDrive/phase11-persistent/gt_boundaries/uhcs1/800C-3H-Q-1.png,0,0,645,475,123,37
uhcs1/800C-3H-Q-1/x128_y256,uhcs1,800C-3H-Q-1,800C-3H-Q-1.png,128,256,0.135086,train,256,/content/drive/MyDrive/phase11-data/data/uhcs1/images/800C-3H-Q-1.png,/content/drive/MyDrive/phase11-persistent/gt_boundaries/uhcs1/800C-3H-Q-1.png,0,0,645,475,123,37
uhcs1/800C-3H-Q-1/x256_y0,uhcs1,800C-3H-Q-1,800C-3H-Q-1.png,256,0,0.138519,train,256,/content/drive/MyDrive/phase11-data/data/uhcs1/images/800C-3H-Q-1.png,/content/drive/MyDrive/phase11-persistent/gt_boundaries/uhcs1/800C-3H-Q-1.png,0,0,645,475,123,37
uhcs1/800C-3H-Q-1/x256_y128,uhcs1,800C-3H-Q-1,800C-3H-Q-1.png,256,128,0.140366,train,256,/content/drive/MyDrive/phase11-data/data/uhcs1/images/800C-3H-Q-1.png,/content/drive/MyDrive/phase11-persistent/gt_boundaries/uhcs1/800C-3H-Q-1.png,0,0,645,475,123,37
uhcs1/800C-3H-Q-1/x256_y256,uhcs1,800C-3H-Q-1,800C-3H-Q-1.png,256,256,0.129654,train,256,/content/drive/MyDrive/phase11-data/data/uhcs1/images/800C-3H-Q-1.png,/content/drive/MyDrive/phase11-persistent/gt_boundaries/uhcs1/800C-3H-Q-1.png,0,0,645,475,123,37
uhcs1/800C-3H-Q-1/x384_y0,uhcs1,800C-3H-Q-1,800C-3H-Q-1.png,384,0,0.124069,train,256,/content/drive/MyDrive/phase11-data/data/uhcs1/images/800C-3H-Q-1.png,/content/drive/MyDrive/phase11-persistent/gt_boundaries/uhcs1/800C-3H-Q-1.png,0,0,645,475,123,37
uhcs1/800C-3H-Q-1/x384_y128,uhcs1,800C-3H-Q-1,800C-3H-Q-1.png,384,128,0.117462,train,256,/content/drive/MyDrive/phase11-data/data/uhcs1/images/800C-3H-Q-1.png,/content/drive/MyDrive/phase11-persistent/gt_boundaries/uhcs1/800C-3H-Q-1.png,0,0,645,475,123,37
uhcs1/800C-3H-Q-1/x384_y256,uhcs1,800C-3H-Q-1,800C-3H-Q-1.png,384,256,0.111603,train,256,/content/drive/MyDrive/phase11-data/data/uhcs1/images/800C-3H-Q-1.png,/content/drive/MyDrive/phase11-persistent/gt_boundaries/uhcs1/800C-3H-Q-1.png,0,0,645,475,123,37
uhcs1/800C-3H-Q-1/x512_y0,uhcs1,800C-3H-Q-1,800C-3H-Q-1.png,512,0,0.117264,train,256,/content/drive/MyDrive/phase11-data/data/uhcs1/images/800C-3H-Q-1.png,/content/drive/MyDrive/phase11-persistent/gt_boundaries/uhcs1/800C-3H-Q-1.png,0,0,645,475,123,37
uhcs1/800C-3H-Q-1/x512_y128,uhcs1,800C-3H-Q-1,800C-3H-Q-1.png,512,128,0.106522,train,256,/content/drive/MyDrive/phase11-data/data/uhcs1/images/800C-3H-Q-1.png,/content/drive/MyDrive/phase11-persistent/gt_boundaries/uhcs1/800C-3H-Q-1.png,0,0,645,475,123,37
uhcs1/800C-3H-Q-1/x512_y256,uhcs1,800C-3H-Q-1,800C-3H-Q-1.png,512,256,0.097137,train,256,/content/drive/MyDrive/phase11-data/data/uhcs1/images/800C-3H-Q-1.png,/content/drive/MyDrive/phase11-persistent/gt_boundaries/uhcs1/800C-3H-Q-1.png,0,0,645,475,123,37
uhcs1/800C-3H-Q-2/x0_y0,uhcs1,800C-3H-Q-2,800C-3H-Q-2.png,0,0,0.105881,train,256,/content/drive/MyDrive/phase11-data/data/uhcs1/images/800C-3H-Q-2.png,/content/drive/MyDrive/phase11-persistent/gt_boundaries/uhcs1/800C-3H-Q-2.png,0,0,645,475,123,37
uhcs1/800C-3H-Q-2/x0_y128,uhcs1,800C-3H-Q-2,800C-3H-Q-2.png,0,128,0.12056,train,256,/content/drive/MyDrive/phase11-data/data/uhcs1/images/800C-3H-Q-2.png,/content/drive/MyDrive/phase11-persistent/gt_boundaries/uhcs1/800C-3H-Q-2.png,0,0,645,475,123,37
uhcs1/800C-3H-Q-2/x0_y256,uhcs1,800C-3H-Q-2,800C-3H-Q-2.png,0,256,0.124222,train,256,/content/drive/MyDrive/phase11-data/data/uhcs1/images/800C-3H-Q-2.png,/content/drive/MyDrive/phase11-persistent/gt_boundaries/uhcs1/800C-3H-Q-2.png,0,0,645,475,123,37
uhcs1/800C-3H-Q-2/x128_y0,uhcs1,800C-3H-Q-2,800C-3H-Q-2.png,128,0,0.109756,train,256,/content/drive/MyDrive/phase11-data/data/uhcs1/images/800C-3H-Q-2.png,/content/drive/MyDrive/phase11-persistent/gt_boundaries/uhcs1/800C-3H-Q-2.png,0,0,645,475,123,37
uhcs1/800C-3H-Q-2/x128_y128,uhcs1,800C-3H-Q-2,800C-3H-Q-2.png,128,128,0.113632,train,256,/content/drive/MyDrive/phase11-data/data/uhcs1/images/800C-3H-Q-2.png,/content/drive/MyDrive/phase11-persistent/gt_boundaries/uhcs1/800C-3H-Q-2.png,0,0,645,475,123,37
uhcs1/800C-3H-Q-2/x128_y256,uhcs1,800C-3H-Q-2,800C-3H-Q-2.png,128,256,0.120575,train,256,/content/drive/MyDrive/phase11-data/data/uhcs1/images/800C-3H-Q-2.png,/content/drive/MyDrive/phase11-persistent/gt_boundaries/uhcs1/800C-3H-Q-2.png,0,0,645,475,123,37
uhcs1/800C-3H-Q-2/x256_y0,uhcs1,800C-3H-Q-2,800C-3H-Q-2.png,256,0,0.127533,train,256,/content/drive/MyDrive/phase11-data/data/uhcs1/images/800C-3H-Q-2.png,/content/drive/MyDrive/phase11-persistent/gt_boundaries/uhcs1/800C-3H-Q-2.png,0,0,645,475,123,37
uhcs1/800C-3H-Q-2/x256_y128,uhcs1,800C-3H-Q-2,800C-3H-Q-2.png,256,128,0.115509,train,256,/content/drive/MyDrive/phase11-data/data/uhcs1/images/800C-3H-Q-2.png,/content/drive/MyDrive/phase11-persistent/gt_boundaries/uhcs1/800C-3H-Q-2.png,0,0,645,475,123,37
uhcs1/800C-3H-Q-2/x256_y256,uhcs1,800C-3H-Q-2,800C-3H-Q-2.png,256,256,0.11496,train,256,/content/drive/MyDrive/phase11-data/data/uhcs1/images/800C-3H-Q-2.png,/content/drive/MyDrive/phase11-persistent/gt_boundaries/uhcs1/800C-3H-Q-2.png,0,0,645,475,123,37
uhcs1/800C-3H-Q-2/x384_y0,uhcs1,800C-3H-Q-2,800C-3H-Q-2.png,384,0,0.137009,train,256,/content/drive/MyDrive/phase11-data/data/uhcs1/images/800C-3H-Q-2.png,/content/drive/MyDrive/phase11-persistent/gt_boundaries/uhcs1/800C-3H-Q-2.png,0,0,645,475,123,37
uhcs1/800C-3H-Q-2/x384_y128,uhcs1,800C-3H-Q-2,800C-3H-Q-2.png,384,128,0.129852,train,256,/content/drive/MyDrive/phase11-data/data/uhcs1/images/800C-3H-Q-2.png,/content/drive/MyDrive/phase11-persistent/gt_boundaries/uhcs1/800C-3H-Q-2.png,0,0,645,475,123,37
uhcs1/800C-3H-Q-2/x384_y256,uhcs1,800C-3H-Q-2,800C-3H-Q-2.png,384,256,0.119751,train,256,/content/drive/MyDrive/phase11-data/data/uhcs1/images/800C-3H-Q-2.png,/content/drive/MyDrive/phase11-persistent/gt_boundaries/uhcs1/800C-3H-Q-2.png,0,0,645,475,123,37
uhcs1/800C-3H-Q-2/x512_y0,uhcs1,800C-3H-Q-2,800C-3H-Q-2.png,512,0,0.128876,train,256,/content/drive/MyDrive/phase11-data/data/uhcs1/images/800C-3H-Q-2.png,/content/drive/MyDrive/phase11-persistent/gt_boundaries/uhcs1/800C-3H-Q-2.png,0,0,645,475,123,37
uhcs1/800C-3H-Q-2/x512_y128,uhcs1,800C-3H-Q-2,800C-3H-Q-2.png,512,128,0.126633,train,256,/content/drive/MyDrive/phase11-data/data/uhcs1/images/800C-3H-Q-2.png,/content/drive/MyDrive/phase11-persistent/gt_boundaries/uhcs1/800C-3H-Q-2.png,0,0,645,475,123,37
uhcs1/800C-3H-Q-2/x512_y256,uhcs1,800C-3H-Q-2,800C-3H-Q-2.png,512,256,0.119705,train,256,/content/drive/MyDrive/phase11-data/data/uhcs1/images/800C-3H-Q-2.png,/content/drive/MyDrive/phase11-persistent/gt_boundaries/uhcs1/800C-3H-Q-2.png,0,0,645,475,123,37
uhcs1/800C-3H-Q-3/x0_y0,uhcs1,800C-3H-Q-3,800C-3H-Q-3.png,0,0,0.151825,train,256,/content/drive/MyDrive/phase11-data/data/uhcs1/images/800C-3H-Q-3.png,/content/drive/MyDrive/phase11-persistent/gt_boundaries/uhcs1/800C-3H-Q-3.png,0,0,645,475,123,37
uhcs1/800C-3H-Q-3/x0_y128,uhcs1,800C-3H-Q-3,800C-3H-Q-3.png,0,128,0.147232,train,256,/content/drive/MyDrive/phase11-data/data/uhcs1/images/800C-3H-Q-3.png,/content/drive/MyDrive/phase11-persistent/gt_boundaries/uhcs1/800C-3H-Q-3.png,0,0,645,475,123,37
uhcs1/800C-3H-Q-3/x0_y256,uhcs1,800C-3H-Q-3,800C-3H-Q-3.png,0,256,0.150131,train,256,/content/drive/MyDrive/phase11-data/data/uhcs1/images/800C-3H-Q-3.png,/content/drive/MyDrive/phase11-persistent/gt_boundaries/uhcs1/800C-3H-Q-3.png,0,0,645,475,123,37
uhcs1/800C-3H-Q-3/x128_y0,uhcs1,800C-3H-Q-3,800C-3H-Q-3.png,128,0,0.14888,train,256,/content/drive/MyDrive/phase11-data/data/uhcs1/images/800C-3H-Q-3.png,/content/drive/MyDrive/phase11-persistent/gt_boundaries/uhcs1/800C-3H-Q-3.png,0,0,645,475,123,37
uhcs1/800C-3H-Q-3/x128_y128,uhcs1,800C-3H-Q-3,800C-3H-Q-3.png,128,128,0.145859,train,256,/content/drive/MyDrive/phase11-data/data/uhcs1/images/800C-3H-Q-3.png,/content/drive/MyDrive/phase11-persistent/gt_boundaries/uhcs1/800C-3H-Q-3.png,0,0,645,475,123,37
uhcs1/800C-3H-Q-3/x128_y256,uhcs1,800C-3H-Q-3,800C-3H-Q-3.png,128,256,0.137192,train,256,/content/drive/MyDrive/phase11-data/data/uhcs1/images/800C-3H-Q-3.png,/content/drive/MyDrive/phase11-persistent/gt_boundaries/uhcs1/800C-3H-Q-3.png,0,0,645,475,123,37
uhcs1/800C-3H-Q-3/x256_y0,uhcs1,800C-3H-Q-3,800C-3H-Q-3.png,256,0,0.149002,train,256,/content/drive/MyDrive/phase11-data/data/uhcs1/images/800C-3H-Q-3.png,/content/drive/MyDrive/phase11-persistent/gt_boundaries/uhcs1/800C-3H-Q-3.png,0,0,645,475,123,37
uhcs1/800C-3H-Q-3/x256_y128,uhcs1,800C-3H-Q-3,800C-3H-Q-3.png,256,128,0.135742,train,256,/content/drive/MyDrive/phase11-data/data/uhcs1/images/800C-3H-Q-3.png,/content/drive/MyDrive/phase11-persistent/gt_boundaries/uhcs1/800C-3H-Q-3.png,0,0,645,475,123,37
uhcs1/800C-3H-Q-3/x256_y256,uhcs1,800C-3H-Q-3,800C-3H-Q-3.png,256,256,0.136093,train,256,/content/drive/MyDrive/phase11-data/data/uhcs1/images/800C-3H-Q-3.png,/content/drive/MyDrive/phase11-persistent/gt_boundaries/uhcs1/800C-3H-Q-3.png,0,0,645,475,123,37
uhcs1/800C-3H-Q-3/x384_y0,uhcs1,800C-3H-Q-3,800C-3H-Q-3.png,384,0,0.15094,train,256,/content/drive/MyDrive/phase11-data/data/uhcs1/images/800C-3H-Q-3.png,/content/drive/MyDrive/phase11-persistent/gt_boundaries/uhcs1/800C-3H-Q-3.png,0,0,645,475,123,37
uhcs1/800C-3H-Q-3/x384_y128,uhcs1,800C-3H-Q-3,800C-3H-Q-3.png,384,128,0.151169,train,256,/content/drive/MyDrive/phase11-data/data/uhcs1/images/800C-3H-Q-3.png,/content/drive/MyDrive/phase11-persistent/gt_boundaries/uhcs1/800C-3H-Q-3.png,0,0,645,475,123,37
uhcs1/800C-3H-Q-3/x384_y256,uhcs1,800C-3H-Q-3,800C-3H-Q-3.png,384,256,0.147018,train,256,/content/drive/MyDrive/phase11-data/data/uhcs1/images/800C-3H-Q-3.png,/content/drive/MyDrive/phase11-persistent/gt_boundaries/uhcs1/800C-3H-Q-3.png,0,0,645,475,123,37
uhcs1/800C-3H-Q-3/x512_y0,uhcs1,800C-3H-Q-3,800C-3H-Q-3.png,512,0,0.148132,train,256,/content/drive/MyDrive/phase11-data/data/uhcs1/images/800C-3H-Q-3.png,/content/drive/MyDrive/phase11-persistent/gt_boundaries/uhcs1/800C-3H-Q-3.png,0,0,645,475,123,37
uhcs1/800C-3H-Q-3/x512_y128,uhcs1,800C-3H-Q-3,800C-3H-Q-3.png,512,128,0.158295,train,256,/content/drive/MyDrive/phase11-data/data/uhcs1/images/800C-3H-Q-3.png,/content/drive/MyDrive/phase11-persistent/gt_boundaries/uhcs1/800C-3H-Q-3.png,0,0,645,475,123,37
uhcs1/800C-3H-Q-3/x512_y256,uhcs1,800C-3H-Q-3,800C-3H-Q-3.png,512,256,0.141602,train,256,/content/drive/MyDrive/phase11-data/data/uhcs1/images/800C-3H-Q-3.png,/content/drive/MyDrive/phase11-persistent/gt_boundaries/uhcs1/800C-3H-Q-3.png,0,0,645,475,123,37
uhcs1/800C-3H-Q-4/x0_y0,uhcs1,800C-3H-Q-4,800C-3H-Q-4.png,0,0,0.123947,train,256,/content/drive/MyDrive/phase11-data/data/uhcs1/images/800C-3H-Q-4.png,/content/drive/MyDrive/phase11-persistent/gt_boundaries/uhcs1/800C-3H-Q-4.png,0,0,645,475,123,37
uhcs1/800C-3H-Q-4/x0_y128,uhcs1,800C-3H-Q-4,800C-3H-Q-4.png,0,128,0.12323,train,256,/content/drive/MyDrive/phase11-data/data/uhcs1/images/800C-3H-Q-4.png,/content/drive/MyDrive/phase11-persistent/gt_boundaries/uhcs1/800C-3H-Q-4.png,0,0,645,475,123,37
uhcs1/800C-3H-Q-4/x0_y256,uhcs1,800C-3H-Q-4,800C-3H-Q-4.png,0,256,0.132843,train,256,/content/drive/MyDrive/phase11-data/data/uhcs1/images/800C-3H-Q-4.png,/content/drive/MyDrive/phase11-persistent/gt_boundaries/uhcs1/800C-3H-Q-4.png,0,0,645,475,123,37
uhcs1/800C-3H-Q-4/x128_y0,uhcs1,800C-3H-Q-4,800C-3H-Q-4.png,128,0,0.12207,train,256,/content/drive/MyDrive/phase11-data/data/uhcs1/images/800C-3H-Q-4.png,/content/drive/MyDrive/phase11-persistent/gt_boundaries/uhcs1/800C-3H-Q-4.png,0,0,645,475,123,37
uhcs1/800C-3H-Q-4/x128_y128,uhcs1,800C-3H-Q-4,800C-3H-Q-4.png,128,128,0.131073,train,256,/content/drive/MyDrive/phase11-data/data/uhcs1/images/800C-3H-Q-4.png,/content/drive/MyDrive/phase11-persistent/gt_boundaries/uhcs1/800C-3H-Q-4.png,0,0,645,475,123,37
uhcs1/800C-3H-Q-4/x128_y256,uhcs1,800C-3H-Q-4,800C-3H-Q-4.png,128,256,0.128937,train,256,/content/drive/MyDrive/phase11-data/data/uhcs1/images/800C-3H-Q-4.png,/content/drive/MyDrive/phase11-persistent/gt_boundaries/uhcs1/800C-3H-Q-4.png,0,0,645,475,123,37
uhcs1/800C-3H-Q-4/x256_y0,uhcs1,800C-3H-Q-4,800C-3H-Q-4.png,256,0,0.118256,train,256,/content/drive/MyDrive/phase11-data/data/uhcs1/images/800C-3H-Q-4.png,/content/drive/MyDrive/phase11-persistent/gt_boundaries/uhcs1/800C-3H-Q-4.png,0,0,645,475,123,37
uhcs1/800C-3H-Q-4/x256_y128,uhcs1,800C-3H-Q-4,800C-3H-Q-4.png,256,128,0.125,train,256,/content/drive/MyDrive/phase11-data/data/uhcs1/images/800C-3H-Q-4.png,/content/drive/MyDrive/phase11-persistent/gt_boundaries/uhcs1/800C-3H-Q-4.png,0,0,645,475,123,37
uhcs1/800C-3H-Q-4/x256_y256,uhcs1,800C-3H-Q-4,800C-3H-Q-4.png,256,256,0.119247,train,256,/content/drive/MyDrive/phase11-data/data/uhcs1/images/800C-3H-Q-4.png,/content/drive/MyDrive/phase11-persistent/gt_boundaries/uhcs1/800C-3H-Q-4.png,0,0,645,475,123,37
uhcs1/800C-3H-Q-4/x384_y0,uhcs1,800C-3H-Q-4,800C-3H-Q-4.png,384,0,0.122009,train,256,/content/drive/MyDrive/phase11-data/data/uhcs1/images/800C-3H-Q-4.png,/content/drive/MyDrive/phase11-persistent/gt_boundaries/uhcs1/800C-3H-Q-4.png,0,0,645,475,123,37
uhcs1/800C-3H-Q-4/x384_y128,uhcs1,800C-3H-Q-4,800C-3H-Q-4.png,384,128,0.125076,train,256,/content/drive/MyDrive/phase11-data/data/uhcs1/images/800C-3H-Q-4.png,/content/drive/MyDrive/phase11-persistent/gt_boundaries/uhcs1/800C-3H-Q-4.png,0,0,645,475,123,37
uhcs1/800C-3H-Q-4/x384_y256,uhcs1,800C-3H-Q-4,800C-3H-Q-4.png,384,256,0.118881,train,256,/content/drive/MyDrive/phase11-data/data/uhcs1/images/800C-3H-Q-4.png,/content/drive/MyDrive/phase11-persistent/gt_boundaries/uhcs1/800C-3H-Q-4.png,0,0,645,475,123,37
uhcs1/800C-3H-Q-4/x512_y0,uhcs1,800C-3H-Q-4,800C-3H-Q-4.png,512,0,0.122864,train,256,/content/drive/MyDrive/phase11-data/data/uhcs1/images/800C-3H-Q-4.png,/content/drive/MyDrive/phase11-persistent/gt_boundaries/uhcs1/800C-3H-Q-4.png,0,0,645,475,123,37
uhcs1/800C-3H-Q-4/x512_y128,uhcs1,800C-3H-Q-4,800C-3H-Q-4.png,512,128,0.127136,train,256,/content/drive/MyDrive/phase11-data/data/uhcs1/images/800C-3H-Q-4.png,/content/drive/MyDrive/phase11-persistent/gt_boundaries/uhcs1/800C-3H-Q-4.png,0,0,645,475,123,37
uhcs1/800C-3H-Q-4/x512_y256,uhcs1,800C-3H-Q-4,800C-3H-Q-4.png,512,256,0.11499,train,256,/content/drive/MyDrive/phase11-data/data/uhcs1/images/800C-3H-Q-4.png,/content/drive/MyDrive/phase11-persistent/gt_boundaries/uhcs1/800C-3H-Q-4.png,0,0,645,475,123,37
uhcs1/800C-85H-Q-1/x0_y0,uhcs1,800C-85H-Q-1,800C-85H-Q-1.png,0,0,0.057999,train,256,/content/drive/MyDrive/phase11-data/data/uhcs1/images/800C-85H-Q-1.png,/content/drive/MyDrive/phase11-persistent/gt_boundaries/uhcs1/800C-85H-Q-1.png,0,0,645,475,123,37
uhcs1/800C-85H-Q-1/x0_y128,uhcs1,800C-85H-Q-1,800C-85H-Q-1.png,0,128,0.064209,train,256,/content/drive/MyDrive/phase11-data/data/uhcs1/images/800C-85H-Q-1.png,/content/drive/MyDrive/phase11-persistent/gt_boundaries/uhcs1/800C-85H-Q-1.png,0,0,645,475,123,37
uhcs1/800C-85H-Q-1/x0_y256,uhcs1,800C-85H-Q-1,800C-85H-Q-1.png,0,256,0.056458,train,256,/content/drive/MyDrive/phase11-data/data/uhcs1/images/800C-85H-Q-1.png,/content/drive/MyDrive/phase11-persistent/gt_boundaries/uhcs1/800C-85H-Q-1.png,0,0,645,475,123,37
uhcs1/800C-85H-Q-1/x128_y0,uhcs1,800C-85H-Q-1,800C-85H-Q-1.png,128,0,0.063385,train,256,/content/drive/MyDrive/phase11-data/data/uhcs1/images/800C-85H-Q-1.png,/content/drive/MyDrive/phase11-persistent/gt_boundaries/uhcs1/800C-85H-Q-1.png,0,0,645,475,123,37
uhcs1/800C-85H-Q-1/x128_y128,uhcs1,800C-85H-Q-1,800C-85H-Q-1.png,128,128,0.068329,train,256,/content/drive/MyDrive/phase11-data/data/uhcs1/images/800C-85H-Q-1.png,/content/drive/MyDrive/phase11-persistent/gt_boundaries/uhcs1/800C-85H-Q-1.png,0,0,645,475,123,37
uhcs1/800C-85H-Q-1/x128_y256,uhcs1,800C-85H-Q-1,800C-85H-Q-1.png,128,256,0.074783,train,256,/content/drive/MyDrive/phase11-data/data/uhcs1/images/800C-85H-Q-1.png,/content/drive/MyDrive/phase11-persistent/gt_boundaries/uhcs1/800C-85H-Q-1.png,0,0,645,475,123,37
uhcs1/800C-85H-Q-1/x256_y0,uhcs1,800C-85H-Q-1,800C-85H-Q-1.png,256,0,0.065582,train,256,/content/drive/MyDrive/phase11-data/data/uhcs1/images/800C-85H-Q-1.png,/content/drive/MyDrive/phase11-persistent/gt_boundaries/uhcs1/800C-85H-Q-1.png,0,0,645,475,123,37
uhcs1/800C-85H-Q-1/x256_y128,uhcs1,800C-85H-Q-1,800C-85H-Q-1.png,256,128,0.066589,train,256,/content/drive/MyDrive/phase11-data/data/uhcs1/images/800C-85H-Q-1.png,/content/drive/MyDrive/phase11-persistent/gt_boundaries/uhcs1/800C-85H-Q-1.png,0,0,645,475,123,37
uhcs1/800C-85H-Q-1/x256_y256,uhcs1,800C-85H-Q-1,800C-85H-Q-1.png,256,256,0.062927,train,256,/content/drive/MyDrive/phase11-data/data/uhcs1/images/800C-85H-Q-1.png,/content/drive/MyDrive/phase11-persistent/gt_boundaries/uhcs1/800C-85H-Q-1.png,0,0,645,475,123,37
uhcs1/800C-85H-Q-1/x384_y0,uhcs1,800C-85H-Q-1,800C-85H-Q-1.png,384,0,0.064224,train,256,/content/drive/MyDrive/phase11-data/data/uhcs1/images/800C-85H-Q-1.png,/content/drive/MyDrive/phase11-persistent/gt_boundaries/uhcs1/800C-85H-Q-1.png,0,0,645,475,123,37
uhcs1/800C-85H-Q-1/x384_y128,uhcs1,800C-85H-Q-1,800C-85H-Q-1.png,384,128,0.069397,train,256,/content/drive/MyDrive/phase11-data/data/uhcs1/images/800C-85H-Q-1.png,/content/drive/MyDrive/phase11-persistent/gt_boundaries/uhcs1/800C-85H-Q-1.png,0,0,645,475,123,37
uhcs1/800C-85H-Q-1/x384_y256,uhcs1,800C-85H-Q-1,800C-85H-Q-1.png,384,256,0.05455,train,256,/content/drive/MyDrive/phase11-data/data/uhcs1/images/800C-85H-Q-1.png,/content/drive/MyDrive/phase11-persistent/gt_boundaries/uhcs1/800C-85H-Q-1.png,0,0,645,475,123,37
uhcs1/800C-85H-Q-1/x512_y0,uhcs1,800C-85H-Q-1,800C-85H-Q-1.png,512,0,0.054886,train,256,/content/drive/MyDrive/phase11-data/data/uhcs1/images/800C-85H-Q-1.png,/content/drive/MyDrive/phase11-persistent/gt_boundaries/uhcs1/800C-85H-Q-1.png,0,0,645,475,123,37
uhcs1/800C-85H-Q-1/x512_y128,uhcs1,800C-85H-Q-1,800C-85H-Q-1.png,512,128,0.06105,train,256,/content/drive/MyDrive/phase11-data/data/uhcs1/images/800C-85H-Q-1.png,/content/drive/MyDrive/phase11-persistent/gt_boundaries/uhcs1/800C-85H-Q-1.png,0,0,645,475,123,37
uhcs1/800C-85H-Q-1/x512_y256,uhcs1,800C-85H-Q-1,800C-85H-Q-1.png,512,256,0.04567,train,256,/content/drive/MyDrive/phase11-data/data/uhcs1/images/800C-85H-Q-1.png,/content/drive/MyDrive/phase11-persistent/gt_boundaries/uhcs1/800C-85H-Q-1.png,0,0,645,475,123,37
uhcs1/800C-85H-Q-2/x0_y0,uhcs1,800C-85H-Q-2,800C-85H-Q-2.png,0,0,0.062469,train,256,/content/drive/MyDrive/phase11-data/data/uhcs1/images/800C-85H-Q-2.png,/content/drive/MyDrive/phase11-persistent/gt_boundaries/uhcs1/800C-85H-Q-2.png,0,0,645,475,123,37
uhcs1/800C-85H-Q-2/x0_y128,uhcs1,800C-85H-Q-2,800C-85H-Q-2.png,0,128,0.047958,train,256,/content/drive/MyDrive/phase11-data/data/uhcs1/images/800C-85H-Q-2.png,/content/drive/MyDrive/phase11-persistent/gt_boundaries/uhcs1/800C-85H-Q-2.png,0,0,645,475,123,37
uhcs1/800C-85H-Q-2/x0_y256,uhcs1,800C-85H-Q-2,800C-85H-Q-2.png,0,256,0.041702,train,256,/content/drive/MyDrive/phase11-data/data/uhcs1/images/800C-85H-Q-2.png,/content/drive/MyDrive/phase11-persistent/gt_boundaries/uhcs1/800C-85H-Q-2.png,0,0,645,475,123,37
uhcs1/800C-85H-Q-2/x128_y0,uhcs1,800C-85H-Q-2,800C-85H-Q-2.png,128,0,0.087311,train,256,/content/drive/MyDrive/phase11-data/data/uhcs1/images/800C-85H-Q-2.png,/content/drive/MyDrive/phase11-persistent/gt_boundaries/uhcs1/800C-85H-Q-2.png,0,0,645,475,123,37
uhcs1/800C-85H-Q-2/x128_y128,uhcs1,800C-85H-Q-2,800C-85H-Q-2.png,128,128,0.043579,train,256,/content/drive/MyDrive/phase11-data/data/uhcs1/images/800C-85H-Q-2.png,/content/drive/MyDrive/phase11-persistent/gt_boundaries/uhcs1/800C-85H-Q-2.png,0,0,645,475,123,37
uhcs1/800C-85H-Q-2/x128_y256,uhcs1,800C-85H-Q-2,800C-85H-Q-2.png,128,256,0.0448,train,256,/content/drive/MyDrive/phase11-data/data/uhcs1/images/800C-85H-Q-2.png,/content/drive/MyDrive/phase11-persistent/gt_boundaries/uhcs1/800C-85H-Q-2.png,0,0,645,475,123,37
uhcs1/800C-85H-Q-2/x256_y0,uhcs1,800C-85H-Q-2,800C-85H-Q-2.png,256,0,0.084656,train,256,/content/drive/MyDrive/phase11-data/data/uhcs1/images/800C-85H-Q-2.png,/content/drive/MyDrive/phase11-persistent/gt_boundaries/uhcs1/800C-85H-Q-2.png,0,0,645,475,123,37
uhcs1/800C-85H-Q-2/x256_y128,uhcs1,800C-85H-Q-2,800C-85H-Q-2.png,256,128,0.060394,train,256,/content/drive/MyDrive/phase11-data/data/uhcs1/images/800C-85H-Q-2.png,/content/drive/MyDrive/phase11-persistent/gt_boundaries/uhcs1/800C-85H-Q-2.png,0,0,645,475,123,37
uhcs1/800C-85H-Q-2/x256_y256,uhcs1,800C-85H-Q-2,800C-85H-Q-2.png,256,256,0.054443,train,256,/content/drive/MyDrive/phase11-data/data/uhcs1/images/800C-85H-Q-2.png,/content/drive/MyDrive/phase11-persistent/gt_boundaries/uhcs1/800C-85H-Q-2.png,0,0,645,475,123,37
uhcs1/800C-85H-Q-2/x384_y0,uhcs1,800C-85H-Q-2,800C-85H-Q-2.png,384,0,0.064438,train,256,/content/drive/MyDrive/phase11-data/data/uhcs1/images/800C-85H-Q-2.png,/content/drive/MyDrive/phase11-persistent/gt_boundaries/uhcs1/800C-85H-Q-2.png,0,0,645,475,123,37
uhcs1/800C-85H-Q-2/x384_y128,uhcs1,800C-85H-Q-2,800C-85H-Q-2.png,384,128,0.053909,train,256,/content/drive/MyDrive/phase11-data/data/uhcs1/images/800C-85H-Q-2.png,/content/drive/MyDrive/phase11-persistent/gt_boundaries/uhcs1/800C-85H-Q-2.png,0,0,645,475,123,37
uhcs1/800C-85H-Q-2/x384_y256,uhcs1,800C-85H-Q-2,800C-85H-Q-2.png,384,256,0.041962,train,256,/content/drive/MyDrive/phase11-data/data/uhcs1/images/800C-85H-Q-2.png,/content/drive/MyDrive/phase11-persistent/gt_boundaries/uhcs1/800C-85H-Q-2.png,0,0,645,475,123,37
uhcs1/800C-85H-Q-2/x512_y0,uhcs1,800C-85H-Q-2,800C-85H-Q-2.png,512,0,0.046234,train,256,/content/drive/MyDrive/phase11-data/data/uhcs1/images/800C-85H-Q-2.png,/content/drive/MyDrive/phase11-persistent/gt_boundaries/uhcs1/800C-85H-Q-2.png,0,0,645,475,123,37
uhcs1/800C-85H-Q-2/x512_y128,uhcs1,800C-85H-Q-2,800C-85H-Q-2.png,512,128,0.035187,train,256,/content/drive/MyDrive/phase11-data/data/uhcs1/images/800C-85H-Q-2.png,/content/drive/MyDrive/phase11-persistent/gt_boundaries/uhcs1/800C-85H-Q-2.png,0,0,645,475,123,37
uhcs1/800C-85H-Q-2/x512_y256,uhcs1,800C-85H-Q-2,800C-85H-Q-2.png,512,256,0.020477,train,256,/content/drive/MyDrive/phase11-data/data/uhcs1/images/800C-85H-Q-2.png,/content/drive/MyDrive/phase11-persistent/gt_boundaries/uhcs1/800C-85H-Q-2.png,0,0,645,475,123,37
uhcs1/800C-85H-Q-3/x0_y0,uhcs1,800C-85H-Q-3,800C-85H-Q-3.png,0,0,0.052872,train,256,/content/drive/MyDrive/phase11-data/data/uhcs1/images/800C-85H-Q-3.png,/content/drive/MyDrive/phase11-persistent/gt_boundaries/uhcs1/800C-85H-Q-3.png,0,0,645,475,123,37
uhcs1/800C-85H-Q-3/x0_y128,uhcs1,800C-85H-Q-3,800C-85H-Q-3.png,0,128,0.070633,train,256,/content/drive/MyDrive/phase11-data/data/uhcs1/images/800C-85H-Q-3.png,/content/drive/MyDrive/phase11-persistent/gt_boundaries/uhcs1/800C-85H-Q-3.png,0,0,645,475,123,37
uhcs1/800C-85H-Q-3/x0_y256,uhcs1,800C-85H-Q-3,800C-85H-Q-3.png,0,256,0.067032,train,256,/content/drive/MyDrive/phase11-data/data/uhcs1/images/800C-85H-Q-3.png,/content/drive/MyDrive/phase11-persistent/gt_boundaries/uhcs1/800C-85H-Q-3.png,0,0,645,475,123,37
uhcs1/800C-85H-Q-3/x128_y0,uhcs1,800C-85H-Q-3,800C-85H-Q-3.png,128,0,0.051147,train,256,/content/drive/MyDrive/phase11-data/data/uhcs1/images/800C-85H-Q-3.png,/content/drive/MyDrive/phase11-persistent/gt_boundaries/uhcs1/800C-85H-Q-3.png,0,0,645,475,123,37
uhcs1/800C-85H-Q-3/x128_y128,uhcs1,800C-85H-Q-3,800C-85H-Q-3.png,128,128,0.068375,train,256,/content/drive/MyDrive/phase11-data/data/uhcs1/images/800C-85H-Q-3.png,/content/drive/MyDrive/phase11-persistent/gt_boundaries/uhcs1/800C-85H-Q-3.png,0,0,645,475,123,37
uhcs1/800C-85H-Q-3/x128_y256,uhcs1,800C-85H-Q-3,800C-85H-Q-3.png,128,256,0.054764,train,256,/content/drive/MyDrive/phase11-data/data/uhcs1/images/800C-85H-Q-3.png,/content/drive/MyDrive/phase11-persistent/gt_boundaries/uhcs1/800C-85H-Q-3.png,0,0,645,475,123,37
uhcs1/800C-85H-Q-3/x256_y0,uhcs1,800C-85H-Q-3,800C-85H-Q-3.png,256,0,0.066589,train,256,/content/drive/MyDrive/phase11-data/data/uhcs1/images/800C-85H-Q-3.png,/content/drive/MyDrive/phase11-persistent/gt_boundaries/uhcs1/800C-85H-Q-3.png,0,0,645,475,123,37
uhcs1/800C-85H-Q-3/x256_y128,uhcs1,800C-85H-Q-3,800C-85H-Q-3.png,256,128,0.070038,train,256,/content/drive/MyDrive/phase11-data/data/uhcs1/images/800C-85H-Q-3.png,/content/drive/MyDrive/phase11-persistent/gt_boundaries/uhcs1/800C-85H-Q-3.png,0,0,645,475,123,37
uhcs1/800C-85H-Q-3/x256_y256,uhcs1,800C-85H-Q-3,800C-85H-Q-3.png,256,256,0.060089,train,256,/content/drive/MyDrive/phase11-data/data/uhcs1/images/800C-85H-Q-3.png,/content/drive/MyDrive/phase11-persistent/gt_boundaries/uhcs1/800C-85H-Q-3.png,0,0,645,475,123,37
uhcs1/800C-85H-Q-3/x384_y0,uhcs1,800C-85H-Q-3,800C-85H-Q-3.png,384,0,0.061783,train,256,/content/drive/MyDrive/phase11-data/data/uhcs1/images/800C-85H-Q-3.png,/content/drive/MyDrive/phase11-persistent/gt_boundaries/uhcs1/800C-85H-Q-3.png,0,0,645,475,123,37
uhcs1/800C-85H-Q-3/x384_y128,uhcs1,800C-85H-Q-3,800C-85H-Q-3.png,384,128,0.051224,train,256,/content/drive/MyDrive/phase11-data/data/uhcs1/images/800C-85H-Q-3.png,/content/drive/MyDrive/phase11-persistent/gt_boundaries/uhcs1/800C-85H-Q-3.png,0,0,645,475,123,37
uhcs1/800C-85H-Q-3/x384_y256,uhcs1,800C-85H-Q-3,800C-85H-Q-3.png,384,256,0.050446,train,256,/content/drive/MyDrive/phase11-data/data/uhcs1/images/800C-85H-Q-3.png,/content/drive/MyDrive/phase11-persistent/gt_boundaries/uhcs1/800C-85H-Q-3.png,0,0,645,475,123,37
uhcs1/800C-85H-Q-3/x512_y0,uhcs1,800C-85H-Q-3,800C-85H-Q-3.png,512,0,0.045471,train,256,/content/drive/MyDrive/phase11-data/data/uhcs1/images/800C-85H-Q-3.png,/content/drive/MyDrive/phase11-persistent/gt_boundaries/uhcs1/800C-85H-Q-3.png,0,0,645,475,123,37
uhcs1/800C-85H-Q-3/x512_y128,uhcs1,800C-85H-Q-3,800C-85H-Q-3.png,512,128,0.036346,train,256,/content/drive/MyDrive/phase11-data/data/uhcs1/images/800C-85H-Q-3.png,/content/drive/MyDrive/phase11-persistent/gt_boundaries/uhcs1/800C-85H-Q-3.png,0,0,645,475,123,37
uhcs1/800C-85H-Q-3/x512_y256,uhcs1,800C-85H-Q-3,800C-85H-Q-3.png,512,256,0.034927,train,256,/content/drive/MyDrive/phase11-data/data/uhcs1/images/800C-85H-Q-3.png,/content/drive/MyDrive/phase11-persistent/gt_boundaries/uhcs1/800C-85H-Q-3.png,0,0,645,475,123,37
uhcs1/800C-85H-Q-5/x0_y0,uhcs1,800C-85H-Q-5,800C-85H-Q-5.png,0,0,0.090561,train,256,/content/drive/MyDrive/phase11-data/data/uhcs1/images/800C-85H-Q-5.png,/content/drive/MyDrive/phase11-persistent/gt_boundaries/uhcs1/800C-85H-Q-5.png,0,0,645,475,123,37
uhcs1/800C-85H-Q-5/x0_y128,uhcs1,800C-85H-Q-5,800C-85H-Q-5.png,0,128,0.083633,train,256,/content/drive/MyDrive/phase11-data/data/uhcs1/images/800C-85H-Q-5.png,/content/drive/MyDrive/phase11-persistent/gt_boundaries/uhcs1/800C-85H-Q-5.png,0,0,645,475,123,37
uhcs1/800C-85H-Q-5/x0_y256,uhcs1,800C-85H-Q-5,800C-85H-Q-5.png,0,256,0.072998,train,256,/content/drive/MyDrive/phase11-data/data/uhcs1/images/800C-85H-Q-5.png,/content/drive/MyDrive/phase11-persistent/gt_boundaries/uhcs1/800C-85H-Q-5.png,0,0,645,475,123,37
uhcs1/800C-85H-Q-5/x128_y0,uhcs1,800C-85H-Q-5,800C-85H-Q-5.png,128,0,0.104004,train,256,/content/drive/MyDrive/phase11-data/data/uhcs1/images/800C-85H-Q-5.png,/content/drive/MyDrive/phase11-persistent/gt_boundaries/uhcs1/800C-85H-Q-5.png,0,0,645,475,123,37
uhcs1/800C-85H-Q-5/x128_y128,uhcs1,800C-85H-Q-5,800C-85H-Q-5.png,128,128,0.096771,train,256,/content/drive/MyDrive/phase11-data/data/uhcs1/images/800C-85H-Q-5.png,/content/drive/MyDrive/phase11-persistent/gt_boundaries/uhcs1/800C-85H-Q-5.png,0,0,645,475,123,37
uhcs1/800C-85H-Q-5/x128_y256,uhcs1,800C-85H-Q-5,800C-85H-Q-5.png,128,256,0.09491,train,256,/content/drive/MyDrive/phase11-data/data/uhcs1/images/800C-85H-Q-5.png,/content/drive/MyDrive/phase11-persistent/gt_boundaries/uhcs1/800C-85H-Q-5.png,0,0,645,475,123,37
uhcs1/800C-85H-Q-5/x256_y0,uhcs1,800C-85H-Q-5,800C-85H-Q-5.png,256,0,0.096375,train,256,/content/drive/MyDrive/phase11-data/data/uhcs1/images/800C-85H-Q-5.png,/content/drive/MyDrive/phase11-persistent/gt_boundaries/uhcs1/800C-85H-Q-5.png,0,0,645,475,123,37
uhcs1/800C-85H-Q-5/x256_y128,uhcs1,800C-85H-Q-5,800C-85H-Q-5.png,256,128,0.099686,train,256,/content/drive/MyDrive/phase11-data/data/uhcs1/images/800C-85H-Q-5.png,/content/drive/MyDrive/phase11-persistent/gt_boundaries/uhcs1/800C-85H-Q-5.png,0,0,645,475,123,37
uhcs1/800C-85H-Q-5/x256_y256,uhcs1,800C-85H-Q-5,800C-85H-Q-5.png,256,256,0.108185,train,256,/content/drive/MyDrive/phase11-data/data/uhcs1/images/800C-85H-Q-5.png,/content/drive/MyDrive/phase11-persistent/gt_boundaries/uhcs1/800C-85H-Q-5.png,0,0,645,475,123,37
uhcs1/800C-85H-Q-5/x384_y0,uhcs1,800C-85H-Q-5,800C-85H-Q-5.png,384,0,0.081909,train,256,/content/drive/MyDrive/phase11-data/data/uhcs1/images/800C-85H-Q-5.png,/content/drive/MyDrive/phase11-persistent/gt_boundaries/uhcs1/800C-85H-Q-5.png,0,0,645,475,123,37
uhcs1/800C-85H-Q-5/x384_y128,uhcs1,800C-85H-Q-5,800C-85H-Q-5.png,384,128,0.070099,train,256,/content/drive/MyDrive/phase11-data/data/uhcs1/images/800C-85H-Q-5.png,/content/drive/MyDrive/phase11-persistent/gt_boundaries/uhcs1/800C-85H-Q-5.png,0,0,645,475,123,37
uhcs1/800C-85H-Q-5/x384_y256,uhcs1,800C-85H-Q-5,800C-85H-Q-5.png,384,256,0.08577,train,256,/content/drive/MyDrive/phase11-data/data/uhcs1/images/800C-85H-Q-5.png,/content/drive/MyDrive/phase11-persistent/gt_boundaries/uhcs1/800C-85H-Q-5.png,0,0,645,475,123,37
uhcs1/800C-85H-Q-5/x512_y0,uhcs1,800C-85H-Q-5,800C-85H-Q-5.png,512,0,0.072586,train,256,/content/drive/MyDrive/phase11-data/data/uhcs1/images/800C-85H-Q-5.png,/content/drive/MyDrive/phase11-persistent/gt_boundaries/uhcs1/800C-85H-Q-5.png,0,0,645,475,123,37
uhcs1/800C-85H-Q-5/x512_y128,uhcs1,800C-85H-Q-5,800C-85H-Q-5.png,512,128,0.046722,train,256,/content/drive/MyDrive/phase11-data/data/uhcs1/images/800C-85H-Q-5.png,/content/drive/MyDrive/phase11-persistent/gt_boundaries/uhcs1/800C-85H-Q-5.png,0,0,645,475,123,37
uhcs1/800C-85H-Q-5/x512_y256,uhcs1,800C-85H-Q-5,800C-85H-Q-5.png,512,256,0.068756,train,256,/content/drive/MyDrive/phase11-data/data/uhcs1/images/800C-85H-Q-5.png,/content/drive/MyDrive/phase11-persistent/gt_boundaries/uhcs1/800C-85H-Q-5.png,0,0,645,475,123,37
uhcs1/800C-85H-Q-6/x0_y0,uhcs1,800C-85H-Q-6,800C-85H-Q-6.png,0,0,0.076385,train,256,/content/drive/MyDrive/phase11-data/data/uhcs1/images/800C-85H-Q-6.png,/content/drive/MyDrive/phase11-persistent/gt_boundaries/uhcs1/800C-85H-Q-6.png,0,0,645,475,123,37
uhcs1/800C-85H-Q-6/x0_y128,uhcs1,800C-85H-Q-6,800C-85H-Q-6.png,0,128,0.077606,train,256,/content/drive/MyDrive/phase11-data/data/uhcs1/images/800C-85H-Q-6.png,/content/drive/MyDrive/phase11-persistent/gt_boundaries/uhcs1/800C-85H-Q-6.png,0,0,645,475,123,37
uhcs1/800C-85H-Q-6/x0_y256,uhcs1,800C-85H-Q-6,800C-85H-Q-6.png,0,256,0.066162,train,256,/content/drive/MyDrive/phase11-data/data/uhcs1/images/800C-85H-Q-6.png,/content/drive/MyDrive/phase11-persistent/gt_boundaries/uhcs1/800C-85H-Q-6.png,0,0,645,475,123,37
uhcs1/800C-85H-Q-6/x128_y0,uhcs1,800C-85H-Q-6,800C-85H-Q-6.png,128,0,0.11853,train,256,/content/drive/MyDrive/phase11-data/data/uhcs1/images/800C-85H-Q-6.png,/content/drive/MyDrive/phase11-persistent/gt_boundaries/uhcs1/800C-85H-Q-6.png,0,0,645,475,123,37
uhcs1/800C-85H-Q-6/x128_y128,uhcs1,800C-85H-Q-6,800C-85H-Q-6.png,128,128,0.103973,train,256,/content/drive/MyDrive/phase11-data/data/uhcs1/images/800C-85H-Q-6.png,/content/drive/MyDrive/phase11-persistent/gt_boundaries/uhcs1/800C-85H-Q-6.png,0,0,645,475,123,37
uhcs1/800C-85H-Q-6/x128_y256,uhcs1,800C-85H-Q-6,800C-85H-Q-6.png,128,256,0.086197,train,256,/content/drive/MyDrive/phase11-data/data/uhcs1/images/800C-85H-Q-6.png,/content/drive/MyDrive/phase11-persistent/gt_boundaries/uhcs1/800C-85H-Q-6.png,0,0,645,475,123,37
uhcs1/800C-85H-Q-6/x256_y0,uhcs1,800C-85H-Q-6,800C-85H-Q-6.png,256,0,0.12674,train,256,/content/drive/MyDrive/phase11-data/data/uhcs1/images/800C-85H-Q-6.png,/content/drive/MyDrive/phase11-persistent/gt_boundaries/uhcs1/800C-85H-Q-6.png,0,0,645,475,123,37
uhcs1/800C-85H-Q-6/x256_y128,uhcs1,800C-85H-Q-6,800C-85H-Q-6.png,256,128,0.102325,train,256,/content/drive/MyDrive/phase11-data/data/uhcs1/images/800C-85H-Q-6.png,/content/drive/MyDrive/phase11-persistent/gt_boundaries/uhcs1/800C-85H-Q-6.png,0,0,645,475,123,37
uhcs1/800C-85H-Q-6/x256_y256,uhcs1,800C-85H-Q-6,800C-85H-Q-6.png,256,256,0.096085,train,256,/content/drive/MyDrive/phase11-data/data/uhcs1/images/800C-85H-Q-6.png,/content/drive/MyDrive/phase11-persistent/gt_boundaries/uhcs1/800C-85H-Q-6.png,0,0,645,475,123,37
uhcs1/800C-85H-Q-6/x384_y0,uhcs1,800C-85H-Q-6,800C-85H-Q-6.png,384,0,0.101395,train,256,/content/drive/MyDrive/phase11-data/data/uhcs1/images/800C-85H-Q-6.png,/content/drive/MyDrive/phase11-persistent/gt_boundaries/uhcs1/800C-85H-Q-6.png,0,0,645,475,123,37
uhcs1/800C-85H-Q-6/x384_y128,uhcs1,800C-85H-Q-6,800C-85H-Q-6.png,384,128,0.084335,train,256,/content/drive/MyDrive/phase11-data/data/uhcs1/images/800C-85H-Q-6.png,/content/drive/MyDrive/phase11-persistent/gt_boundaries/uhcs1/800C-85H-Q-6.png,0,0,645,475,123,37
uhcs1/800C-85H-Q-6/x384_y256,uhcs1,800C-85H-Q-6,800C-85H-Q-6.png,384,256,0.094193,train,256,/content/drive/MyDrive/phase11-data/data/uhcs1/images/800C-85H-Q-6.png,/content/drive/MyDrive/phase11-persistent/gt_boundaries/uhcs1/800C-85H-Q-6.png,0,0,645,475,123,37
uhcs1/800C-85H-Q-6/x512_y0,uhcs1,800C-85H-Q-6,800C-85H-Q-6.png,512,0,0.098145,train,256,/content/drive/MyDrive/phase11-data/data/uhcs1/images/800C-85H-Q-6.png,/content/drive/MyDrive/phase11-persistent/gt_boundaries/uhcs1/800C-85H-Q-6.png,0,0,645,475,123,37
uhcs1/800C-85H-Q-6/x512_y128,uhcs1,800C-85H-Q-6,800C-85H-Q-6.png,512,128,0.080612,train,256,/content/drive/MyDrive/phase11-data/data/uhcs1/images/800C-85H-Q-6.png,/content/drive/MyDrive/phase11-persistent/gt_boundaries/uhcs1/800C-85H-Q-6.png,0,0,645,475,123,37
uhcs1/800C-85H-Q-6/x512_y256,uhcs1,800C-85H-Q-6,800C-85H-Q-6.png,512,256,0.094498,train,256,/content/drive/MyDrive/phase11-data/data/uhcs1/images/800C-85H-Q-6.png,/content/drive/MyDrive/phase11-persistent/gt_boundaries/uhcs1/800C-85H-Q-6.png,0,0,645,475,123,37
uhcs1/800C-8H-Q-1/x0_y0,uhcs1,800C-8H-Q-1,800C-8H-Q-1.png,0,0,0.102051,train,256,/content/drive/MyDrive/phase11-data/data/uhcs1/images/800C-8H-Q-1.png,/content/drive/MyDrive/phase11-persistent/gt_boundaries/uhcs1/800C-8H-Q-1.png,0,0,645,475,123,37
uhcs1/800C-8H-Q-1/x0_y128,uhcs1,800C-8H-Q-1,800C-8H-Q-1.png,0,128,0.110031,train,256,/content/drive/MyDrive/phase11-data/data/uhcs1/images/800C-8H-Q-1.png,/content/drive/MyDrive/phase11-persistent/gt_boundaries/uhcs1/800C-8H-Q-1.png,0,0,645,475,123,37
uhcs1/800C-8H-Q-1/x0_y256,uhcs1,800C-8H-Q-1,800C-8H-Q-1.png,0,256,0.134094,train,256,/content/drive/MyDrive/phase11-data/data/uhcs1/images/800C-8H-Q-1.png,/content/drive/MyDrive/phase11-persistent/gt_boundaries/uhcs1/800C-8H-Q-1.png,0,0,645,475,123,37
uhcs1/800C-8H-Q-1/x128_y0,uhcs1,800C-8H-Q-1,800C-8H-Q-1.png,128,0,0.108215,train,256,/content/drive/MyDrive/phase11-data/data/uhcs1/images/800C-8H-Q-1.png,/content/drive/MyDrive/phase11-persistent/gt_boundaries/uhcs1/800C-8H-Q-1.png,0,0,645,475,123,37
uhcs1/800C-8H-Q-1/x128_y128,uhcs1,800C-8H-Q-1,800C-8H-Q-1.png,128,128,0.09668,train,256,/content/drive/MyDrive/phase11-data/data/uhcs1/images/800C-8H-Q-1.png,/content/drive/MyDrive/phase11-persistent/gt_boundaries/uhcs1/800C-8H-Q-1.png,0,0,645,475,123,37
uhcs1/800C-8H-Q-1/x128_y256,uhcs1,800C-8H-Q-1,800C-8H-Q-1.png,128,256,0.105621,train,256,/content/drive/MyDrive/phase11-data/data/uhcs1/images/800C-8H-Q-1.png,/content/drive/MyDrive/phase11-persistent/gt_boundaries/uhcs1/800C-8H-Q-1.png,0,0,645,475,123,37
uhcs1/800C-8H-Q-1/x256_y0,uhcs1,800C-8H-Q-1,800C-8H-Q-1.png,256,0,0.121155,train,256,/content/drive/MyDrive/phase11-data/data/uhcs1/images/800C-8H-Q-1.png,/content/drive/MyDrive/phase11-persistent/gt_boundaries/uhcs1/800C-8H-Q-1.png,0,0,645,475,123,37
uhcs1/800C-8H-Q-1/x256_y128,uhcs1,800C-8H-Q-1,800C-8H-Q-1.png,256,128,0.097427,train,256,/content/drive/MyDrive/phase11-data/data/uhcs1/images/800C-8H-Q-1.png,/content/drive/MyDrive/phase11-persistent/gt_boundaries/uhcs1/800C-8H-Q-1.png,0,0,645,475,123,37
uhcs1/800C-8H-Q-1/x256_y256,uhcs1,800C-8H-Q-1,800C-8H-Q-1.png,256,256,0.090698,train,256,/content/drive/MyDrive/phase11-data/data/uhcs1/images/800C-8H-Q-1.png,/content/drive/MyDrive/phase11-persistent/gt_boundaries/uhcs1/800C-8H-Q-1.png,0,0,645,475,123,37
uhcs1/800C-8H-Q-1/x384_y0,uhcs1,800C-8H-Q-1,800C-8H-Q-1.png,384,0,0.111633,train,256,/content/drive/MyDrive/phase11-data/data/uhcs1/images/800C-8H-Q-1.png,/content/drive/MyDrive/phase11-persistent/gt_boundaries/uhcs1/800C-8H-Q-1.png,0,0,645,475,123,37
uhcs1/800C-8H-Q-1/x384_y128,uhcs1,800C-8H-Q-1,800C-8H-Q-1.png,384,128,0.115372,train,256,/content/drive/MyDrive/phase11-data/data/uhcs1/images/800C-8H-Q-1.png,/content/drive/MyDrive/phase11-persistent/gt_boundaries/uhcs1/800C-8H-Q-1.png,0,0,645,475,123,37
uhcs1/800C-8H-Q-1/x384_y256,uhcs1,800C-8H-Q-1,800C-8H-Q-1.png,384,256,0.112167,train,256,/content/drive/MyDrive/phase11-data/data/uhcs1/images/800C-8H-Q-1.png,/content/drive/MyDrive/phase11-persistent/gt_boundaries/uhcs1/800C-8H-Q-1.png,0,0,645,475,123,37
uhcs1/800C-8H-Q-1/x512_y0,uhcs1,800C-8H-Q-1,800C-8H-Q-1.png,512,0,0.094666,train,256,/content/drive/MyDrive/phase11-data/data/uhcs1/images/800C-8H-Q-1.png,/content/drive/MyDrive/phase11-persistent/gt_boundaries/uhcs1/800C-8H-Q-1.png,0,0,645,475,123,37
uhcs1/800C-8H-Q-1/x512_y128,uhcs1,800C-8H-Q-1,800C-8H-Q-1.png,512,128,0.112534,train,256,/content/drive/MyDrive/phase11-data/data/uhcs1/images/800C-8H-Q-1.png,/content/drive/MyDrive/phase11-persistent/gt_boundaries/uhcs1/800C-8H-Q-1.png,0,0,645,475,123,37
uhcs1/800C-8H-Q-1/x512_y256,uhcs1,800C-8H-Q-1,800C-8H-Q-1.png,512,256,0.110626,train,256,/content/drive/MyDrive/phase11-data/data/uhcs1/images/800C-8H-Q-1.png,/content/drive/MyDrive/phase11-persistent/gt_boundaries/uhcs1/800C-8H-Q-1.png,0,0,645,475,123,37
uhcs1/800C-8H-Q-3/x0_y0,uhcs1,800C-8H-Q-3,800C-8H-Q-3.png,0,0,0.083649,train,256,/content/drive/MyDrive/phase11-data/data/uhcs1/images/800C-8H-Q-3.png,/content/drive/MyDrive/phase11-persistent/gt_boundaries/uhcs1/800C-8H-Q-3.png,0,0,645,475,123,37
uhcs1/800C-8H-Q-3/x0_y128,uhcs1,800C-8H-Q-3,800C-8H-Q-3.png,0,128,0.107391,train,256,/content/drive/MyDrive/phase11-data/data/uhcs1/images/800C-8H-Q-3.png,/content/drive/MyDrive/phase11-persistent/gt_boundaries/uhcs1/800C-8H-Q-3.png,0,0,645,475,123,37
uhcs1/800C-8H-Q-3/x0_y256,uhcs1,800C-8H-Q-3,800C-8H-Q-3.png,0,256,0.102402,train,256,/content/drive/MyDrive/phase11-data/data/uhcs1/images/800C-8H-Q-3.png,/content/drive/MyDrive/phase11-persistent/gt_boundaries/uhcs1/800C-8H-Q-3.png,0,0,645,475,123,37
uhcs1/800C-8H-Q-3/x128_y0,uhcs1,800C-8H-Q-3,800C-8H-Q-3.png,128,0,0.080582,train,256,/content/drive/MyDrive/phase11-data/data/uhcs1/images/800C-8H-Q-3.png,/content/drive/MyDrive/phase11-persistent/gt_boundaries/uhcs1/800C-8H-Q-3.png,0,0,645,475,123,37
uhcs1/800C-8H-Q-3/x128_y128,uhcs1,800C-8H-Q-3,800C-8H-Q-3.png,128,128,0.095108,train,256,/content/drive/MyDrive/phase11-data/data/uhcs1/images/800C-8H-Q-3.png,/content/drive/MyDrive/phase11-persistent/gt_boundaries/uhcs1/800C-8H-Q-3.png,0,0,645,475,123,37
uhcs1/800C-8H-Q-3/x128_y256,uhcs1,800C-8H-Q-3,800C-8H-Q-3.png,128,256,0.090057,train,256,/content/drive/MyDrive/phase11-data/data/uhcs1/images/800C-8H-Q-3.png,/content/drive/MyDrive/phase11-persistent/gt_boundaries/uhcs1/800C-8H-Q-3.png,0,0,645,475,123,37
uhcs1/800C-8H-Q-3/x256_y0,uhcs1,800C-8H-Q-3,800C-8H-Q-3.png,256,0,0.079697,train,256,/content/drive/MyDrive/phase11-data/data/uhcs1/images/800C-8H-Q-3.png,/content/drive/MyDrive/phase11-persistent/gt_boundaries/uhcs1/800C-8H-Q-3.png,0,0,645,475,123,37
uhcs1/800C-8H-Q-3/x256_y128,uhcs1,800C-8H-Q-3,800C-8H-Q-3.png,256,128,0.077942,train,256,/content/drive/MyDrive/phase11-data/data/uhcs1/images/800C-8H-Q-3.png,/content/drive/MyDrive/phase11-persistent/gt_boundaries/uhcs1/800C-8H-Q-3.png,0,0,645,475,123,37
uhcs1/800C-8H-Q-3/x256_y256,uhcs1,800C-8H-Q-3,800C-8H-Q-3.png,256,256,0.080017,train,256,/content/drive/MyDrive/phase11-data/data/uhcs1/images/800C-8H-Q-3.png,/content/drive/MyDrive/phase11-persistent/gt_boundaries/uhcs1/800C-8H-Q-3.png,0,0,645,475,123,37
uhcs1/800C-8H-Q-3/x384_y0,uhcs1,800C-8H-Q-3,800C-8H-Q-3.png,384,0,0.078217,train,256,/content/drive/MyDrive/phase11-data/data/uhcs1/images/800C-8H-Q-3.png,/content/drive/MyDrive/phase11-persistent/gt_boundaries/uhcs1/800C-8H-Q-3.png,0,0,645,475,123,37
uhcs1/800C-8H-Q-3/x384_y128,uhcs1,800C-8H-Q-3,800C-8H-Q-3.png,384,128,0.067291,train,256,/content/drive/MyDrive/phase11-data/data/uhcs1/images/800C-8H-Q-3.png,/content/drive/MyDrive/phase11-persistent/gt_boundaries/uhcs1/800C-8H-Q-3.png,0,0,645,475,123,37
uhcs1/800C-8H-Q-3/x384_y256,uhcs1,800C-8H-Q-3,800C-8H-Q-3.png,384,256,0.068665,train,256,/content/drive/MyDrive/phase11-data/data/uhcs1/images/800C-8H-Q-3.png,/content/drive/MyDrive/phase11-persistent/gt_boundaries/uhcs1/800C-8H-Q-3.png,0,0,645,475,123,37
uhcs1/800C-8H-Q-3/x512_y0,uhcs1,800C-8H-Q-3,800C-8H-Q-3.png,512,0,0.076584,train,256,/content/drive/MyDrive/phase11-data/data/uhcs1/images/800C-8H-Q-3.png,/content/drive/MyDrive/phase11-persistent/gt_boundaries/uhcs1/800C-8H-Q-3.png,0,0,645,475,123,37
uhcs1/800C-8H-Q-3/x512_y128,uhcs1,800C-8H-Q-3,800C-8H-Q-3.png,512,128,0.062012,train,256,/content/drive/MyDrive/phase11-data/data/uhcs1/images/800C-8H-Q-3.png,/content/drive/MyDrive/phase11-persistent/gt_boundaries/uhcs1/800C-8H-Q-3.png,0,0,645,475,123,37
uhcs1/800C-8H-Q-3/x512_y256,uhcs1,800C-8H-Q-3,800C-8H-Q-3.png,512,256,0.052048,train,256,/content/drive/MyDrive/phase11-data/data/uhcs1/images/800C-8H-Q-3.png,/content/drive/MyDrive/phase11-persistent/gt_boundaries/uhcs1/800C-8H-Q-3.png,0,0,645,475,123,37
uhcs1/800C-8H-Q-4/x0_y0,uhcs1,800C-8H-Q-4,800C-8H-Q-4.png,0,0,0.083328,train,256,/content/drive/MyDrive/phase11-data/data/uhcs1/images/800C-8H-Q-4.png,/content/drive/MyDrive/phase11-persistent/gt_boundaries/uhcs1/800C-8H-Q-4.png,0,0,645,475,123,37
uhcs1/800C-8H-Q-4/x0_y128,uhcs1,800C-8H-Q-4,800C-8H-Q-4.png,0,128,0.073517,train,256,/content/drive/MyDrive/phase11-data/data/uhcs1/images/800C-8H-Q-4.png,/content/drive/MyDrive/phase11-persistent/gt_boundaries/uhcs1/800C-8H-Q-4.png,0,0,645,475,123,37
uhcs1/800C-8H-Q-4/x0_y256,uhcs1,800C-8H-Q-4,800C-8H-Q-4.png,0,256,0.072586,train,256,/content/drive/MyDrive/phase11-data/data/uhcs1/images/800C-8H-Q-4.png,/content/drive/MyDrive/phase11-persistent/gt_boundaries/uhcs1/800C-8H-Q-4.png,0,0,645,475,123,37
uhcs1/800C-8H-Q-4/x128_y0,uhcs1,800C-8H-Q-4,800C-8H-Q-4.png,128,0,0.077484,train,256,/content/drive/MyDrive/phase11-data/data/uhcs1/images/800C-8H-Q-4.png,/content/drive/MyDrive/phase11-persistent/gt_boundaries/uhcs1/800C-8H-Q-4.png,0,0,645,475,123,37
uhcs1/800C-8H-Q-4/x128_y128,uhcs1,800C-8H-Q-4,800C-8H-Q-4.png,128,128,0.080139,train,256,/content/drive/MyDrive/phase11-data/data/uhcs1/images/800C-8H-Q-4.png,/content/drive/MyDrive/phase11-persistent/gt_boundaries/uhcs1/800C-8H-Q-4.png,0,0,645,475,123,37
uhcs1/800C-8H-Q-4/x128_y256,uhcs1,800C-8H-Q-4,800C-8H-Q-4.png,128,256,0.066986,train,256,/content/drive/MyDrive/phase11-data/data/uhcs1/images/800C-8H-Q-4.png,/content/drive/MyDrive/phase11-persistent/gt_boundaries/uhcs1/800C-8H-Q-4.png,0,0,645,475,123,37
uhcs1/800C-8H-Q-4/x256_y0,uhcs1,800C-8H-Q-4,800C-8H-Q-4.png,256,0,0.083862,train,256,/content/drive/MyDrive/phase11-data/data/uhcs1/images/800C-8H-Q-4.png,/content/drive/MyDrive/phase11-persistent/gt_boundaries/uhcs1/800C-8H-Q-4.png,0,0,645,475,123,37
uhcs1/800C-8H-Q-4/x256_y128,uhcs1,800C-8H-Q-4,800C-8H-Q-4.png,256,128,0.076584,train,256,/content/drive/MyDrive/phase11-data/data/uhcs1/images/800C-8H-Q-4.png,/content/drive/MyDrive/phase11-persistent/gt_boundaries/uhcs1/800C-8H-Q-4.png,0,0,645,475,123,37
uhcs1/800C-8H-Q-4/x256_y256,uhcs1,800C-8H-Q-4,800C-8H-Q-4.png,256,256,0.054642,train,256,/content/drive/MyDrive/phase11-data/data/uhcs1/images/800C-8H-Q-4.png,/content/drive/MyDrive/phase11-persistent/gt_boundaries/uhcs1/800C-8H-Q-4.png,0,0,645,475,123,37
uhcs1/800C-8H-Q-4/x384_y0,uhcs1,800C-8H-Q-4,800C-8H-Q-4.png,384,0,0.08371,train,256,/content/drive/MyDrive/phase11-data/data/uhcs1/images/800C-8H-Q-4.png,/content/drive/MyDrive/phase11-persistent/gt_boundaries/uhcs1/800C-8H-Q-4.png,0,0,645,475,123,37
uhcs1/800C-8H-Q-4/x384_y128,uhcs1,800C-8H-Q-4,800C-8H-Q-4.png,384,128,0.074524,train,256,/content/drive/MyDrive/phase11-data/data/uhcs1/images/800C-8H-Q-4.png,/content/drive/MyDrive/phase11-persistent/gt_boundaries/uhcs1/800C-8H-Q-4.png,0,0,645,475,123,37
uhcs1/800C-8H-Q-4/x384_y256,uhcs1,800C-8H-Q-4,800C-8H-Q-4.png,384,256,0.053223,train,256,/content/drive/MyDrive/phase11-data/data/uhcs1/images/800C-8H-Q-4.png,/content/drive/MyDrive/phase11-persistent/gt_boundaries/uhcs1/800C-8H-Q-4.png,0,0,645,475,123,37
uhcs1/800C-8H-Q-4/x512_y0,uhcs1,800C-8H-Q-4,800C-8H-Q-4.png,512,0,0.070908,train,256,/content/drive/MyDrive/phase11-data/data/uhcs1/images/800C-8H-Q-4.png,/content/drive/MyDrive/phase11-persistent/gt_boundaries/uhcs1/800C-8H-Q-4.png,0,0,645,475,123,37
uhcs1/800C-8H-Q-4/x512_y128,uhcs1,800C-8H-Q-4,800C-8H-Q-4.png,512,128,0.073486,train,256,/content/drive/MyDrive/phase11-data/data/uhcs1/images/800C-8H-Q-4.png,/content/drive/MyDrive/phase11-persistent/gt_boundaries/uhcs1/800C-8H-Q-4.png,0,0,645,475,123,37
uhcs1/800C-8H-Q-4/x512_y256,uhcs1,800C-8H-Q-4,800C-8H-Q-4.png,512,256,0.060135,train,256,/content/drive/MyDrive/phase11-data/data/uhcs1/images/800C-8H-Q-4.png,/content/drive/MyDrive/phase11-persistent/gt_boundaries/uhcs1/800C-8H-Q-4.png,0,0,645,475,123,37
uhcs1/970C-5M-Q-1/x0_y0,uhcs1,970C-5M-Q-1,970C-5M-Q-1.png,0,0,0.083481,train,256,/content/drive/MyDrive/phase11-data/data/uhcs1/images/970C-5M-Q-1.png,/content/drive/MyDrive/phase11-persistent/gt_boundaries/uhcs1/970C-5M-Q-1.png,0,0,645,475,123,37
uhcs1/970C-5M-Q-1/x0_y128,uhcs1,970C-5M-Q-1,970C-5M-Q-1.png,0,128,0.093384,train,256,/content/drive/MyDrive/phase11-data/data/uhcs1/images/970C-5M-Q-1.png,/content/drive/MyDrive/phase11-persistent/gt_boundaries/uhcs1/970C-5M-Q-1.png,0,0,645,475,123,37
uhcs1/970C-5M-Q-1/x0_y256,uhcs1,970C-5M-Q-1,970C-5M-Q-1.png,0,256,0.102509,train,256,/content/drive/MyDrive/phase11-data/data/uhcs1/images/970C-5M-Q-1.png,/content/drive/MyDrive/phase11-persistent/gt_boundaries/uhcs1/970C-5M-Q-1.png,0,0,645,475,123,37
uhcs1/970C-5M-Q-1/x128_y0,uhcs1,970C-5M-Q-1,970C-5M-Q-1.png,128,0,0.089386,train,256,/content/drive/MyDrive/phase11-data/data/uhcs1/images/970C-5M-Q-1.png,/content/drive/MyDrive/phase11-persistent/gt_boundaries/uhcs1/970C-5M-Q-1.png,0,0,645,475,123,37
uhcs1/970C-5M-Q-1/x128_y128,uhcs1,970C-5M-Q-1,970C-5M-Q-1.png,128,128,0.094788,train,256,/content/drive/MyDrive/phase11-data/data/uhcs1/images/970C-5M-Q-1.png,/content/drive/MyDrive/phase11-persistent/gt_boundaries/uhcs1/970C-5M-Q-1.png,0,0,645,475,123,37
uhcs1/970C-5M-Q-1/x128_y256,uhcs1,970C-5M-Q-1,970C-5M-Q-1.png,128,256,0.110718,train,256,/content/drive/MyDrive/phase11-data/data/uhcs1/images/970C-5M-Q-1.png,/content/drive/MyDrive/phase11-persistent/gt_boundaries/uhcs1/970C-5M-Q-1.png,0,0,645,475,123,37
uhcs1/970C-5M-Q-1/x256_y0,uhcs1,970C-5M-Q-1,970C-5M-Q-1.png,256,0,0.098083,train,256,/content/drive/MyDrive/phase11-data/data/uhcs1/images/970C-5M-Q-1.png,/content/drive/MyDrive/phase11-persistent/gt_boundaries/uhcs1/970C-5M-Q-1.png,0,0,645,475,123,37
uhcs1/970C-5M-Q-1/x256_y128,uhcs1,970C-5M-Q-1,970C-5M-Q-1.png,256,128,0.096893,train,256,/content/drive/MyDrive/phase11-data/data/uhcs1/images/970C-5M-Q-1.png,/content/drive/MyDrive/phase11-persistent/gt_boundaries/uhcs1/970C-5M-Q-1.png,0,0,645,475,123,37
uhcs1/970C-5M-Q-1/x256_y256,uhcs1,970C-5M-Q-1,970C-5M-Q-1.png,256,256,0.103531,train,256,/content/drive/MyDrive/phase11-data/data/uhcs1/images/970C-5M-Q-1.png,/content/drive/MyDrive/phase11-persistent/gt_boundaries/uhcs1/970C-5M-Q-1.png,0,0,645,475,123,37
uhcs1/970C-5M-Q-1/x384_y0,uhcs1,970C-5M-Q-1,970C-5M-Q-1.png,384,0,0.106216,train,256,/content/drive/MyDrive/phase11-data/data/uhcs1/images/970C-5M-Q-1.png,/content/drive/MyDrive/phase11-persistent/gt_boundaries/uhcs1/970C-5M-Q-1.png,0,0,645,475,123,37
uhcs1/970C-5M-Q-1/x384_y128,uhcs1,970C-5M-Q-1,970C-5M-Q-1.png,384,128,0.102936,train,256,/content/drive/MyDrive/phase11-data/data/uhcs1/images/970C-5M-Q-1.png,/content/drive/MyDrive/phase11-persistent/gt_boundaries/uhcs1/970C-5M-Q-1.png,0,0,645,475,123,37
uhcs1/970C-5M-Q-1/x384_y256,uhcs1,970C-5M-Q-1,970C-5M-Q-1.png,384,256,0.103256,train,256,/content/drive/MyDrive/phase11-data/data/uhcs1/images/970C-5M-Q-1.png,/content/drive/MyDrive/phase11-persistent/gt_boundaries/uhcs1/970C-5M-Q-1.png,0,0,645,475,123,37
uhcs1/970C-5M-Q-1/x512_y0,uhcs1,970C-5M-Q-1,970C-5M-Q-1.png,512,0,0.108261,train,256,/content/drive/MyDrive/phase11-data/data/uhcs1/images/970C-5M-Q-1.png,/content/drive/MyDrive/phase11-persistent/gt_boundaries/uhcs1/970C-5M-Q-1.png,0,0,645,475,123,37
uhcs1/970C-5M-Q-1/x512_y128,uhcs1,970C-5M-Q-1,970C-5M-Q-1.png,512,128,0.107773,train,256,/content/drive/MyDrive/phase11-data/data/uhcs1/images/970C-5M-Q-1.png,/content/drive/MyDrive/phase11-persistent/gt_boundaries/uhcs1/970C-5M-Q-1.png,0,0,645,475,123,37
uhcs1/970C-5M-Q-1/x512_y256,uhcs1,970C-5M-Q-1,970C-5M-Q-1.png,512,256,0.10704,train,256,/content/drive/MyDrive/phase11-data/data/uhcs1/images/970C-5M-Q-1.png,/content/drive/MyDrive/phase11-persistent/gt_boundaries/uhcs1/970C-5M-Q-1.png,0,0,645,475,123,37
uhcs1/970C-5M-Q-2/x0_y0,uhcs1,970C-5M-Q-2,970C-5M-Q-2.png,0,0,0.10141,train,256,/content/drive/MyDrive/phase11-data/data/uhcs1/images/970C-5M-Q-2.png,/content/drive/MyDrive/phase11-persistent/gt_boundaries/uhcs1/970C-5M-Q-2.png,0,0,645,475,123,37
uhcs1/970C-5M-Q-2/x0_y128,uhcs1,970C-5M-Q-2,970C-5M-Q-2.png,0,128,0.116547,train,256,/content/drive/MyDrive/phase11-data/data/uhcs1/images/970C-5M-Q-2.png,/content/drive/MyDrive/phase11-persistent/gt_boundaries/uhcs1/970C-5M-Q-2.png,0,0,645,475,123,37
uhcs1/970C-5M-Q-2/x0_y256,uhcs1,970C-5M-Q-2,970C-5M-Q-2.png,0,256,0.112167,train,256,/content/drive/MyDrive/phase11-data/data/uhcs1/images/970C-5M-Q-2.png,/content/drive/MyDrive/phase11-persistent/gt_boundaries/uhcs1/970C-5M-Q-2.png,0,0,645,475,123,37
uhcs1/970C-5M-Q-2/x128_y0,uhcs1,970C-5M-Q-2,970C-5M-Q-2.png,128,0,0.105209,train,256,/content/drive/MyDrive/phase11-data/data/uhcs1/images/970C-5M-Q-2.png,/content/drive/MyDrive/phase11-persistent/gt_boundaries/uhcs1/970C-5M-Q-2.png,0,0,645,475,123,37
uhcs1/970C-5M-Q-2/x128_y128,uhcs1,970C-5M-Q-2,970C-5M-Q-2.png,128,128,0.127899,train,256,/content/drive/MyDrive/phase11-data/data/uhcs1/images/970C-5M-Q-2.png,/content/drive/MyDrive/phase11-persistent/gt_boundaries/uhcs1/970C-5M-Q-2.png,0,0,645,475,123,37
uhcs1/970C-5M-Q-2/x128_y256,uhcs1,970C-5M-Q-2,970C-5M-Q-2.png,128,256,0.131821,train,256,/content/drive/MyDrive/phase11-data/data/uhcs1/images/970C-5M-Q-2.png,/content/drive/MyDrive/phase11-persistent/gt_boundaries/uhcs1/970C-5M-Q-2.png,0,0,645,475,123,37
uhcs1/970C-5M-Q-2/x256_y0,uhcs1,970C-5M-Q-2,970C-5M-Q-2.png,256,0,0.115768,train,256,/content/drive/MyDrive/phase11-data/data/uhcs1/images/970C-5M-Q-2.png,/content/drive/MyDrive/phase11-persistent/gt_boundaries/uhcs1/970C-5M-Q-2.png,0,0,645,475,123,37
uhcs1/970C-5M-Q-2/x256_y128,uhcs1,970C-5M-Q-2,970C-5M-Q-2.png,256,128,0.12973,train,256,/content/drive/MyDrive/phase11-data/data/uhcs1/images/970C-5M-Q-2.png,/content/drive/MyDrive/phase11-persistent/gt_boundaries/uhcs1/970C-5M-Q-2.png,0,0,645,475,123,37
uhcs1/970C-5M-Q-2/x256_y256,uhcs1,970C-5M-Q-2,970C-5M-Q-2.png,256,256,0.133026,train,256,/content/drive/MyDrive/phase11-data/data/uhcs1/images/970C-5M-Q-2.png,/content/drive/MyDrive/phase11-persistent/gt_boundaries/uhcs1/970C-5M-Q-2.png,0,0,645,475,123,37
uhcs1/970C-5M-Q-2/x384_y0,uhcs1,970C-5M-Q-2,970C-5M-Q-2.png,384,0,0.115204,train,256,/content/drive/MyDrive/phase11-data/data/uhcs1/images/970C-5M-Q-2.png,/content/drive/MyDrive/phase11-persistent/gt_boundaries/uhcs1/970C-5M-Q-2.png,0,0,645,475,123,37
uhcs1/970C-5M-Q-2/x384_y128,uhcs1,970C-5M-Q-2,970C-5M-Q-2.png,384,128,0.121277,train,256,/content/drive/MyDrive/phase11-data/data/uhcs1/images/970C-5M-Q-2.png,/content/drive/MyDrive/phase11-persistent/gt_boundaries/uhcs1/970C-5M-Q-2.png,0,0,645,475,123,37
uhcs1/970C-5M-Q-2/x384_y256,uhcs1,970C-5M-Q-2,970C-5M-Q-2.png,384,256,0.111023,train,256,/content/drive/MyDrive/phase11-data/data/uhcs1/images/970C-5M-Q-2.png,/content/drive/MyDrive/phase11-persistent/gt_boundaries/uhcs1/970C-5M-Q-2.png,0,0,645,475,123,37
uhcs1/970C-5M-Q-2/x512_y0,uhcs1,970C-5M-Q-2,970C-5M-Q-2.png,512,0,0.107819,train,256,/content/drive/MyDrive/phase11-data/data/uhcs1/images/970C-5M-Q-2.png,/content/drive/MyDrive/phase11-persistent/gt_boundaries/uhcs1/970C-5M-Q-2.png,0,0,645,475,123,37
uhcs1/970C-5M-Q-2/x512_y128,uhcs1,970C-5M-Q-2,970C-5M-Q-2.png,512,128,0.115616,train,256,/content/drive/MyDrive/phase11-data/data/uhcs1/images/970C-5M-Q-2.png,/content/drive/MyDrive/phase11-persistent/gt_boundaries/uhcs1/970C-5M-Q-2.png,0,0,645,475,123,37
uhcs1/970C-5M-Q-2/x512_y256,uhcs1,970C-5M-Q-2,970C-5M-Q-2.png,512,256,0.097412,train,256,/content/drive/MyDrive/phase11-data/data/uhcs1/images/970C-5M-Q-2.png,/content/drive/MyDrive/phase11-persistent/gt_boundaries/uhcs1/970C-5M-Q-2.png,0,0,645,475,123,37
uhcs1/970C-5M-Q-3/x0_y0,uhcs1,970C-5M-Q-3,970C-5M-Q-3.png,0,0,0.167542,train,256,/content/drive/MyDrive/phase11-data/data/uhcs1/images/970C-5M-Q-3.png,/content/drive/MyDrive/phase11-persistent/gt_boundaries/uhcs1/970C-5M-Q-3.png,0,0,645,475,123,37
uhcs1/970C-5M-Q-3/x0_y128,uhcs1,970C-5M-Q-3,970C-5M-Q-3.png,0,128,0.170807,train,256,/content/drive/MyDrive/phase11-data/data/uhcs1/images/970C-5M-Q-3.png,/content/drive/MyDrive/phase11-persistent/gt_boundaries/uhcs1/970C-5M-Q-3.png,0,0,645,475,123,37
uhcs1/970C-5M-Q-3/x0_y256,uhcs1,970C-5M-Q-3,970C-5M-Q-3.png,0,256,0.133255,train,256,/content/drive/MyDrive/phase11-data/data/uhcs1/images/970C-5M-Q-3.png,/content/drive/MyDrive/phase11-persistent/gt_boundaries/uhcs1/970C-5M-Q-3.png,0,0,645,475,123,37
uhcs1/970C-5M-Q-3/x128_y0,uhcs1,970C-5M-Q-3,970C-5M-Q-3.png,128,0,0.156265,train,256,/content/drive/MyDrive/phase11-data/data/uhcs1/images/970C-5M-Q-3.png,/content/drive/MyDrive/phase11-persistent/gt_boundaries/uhcs1/970C-5M-Q-3.png,0,0,645,475,123,37
uhcs1/970C-5M-Q-3/x128_y128,uhcs1,970C-5M-Q-3,970C-5M-Q-3.png,128,128,0.149048,train,256,/content/drive/MyDrive/phase11-data/data/uhcs1/images/970C-5M-Q-3.png,/content/drive/MyDrive/phase11-persistent/gt_boundaries/uhcs1/970C-5M-Q-3.png,0,0,645,475,123,37
uhcs1/970C-5M-Q-3/x128_y256,uhcs1,970C-5M-Q-3,970C-5M-Q-3.png,128,256,0.136475,train,256,/content/drive/MyDrive/phase11-data/data/uhcs1/images/970C-5M-Q-3.png,/content/drive/MyDrive/phase11-persistent/gt_boundaries/uhcs1/970C-5M-Q-3.png,0,0,645,475,123,37
uhcs1/970C-5M-Q-3/x256_y0,uhcs1,970C-5M-Q-3,970C-5M-Q-3.png,256,0,0.148148,train,256,/content/drive/MyDrive/phase11-data/data/uhcs1/images/970C-5M-Q-3.png,/content/drive/MyDrive/phase11-persistent/gt_boundaries/uhcs1/970C-5M-Q-3.png,0,0,645,475,123,37
uhcs1/970C-5M-Q-3/x256_y128,uhcs1,970C-5M-Q-3,970C-5M-Q-3.png,256,128,0.140457,train,256,/content/drive/MyDrive/phase11-data/data/uhcs1/images/970C-5M-Q-3.png,/content/drive/MyDrive/phase11-persistent/gt_boundaries/uhcs1/970C-5M-Q-3.png,0,0,645,475,123,37
uhcs1/970C-5M-Q-3/x256_y256,uhcs1,970C-5M-Q-3,970C-5M-Q-3.png,256,256,0.14238,train,256,/content/drive/MyDrive/phase11-data/data/uhcs1/images/970C-5M-Q-3.png,/content/drive/MyDrive/phase11-persistent/gt_boundaries/uhcs1/970C-5M-Q-3.png,0,0,645,475,123,37
uhcs1/970C-5M-Q-3/x384_y0,uhcs1,970C-5M-Q-3,970C-5M-Q-3.png,384,0,0.137527,train,256,/content/drive/MyDrive/phase11-data/data/uhcs1/images/970C-5M-Q-3.png,/content/drive/MyDrive/phase11-persistent/gt_boundaries/uhcs1/970C-5M-Q-3.png,0,0,645,475,123,37
uhcs1/970C-5M-Q-3/x384_y128,uhcs1,970C-5M-Q-3,970C-5M-Q-3.png,384,128,0.142517,train,256,/content/drive/MyDrive/phase11-data/data/uhcs1/images/970C-5M-Q-3.png,/content/drive/MyDrive/phase11-persistent/gt_boundaries/uhcs1/970C-5M-Q-3.png,0,0,645,475,123,37
uhcs1/970C-5M-Q-3/x384_y256,uhcs1,970C-5M-Q-3,970C-5M-Q-3.png,384,256,0.154953,train,256,/content/drive/MyDrive/phase11-data/data/uhcs1/images/970C-5M-Q-3.png,/content/drive/MyDrive/phase11-persistent/gt_boundaries/uhcs1/970C-5M-Q-3.png,0,0,645,475,123,37
uhcs1/970C-5M-Q-3/x512_y0,uhcs1,970C-5M-Q-3,970C-5M-Q-3.png,512,0,0.131088,train,256,/content/drive/MyDrive/phase11-data/data/uhcs1/images/970C-5M-Q-3.png,/content/drive/MyDrive/phase11-persistent/gt_boundaries/uhcs1/970C-5M-Q-3.png,0,0,645,475,123,37
uhcs1/970C-5M-Q-3/x512_y128,uhcs1,970C-5M-Q-3,970C-5M-Q-3.png,512,128,0.139084,train,256,/content/drive/MyDrive/phase11-data/data/uhcs1/images/970C-5M-Q-3.png,/content/drive/MyDrive/phase11-persistent/gt_boundaries/uhcs1/970C-5M-Q-3.png,0,0,645,475,123,37
uhcs1/970C-5M-Q-3/x512_y256,uhcs1,970C-5M-Q-3,970C-5M-Q-3.png,512,256,0.163269,train,256,/content/drive/MyDrive/phase11-data/data/uhcs1/images/970C-5M-Q-3.png,/content/drive/MyDrive/phase11-persistent/gt_boundaries/uhcs1/970C-5M-Q-3.png,0,0,645,475,123,37
uhcs1/970C-5M-Q-4/x0_y0,uhcs1,970C-5M-Q-4,970C-5M-Q-4.png,0,0,0.133331,train,256,/content/drive/MyDrive/phase11-data/data/uhcs1/images/970C-5M-Q-4.png,/content/drive/MyDrive/phase11-persistent/gt_boundaries/uhcs1/970C-5M-Q-4.png,0,0,645,475,123,37
uhcs1/970C-5M-Q-4/x0_y128,uhcs1,970C-5M-Q-4,970C-5M-Q-4.png,0,128,0.123657,train,256,/content/drive/MyDrive/phase11-data/data/uhcs1/images/970C-5M-Q-4.png,/content/drive/MyDrive/phase11-persistent/gt_boundaries/uhcs1/970C-5M-Q-4.png,0,0,645,475,123,37
uhcs1/970C-5M-Q-4/x0_y256,uhcs1,970C-5M-Q-4,970C-5M-Q-4.png,0,256,0.111084,train,256,/content/drive/MyDrive/phase11-data/data/uhcs1/images/970C-5M-Q-4.png,/content/drive/MyDrive/phase11-persistent/gt_boundaries/uhcs1/970C-5M-Q-4.png,0,0,645,475,123,37
uhcs1/970C-5M-Q-4/x128_y0,uhcs1,970C-5M-Q-4,970C-5M-Q-4.png,128,0,0.121414,train,256,/content/drive/MyDrive/phase11-data/data/uhcs1/images/970C-5M-Q-4.png,/content/drive/MyDrive/phase11-persistent/gt_boundaries/uhcs1/970C-5M-Q-4.png,0,0,645,475,123,37
uhcs1/970C-5M-Q-4/x128_y128,uhcs1,970C-5M-Q-4,970C-5M-Q-4.png,128,128,0.113983,train,256,/content/drive/MyDrive/phase11-data/data/uhcs1/images/970C-5M-Q-4.png,/content/drive/MyDrive/phase11-persistent/gt_boundaries/uhcs1/970C-5M-Q-4.png,0,0,645,475,123,37
uhcs1/970C-5M-Q-4/x128_y256,uhcs1,970C-5M-Q-4,970C-5M-Q-4.png,128,256,0.105667,train,256,/content/drive/MyDrive/phase11-data/data/uhcs1/images/970C-5M-Q-4.png,/content/drive/MyDrive/phase11-persistent/gt_boundaries/uhcs1/970C-5M-Q-4.png,0,0,645,475,123,37
uhcs1/970C-5M-Q-4/x256_y0,uhcs1,970C-5M-Q-4,970C-5M-Q-4.png,256,0,0.120651,train,256,/content/drive/MyDrive/phase11-data/data/uhcs1/images/970C-5M-Q-4.png,/content/drive/MyDrive/phase11-persistent/gt_boundaries/uhcs1/970C-5M-Q-4.png,0,0,645,475,123,37
uhcs1/970C-5M-Q-4/x256_y128,uhcs1,970C-5M-Q-4,970C-5M-Q-4.png,256,128,0.119247,train,256,/content/drive/MyDrive/phase11-data/data/uhcs1/images/970C-5M-Q-4.png,/content/drive/MyDrive/phase11-persistent/gt_boundaries/uhcs1/970C-5M-Q-4.png,0,0,645,475,123,37
uhcs1/970C-5M-Q-4/x256_y256,uhcs1,970C-5M-Q-4,970C-5M-Q-4.png,256,256,0.114365,train,256,/content/drive/MyDrive/phase11-data/data/uhcs1/images/970C-5M-Q-4.png,/content/drive/MyDrive/phase11-persistent/gt_boundaries/uhcs1/970C-5M-Q-4.png,0,0,645,475,123,37
uhcs1/970C-5M-Q-4/x384_y0,uhcs1,970C-5M-Q-4,970C-5M-Q-4.png,384,0,0.108734,train,256,/content/drive/MyDrive/phase11-data/data/uhcs1/images/970C-5M-Q-4.png,/content/drive/MyDrive/phase11-persistent/gt_boundaries/uhcs1/970C-5M-Q-4.png,0,0,645,475,123,37
uhcs1/970C-5M-Q-4/x384_y128,uhcs1,970C-5M-Q-4,970C-5M-Q-4.png,384,128,0.115509,train,256,/content/drive/MyDrive/phase11-data/data/uhcs1/images/970C-5M-Q-4.png,/content/drive/MyDrive/phase11-persistent/gt_boundaries/uhcs1/970C-5M-Q-4.png,0,0,645,475,123,37
uhcs1/970C-5M-Q-4/x384_y256,uhcs1,970C-5M-Q-4,970C-5M-Q-4.png,384,256,0.111603,train,256,/content/drive/MyDrive/phase11-data/data/uhcs1/images/970C-5M-Q-4.png,/content/drive/MyDrive/phase11-persistent/gt_boundaries/uhcs1/970C-5M-Q-4.png,0,0,645,475,123,37
uhcs1/970C-5M-Q-4/x512_y0,uhcs1,970C-5M-Q-4,970C-5M-Q-4.png,512,0,0.096878,train,256,/content/drive/MyDrive/phase11-data/data/uhcs1/images/970C-5M-Q-4.png,/content/drive/MyDrive/phase11-persistent/gt_boundaries/uhcs1/970C-5M-Q-4.png,0,0,645,475,123,37
uhcs1/970C-5M-Q-4/x512_y128,uhcs1,970C-5M-Q-4,970C-5M-Q-4.png,512,128,0.111938,train,256,/content/drive/MyDrive/phase11-data/data/uhcs1/images/970C-5M-Q-4.png,/content/drive/MyDrive/phase11-persistent/gt_boundaries/uhcs1/970C-5M-Q-4.png,0,0,645,475,123,37
uhcs1/970C-5M-Q-4/x512_y256,uhcs1,970C-5M-Q-4,970C-5M-Q-4.png,512,256,0.109116,train,256,/content/drive/MyDrive/phase11-data/data/uhcs1/images/970C-5M-Q-4.png,/content/drive/MyDrive/phase11-persistent/gt_boundaries/uhcs1/970C-5M-Q-4.png,0,0,645,475,123,37
uhcs1/970C-5M-Q-5/x0_y0,uhcs1,970C-5M-Q-5,970C-5M-Q-5.png,0,0,0.147552,train,256,/content/drive/MyDrive/phase11-data/data/uhcs1/images/970C-5M-Q-5.png,/content/drive/MyDrive/phase11-persistent/gt_boundaries/uhcs1/970C-5M-Q-5.png,0,0,645,475,123,37
uhcs1/970C-5M-Q-5/x0_y128,uhcs1,970C-5M-Q-5,970C-5M-Q-5.png,0,128,0.141571,train,256,/content/drive/MyDrive/phase11-data/data/uhcs1/images/970C-5M-Q-5.png,/content/drive/MyDrive/phase11-persistent/gt_boundaries/uhcs1/970C-5M-Q-5.png,0,0,645,475,123,37
uhcs1/970C-5M-Q-5/x0_y256,uhcs1,970C-5M-Q-5,970C-5M-Q-5.png,0,256,0.133408,train,256,/content/drive/MyDrive/phase11-data/data/uhcs1/images/970C-5M-Q-5.png,/content/drive/MyDrive/phase11-persistent/gt_boundaries/uhcs1/970C-5M-Q-5.png,0,0,645,475,123,37
uhcs1/970C-5M-Q-5/x128_y0,uhcs1,970C-5M-Q-5,970C-5M-Q-5.png,128,0,0.146027,train,256,/content/drive/MyDrive/phase11-data/data/uhcs1/images/970C-5M-Q-5.png,/content/drive/MyDrive/phase11-persistent/gt_boundaries/uhcs1/970C-5M-Q-5.png,0,0,645,475,123,37
uhcs1/970C-5M-Q-5/x128_y128,uhcs1,970C-5M-Q-5,970C-5M-Q-5.png,128,128,0.146591,train,256,/content/drive/MyDrive/phase11-data/data/uhcs1/images/970C-5M-Q-5.png,/content/drive/MyDrive/phase11-persistent/gt_boundaries/uhcs1/970C-5M-Q-5.png,0,0,645,475,123,37
uhcs1/970C-5M-Q-5/x128_y256,uhcs1,970C-5M-Q-5,970C-5M-Q-5.png,128,256,0.1436,train,256,/content/drive/MyDrive/phase11-data/data/uhcs1/images/970C-5M-Q-5.png,/content/drive/MyDrive/phase11-persistent/gt_boundaries/uhcs1/970C-5M-Q-5.png,0,0,645,475,123,37
uhcs1/970C-5M-Q-5/x256_y0,uhcs1,970C-5M-Q-5,970C-5M-Q-5.png,256,0,0.146011,train,256,/content/drive/MyDrive/phase11-data/data/uhcs1/images/970C-5M-Q-5.png,/content/drive/MyDrive/phase11-persistent/gt_boundaries/uhcs1/970C-5M-Q-5.png,0,0,645,475,123,37
uhcs1/970C-5M-Q-5/x256_y128,uhcs1,970C-5M-Q-5,970C-5M-Q-5.png,256,128,0.15062,train,256,/content/drive/MyDrive/phase11-data/data/uhcs1/images/970C-5M-Q-5.png,/content/drive/MyDrive/phase11-persistent/gt_boundaries/uhcs1/970C-5M-Q-5.png,0,0,645,475,123,37
uhcs1/970C-5M-Q-5/x256_y256,uhcs1,970C-5M-Q-5,970C-5M-Q-5.png,256,256,0.154343,train,256,/content/drive/MyDrive/phase11-data/data/uhcs1/images/970C-5M-Q-5.png,/content/drive/MyDrive/phase11-persistent/gt_boundaries/uhcs1/970C-5M-Q-5.png,0,0,645,475,123,37
uhcs1/970C-5M-Q-5/x384_y0,uhcs1,970C-5M-Q-5,970C-5M-Q-5.png,384,0,0.145599,train,256,/content/drive/MyDrive/phase11-data/data/uhcs1/images/970C-5M-Q-5.png,/content/drive/MyDrive/phase11-persistent/gt_boundaries/uhcs1/970C-5M-Q-5.png,0,0,645,475,123,37
uhcs1/970C-5M-Q-5/x384_y128,uhcs1,970C-5M-Q-5,970C-5M-Q-5.png,384,128,0.151093,train,256,/content/drive/MyDrive/phase11-data/data/uhcs1/images/970C-5M-Q-5.png,/content/drive/MyDrive/phase11-persistent/gt_boundaries/uhcs1/970C-5M-Q-5.png,0,0,645,475,123,37
uhcs1/970C-5M-Q-5/x384_y256,uhcs1,970C-5M-Q-5,970C-5M-Q-5.png,384,256,0.156967,train,256,/content/drive/MyDrive/phase11-data/data/uhcs1/images/970C-5M-Q-5.png,/content/drive/MyDrive/phase11-persistent/gt_boundaries/uhcs1/970C-5M-Q-5.png,0,0,645,475,123,37
uhcs1/970C-5M-Q-5/x512_y0,uhcs1,970C-5M-Q-5,970C-5M-Q-5.png,512,0,0.137253,train,256,/content/drive/MyDrive/phase11-data/data/uhcs1/images/970C-5M-Q-5.png,/content/drive/MyDrive/phase11-persistent/gt_boundaries/uhcs1/970C-5M-Q-5.png,0,0,645,475,123,37
uhcs1/970C-5M-Q-5/x512_y128,uhcs1,970C-5M-Q-5,970C-5M-Q-5.png,512,128,0.135941,train,256,/content/drive/MyDrive/phase11-data/data/uhcs1/images/970C-5M-Q-5.png,/content/drive/MyDrive/phase11-persistent/gt_boundaries/uhcs1/970C-5M-Q-5.png,0,0,645,475,123,37
uhcs1/970C-5M-Q-5/x512_y256,uhcs1,970C-5M-Q-5,970C-5M-Q-5.png,512,256,0.146332,train,256,/content/drive/MyDrive/phase11-data/data/uhcs1/images/970C-5M-Q-5.png,/content/drive/MyDrive/phase11-persistent/gt_boundaries/uhcs1/970C-5M-Q-5.png,0,0,645,475,123,37
uhcs2/uhcs0006/x0_y0,uhcs2,uhcs0006,uhcs0006.jpg,0,0,0.079819,train,256,/content/drive/MyDrive/phase11-data/data/uhcs2/images/uhcs0006.jpg,/content/drive/MyDrive/phase11-persistent/gt_boundaries/uhcs2/uhcs0006.png,0,0,645,484,123,28
uhcs2/uhcs0006/x0_y128,uhcs2,uhcs0006,uhcs0006.jpg,0,128,0.07901,train,256,/content/drive/MyDrive/phase11-data/data/uhcs2/images/uhcs0006.jpg,/content/drive/MyDrive/phase11-persistent/gt_boundaries/uhcs2/uhcs0006.png,0,0,645,484,123,28
uhcs2/uhcs0006/x0_y256,uhcs2,uhcs0006,uhcs0006.jpg,0,256,0.073257,train,256,/content/drive/MyDrive/phase11-data/data/uhcs2/images/uhcs0006.jpg,/content/drive/MyDrive/phase11-persistent/gt_boundaries/uhcs2/uhcs0006.png,0,0,645,484,123,28
uhcs2/uhcs0006/x128_y0,uhcs2,uhcs0006,uhcs0006.jpg,128,0,0.045288,train,256,/content/drive/MyDrive/phase11-data/data/uhcs2/images/uhcs0006.jpg,/content/drive/MyDrive/phase11-persistent/gt_boundaries/uhcs2/uhcs0006.png,0,0,645,484,123,28
uhcs2/uhcs0006/x128_y128,uhcs2,uhcs0006,uhcs0006.jpg,128,128,0.027069,train,256,/content/drive/MyDrive/phase11-data/data/uhcs2/images/uhcs0006.jpg,/content/drive/MyDrive/phase11-persistent/gt_boundaries/uhcs2/uhcs0006.png,0,0,645,484,123,28
uhcs2/uhcs0006/x128_y256,uhcs2,uhcs0006,uhcs0006.jpg,128,256,0.041672,train,256,/content/drive/MyDrive/phase11-data/data/uhcs2/images/uhcs0006.jpg,/content/drive/MyDrive/phase11-persistent/gt_boundaries/uhcs2/uhcs0006.png,0,0,645,484,123,28
uhcs2/uhcs0006/x256_y0,uhcs2,uhcs0006,uhcs0006.jpg,256,0,0.058441,train,256,/content/drive/MyDrive/phase11-data/data/uhcs2/images/uhcs0006.jpg,/content/drive/MyDrive/phase11-persistent/gt_boundaries/uhcs2/uhcs0006.png,0,0,645,484,123,28
uhcs2/uhcs0006/x256_y128,uhcs2,uhcs0006,uhcs0006.jpg,256,128,0.048889,train,256,/content/drive/MyDrive/phase11-data/data/uhcs2/images/uhcs0006.jpg,/content/drive/MyDrive/phase11-persistent/gt_boundaries/uhcs2/uhcs0006.png,0,0,645,484,123,28
uhcs2/uhcs0006/x256_y256,uhcs2,uhcs0006,uhcs0006.jpg,256,256,0.06897,train,256,/content/drive/MyDrive/phase11-data/data/uhcs2/images/uhcs0006.jpg,/content/drive/MyDrive/phase11-persistent/gt_boundaries/uhcs2/uhcs0006.png,0,0,645,484,123,28
uhcs2/uhcs0006/x384_y0,uhcs2,uhcs0006,uhcs0006.jpg,384,0,0.079483,train,256,/content/drive/MyDrive/phase11-data/data/uhcs2/images/uhcs0006.jpg,/content/drive/MyDrive/phase11-persistent/gt_boundaries/uhcs2/uhcs0006.png,0,0,645,484,123,28
uhcs2/uhcs0006/x384_y128,uhcs2,uhcs0006,uhcs0006.jpg,384,128,0.064331,train,256,/content/drive/MyDrive/phase11-data/data/uhcs2/images/uhcs0006.jpg,/content/drive/MyDrive/phase11-persistent/gt_boundaries/uhcs2/uhcs0006.png,0,0,645,484,123,28
uhcs2/uhcs0006/x384_y256,uhcs2,uhcs0006,uhcs0006.jpg,384,256,0.062149,train,256,/content/drive/MyDrive/phase11-data/data/uhcs2/images/uhcs0006.jpg,/content/drive/MyDrive/phase11-persistent/gt_boundaries/uhcs2/uhcs0006.png,0,0,645,484,123,28
uhcs2/uhcs0006/x512_y0,uhcs2,uhcs0006,uhcs0006.jpg,512,0,0.065475,train,256,/content/drive/MyDrive/phase11-data/data/uhcs2/images/uhcs0006.jpg,/content/drive/MyDrive/phase11-persistent/gt_boundaries/uhcs2/uhcs0006.png,0,0,645,484,123,28
uhcs2/uhcs0006/x512_y128,uhcs2,uhcs0006,uhcs0006.jpg,512,128,0.030533,train,256,/content/drive/MyDrive/phase11-data/data/uhcs2/images/uhcs0006.jpg,/content/drive/MyDrive/phase11-persistent/gt_boundaries/uhcs2/uhcs0006.png,0,0,645,484,123,28
uhcs2/uhcs0006/x512_y256,uhcs2,uhcs0006,uhcs0006.jpg,512,256,0.018555,train,256,/content/drive/MyDrive/phase11-data/data/uhcs2/images/uhcs0006.jpg,/content/drive/MyDrive/phase11-persistent/gt_boundaries/uhcs2/uhcs0006.png,0,0,645,484,123,28
uhcs2/uhcs0007/x0_y0,uhcs2,uhcs0007,uhcs0007.jpg,0,0,0.051834,train,256,/content/drive/MyDrive/phase11-data/data/uhcs2/images/uhcs0007.jpg,/content/drive/MyDrive/phase11-persistent/gt_boundaries/uhcs2/uhcs0007.png,0,0,645,484,123,28
uhcs2/uhcs0007/x0_y128,uhcs2,uhcs0007,uhcs0007.jpg,0,128,0.026199,train,256,/content/drive/MyDrive/phase11-data/data/uhcs2/images/uhcs0007.jpg,/content/drive/MyDrive/phase11-persistent/gt_boundaries/uhcs2/uhcs0007.png,0,0,645,484,123,28
uhcs2/uhcs0007/x0_y256,uhcs2,uhcs0007,uhcs0007.jpg,0,256,0.078735,train,256,/content/drive/MyDrive/phase11-data/data/uhcs2/images/uhcs0007.jpg,/content/drive/MyDrive/phase11-persistent/gt_boundaries/uhcs2/uhcs0007.png,0,0,645,484,123,28
uhcs2/uhcs0007/x128_y0,uhcs2,uhcs0007,uhcs0007.jpg,128,0,0.06459,train,256,/content/drive/MyDrive/phase11-data/data/uhcs2/images/uhcs0007.jpg,/content/drive/MyDrive/phase11-persistent/gt_boundaries/uhcs2/uhcs0007.png,0,0,645,484,123,28
uhcs2/uhcs0007/x128_y128,uhcs2,uhcs0007,uhcs0007.jpg,128,128,0.044418,train,256,/content/drive/MyDrive/phase11-data/data/uhcs2/images/uhcs0007.jpg,/content/drive/MyDrive/phase11-persistent/gt_boundaries/uhcs2/uhcs0007.png,0,0,645,484,123,28
uhcs2/uhcs0007/x128_y256,uhcs2,uhcs0007,uhcs0007.jpg,128,256,0.075912,train,256,/content/drive/MyDrive/phase11-data/data/uhcs2/images/uhcs0007.jpg,/content/drive/MyDrive/phase11-persistent/gt_boundaries/uhcs2/uhcs0007.png,0,0,645,484,123,28
uhcs2/uhcs0007/x256_y0,uhcs2,uhcs0007,uhcs0007.jpg,256,0,0.088043,train,256,/content/drive/MyDrive/phase11-data/data/uhcs2/images/uhcs0007.jpg,/content/drive/MyDrive/phase11-persistent/gt_boundaries/uhcs2/uhcs0007.png,0,0,645,484,123,28
uhcs2/uhcs0007/x256_y128,uhcs2,uhcs0007,uhcs0007.jpg,256,128,0.052567,train,256,/content/drive/MyDrive/phase11-data/data/uhcs2/images/uhcs0007.jpg,/content/drive/MyDrive/phase11-persistent/gt_boundaries/uhcs2/uhcs0007.png,0,0,645,484,123,28
uhcs2/uhcs0007/x256_y256,uhcs2,uhcs0007,uhcs0007.jpg,256,256,0.059113,train,256,/content/drive/MyDrive/phase11-data/data/uhcs2/images/uhcs0007.jpg,/content/drive/MyDrive/phase11-persistent/gt_boundaries/uhcs2/uhcs0007.png,0,0,645,484,123,28
uhcs2/uhcs0007/x384_y0,uhcs2,uhcs0007,uhcs0007.jpg,384,0,0.095459,train,256,/content/drive/MyDrive/phase11-data/data/uhcs2/images/uhcs0007.jpg,/content/drive/MyDrive/phase11-persistent/gt_boundaries/uhcs2/uhcs0007.png,0,0,645,484,123,28
uhcs2/uhcs0007/x384_y128,uhcs2,uhcs0007,uhcs0007.jpg,384,128,0.055161,train,256,/content/drive/MyDrive/phase11-data/data/uhcs2/images/uhcs0007.jpg,/content/drive/MyDrive/phase11-persistent/gt_boundaries/uhcs2/uhcs0007.png,0,0,645,484,123,28
uhcs2/uhcs0007/x384_y256,uhcs2,uhcs0007,uhcs0007.jpg,384,256,0.049438,train,256,/content/drive/MyDrive/phase11-data/data/uhcs2/images/uhcs0007.jpg,/content/drive/MyDrive/phase11-persistent/gt_boundaries/uhcs2/uhcs0007.png,0,0,645,484,123,28
uhcs2/uhcs0007/x512_y0,uhcs2,uhcs0007,uhcs0007.jpg,512,0,0.087234,train,256,/content/drive/MyDrive/phase11-data/data/uhcs2/images/uhcs0007.jpg,/content/drive/MyDrive/phase11-persistent/gt_boundaries/uhcs2/uhcs0007.png,0,0,645,484,123,28
uhcs2/uhcs0007/x512_y128,uhcs2,uhcs0007,uhcs0007.jpg,512,128,0.077026,train,256,/content/drive/MyDrive/phase11-data/data/uhcs2/images/uhcs0007.jpg,/content/drive/MyDrive/phase11-persistent/gt_boundaries/uhcs2/uhcs0007.png,0,0,645,484,123,28
uhcs2/uhcs0007/x512_y256,uhcs2,uhcs0007,uhcs0007.jpg,512,256,0.067139,train,256,/content/drive/MyDrive/phase11-data/data/uhcs2/images/uhcs0007.jpg,/content/drive/MyDrive/phase11-persistent/gt_boundaries/uhcs2/uhcs0007.png,0,0,645,484,123,28
uhcs2/uhcs0075/x0_y0,uhcs2,uhcs0075,uhcs0075.jpg,0,0,0.039566,train,256,/content/drive/MyDrive/phase11-data/data/uhcs2/images/uhcs0075.jpg,/content/drive/MyDrive/phase11-persistent/gt_boundaries/uhcs2/uhcs0075.png,0,0,645,484,123,28
uhcs2/uhcs0075/x0_y128,uhcs2,uhcs0075,uhcs0075.jpg,0,128,0.040665,train,256,/content/drive/MyDrive/phase11-data/data/uhcs2/images/uhcs0075.jpg,/content/drive/MyDrive/phase11-persistent/gt_boundaries/uhcs2/uhcs0075.png,0,0,645,484,123,28
uhcs2/uhcs0075/x0_y256,uhcs2,uhcs0075,uhcs0075.jpg,0,256,0.021576,train,256,/content/drive/MyDrive/phase11-data/data/uhcs2/images/uhcs0075.jpg,/content/drive/MyDrive/phase11-persistent/gt_boundaries/uhcs2/uhcs0075.png,0,0,645,484,123,28
uhcs2/uhcs0075/x128_y0,uhcs2,uhcs0075,uhcs0075.jpg,128,0,0.010834,train,256,/content/drive/MyDrive/phase11-data/data/uhcs2/images/uhcs0075.jpg,/content/drive/MyDrive/phase11-persistent/gt_boundaries/uhcs2/uhcs0075.png,0,0,645,484,123,28
uhcs2/uhcs0075/x128_y128,uhcs2,uhcs0075,uhcs0075.jpg,128,128,0.050369,train,256,/content/drive/MyDrive/phase11-data/data/uhcs2/images/uhcs0075.jpg,/content/drive/MyDrive/phase11-persistent/gt_boundaries/uhcs2/uhcs0075.png,0,0,645,484,123,28
uhcs2/uhcs0075/x128_y256,uhcs2,uhcs0075,uhcs0075.jpg,128,256,0.050751,train,256,/content/drive/MyDrive/phase11-data/data/uhcs2/images/uhcs0075.jpg,/content/drive/MyDrive/phase11-persistent/gt_boundaries/uhcs2/uhcs0075.png,0,0,645,484,123,28
uhcs2/uhcs0075/x256_y0,uhcs2,uhcs0075,uhcs0075.jpg,256,0,0.021896,train,256,/content/drive/MyDrive/phase11-data/data/uhcs2/images/uhcs0075.jpg,/content/drive/MyDrive/phase11-persistent/gt_boundaries/uhcs2/uhcs0075.png,0,0,645,484,123,28
uhcs2/uhcs0075/x256_y128,uhcs2,uhcs0075,uhcs0075.jpg,256,128,0.05545,train,256,/content/drive/MyDrive/phase11-data/data/uhcs2/images/uhcs0075.jpg,/content/drive/MyDrive/phase11-persistent/gt_boundaries/uhcs2/uhcs0075.png,0,0,645,484,123,28
uhcs2/uhcs0075/x256_y256,uhcs2,uhcs0075,uhcs0075.jpg,256,256,0.040878,train,256,/content/drive/MyDrive/phase11-data/data/uhcs2/images/uhcs0075.jpg,/content/drive/MyDrive/phase11-persistent/gt_boundaries/uhcs2/uhcs0075.png,0,0,645,484,123,28
uhcs2/uhcs0075/x384_y0,uhcs2,uhcs0075,uhcs0075.jpg,384,0,0.045166,train,256,/content/drive/MyDrive/phase11-data/data/uhcs2/images/uhcs0075.jpg,/content/drive/MyDrive/phase11-persistent/gt_boundaries/uhcs2/uhcs0075.png,0,0,645,484,123,28
uhcs2/uhcs0075/x384_y128,uhcs2,uhcs0075,uhcs0075.jpg,384,128,0.038773,train,256,/content/drive/MyDrive/phase11-data/data/uhcs2/images/uhcs0075.jpg,/content/drive/MyDrive/phase11-persistent/gt_boundaries/uhcs2/uhcs0075.png,0,0,645,484,123,28
uhcs2/uhcs0075/x384_y256,uhcs2,uhcs0075,uhcs0075.jpg,384,256,0.010391,train,256,/content/drive/MyDrive/phase11-data/data/uhcs2/images/uhcs0075.jpg,/content/drive/MyDrive/phase11-persistent/gt_boundaries/uhcs2/uhcs0075.png,0,0,645,484,123,28
uhcs2/uhcs0075/x512_y0,uhcs2,uhcs0075,uhcs0075.jpg,512,0,0.049164,train,256,/content/drive/MyDrive/phase11-data/data/uhcs2/images/uhcs0075.jpg,/content/drive/MyDrive/phase11-persistent/gt_boundaries/uhcs2/uhcs0075.png,0,0,645,484,123,28
uhcs2/uhcs0075/x512_y128,uhcs2,uhcs0075,uhcs0075.jpg,512,128,0.016281,train,256,/content/drive/MyDrive/phase11-data/data/uhcs2/images/uhcs0075.jpg,/content/drive/MyDrive/phase11-persistent/gt_boundaries/uhcs2/uhcs0075.png,0,0,645,484,123,28
uhcs2/uhcs0124/x0_y0,uhcs2,uhcs0124,uhcs0124.jpg,0,0,0.029724,train,256,/content/drive/MyDrive/phase11-data/data/uhcs2/images/uhcs0124.jpg,/content/drive/MyDrive/phase11-persistent/gt_boundaries/uhcs2/uhcs0124.png,0,0,645,484,123,28
uhcs2/uhcs0124/x0_y128,uhcs2,uhcs0124,uhcs0124.jpg,0,128,0.020432,train,256,/content/drive/MyDrive/phase11-data/data/uhcs2/images/uhcs0124.jpg,/content/drive/MyDrive/phase11-persistent/gt_boundaries/uhcs2/uhcs0124.png,0,0,645,484,123,28
uhcs2/uhcs0124/x0_y256,uhcs2,uhcs0124,uhcs0124.jpg,0,256,0.03096,train,256,/content/drive/MyDrive/phase11-data/data/uhcs2/images/uhcs0124.jpg,/content/drive/MyDrive/phase11-persistent/gt_boundaries/uhcs2/uhcs0124.png,0,0,645,484,123,28
uhcs2/uhcs0124/x128_y0,uhcs2,uhcs0124,uhcs0124.jpg,128,0,0.043747,train,256,/content/drive/MyDrive/phase11-data/data/uhcs2/images/uhcs0124.jpg,/content/drive/MyDrive/phase11-persistent/gt_boundaries/uhcs2/uhcs0124.png,0,0,645,484,123,28
uhcs2/uhcs0124/x128_y128,uhcs2,uhcs0124,uhcs0124.jpg,128,128,0.048157,train,256,/content/drive/MyDrive/phase11-data/data/uhcs2/images/uhcs0124.jpg,/content/drive/MyDrive/phase11-persistent/gt_boundaries/uhcs2/uhcs0124.png,0,0,645,484,123,28
uhcs2/uhcs0124/x128_y256,uhcs2,uhcs0124,uhcs0124.jpg,128,256,0.057404,train,256,/content/drive/MyDrive/phase11-data/data/uhcs2/images/uhcs0124.jpg,/content/drive/MyDrive/phase11-persistent/gt_boundaries/uhcs2/uhcs0124.png,0,0,645,484,123,28
uhcs2/uhcs0124/x256_y0,uhcs2,uhcs0124,uhcs0124.jpg,256,0,0.024567,train,256,/content/drive/MyDrive/phase11-data/data/uhcs2/images/uhcs0124.jpg,/content/drive/MyDrive/phase11-persistent/gt_boundaries/uhcs2/uhcs0124.png,0,0,645,484,123,28
uhcs2/uhcs0124/x256_y128,uhcs2,uhcs0124,uhcs0124.jpg,256,128,0.029083,train,256,/content/drive/MyDrive/phase11-data/data/uhcs2/images/uhcs0124.jpg,/content/drive/MyDrive/phase11-persistent/gt_boundaries/uhcs2/uhcs0124.png,0,0,645,484,123,28
uhcs2/uhcs0124/x256_y256,uhcs2,uhcs0124,uhcs0124.jpg,256,256,0.038544,train,256,/content/drive/MyDrive/phase11-data/data/uhcs2/images/uhcs0124.jpg,/content/drive/MyDrive/phase11-persistent/gt_boundaries/uhcs2/uhcs0124.png,0,0,645,484,123,28
uhcs2/uhcs0124/x384_y256,uhcs2,uhcs0124,uhcs0124.jpg,384,256,0.011826,train,256,/content/drive/MyDrive/phase11-data/data/uhcs2/images/uhcs0124.jpg,/content/drive/MyDrive/phase11-persistent/gt_boundaries/uhcs2/uhcs0124.png,0,0,645,484,123,28
uhcs2/uhcs0220/x0_y0,uhcs2,uhcs0220,uhcs0220.jpg,0,0,0.060684,train,256,/content/drive/MyDrive/phase11-data/data/uhcs2/images/uhcs0220.jpg,/content/drive/MyDrive/phase11-persistent/gt_boundaries/uhcs2/uhcs0220.png,0,0,645,484,123,28
uhcs2/uhcs0220/x0_y128,uhcs2,uhcs0220,uhcs0220.jpg,0,128,0.069489,train,256,/content/drive/MyDrive/phase11-data/data/uhcs2/images/uhcs0220.jpg,/content/drive/MyDrive/phase11-persistent/gt_boundaries/uhcs2/uhcs0220.png,0,0,645,484,123,28
uhcs2/uhcs0220/x0_y256,uhcs2,uhcs0220,uhcs0220.jpg,0,256,0.096024,train,256,/content/drive/MyDrive/phase11-data/data/uhcs2/images/uhcs0220.jpg,/content/drive/MyDrive/phase11-persistent/gt_boundaries/uhcs2/uhcs0220.png,0,0,645,484,123,28
uhcs2/uhcs0220/x128_y0,uhcs2,uhcs0220,uhcs0220.jpg,128,0,0.037598,train,256,/content/drive/MyDrive/phase11-data/data/uhcs2/images/uhcs0220.jpg,/content/drive/MyDrive/phase11-persistent/gt_boundaries/uhcs2/uhcs0220.png,0,0,645,484,123,28
uhcs2/uhcs0220/x128_y128,uhcs2,uhcs0220,uhcs0220.jpg,128,128,0.060562,train,256,/content/drive/MyDrive/phase11-data/data/uhcs2/images/uhcs0220.jpg,/content/drive/MyDrive/phase11-persistent/gt_boundaries/uhcs2/uhcs0220.png,0,0,645,484,123,28
uhcs2/uhcs0220/x128_y256,uhcs2,uhcs0220,uhcs0220.jpg,128,256,0.048813,train,256,/content/drive/MyDrive/phase11-data/data/uhcs2/images/uhcs0220.jpg,/content/drive/MyDrive/phase11-persistent/gt_boundaries/uhcs2/uhcs0220.png,0,0,645,484,123,28
uhcs2/uhcs0220/x256_y0,uhcs2,uhcs0220,uhcs0220.jpg,256,0,0.044052,train,256,/content/drive/MyDrive/phase11-data/data/uhcs2/images/uhcs0220.jpg,/content/drive/MyDrive/phase11-persistent/gt_boundaries/uhcs2/uhcs0220.png,0,0,645,484,123,28
uhcs2/uhcs0220/x256_y128,uhcs2,uhcs0220,uhcs0220.jpg,256,128,0.046661,train,256,/content/drive/MyDrive/phase11-data/data/uhcs2/images/uhcs0220.jpg,/content/drive/MyDrive/phase11-persistent/gt_boundaries/uhcs2/uhcs0220.png,0,0,645,484,123,28
uhcs2/uhcs0220/x256_y256,uhcs2,uhcs0220,uhcs0220.jpg,256,256,0.010941,train,256,/content/drive/MyDrive/phase11-data/data/uhcs2/images/uhcs0220.jpg,/content/drive/MyDrive/phase11-persistent/gt_boundaries/uhcs2/uhcs0220.png,0,0,645,484,123,28
uhcs2/uhcs0220/x384_y0,uhcs2,uhcs0220,uhcs0220.jpg,384,0,0.059265,train,256,/content/drive/MyDrive/phase11-data/data/uhcs2/images/uhcs0220.jpg,/content/drive/MyDrive/phase11-persistent/gt_boundaries/uhcs2/uhcs0220.png,0,0,645,484,123,28
uhcs2/uhcs0220/x384_y128,uhcs2,uhcs0220,uhcs0220.jpg,384,128,0.04924,train,256,/content/drive/MyDrive/phase11-data/data/uhcs2/images/uhcs0220.jpg,/content/drive/MyDrive/phase11-persistent/gt_boundaries/uhcs2/uhcs0220.png,0,0,645,484,123,28
uhcs2/uhcs0220/x384_y256,uhcs2,uhcs0220,uhcs0220.jpg,384,256,0.040588,train,256,/content/drive/MyDrive/phase11-data/data/uhcs2/images/uhcs0220.jpg,/content/drive/MyDrive/phase11-persistent/gt_boundaries/uhcs2/uhcs0220.png,0,0,645,484,123,28
uhcs2/uhcs0220/x512_y0,uhcs2,uhcs0220,uhcs0220.jpg,512,0,0.068359,train,256,/content/drive/MyDrive/phase11-data/data/uhcs2/images/uhcs0220.jpg,/content/drive/MyDrive/phase11-persistent/gt_boundaries/uhcs2/uhcs0220.png,0,0,645,484,123,28
uhcs2/uhcs0220/x512_y128,uhcs2,uhcs0220,uhcs0220.jpg,512,128,0.045319,train,256,/content/drive/MyDrive/phase11-data/data/uhcs2/images/uhcs0220.jpg,/content/drive/MyDrive/phase11-persistent/gt_boundaries/uhcs2/uhcs0220.png,0,0,645,484,123,28
uhcs2/uhcs0220/x512_y256,uhcs2,uhcs0220,uhcs0220.jpg,512,256,0.063583,train,256,/content/drive/MyDrive/phase11-data/data/uhcs2/images/uhcs0220.jpg,/content/drive/MyDrive/phase11-persistent/gt_boundaries/uhcs2/uhcs0220.png,0,0,645,484,123,28
uhcs2/uhcs0235/x0_y0,uhcs2,uhcs0235,uhcs0235.jpg,0,0,0.022858,train,256,/content/drive/MyDrive/phase11-data/data/uhcs2/images/uhcs0235.jpg,/content/drive/MyDrive/phase11-persistent/gt_boundaries/uhcs2/uhcs0235.png,0,0,645,484,123,28
uhcs2/uhcs0235/x0_y128,uhcs2,uhcs0235,uhcs0235.jpg,0,128,0.03511,train,256,/content/drive/MyDrive/phase11-data/data/uhcs2/images/uhcs0235.jpg,/content/drive/MyDrive/phase11-persistent/gt_boundaries/uhcs2/uhcs0235.png,0,0,645,484,123,28
uhcs2/uhcs0235/x0_y256,uhcs2,uhcs0235,uhcs0235.jpg,0,256,0.043076,train,256,/content/drive/MyDrive/phase11-data/data/uhcs2/images/uhcs0235.jpg,/content/drive/MyDrive/phase11-persistent/gt_boundaries/uhcs2/uhcs0235.png,0,0,645,484,123,28
uhcs2/uhcs0235/x128_y0,uhcs2,uhcs0235,uhcs0235.jpg,128,0,0.027786,train,256,/content/drive/MyDrive/phase11-data/data/uhcs2/images/uhcs0235.jpg,/content/drive/MyDrive/phase11-persistent/gt_boundaries/uhcs2/uhcs0235.png,0,0,645,484,123,28
uhcs2/uhcs0235/x128_y128,uhcs2,uhcs0235,uhcs0235.jpg,128,128,0.042084,train,256,/content/drive/MyDrive/phase11-data/data/uhcs2/images/uhcs0235.jpg,/content/drive/MyDrive/phase11-persistent/gt_boundaries/uhcs2/uhcs0235.png,0,0,645,484,123,28
uhcs2/uhcs0235/x128_y256,uhcs2,uhcs0235,uhcs0235.jpg,128,256,0.045822,train,256,/content/drive/MyDrive/phase11-data/data/uhcs2/images/uhcs0235.jpg,/content/drive/MyDrive/phase11-persistent/gt_boundaries/uhcs2/uhcs0235.png,0,0,645,484,123,28
uhcs2/uhcs0235/x256_y0,uhcs2,uhcs0235,uhcs0235.jpg,256,0,0.00972,train,256,/content/drive/MyDrive/phase11-data/data/uhcs2/images/uhcs0235.jpg,/content/drive/MyDrive/phase11-persistent/gt_boundaries/uhcs2/uhcs0235.png,0,0,645,484,123,28
uhcs2/uhcs0235/x256_y128,uhcs2,uhcs0235,uhcs0235.jpg,256,128,0.006973,train,256,/content/drive/MyDrive/phase11-data/data/uhcs2/images/uhcs0235.jpg,/content/drive/MyDrive/phase11-persistent/gt_boundaries/uhcs2/uhcs0235.png,0,0,645,484,123,28
uhcs2/uhcs0235/x384_y0,uhcs2,uhcs0235,uhcs0235.jpg,384,0,0.026123,train,256,/content/drive/MyDrive/phase11-data/data/uhcs2/images/uhcs0235.jpg,/content/drive/MyDrive/phase11-persistent/gt_boundaries/uhcs2/uhcs0235.png,0,0,645,484,123,28
uhcs2/uhcs0235/x384_y128,uhcs2,uhcs0235,uhcs0235.jpg,384,128,0.006775,train,256,/content/drive/MyDrive/phase11-data/data/uhcs2/images/uhcs0235.jpg,/content/drive/MyDrive/phase11-persistent/gt_boundaries/uhcs2/uhcs0235.png,0,0,645,484,123,28
uhcs2/uhcs0235/x384_y256,uhcs2,uhcs0235,uhcs0235.jpg,384,256,0.013092,train,256,/content/drive/MyDrive/phase11-data/data/uhcs2/images/uhcs0235.jpg,/content/drive/MyDrive/phase11-persistent/gt_boundaries/uhcs2/uhcs0235.png,0,0,645,484,123,28
uhcs2/uhcs0235/x512_y0,uhcs2,uhcs0235,uhcs0235.jpg,512,0,0.043427,train,256,/content/drive/MyDrive/phase11-data/data/uhcs2/images/uhcs0235.jpg,/content/drive/MyDrive/phase11-persistent/gt_boundaries/uhcs2/uhcs0235.png,0,0,645,484,123,28
uhcs2/uhcs0235/x512_y128,uhcs2,uhcs0235,uhcs0235.jpg,512,128,0.015747,train,256,/content/drive/MyDrive/phase11-data/data/uhcs2/images/uhcs0235.jpg,/content/drive/MyDrive/phase11-persistent/gt_boundaries/uhcs2/uhcs0235.png,0,0,645,484,123,28
uhcs2/uhcs0235/x512_y256,uhcs2,uhcs0235,uhcs0235.jpg,512,256,0.027679,train,256,/content/drive/MyDrive/phase11-data/data/uhcs2/images/uhcs0235.jpg,/content/drive/MyDrive/phase11-persistent/gt_boundaries/uhcs2/uhcs0235.png,0,0,645,484,123,28
uhcs2/uhcs0295/x0_y0,uhcs2,uhcs0295,uhcs0295.jpg,0,0,0.054626,train,256,/content/drive/MyDrive/phase11-data/data/uhcs2/images/uhcs0295.jpg,/content/drive/MyDrive/phase11-persistent/gt_boundaries/uhcs2/uhcs0295.png,0,0,645,484,123,28
uhcs2/uhcs0295/x0_y128,uhcs2,uhcs0295,uhcs0295.jpg,0,128,0.078156,train,256,/content/drive/MyDrive/phase11-data/data/uhcs2/images/uhcs0295.jpg,/content/drive/MyDrive/phase11-persistent/gt_boundaries/uhcs2/uhcs0295.png,0,0,645,484,123,28
uhcs2/uhcs0295/x0_y256,uhcs2,uhcs0295,uhcs0295.jpg,0,256,0.066284,train,256,/content/drive/MyDrive/phase11-data/data/uhcs2/images/uhcs0295.jpg,/content/drive/MyDrive/phase11-persistent/gt_boundaries/uhcs2/uhcs0295.png,0,0,645,484,123,28
uhcs2/uhcs0295/x128_y0,uhcs2,uhcs0295,uhcs0295.jpg,128,0,0.080887,train,256,/content/drive/MyDrive/phase11-data/data/uhcs2/images/uhcs0295.jpg,/content/drive/MyDrive/phase11-persistent/gt_boundaries/uhcs2/uhcs0295.png,0,0,645,484,123,28
uhcs2/uhcs0295/x128_y128,uhcs2,uhcs0295,uhcs0295.jpg,128,128,0.083252,train,256,/content/drive/MyDrive/phase11-data/data/uhcs2/images/uhcs0295.jpg,/content/drive/MyDrive/phase11-persistent/gt_boundaries/uhcs2/uhcs0295.png,0,0,645,484,123,28
uhcs2/uhcs0295/x128_y256,uhcs2,uhcs0295,uhcs0295.jpg,128,256,0.068588,train,256,/content/drive/MyDrive/phase11-data/data/uhcs2/images/uhcs0295.jpg,/content/drive/MyDrive/phase11-persistent/gt_boundaries/uhcs2/uhcs0295.png,0,0,645,484,123,28
uhcs2/uhcs0295/x256_y0,uhcs2,uhcs0295,uhcs0295.jpg,256,0,0.045639,train,256,/content/drive/MyDrive/phase11-data/data/uhcs2/images/uhcs0295.jpg,/content/drive/MyDrive/phase11-persistent/gt_boundaries/uhcs2/uhcs0295.png,0,0,645,484,123,28
uhcs2/uhcs0295/x256_y128,uhcs2,uhcs0295,uhcs0295.jpg,256,128,0.03801,train,256,/content/drive/MyDrive/phase11-data/data/uhcs2/images/uhcs0295.jpg,/content/drive/MyDrive/phase11-persistent/gt_boundaries/uhcs2/uhcs0295.png,0,0,645,484,123,28
uhcs2/uhcs0295/x256_y256,uhcs2,uhcs0295,uhcs0295.jpg,256,256,0.054123,train,256,/content/drive/MyDrive/phase11-data/data/uhcs2/images/uhcs0295.jpg,/content/drive/MyDrive/phase11-persistent/gt_boundaries/uhcs2/uhcs0295.png,0,0,645,484,123,28
uhcs2/uhcs0295/x384_y256,uhcs2,uhcs0295,uhcs0295.jpg,384,256,0.034576,train,256,/content/drive/MyDrive/phase11-data/data/uhcs2/images/uhcs0295.jpg,/content/drive/MyDrive/phase11-persistent/gt_boundaries/uhcs2/uhcs0295.png,0,0,645,484,123,28
uhcs2/uhcs0295/x512_y256,uhcs2,uhcs0295,uhcs0295.jpg,512,256,0.023956,train,256,/content/drive/MyDrive/phase11-data/data/uhcs2/images/uhcs0295.jpg,/content/drive/MyDrive/phase11-persistent/gt_boundaries/uhcs2/uhcs0295.png,0,0,645,484,123,28
uhcs2/uhcs0312/x0_y0,uhcs2,uhcs0312,uhcs0312.jpg,0,0,0.067444,train,256,/content/drive/MyDrive/phase11-data/data/uhcs2/images/uhcs0312.jpg,/content/drive/MyDrive/phase11-persistent/gt_boundaries/uhcs2/uhcs0312.png,0,0,645,484,123,28
uhcs2/uhcs0312/x0_y128,uhcs2,uhcs0312,uhcs0312.jpg,0,128,0.047775,train,256,/content/drive/MyDrive/phase11-data/data/uhcs2/images/uhcs0312.jpg,/content/drive/MyDrive/phase11-persistent/gt_boundaries/uhcs2/uhcs0312.png,0,0,645,484,123,28
uhcs2/uhcs0312/x0_y256,uhcs2,uhcs0312,uhcs0312.jpg,0,256,0.037994,train,256,/content/drive/MyDrive/phase11-data/data/uhcs2/images/uhcs0312.jpg,/content/drive/MyDrive/phase11-persistent/gt_boundaries/uhcs2/uhcs0312.png,0,0,645,484,123,28
uhcs2/uhcs0312/x128_y0,uhcs2,uhcs0312,uhcs0312.jpg,128,0,0.035492,train,256,/content/drive/MyDrive/phase11-data/data/uhcs2/images/uhcs0312.jpg,/content/drive/MyDrive/phase11-persistent/gt_boundaries/uhcs2/uhcs0312.png,0,0,645,484,123,28
uhcs2/uhcs0312/x128_y128,uhcs2,uhcs0312,uhcs0312.jpg,128,128,0.056351,train,256,/content/drive/MyDrive/phase11-data/data/uhcs2/images/uhcs0312.jpg,/content/drive/MyDrive/phase11-persistent/gt_boundaries/uhcs2/uhcs0312.png,0,0,645,484,123,28
uhcs2/uhcs0312/x128_y256,uhcs2,uhcs0312,uhcs0312.jpg,128,256,0.037292,train,256,/content/drive/MyDrive/phase11-data/data/uhcs2/images/uhcs0312.jpg,/content/drive/MyDrive/phase11-persistent/gt_boundaries/uhcs2/uhcs0312.png,0,0,645,484,123,28
uhcs2/uhcs0312/x256_y0,uhcs2,uhcs0312,uhcs0312.jpg,256,0,0.044876,train,256,/content/drive/MyDrive/phase11-data/data/uhcs2/images/uhcs0312.jpg,/content/drive/MyDrive/phase11-persistent/gt_boundaries/uhcs2/uhcs0312.png,0,0,645,484,123,28
uhcs2/uhcs0312/x256_y128,uhcs2,uhcs0312,uhcs0312.jpg,256,128,0.074448,train,256,/content/drive/MyDrive/phase11-data/data/uhcs2/images/uhcs0312.jpg,/content/drive/MyDrive/phase11-persistent/gt_boundaries/uhcs2/uhcs0312.png,0,0,645,484,123,28
uhcs2/uhcs0312/x256_y256,uhcs2,uhcs0312,uhcs0312.jpg,256,256,0.057785,train,256,/content/drive/MyDrive/phase11-data/data/uhcs2/images/uhcs0312.jpg,/content/drive/MyDrive/phase11-persistent/gt_boundaries/uhcs2/uhcs0312.png,0,0,645,484,123,28
uhcs2/uhcs0312/x384_y0,uhcs2,uhcs0312,uhcs0312.jpg,384,0,0.053543,train,256,/content/drive/MyDrive/phase11-data/data/uhcs2/images/uhcs0312.jpg,/content/drive/MyDrive/phase11-persistent/gt_boundaries/uhcs2/uhcs0312.png,0,0,645,484,123,28
uhcs2/uhcs0312/x384_y128,uhcs2,uhcs0312,uhcs0312.jpg,384,128,0.092346,train,256,/content/drive/MyDrive/phase11-data/data/uhcs2/images/uhcs0312.jpg,/content/drive/MyDrive/phase11-persistent/gt_boundaries/uhcs2/uhcs0312.png,0,0,645,484,123,28
uhcs2/uhcs0312/x384_y256,uhcs2,uhcs0312,uhcs0312.jpg,384,256,0.09082,train,256,/content/drive/MyDrive/phase11-data/data/uhcs2/images/uhcs0312.jpg,/content/drive/MyDrive/phase11-persistent/gt_boundaries/uhcs2/uhcs0312.png,0,0,645,484,123,28
uhcs2/uhcs0312/x512_y0,uhcs2,uhcs0312,uhcs0312.jpg,512,0,0.056137,train,256,/content/drive/MyDrive/phase11-data/data/uhcs2/images/uhcs0312.jpg,/content/drive/MyDrive/phase11-persistent/gt_boundaries/uhcs2/uhcs0312.png,0,0,645,484,123,28
uhcs2/uhcs0312/x512_y128,uhcs2,uhcs0312,uhcs0312.jpg,512,128,0.093704,train,256,/content/drive/MyDrive/phase11-data/data/uhcs2/images/uhcs0312.jpg,/content/drive/MyDrive/phase11-persistent/gt_boundaries/uhcs2/uhcs0312.png,0,0,645,484,123,28
uhcs2/uhcs0312/x512_y256,uhcs2,uhcs0312,uhcs0312.jpg,512,256,0.102188,train,256,/content/drive/MyDrive/phase11-data/data/uhcs2/images/uhcs0312.jpg,/content/drive/MyDrive/phase11-persistent/gt_boundaries/uhcs2/uhcs0312.png,0,0,645,484,123,28
uhcs2/uhcs0333/x0_y0,uhcs2,uhcs0333,uhcs0333.jpg,0,0,0.050018,train,256,/content/drive/MyDrive/phase11-data/data/uhcs2/images/uhcs0333.jpg,/content/drive/MyDrive/phase11-persistent/gt_boundaries/uhcs2/uhcs0333.png,0,0,645,484,123,28
uhcs2/uhcs0333/x0_y128,uhcs2,uhcs0333,uhcs0333.jpg,0,128,0.042221,train,256,/content/drive/MyDrive/phase11-data/data/uhcs2/images/uhcs0333.jpg,/content/drive/MyDrive/phase11-persistent/gt_boundaries/uhcs2/uhcs0333.png,0,0,645,484,123,28
uhcs2/uhcs0333/x0_y256,uhcs2,uhcs0333,uhcs0333.jpg,0,256,0.014709,train,256,/content/drive/MyDrive/phase11-data/data/uhcs2/images/uhcs0333.jpg,/content/drive/MyDrive/phase11-persistent/gt_boundaries/uhcs2/uhcs0333.png,0,0,645,484,123,28
uhcs2/uhcs0333/x128_y0,uhcs2,uhcs0333,uhcs0333.jpg,128,0,0.043259,train,256,/content/drive/MyDrive/phase11-data/data/uhcs2/images/uhcs0333.jpg,/content/drive/MyDrive/phase11-persistent/gt_boundaries/uhcs2/uhcs0333.png,0,0,645,484,123,28
uhcs2/uhcs0333/x128_y128,uhcs2,uhcs0333,uhcs0333.jpg,128,128,0.03775,train,256,/content/drive/MyDrive/phase11-data/data/uhcs2/images/uhcs0333.jpg,/content/drive/MyDrive/phase11-persistent/gt_boundaries/uhcs2/uhcs0333.png,0,0,645,484,123,28
uhcs2/uhcs0333/x128_y256,uhcs2,uhcs0333,uhcs0333.jpg,128,256,0.017212,train,256,/content/drive/MyDrive/phase11-data/data/uhcs2/images/uhcs0333.jpg,/content/drive/MyDrive/phase11-persistent/gt_boundaries/uhcs2/uhcs0333.png,0,0,645,484,123,28
uhcs2/uhcs0333/x256_y0,uhcs2,uhcs0333,uhcs0333.jpg,256,0,0.030792,train,256,/content/drive/MyDrive/phase11-data/data/uhcs2/images/uhcs0333.jpg,/content/drive/MyDrive/phase11-persistent/gt_boundaries/uhcs2/uhcs0333.png,0,0,645,484,123,28
uhcs2/uhcs0333/x256_y128,uhcs2,uhcs0333,uhcs0333.jpg,256,128,0.03717,train,256,/content/drive/MyDrive/phase11-data/data/uhcs2/images/uhcs0333.jpg,/content/drive/MyDrive/phase11-persistent/gt_boundaries/uhcs2/uhcs0333.png,0,0,645,484,123,28
uhcs2/uhcs0333/x256_y256,uhcs2,uhcs0333,uhcs0333.jpg,256,256,0.044098,train,256,/content/drive/MyDrive/phase11-data/data/uhcs2/images/uhcs0333.jpg,/content/drive/MyDrive/phase11-persistent/gt_boundaries/uhcs2/uhcs0333.png,0,0,645,484,123,28
uhcs2/uhcs0333/x384_y0,uhcs2,uhcs0333,uhcs0333.jpg,384,0,0.022903,train,256,/content/drive/MyDrive/phase11-data/data/uhcs2/images/uhcs0333.jpg,/content/drive/MyDrive/phase11-persistent/gt_boundaries/uhcs2/uhcs0333.png,0,0,645,484,123,28
uhcs2/uhcs0333/x384_y128,uhcs2,uhcs0333,uhcs0333.jpg,384,128,0.031326,train,256,/content/drive/MyDrive/phase11-data/data/uhcs2/images/uhcs0333.jpg,/content/drive/MyDrive/phase11-persistent/gt_boundaries/uhcs2/uhcs0333.png,0,0,645,484,123,28
uhcs2/uhcs0333/x384_y256,uhcs2,uhcs0333,uhcs0333.jpg,384,256,0.049606,train,256,/content/drive/MyDrive/phase11-data/data/uhcs2/images/uhcs0333.jpg,/content/drive/MyDrive/phase11-persistent/gt_boundaries/uhcs2/uhcs0333.png,0,0,645,484,123,28
uhcs2/uhcs0333/x512_y0,uhcs2,uhcs0333,uhcs0333.jpg,512,0,0.023468,train,256,/content/drive/MyDrive/phase11-data/data/uhcs2/images/uhcs0333.jpg,/content/drive/MyDrive/phase11-persistent/gt_boundaries/uhcs2/uhcs0333.png,0,0,645,484,123,28
uhcs2/uhcs0333/x512_y128,uhcs2,uhcs0333,uhcs0333.jpg,512,128,0.032761,train,256,/content/drive/MyDrive/phase11-data/data/uhcs2/images/uhcs0333.jpg,/content/drive/MyDrive/phase11-persistent/gt_boundaries/uhcs2/uhcs0333.png,0,0,645,484,123,28
uhcs2/uhcs0333/x512_y256,uhcs2,uhcs0333,uhcs0333.jpg,512,256,0.042908,train,256,/content/drive/MyDrive/phase11-data/data/uhcs2/images/uhcs0333.jpg,/content/drive/MyDrive/phase11-persistent/gt_boundaries/uhcs2/uhcs0333.png,0,0,645,484,123,28
uhcs2/uhcs0357/x0_y0,uhcs2,uhcs0357,uhcs0357.jpg,0,0,0.072662,train,256,/content/drive/MyDrive/phase11-data/data/uhcs2/images/uhcs0357.jpg,/content/drive/MyDrive/phase11-persistent/gt_boundaries/uhcs2/uhcs0357.png,0,0,645,484,123,28
uhcs2/uhcs0357/x0_y128,uhcs2,uhcs0357,uhcs0357.jpg,0,128,0.090088,train,256,/content/drive/MyDrive/phase11-data/data/uhcs2/images/uhcs0357.jpg,/content/drive/MyDrive/phase11-persistent/gt_boundaries/uhcs2/uhcs0357.png,0,0,645,484,123,28
uhcs2/uhcs0357/x0_y256,uhcs2,uhcs0357,uhcs0357.jpg,0,256,0.096893,train,256,/content/drive/MyDrive/phase11-data/data/uhcs2/images/uhcs0357.jpg,/content/drive/MyDrive/phase11-persistent/gt_boundaries/uhcs2/uhcs0357.png,0,0,645,484,123,28
uhcs2/uhcs0357/x128_y0,uhcs2,uhcs0357,uhcs0357.jpg,128,0,0.07106,train,256,/content/drive/MyDrive/phase11-data/data/uhcs2/images/uhcs0357.jpg,/content/drive/MyDrive/phase11-persistent/gt_boundaries/uhcs2/uhcs0357.png,0,0,645,484,123,28
uhcs2/uhcs0357/x128_y128,uhcs2,uhcs0357,uhcs0357.jpg,128,128,0.09317,train,256,/content/drive/MyDrive/phase11-data/data/uhcs2/images/uhcs0357.jpg,/content/drive/MyDrive/phase11-persistent/gt_boundaries/uhcs2/uhcs0357.png,0,0,645,484,123,28
uhcs2/uhcs0357/x128_y256,uhcs2,uhcs0357,uhcs0357.jpg,128,256,0.090668,train,256,/content/drive/MyDrive/phase11-data/data/uhcs2/images/uhcs0357.jpg,/content/drive/MyDrive/phase11-persistent/gt_boundaries/uhcs2/uhcs0357.png,0,0,645,484,123,28
uhcs2/uhcs0357/x256_y0,uhcs2,uhcs0357,uhcs0357.jpg,256,0,0.095856,train,256,/content/drive/MyDrive/phase11-data/data/uhcs2/images/uhcs0357.jpg,/content/drive/MyDrive/phase11-persistent/gt_boundaries/uhcs2/uhcs0357.png,0,0,645,484,123,28
uhcs2/uhcs0357/x256_y128,uhcs2,uhcs0357,uhcs0357.jpg,256,128,0.092743,train,256,/content/drive/MyDrive/phase11-data/data/uhcs2/images/uhcs0357.jpg,/content/drive/MyDrive/phase11-persistent/gt_boundaries/uhcs2/uhcs0357.png,0,0,645,484,123,28
uhcs2/uhcs0357/x256_y256,uhcs2,uhcs0357,uhcs0357.jpg,256,256,0.091217,train,256,/content/drive/MyDrive/phase11-data/data/uhcs2/images/uhcs0357.jpg,/content/drive/MyDrive/phase11-persistent/gt_boundaries/uhcs2/uhcs0357.png,0,0,645,484,123,28
uhcs2/uhcs0357/x384_y0,uhcs2,uhcs0357,uhcs0357.jpg,384,0,0.096283,train,256,/content/drive/MyDrive/phase11-data/data/uhcs2/images/uhcs0357.jpg,/content/drive/MyDrive/phase11-persistent/gt_boundaries/uhcs2/uhcs0357.png,0,0,645,484,123,28
uhcs2/uhcs0357/x384_y128,uhcs2,uhcs0357,uhcs0357.jpg,384,128,0.077255,train,256,/content/drive/MyDrive/phase11-data/data/uhcs2/images/uhcs0357.jpg,/content/drive/MyDrive/phase11-persistent/gt_boundaries/uhcs2/uhcs0357.png,0,0,645,484,123,28
uhcs2/uhcs0357/x384_y256,uhcs2,uhcs0357,uhcs0357.jpg,384,256,0.074234,train,256,/content/drive/MyDrive/phase11-data/data/uhcs2/images/uhcs0357.jpg,/content/drive/MyDrive/phase11-persistent/gt_boundaries/uhcs2/uhcs0357.png,0,0,645,484,123,28
uhcs2/uhcs0357/x512_y0,uhcs2,uhcs0357,uhcs0357.jpg,512,0,0.085358,train,256,/content/drive/MyDrive/phase11-data/data/uhcs2/images/uhcs0357.jpg,/content/drive/MyDrive/phase11-persistent/gt_boundaries/uhcs2/uhcs0357.png,0,0,645,484,123,28
uhcs2/uhcs0357/x512_y128,uhcs2,uhcs0357,uhcs0357.jpg,512,128,0.082123,train,256,/content/drive/MyDrive/phase11-data/data/uhcs2/images/uhcs0357.jpg,/content/drive/MyDrive/phase11-persistent/gt_boundaries/uhcs2/uhcs0357.png,0,0,645,484,123,28
uhcs2/uhcs0357/x512_y256,uhcs2,uhcs0357,uhcs0357.jpg,512,256,0.061447,train,256,/content/drive/MyDrive/phase11-data/data/uhcs2/images/uhcs0357.jpg,/content/drive/MyDrive/phase11-persistent/gt_boundaries/uhcs2/uhcs0357.png,0,0,645,484,123,28
uhcs2/uhcs0360/x0_y0,uhcs2,uhcs0360,uhcs0360.jpg,0,0,0.022446,train,256,/content/drive/MyDrive/phase11-data/data/uhcs2/images/uhcs0360.jpg,/content/drive/MyDrive/phase11-persistent/gt_boundaries/uhcs2/uhcs0360.png,0,0,645,484,123,28
uhcs2/uhcs0360/x0_y128,uhcs2,uhcs0360,uhcs0360.jpg,0,128,0.027481,train,256,/content/drive/MyDrive/phase11-data/data/uhcs2/images/uhcs0360.jpg,/content/drive/MyDrive/phase11-persistent/gt_boundaries/uhcs2/uhcs0360.png,0,0,645,484,123,28
uhcs2/uhcs0360/x0_y256,uhcs2,uhcs0360,uhcs0360.jpg,0,256,0.02536,train,256,/content/drive/MyDrive/phase11-data/data/uhcs2/images/uhcs0360.jpg,/content/drive/MyDrive/phase11-persistent/gt_boundaries/uhcs2/uhcs0360.png,0,0,645,484,123,28
uhcs2/uhcs0360/x128_y0,uhcs2,uhcs0360,uhcs0360.jpg,128,0,0.025513,train,256,/content/drive/MyDrive/phase11-data/data/uhcs2/images/uhcs0360.jpg,/content/drive/MyDrive/phase11-persistent/gt_boundaries/uhcs2/uhcs0360.png,0,0,645,484,123,28
uhcs2/uhcs0360/x128_y128,uhcs2,uhcs0360,uhcs0360.jpg,128,128,0.041321,train,256,/content/drive/MyDrive/phase11-data/data/uhcs2/images/uhcs0360.jpg,/content/drive/MyDrive/phase11-persistent/gt_boundaries/uhcs2/uhcs0360.png,0,0,645,484,123,28
uhcs2/uhcs0360/x128_y256,uhcs2,uhcs0360,uhcs0360.jpg,128,256,0.049484,train,256,/content/drive/MyDrive/phase11-data/data/uhcs2/images/uhcs0360.jpg,/content/drive/MyDrive/phase11-persistent/gt_boundaries/uhcs2/uhcs0360.png,0,0,645,484,123,28
uhcs2/uhcs0360/x256_y0,uhcs2,uhcs0360,uhcs0360.jpg,256,0,0.047485,train,256,/content/drive/MyDrive/phase11-data/data/uhcs2/images/uhcs0360.jpg,/content/drive/MyDrive/phase11-persistent/gt_boundaries/uhcs2/uhcs0360.png,0,0,645,484,123,28
uhcs2/uhcs0360/x256_y128,uhcs2,uhcs0360,uhcs0360.jpg,256,128,0.046585,train,256,/content/drive/MyDrive/phase11-data/data/uhcs2/images/uhcs0360.jpg,/content/drive/MyDrive/phase11-persistent/gt_boundaries/uhcs2/uhcs0360.png,0,0,645,484,123,28
uhcs2/uhcs0360/x256_y256,uhcs2,uhcs0360,uhcs0360.jpg,256,256,0.065826,train,256,/content/drive/MyDrive/phase11-data/data/uhcs2/images/uhcs0360.jpg,/content/drive/MyDrive/phase11-persistent/gt_boundaries/uhcs2/uhcs0360.png,0,0,645,484,123,28
uhcs2/uhcs0360/x384_y0,uhcs2,uhcs0360,uhcs0360.jpg,384,0,0.024948,train,256,/content/drive/MyDrive/phase11-data/data/uhcs2/images/uhcs0360.jpg,/content/drive/MyDrive/phase11-persistent/gt_boundaries/uhcs2/uhcs0360.png,0,0,645,484,123,28
uhcs2/uhcs0360/x384_y128,uhcs2,uhcs0360,uhcs0360.jpg,384,128,0.005264,train,256,/content/drive/MyDrive/phase11-data/data/uhcs2/images/uhcs0360.jpg,/content/drive/MyDrive/phase11-persistent/gt_boundaries/uhcs2/uhcs0360.png,0,0,645,484,123,28
uhcs2/uhcs0360/x384_y256,uhcs2,uhcs0360,uhcs0360.jpg,384,256,0.046036,train,256,/content/drive/MyDrive/phase11-data/data/uhcs2/images/uhcs0360.jpg,/content/drive/MyDrive/phase11-persistent/gt_boundaries/uhcs2/uhcs0360.png,0,0,645,484,123,28
uhcs2/uhcs0360/x512_y256,uhcs2,uhcs0360,uhcs0360.jpg,512,256,0.054062,train,256,/content/drive/MyDrive/phase11-data/data/uhcs2/images/uhcs0360.jpg,/content/drive/MyDrive/phase11-persistent/gt_boundaries/uhcs2/uhcs0360.png,0,0,645,484,123,28
uhcs2/uhcs0477/x0_y0,uhcs2,uhcs0477,uhcs0477.jpg,0,0,0.140198,train,256,/content/drive/MyDrive/phase11-data/data/uhcs2/images/uhcs0477.jpg,/content/drive/MyDrive/phase11-persistent/gt_boundaries/uhcs2/uhcs0477.png,0,0,645,484,123,28
uhcs2/uhcs0477/x0_y128,uhcs2,uhcs0477,uhcs0477.jpg,0,128,0.135422,train,256,/content/drive/MyDrive/phase11-data/data/uhcs2/images/uhcs0477.jpg,/content/drive/MyDrive/phase11-persistent/gt_boundaries/uhcs2/uhcs0477.png,0,0,645,484,123,28
uhcs2/uhcs0477/x0_y256,uhcs2,uhcs0477,uhcs0477.jpg,0,256,0.091217,train,256,/content/drive/MyDrive/phase11-data/data/uhcs2/images/uhcs0477.jpg,/content/drive/MyDrive/phase11-persistent/gt_boundaries/uhcs2/uhcs0477.png,0,0,645,484,123,28
uhcs2/uhcs0477/x128_y0,uhcs2,uhcs0477,uhcs0477.jpg,128,0,0.132309,train,256,/content/drive/MyDrive/phase11-data/data/uhcs2/images/uhcs0477.jpg,/content/drive/MyDrive/phase11-persistent/gt_boundaries/uhcs2/uhcs0477.png,0,0,645,484,123,28
uhcs2/uhcs0477/x128_y128,uhcs2,uhcs0477,uhcs0477.jpg,128,128,0.152466,train,256,/content/drive/MyDrive/phase11-data/data/uhcs2/images/uhcs0477.jpg,/content/drive/MyDrive/phase11-persistent/gt_boundaries/uhcs2/uhcs0477.png,0,0,645,484,123,28
uhcs2/uhcs0477/x128_y256,uhcs2,uhcs0477,uhcs0477.jpg,128,256,0.100128,train,256,/content/drive/MyDrive/phase11-data/data/uhcs2/images/uhcs0477.jpg,/content/drive/MyDrive/phase11-persistent/gt_boundaries/uhcs2/uhcs0477.png,0,0,645,484,123,28
uhcs2/uhcs0477/x256_y0,uhcs2,uhcs0477,uhcs0477.jpg,256,0,0.09285,train,256,/content/drive/MyDrive/phase11-data/data/uhcs2/images/uhcs0477.jpg,/content/drive/MyDrive/phase11-persistent/gt_boundaries/uhcs2/uhcs0477.png,0,0,645,484,123,28
uhcs2/uhcs0477/x256_y128,uhcs2,uhcs0477,uhcs0477.jpg,256,128,0.100967,train,256,/content/drive/MyDrive/phase11-data/data/uhcs2/images/uhcs0477.jpg,/content/drive/MyDrive/phase11-persistent/gt_boundaries/uhcs2/uhcs0477.png,0,0,645,484,123,28
uhcs2/uhcs0477/x256_y256,uhcs2,uhcs0477,uhcs0477.jpg,256,256,0.102982,train,256,/content/drive/MyDrive/phase11-data/data/uhcs2/images/uhcs0477.jpg,/content/drive/MyDrive/phase11-persistent/gt_boundaries/uhcs2/uhcs0477.png,0,0,645,484,123,28
uhcs2/uhcs0477/x384_y0,uhcs2,uhcs0477,uhcs0477.jpg,384,0,0.08168,train,256,/content/drive/MyDrive/phase11-data/data/uhcs2/images/uhcs0477.jpg,/content/drive/MyDrive/phase11-persistent/gt_boundaries/uhcs2/uhcs0477.png,0,0,645,484,123,28
uhcs2/uhcs0477/x384_y128,uhcs2,uhcs0477,uhcs0477.jpg,384,128,0.058945,train,256,/content/drive/MyDrive/phase11-data/data/uhcs2/images/uhcs0477.jpg,/content/drive/MyDrive/phase11-persistent/gt_boundaries/uhcs2/uhcs0477.png,0,0,645,484,123,28
uhcs2/uhcs0477/x384_y256,uhcs2,uhcs0477,uhcs0477.jpg,384,256,0.097336,train,256,/content/drive/MyDrive/phase11-data/data/uhcs2/images/uhcs0477.jpg,/content/drive/MyDrive/phase11-persistent/gt_boundaries/uhcs2/uhcs0477.png,0,0,645,484,123,28
uhcs2/uhcs0477/x512_y0,uhcs2,uhcs0477,uhcs0477.jpg,512,0,0.091324,train,256,/content/drive/MyDrive/phase11-data/data/uhcs2/images/uhcs0477.jpg,/content/drive/MyDrive/phase11-persistent/gt_boundaries/uhcs2/uhcs0477.png,0,0,645,484,123,28
uhcs2/uhcs0477/x512_y128,uhcs2,uhcs0477,uhcs0477.jpg,512,128,0.05722,train,256,/content/drive/MyDrive/phase11-data/data/uhcs2/images/uhcs0477.jpg,/content/drive/MyDrive/phase11-persistent/gt_boundaries/uhcs2/uhcs0477.png,0,0,645,484,123,28
uhcs2/uhcs0477/x512_y256,uhcs2,uhcs0477,uhcs0477.jpg,512,256,0.100906,train,256,/content/drive/MyDrive/phase11-data/data/uhcs2/images/uhcs0477.jpg,/content/drive/MyDrive/phase11-persistent/gt_boundaries/uhcs2/uhcs0477.png,0,0,645,484,123,28
uhcs2/uhcs0495/x0_y0,uhcs2,uhcs0495,uhcs0495.jpg,0,0,0.077591,train,256,/content/drive/MyDrive/phase11-data/data/uhcs2/images/uhcs0495.jpg,/content/drive/MyDrive/phase11-persistent/gt_boundaries/uhcs2/uhcs0495.png,0,0,645,484,123,28
uhcs2/uhcs0495/x0_y128,uhcs2,uhcs0495,uhcs0495.jpg,0,128,0.072922,train,256,/content/drive/MyDrive/phase11-data/data/uhcs2/images/uhcs0495.jpg,/content/drive/MyDrive/phase11-persistent/gt_boundaries/uhcs2/uhcs0495.png,0,0,645,484,123,28
uhcs2/uhcs0495/x0_y256,uhcs2,uhcs0495,uhcs0495.jpg,0,256,0.036758,train,256,/content/drive/MyDrive/phase11-data/data/uhcs2/images/uhcs0495.jpg,/content/drive/MyDrive/phase11-persistent/gt_boundaries/uhcs2/uhcs0495.png,0,0,645,484,123,28
uhcs2/uhcs0495/x128_y0,uhcs2,uhcs0495,uhcs0495.jpg,128,0,0.053574,train,256,/content/drive/MyDrive/phase11-data/data/uhcs2/images/uhcs0495.jpg,/content/drive/MyDrive/phase11-persistent/gt_boundaries/uhcs2/uhcs0495.png,0,0,645,484,123,28
uhcs2/uhcs0495/x128_y128,uhcs2,uhcs0495,uhcs0495.jpg,128,128,0.060135,train,256,/content/drive/MyDrive/phase11-data/data/uhcs2/images/uhcs0495.jpg,/content/drive/MyDrive/phase11-persistent/gt_boundaries/uhcs2/uhcs0495.png,0,0,645,484,123,28
uhcs2/uhcs0495/x128_y256,uhcs2,uhcs0495,uhcs0495.jpg,128,256,0.037384,train,256,/content/drive/MyDrive/phase11-data/data/uhcs2/images/uhcs0495.jpg,/content/drive/MyDrive/phase11-persistent/gt_boundaries/uhcs2/uhcs0495.png,0,0,645,484,123,28
uhcs2/uhcs0495/x256_y0,uhcs2,uhcs0495,uhcs0495.jpg,256,0,0.057175,train,256,/content/drive/MyDrive/phase11-data/data/uhcs2/images/uhcs0495.jpg,/content/drive/MyDrive/phase11-persistent/gt_boundaries/uhcs2/uhcs0495.png,0,0,645,484,123,28
uhcs2/uhcs0495/x256_y128,uhcs2,uhcs0495,uhcs0495.jpg,256,128,0.057968,train,256,/content/drive/MyDrive/phase11-data/data/uhcs2/images/uhcs0495.jpg,/content/drive/MyDrive/phase11-persistent/gt_boundaries/uhcs2/uhcs0495.png,0,0,645,484,123,28
uhcs2/uhcs0495/x256_y256,uhcs2,uhcs0495,uhcs0495.jpg,256,256,0.037415,train,256,/content/drive/MyDrive/phase11-data/data/uhcs2/images/uhcs0495.jpg,/content/drive/MyDrive/phase11-persistent/gt_boundaries/uhcs2/uhcs0495.png,0,0,645,484,123,28
uhcs2/uhcs0495/x384_y0,uhcs2,uhcs0495,uhcs0495.jpg,384,0,0.051819,train,256,/content/drive/MyDrive/phase11-data/data/uhcs2/images/uhcs0495.jpg,/content/drive/MyDrive/phase11-persistent/gt_boundaries/uhcs2/uhcs0495.png,0,0,645,484,123,28
uhcs2/uhcs0495/x384_y128,uhcs2,uhcs0495,uhcs0495.jpg,384,128,0.058426,train,256,/content/drive/MyDrive/phase11-data/data/uhcs2/images/uhcs0495.jpg,/content/drive/MyDrive/phase11-persistent/gt_boundaries/uhcs2/uhcs0495.png,0,0,645,484,123,28
uhcs2/uhcs0495/x384_y256,uhcs2,uhcs0495,uhcs0495.jpg,384,256,0.045166,train,256,/content/drive/MyDrive/phase11-data/data/uhcs2/images/uhcs0495.jpg,/content/drive/MyDrive/phase11-persistent/gt_boundaries/uhcs2/uhcs0495.png,0,0,645,484,123,28
uhcs2/uhcs0495/x512_y0,uhcs2,uhcs0495,uhcs0495.jpg,512,0,0.031876,train,256,/content/drive/MyDrive/phase11-data/data/uhcs2/images/uhcs0495.jpg,/content/drive/MyDrive/phase11-persistent/gt_boundaries/uhcs2/uhcs0495.png,0,0,645,484,123,28
uhcs2/uhcs0495/x512_y128,uhcs2,uhcs0495,uhcs0495.jpg,512,128,0.052902,train,256,/content/drive/MyDrive/phase11-data/data/uhcs2/images/uhcs0495.jpg,/content/drive/MyDrive/phase11-persistent/gt_boundaries/uhcs2/uhcs0495.png,0,0,645,484,123,28
uhcs2/uhcs0495/x512_y256,uhcs2,uhcs0495,uhcs0495.jpg,512,256,0.052231,train,256,/content/drive/MyDrive/phase11-data/data/uhcs2/images/uhcs0495.jpg,/content/drive/MyDrive/phase11-persistent/gt_boundaries/uhcs2/uhcs0495.png,0,0,645,484,123,28
uhcs2/uhcs0579/x0_y0,uhcs2,uhcs0579,uhcs0579.jpg,0,0,0.039688,train,256,/content/drive/MyDrive/phase11-data/data/uhcs2/images/uhcs0579.jpg,/content/drive/MyDrive/phase11-persistent/gt_boundaries/uhcs2/uhcs0579.png,0,0,645,484,123,28
uhcs2/uhcs0579/x0_y128,uhcs2,uhcs0579,uhcs0579.jpg,0,128,0.050812,train,256,/content/drive/MyDrive/phase11-data/data/uhcs2/images/uhcs0579.jpg,/content/drive/MyDrive/phase11-persistent/gt_boundaries/uhcs2/uhcs0579.png,0,0,645,484,123,28
uhcs2/uhcs0579/x0_y256,uhcs2,uhcs0579,uhcs0579.jpg,0,256,0.026321,train,256,/content/drive/MyDrive/phase11-data/data/uhcs2/images/uhcs0579.jpg,/content/drive/MyDrive/phase11-persistent/gt_boundaries/uhcs2/uhcs0579.png,0,0,645,484,123,28
uhcs2/uhcs0579/x128_y0,uhcs2,uhcs0579,uhcs0579.jpg,128,0,0.079666,train,256,/content/drive/MyDrive/phase11-data/data/uhcs2/images/uhcs0579.jpg,/content/drive/MyDrive/phase11-persistent/gt_boundaries/uhcs2/uhcs0579.png,0,0,645,484,123,28
uhcs2/uhcs0579/x128_y128,uhcs2,uhcs0579,uhcs0579.jpg,128,128,0.078232,train,256,/content/drive/MyDrive/phase11-data/data/uhcs2/images/uhcs0579.jpg,/content/drive/MyDrive/phase11-persistent/gt_boundaries/uhcs2/uhcs0579.png,0,0,645,484,123,28
uhcs2/uhcs0579/x128_y256,uhcs2,uhcs0579,uhcs0579.jpg,128,256,0.0383,train,256,/content/drive/MyDrive/phase11-data/data/uhcs2/images/uhcs0579.jpg,/content/drive/MyDrive/phase11-persistent/gt_boundaries/uhcs2/uhcs0579.png,0,0,645,484,123,28
uhcs2/uhcs0579/x256_y0,uhcs2,uhcs0579,uhcs0579.jpg,256,0,0.07312,train,256,/content/drive/MyDrive/phase11-data/data/uhcs2/images/uhcs0579.jpg,/content/drive/MyDrive/phase11-persistent/gt_boundaries/uhcs2/uhcs0579.png,0,0,645,484,123,28
uhcs2/uhcs0579/x256_y128,uhcs2,uhcs0579,uhcs0579.jpg,256,128,0.054794,train,256,/content/drive/MyDrive/phase11-data/data/uhcs2/images/uhcs0579.jpg,/content/drive/MyDrive/phase11-persistent/gt_boundaries/uhcs2/uhcs0579.png,0,0,645,484,123,28
uhcs2/uhcs0579/x256_y256,uhcs2,uhcs0579,uhcs0579.jpg,256,256,0.040375,train,256,/content/drive/MyDrive/phase11-data/data/uhcs2/images/uhcs0579.jpg,/content/drive/MyDrive/phase11-persistent/gt_boundaries/uhcs2/uhcs0579.png,0,0,645,484,123,28
uhcs2/uhcs0579/x384_y0,uhcs2,uhcs0579,uhcs0579.jpg,384,0,0.069275,train,256,/content/drive/MyDrive/phase11-data/data/uhcs2/images/uhcs0579.jpg,/content/drive/MyDrive/phase11-persistent/gt_boundaries/uhcs2/uhcs0579.png,0,0,645,484,123,28
uhcs2/uhcs0579/x384_y128,uhcs2,uhcs0579,uhcs0579.jpg,384,128,0.039124,train,256,/content/drive/MyDrive/phase11-data/data/uhcs2/images/uhcs0579.jpg,/content/drive/MyDrive/phase11-persistent/gt_boundaries/uhcs2/uhcs0579.png,0,0,645,484,123,28
uhcs2/uhcs0579/x384_y256,uhcs2,uhcs0579,uhcs0579.jpg,384,256,0.046265,train,256,/content/drive/MyDrive/phase11-data/data/uhcs2/images/uhcs0579.jpg,/content/drive/MyDrive/phase11-persistent/gt_boundaries/uhcs2/uhcs0579.png,0,0,645,484,123,28
uhcs2/uhcs0579/x512_y0,uhcs2,uhcs0579,uhcs0579.jpg,512,0,0.076889,train,256,/content/drive/MyDrive/phase11-data/data/uhcs2/images/uhcs0579.jpg,/content/drive/MyDrive/phase11-persistent/gt_boundaries/uhcs2/uhcs0579.png,0,0,645,484,123,28
uhcs2/uhcs0579/x512_y128,uhcs2,uhcs0579,uhcs0579.jpg,512,128,0.031906,train,256,/content/drive/MyDrive/phase11-data/data/uhcs2/images/uhcs0579.jpg,/content/drive/MyDrive/phase11-persistent/gt_boundaries/uhcs2/uhcs0579.png,0,0,645,484,123,28
uhcs2/uhcs0579/x512_y256,uhcs2,uhcs0579,uhcs0579.jpg,512,256,0.036041,train,256,/content/drive/MyDrive/phase11-data/data/uhcs2/images/uhcs0579.jpg,/content/drive/MyDrive/phase11-persistent/gt_boundaries/uhcs2/uhcs0579.png,0,0,645,484,123,28
uhcs2/uhcs0599/x0_y0,uhcs2,uhcs0599,uhcs0599.jpg,0,0,0.073975,train,256,/content/drive/MyDrive/phase11-data/data/uhcs2/images/uhcs0599.jpg,/content/drive/MyDrive/phase11-persistent/gt_boundaries/uhcs2/uhcs0599.png,0,0,645,484,123,28
uhcs2/uhcs0599/x0_y128,uhcs2,uhcs0599,uhcs0599.jpg,0,128,0.067703,train,256,/content/drive/MyDrive/phase11-data/data/uhcs2/images/uhcs0599.jpg,/content/drive/MyDrive/phase11-persistent/gt_boundaries/uhcs2/uhcs0599.png,0,0,645,484,123,28
uhcs2/uhcs0599/x0_y256,uhcs2,uhcs0599,uhcs0599.jpg,0,256,0.056381,train,256,/content/drive/MyDrive/phase11-data/data/uhcs2/images/uhcs0599.jpg,/content/drive/MyDrive/phase11-persistent/gt_boundaries/uhcs2/uhcs0599.png,0,0,645,484,123,28
uhcs2/uhcs0599/x128_y0,uhcs2,uhcs0599,uhcs0599.jpg,128,0,0.089462,train,256,/content/drive/MyDrive/phase11-data/data/uhcs2/images/uhcs0599.jpg,/content/drive/MyDrive/phase11-persistent/gt_boundaries/uhcs2/uhcs0599.png,0,0,645,484,123,28
uhcs2/uhcs0599/x128_y128,uhcs2,uhcs0599,uhcs0599.jpg,128,128,0.094635,train,256,/content/drive/MyDrive/phase11-data/data/uhcs2/images/uhcs0599.jpg,/content/drive/MyDrive/phase11-persistent/gt_boundaries/uhcs2/uhcs0599.png,0,0,645,484,123,28
uhcs2/uhcs0599/x128_y256,uhcs2,uhcs0599,uhcs0599.jpg,128,256,0.066071,train,256,/content/drive/MyDrive/phase11-data/data/uhcs2/images/uhcs0599.jpg,/content/drive/MyDrive/phase11-persistent/gt_boundaries/uhcs2/uhcs0599.png,0,0,645,484,123,28
uhcs2/uhcs0599/x256_y0,uhcs2,uhcs0599,uhcs0599.jpg,256,0,0.042206,train,256,/content/drive/MyDrive/phase11-data/data/uhcs2/images/uhcs0599.jpg,/content/drive/MyDrive/phase11-persistent/gt_boundaries/uhcs2/uhcs0599.png,0,0,645,484,123,28
uhcs2/uhcs0599/x256_y128,uhcs2,uhcs0599,uhcs0599.jpg,256,128,0.060486,train,256,/content/drive/MyDrive/phase11-data/data/uhcs2/images/uhcs0599.jpg,/content/drive/MyDrive/phase11-persistent/gt_boundaries/uhcs2/uhcs0599.png,0,0,645,484,123,28
uhcs2/uhcs0599/x256_y256,uhcs2,uhcs0599,uhcs0599.jpg,256,256,0.080612,train,256,/content/drive/MyDrive/phase11-data/data/uhcs2/images/uhcs0599.jpg,/content/drive/MyDrive/phase11-persistent/gt_boundaries/uhcs2/uhcs0599.png,0,0,645,484,123,28
uhcs2/uhcs0599/x384_y0,uhcs2,uhcs0599,uhcs0599.jpg,384,0,0.01976,train,256,/content/drive/MyDrive/phase11-data/data/uhcs2/images/uhcs0599.jpg,/content/drive/MyDrive/phase11-persistent/gt_boundaries/uhcs2/uhcs0599.png,0,0,645,484,123,28
uhcs2/uhcs0599/x384_y128,uhcs2,uhcs0599,uhcs0599.jpg,384,128,0.073883,train,256,/content/drive/MyDrive/phase11-data/data/uhcs2/images/uhcs0599.jpg,/content/drive/MyDrive/phase11-persistent/gt_boundaries/uhcs2/uhcs0599.png,0,0,645,484,123,28
uhcs2/uhcs0599/x384_y256,uhcs2,uhcs0599,uhcs0599.jpg,384,256,0.097214,train,256,/content/drive/MyDrive/phase11-data/data/uhcs2/images/uhcs0599.jpg,/content/drive/MyDrive/phase11-persistent/gt_boundaries/uhcs2/uhcs0599.png,0,0,645,484,123,28
uhcs2/uhcs0599/x512_y0,uhcs2,uhcs0599,uhcs0599.jpg,512,0,0.02861,train,256,/content/drive/MyDrive/phase11-data/data/uhcs2/images/uhcs0599.jpg,/content/drive/MyDrive/phase11-persistent/gt_boundaries/uhcs2/uhcs0599.png,0,0,645,484,123,28
uhcs2/uhcs0599/x512_y128,uhcs2,uhcs0599,uhcs0599.jpg,512,128,0.089233,train,256,/content/drive/MyDrive/phase11-data/data/uhcs2/images/uhcs0599.jpg,/content/drive/MyDrive/phase11-persistent/gt_boundaries/uhcs2/uhcs0599.png,0,0,645,484,123,28
uhcs2/uhcs0599/x512_y256,uhcs2,uhcs0599,uhcs0599.jpg,512,256,0.091934,train,256,/content/drive/MyDrive/phase11-data/data/uhcs2/images/uhcs0599.jpg,/content/drive/MyDrive/phase11-persistent/gt_boundaries/uhcs2/uhcs0599.png,0,0,645,484,123,28
uhcs2/uhcs1061/x0_y0,uhcs2,uhcs1061,uhcs1061.jpg,0,0,0.006775,train,256,/content/drive/MyDrive/phase11-data/data/uhcs2/images/uhcs1061.jpg,/content/drive/MyDrive/phase11-persistent/gt_boundaries/uhcs2/uhcs1061.png,0,0,645,484,123,28
uhcs2/uhcs1061/x0_y256,uhcs2,uhcs1061,uhcs1061.jpg,0,256,0.010498,train,256,/content/drive/MyDrive/phase11-data/data/uhcs2/images/uhcs1061.jpg,/content/drive/MyDrive/phase11-persistent/gt_boundaries/uhcs2/uhcs1061.png,0,0,645,484,123,28
uhcs2/uhcs1061/x128_y0,uhcs2,uhcs1061,uhcs1061.jpg,128,0,0.042648,train,256,/content/drive/MyDrive/phase11-data/data/uhcs2/images/uhcs1061.jpg,/content/drive/MyDrive/phase11-persistent/gt_boundaries/uhcs2/uhcs1061.png,0,0,645,484,123,28
uhcs2/uhcs1061/x128_y128,uhcs2,uhcs1061,uhcs1061.jpg,128,128,0.037613,train,256,/content/drive/MyDrive/phase11-data/data/uhcs2/images/uhcs1061.jpg,/content/drive/MyDrive/phase11-persistent/gt_boundaries/uhcs2/uhcs1061.png,0,0,645,484,123,28
uhcs2/uhcs1061/x128_y256,uhcs2,uhcs1061,uhcs1061.jpg,128,256,0.047028,train,256,/content/drive/MyDrive/phase11-data/data/uhcs2/images/uhcs1061.jpg,/content/drive/MyDrive/phase11-persistent/gt_boundaries/uhcs2/uhcs1061.png,0,0,645,484,123,28
uhcs2/uhcs1061/x256_y0,uhcs2,uhcs1061,uhcs1061.jpg,256,0,0.059174,train,256,/content/drive/MyDrive/phase11-data/data/uhcs2/images/uhcs1061.jpg,/content/drive/MyDrive/phase11-persistent/gt_boundaries/uhcs2/uhcs1061.png,0,0,645,484,123,28
uhcs2/uhcs1061/x256_y128,uhcs2,uhcs1061,uhcs1061.jpg,256,128,0.058731,train,256,/content/drive/MyDrive/phase11-data/data/uhcs2/images/uhcs1061.jpg,/content/drive/MyDrive/phase11-persistent/gt_boundaries/uhcs2/uhcs1061.png,0,0,645,484,123,28
uhcs2/uhcs1061/x256_y256,uhcs2,uhcs1061,uhcs1061.jpg,256,256,0.061417,train,256,/content/drive/MyDrive/phase11-data/data/uhcs2/images/uhcs1061.jpg,/content/drive/MyDrive/phase11-persistent/gt_boundaries/uhcs2/uhcs1061.png,0,0,645,484,123,28
uhcs2/uhcs1061/x384_y0,uhcs2,uhcs1061,uhcs1061.jpg,384,0,0.043365,train,256,/content/drive/MyDrive/phase11-data/data/uhcs2/images/uhcs1061.jpg,/content/drive/MyDrive/phase11-persistent/gt_boundaries/uhcs2/uhcs1061.png,0,0,645,484,123,28
uhcs2/uhcs1061/x384_y128,uhcs2,uhcs1061,uhcs1061.jpg,384,128,0.040924,train,256,/content/drive/MyDrive/phase11-data/data/uhcs2/images/uhcs1061.jpg,/content/drive/MyDrive/phase11-persistent/gt_boundaries/uhcs2/uhcs1061.png,0,0,645,484,123,28
uhcs2/uhcs1061/x384_y256,uhcs2,uhcs1061,uhcs1061.jpg,384,256,0.051559,train,256,/content/drive/MyDrive/phase11-data/data/uhcs2/images/uhcs1061.jpg,/content/drive/MyDrive/phase11-persistent/gt_boundaries/uhcs2/uhcs1061.png,0,0,645,484,123,28
uhcs2/uhcs1061/x512_y0,uhcs2,uhcs1061,uhcs1061.jpg,512,0,0.040253,train,256,/content/drive/MyDrive/phase11-data/data/uhcs2/images/uhcs1061.jpg,/content/drive/MyDrive/phase11-persistent/gt_boundaries/uhcs2/uhcs1061.png,0,0,645,484,123,28
uhcs2/uhcs1061/x512_y128,uhcs2,uhcs1061,uhcs1061.jpg,512,128,0.033524,train,256,/content/drive/MyDrive/phase11-data/data/uhcs2/images/uhcs1061.jpg,/content/drive/MyDrive/phase11-persistent/gt_boundaries/uhcs2/uhcs1061.png,0,0,645,484,123,28
uhcs2/uhcs1061/x512_y256,uhcs2,uhcs1061,uhcs1061.jpg,512,256,0.052261,train,256,/content/drive/MyDrive/phase11-data/data/uhcs2/images/uhcs1061.jpg,/content/drive/MyDrive/phase11-persistent/gt_boundaries/uhcs2/uhcs1061.png,0,0,645,484,123,28
uhcs2/uhcs1150/x0_y0,uhcs2,uhcs1150,uhcs1150.jpg,0,0,0.057556,train,256,/content/drive/MyDrive/phase11-data/data/uhcs2/images/uhcs1150.jpg,/content/drive/MyDrive/phase11-persistent/gt_boundaries/uhcs2/uhcs1150.png,0,0,645,484,123,28
uhcs2/uhcs1150/x0_y128,uhcs2,uhcs1150,uhcs1150.jpg,0,128,0.051575,train,256,/content/drive/MyDrive/phase11-data/data/uhcs2/images/uhcs1150.jpg,/content/drive/MyDrive/phase11-persistent/gt_boundaries/uhcs2/uhcs1150.png,0,0,645,484,123,28
uhcs2/uhcs1150/x0_y256,uhcs2,uhcs1150,uhcs1150.jpg,0,256,0.028931,train,256,/content/drive/MyDrive/phase11-data/data/uhcs2/images/uhcs1150.jpg,/content/drive/MyDrive/phase11-persistent/gt_boundaries/uhcs2/uhcs1150.png,0,0,645,484,123,28
uhcs2/uhcs1150/x128_y0,uhcs2,uhcs1150,uhcs1150.jpg,128,0,0.059769,train,256,/content/drive/MyDrive/phase11-data/data/uhcs2/images/uhcs1150.jpg,/content/drive/MyDrive/phase11-persistent/gt_boundaries/uhcs2/uhcs1150.png,0,0,645,484,123,28
uhcs2/uhcs1150/x128_y128,uhcs2,uhcs1150,uhcs1150.jpg,128,128,0.047287,train,256,/content/drive/MyDrive/phase11-data/data/uhcs2/images/uhcs1150.jpg,/content/drive/MyDrive/phase11-persistent/gt_boundaries/uhcs2/uhcs1150.png,0,0,645,484,123,28
uhcs2/uhcs1150/x128_y256,uhcs2,uhcs1150,uhcs1150.jpg,128,256,0.034256,train,256,/content/drive/MyDrive/phase11-data/data/uhcs2/images/uhcs1150.jpg,/content/drive/MyDrive/phase11-persistent/gt_boundaries/uhcs2/uhcs1150.png,0,0,645,484,123,28
uhcs2/uhcs1150/x256_y0,uhcs2,uhcs1150,uhcs1150.jpg,256,0,0.067657,train,256,/content/drive/MyDrive/phase11-data/data/uhcs2/images/uhcs1150.jpg,/content/drive/MyDrive/phase11-persistent/gt_boundaries/uhcs2/uhcs1150.png,0,0,645,484,123,28
uhcs2/uhcs1150/x256_y128,uhcs2,uhcs1150,uhcs1150.jpg,256,128,0.057953,train,256,/content/drive/MyDrive/phase11-data/data/uhcs2/images/uhcs1150.jpg,/content/drive/MyDrive/phase11-persistent/gt_boundaries/uhcs2/uhcs1150.png,0,0,645,484,123,28
uhcs2/uhcs1150/x256_y256,uhcs2,uhcs1150,uhcs1150.jpg,256,256,0.055084,train,256,/content/drive/MyDrive/phase11-data/data/uhcs2/images/uhcs1150.jpg,/content/drive/MyDrive/phase11-persistent/gt_boundaries/uhcs2/uhcs1150.png,0,0,645,484,123,28
uhcs2/uhcs1150/x384_y0,uhcs2,uhcs1150,uhcs1150.jpg,384,0,0.084274,train,256,/content/drive/MyDrive/phase11-data/data/uhcs2/images/uhcs1150.jpg,/content/drive/MyDrive/phase11-persistent/gt_boundaries/uhcs2/uhcs1150.png,0,0,645,484,123,28
uhcs2/uhcs1150/x384_y128,uhcs2,uhcs1150,uhcs1150.jpg,384,128,0.083923,train,256,/content/drive/MyDrive/phase11-data/data/uhcs2/images/uhcs1150.jpg,/content/drive/MyDrive/phase11-persistent/gt_boundaries/uhcs2/uhcs1150.png,0,0,645,484,123,28
uhcs2/uhcs1150/x384_y256,uhcs2,uhcs1150,uhcs1150.jpg,384,256,0.082932,train,256,/content/drive/MyDrive/phase11-data/data/uhcs2/images/uhcs1150.jpg,/content/drive/MyDrive/phase11-persistent/gt_boundaries/uhcs2/uhcs1150.png,0,0,645,484,123,28
uhcs2/uhcs1150/x512_y0,uhcs2,uhcs1150,uhcs1150.jpg,512,0,0.098831,train,256,/content/drive/MyDrive/phase11-data/data/uhcs2/images/uhcs1150.jpg,/content/drive/MyDrive/phase11-persistent/gt_boundaries/uhcs2/uhcs1150.png,0,0,645,484,123,28
uhcs2/uhcs1150/x512_y128,uhcs2,uhcs1150,uhcs1150.jpg,512,128,0.116013,train,256,/content/drive/MyDrive/phase11-data/data/uhcs2/images/uhcs1150.jpg,/content/drive/MyDrive/phase11-persistent/gt_boundaries/uhcs2/uhcs1150.png,0,0,645,484,123,28
uhcs2/uhcs1150/x512_y256,uhcs2,uhcs1150,uhcs1150.jpg,512,256,0.112411,train,256,/content/drive/MyDrive/phase11-data/data/uhcs2/images/uhcs1150.jpg,/content/drive/MyDrive/phase11-persistent/gt_boundaries/uhcs2/uhcs1150.png,0,0,645,484,123,28
uhcs2/uhcs1176/x0_y0,uhcs2,uhcs1176,uhcs1176.jpg,0,0,0.030197,train,256,/content/drive/MyDrive/phase11-data/data/uhcs2/images/uhcs1176.jpg,/content/drive/MyDrive/phase11-persistent/gt_boundaries/uhcs2/uhcs1176.png,0,0,645,484,123,28
uhcs2/uhcs1176/x0_y128,uhcs2,uhcs1176,uhcs1176.jpg,0,128,0.052963,train,256,/content/drive/MyDrive/phase11-data/data/uhcs2/images/uhcs1176.jpg,/content/drive/MyDrive/phase11-persistent/gt_boundaries/uhcs2/uhcs1176.png,0,0,645,484,123,28
uhcs2/uhcs1176/x0_y256,uhcs2,uhcs1176,uhcs1176.jpg,0,256,0.04808,train,256,/content/drive/MyDrive/phase11-data/data/uhcs2/images/uhcs1176.jpg,/content/drive/MyDrive/phase11-persistent/gt_boundaries/uhcs2/uhcs1176.png,0,0,645,484,123,28
uhcs2/uhcs1176/x128_y0,uhcs2,uhcs1176,uhcs1176.jpg,128,0,0.040848,train,256,/content/drive/MyDrive/phase11-data/data/uhcs2/images/uhcs1176.jpg,/content/drive/MyDrive/phase11-persistent/gt_boundaries/uhcs2/uhcs1176.png,0,0,645,484,123,28
uhcs2/uhcs1176/x128_y128,uhcs2,uhcs1176,uhcs1176.jpg,128,128,0.050903,train,256,/content/drive/MyDrive/phase11-data/data/uhcs2/images/uhcs1176.jpg,/content/drive/MyDrive/phase11-persistent/gt_boundaries/uhcs2/uhcs1176.png,0,0,645,484,123,28
uhcs2/uhcs1176/x128_y256,uhcs2,uhcs1176,uhcs1176.jpg,128,256,0.026733,train,256,/content/drive/MyDrive/phase11-data/data/uhcs2/images/uhcs1176.jpg,/content/drive/MyDrive/phase11-persistent/gt_boundaries/uhcs2/uhcs1176.png,0,0,645,484,123,28
uhcs2/uhcs1176/x256_y0,uhcs2,uhcs1176,uhcs1176.jpg,256,0,0.042526,train,256,/content/drive/MyDrive/phase11-data/data/uhcs2/images/uhcs1176.jpg,/content/drive/MyDrive/phase11-persistent/gt_boundaries/uhcs2/uhcs1176.png,0,0,645,484,123,28
uhcs2/uhcs1176/x256_y128,uhcs2,uhcs1176,uhcs1176.jpg,256,128,0.054565,train,256,/content/drive/MyDrive/phase11-data/data/uhcs2/images/uhcs1176.jpg,/content/drive/MyDrive/phase11-persistent/gt_boundaries/uhcs2/uhcs1176.png,0,0,645,484,123,28
uhcs2/uhcs1176/x256_y256,uhcs2,uhcs1176,uhcs1176.jpg,256,256,0.033325,train,256,/content/drive/MyDrive/phase11-data/data/uhcs2/images/uhcs1176.jpg,/content/drive/MyDrive/phase11-persistent/gt_boundaries/uhcs2/uhcs1176.png,0,0,645,484,123,28
uhcs2/uhcs1176/x384_y0,uhcs2,uhcs1176,uhcs1176.jpg,384,0,0.049759,train,256,/content/drive/MyDrive/phase11-data/data/uhcs2/images/uhcs1176.jpg,/content/drive/MyDrive/phase11-persistent/gt_boundaries/uhcs2/uhcs1176.png,0,0,645,484,123,28
uhcs2/uhcs1176/x384_y128,uhcs2,uhcs1176,uhcs1176.jpg,384,128,0.060806,train,256,/content/drive/MyDrive/phase11-data/data/uhcs2/images/uhcs1176.jpg,/content/drive/MyDrive/phase11-persistent/gt_boundaries/uhcs2/uhcs1176.png,0,0,645,484,123,28
uhcs2/uhcs1176/x384_y256,uhcs2,uhcs1176,uhcs1176.jpg,384,256,0.043747,train,256,/content/drive/MyDrive/phase11-data/data/uhcs2/images/uhcs1176.jpg,/content/drive/MyDrive/phase11-persistent/gt_boundaries/uhcs2/uhcs1176.png,0,0,645,484,123,28
uhcs2/uhcs1176/x512_y0,uhcs2,uhcs1176,uhcs1176.jpg,512,0,0.051071,train,256,/content/drive/MyDrive/phase11-data/data/uhcs2/images/uhcs1176.jpg,/content/drive/MyDrive/phase11-persistent/gt_boundaries/uhcs2/uhcs1176.png,0,0,645,484,123,28
uhcs2/uhcs1176/x512_y128,uhcs2,uhcs1176,uhcs1176.jpg,512,128,0.048523,train,256,/content/drive/MyDrive/phase11-data/data/uhcs2/images/uhcs1176.jpg,/content/drive/MyDrive/phase11-persistent/gt_boundaries/uhcs2/uhcs1176.png,0,0,645,484,123,28
uhcs2/uhcs1176/x512_y256,uhcs2,uhcs1176,uhcs1176.jpg,512,256,0.019958,train,256,/content/drive/MyDrive/phase11-data/data/uhcs2/images/uhcs1176.jpg,/content/drive/MyDrive/phase11-persistent/gt_boundaries/uhcs2/uhcs1176.png,0,0,645,484,123,28
uhcs2/uhcs1219/x0_y0,uhcs2,uhcs1219,uhcs1219.jpg,0,0,0.081665,train,256,/content/drive/MyDrive/phase11-data/data/uhcs2/images/uhcs1219.jpg,/content/drive/MyDrive/phase11-persistent/gt_boundaries/uhcs2/uhcs1219.png,0,0,645,484,123,28
uhcs2/uhcs1219/x0_y128,uhcs2,uhcs1219,uhcs1219.jpg,0,128,0.085388,train,256,/content/drive/MyDrive/phase11-data/data/uhcs2/images/uhcs1219.jpg,/content/drive/MyDrive/phase11-persistent/gt_boundaries/uhcs2/uhcs1219.png,0,0,645,484,123,28
uhcs2/uhcs1219/x0_y256,uhcs2,uhcs1219,uhcs1219.jpg,0,256,0.103836,train,256,/content/drive/MyDrive/phase11-data/data/uhcs2/images/uhcs1219.jpg,/content/drive/MyDrive/phase11-persistent/gt_boundaries/uhcs2/uhcs1219.png,0,0,645,484,123,28
uhcs2/uhcs1219/x128_y0,uhcs2,uhcs1219,uhcs1219.jpg,128,0,0.074402,train,256,/content/drive/MyDrive/phase11-data/data/uhcs2/images/uhcs1219.jpg,/content/drive/MyDrive/phase11-persistent/gt_boundaries/uhcs2/uhcs1219.png,0,0,645,484,123,28
uhcs2/uhcs1219/x128_y128,uhcs2,uhcs1219,uhcs1219.jpg,128,128,0.070786,train,256,/content/drive/MyDrive/phase11-data/data/uhcs2/images/uhcs1219.jpg,/content/drive/MyDrive/phase11-persistent/gt_boundaries/uhcs2/uhcs1219.png,0,0,645,484,123,28
uhcs2/uhcs1219/x128_y256,uhcs2,uhcs1219,uhcs1219.jpg,128,256,0.082825,train,256,/content/drive/MyDrive/phase11-data/data/uhcs2/images/uhcs1219.jpg,/content/drive/MyDrive/phase11-persistent/gt_boundaries/uhcs2/uhcs1219.png,0,0,645,484,123,28
uhcs2/uhcs1219/x256_y0,uhcs2,uhcs1219,uhcs1219.jpg,256,0,0.071518,train,256,/content/drive/MyDrive/phase11-data/data/uhcs2/images/uhcs1219.jpg,/content/drive/MyDrive/phase11-persistent/gt_boundaries/uhcs2/uhcs1219.png,0,0,645,484,123,28
uhcs2/uhcs1219/x256_y128,uhcs2,uhcs1219,uhcs1219.jpg,256,128,0.05658,train,256,/content/drive/MyDrive/phase11-data/data/uhcs2/images/uhcs1219.jpg,/content/drive/MyDrive/phase11-persistent/gt_boundaries/uhcs2/uhcs1219.png,0,0,645,484,123,28
uhcs2/uhcs1219/x256_y256,uhcs2,uhcs1219,uhcs1219.jpg,256,256,0.05777,train,256,/content/drive/MyDrive/phase11-data/data/uhcs2/images/uhcs1219.jpg,/content/drive/MyDrive/phase11-persistent/gt_boundaries/uhcs2/uhcs1219.png,0,0,645,484,123,28
uhcs2/uhcs1219/x384_y0,uhcs2,uhcs1219,uhcs1219.jpg,384,0,0.077423,train,256,/content/drive/MyDrive/phase11-data/data/uhcs2/images/uhcs1219.jpg,/content/drive/MyDrive/phase11-persistent/gt_boundaries/uhcs2/uhcs1219.png,0,0,645,484,123,28
uhcs2/uhcs1219/x384_y128,uhcs2,uhcs1219,uhcs1219.jpg,384,128,0.075455,train,256,/content/drive/MyDrive/phase11-data/data/uhcs2/images/uhcs1219.jpg,/content/drive/MyDrive/phase11-persistent/gt_boundaries/uhcs2/uhcs1219.png,0,0,645,484,123,28
uhcs2/uhcs1219/x384_y256,uhcs2,uhcs1219,uhcs1219.jpg,384,256,0.05838,train,256,/content/drive/MyDrive/phase11-data/data/uhcs2/images/uhcs1219.jpg,/content/drive/MyDrive/phase11-persistent/gt_boundaries/uhcs2/uhcs1219.png,0,0,645,484,123,28
uhcs2/uhcs1219/x512_y0,uhcs2,uhcs1219,uhcs1219.jpg,512,0,0.081558,train,256,/content/drive/MyDrive/phase11-data/data/uhcs2/images/uhcs1219.jpg,/content/drive/MyDrive/phase11-persistent/gt_boundaries/uhcs2/uhcs1219.png,0,0,645,484,123,28
uhcs2/uhcs1219/x512_y128,uhcs2,uhcs1219,uhcs1219.jpg,512,128,0.094315,train,256,/content/drive/MyDrive/phase11-data/data/uhcs2/images/uhcs1219.jpg,/content/drive/MyDrive/phase11-persistent/gt_boundaries/uhcs2/uhcs1219.png,0,0,645,484,123,28
uhcs2/uhcs1219/x512_y256,uhcs2,uhcs1219,uhcs1219.jpg,512,256,0.072556,train,256,/content/drive/MyDrive/phase11-data/data/uhcs2/images/uhcs1219.jpg,/content/drive/MyDrive/phase11-persistent/gt_boundaries/uhcs2/uhcs1219.png,0,0,645,484,123,28
uhcs2/uhcs1289/x0_y0,uhcs2,uhcs1289,uhcs1289.jpg,0,0,0.01828,train,256,/content/drive/MyDrive/phase11-data/data/uhcs2/images/uhcs1289.jpg,/content/drive/MyDrive/phase11-persistent/gt_boundaries/uhcs2/uhcs1289.png,0,0,645,484,123,28
uhcs2/uhcs1289/x0_y128,uhcs2,uhcs1289,uhcs1289.jpg,0,128,0.034348,train,256,/content/drive/MyDrive/phase11-data/data/uhcs2/images/uhcs1289.jpg,/content/drive/MyDrive/phase11-persistent/gt_boundaries/uhcs2/uhcs1289.png,0,0,645,484,123,28
uhcs2/uhcs1289/x0_y256,uhcs2,uhcs1289,uhcs1289.jpg,0,256,0.040054,train,256,/content/drive/MyDrive/phase11-data/data/uhcs2/images/uhcs1289.jpg,/content/drive/MyDrive/phase11-persistent/gt_boundaries/uhcs2/uhcs1289.png,0,0,645,484,123,28
uhcs2/uhcs1289/x128_y0,uhcs2,uhcs1289,uhcs1289.jpg,128,0,0.047913,train,256,/content/drive/MyDrive/phase11-data/data/uhcs2/images/uhcs1289.jpg,/content/drive/MyDrive/phase11-persistent/gt_boundaries/uhcs2/uhcs1289.png,0,0,645,484,123,28
uhcs2/uhcs1289/x128_y128,uhcs2,uhcs1289,uhcs1289.jpg,128,128,0.043045,train,256,/content/drive/MyDrive/phase11-data/data/uhcs2/images/uhcs1289.jpg,/content/drive/MyDrive/phase11-persistent/gt_boundaries/uhcs2/uhcs1289.png,0,0,645,484,123,28
uhcs2/uhcs1289/x128_y256,uhcs2,uhcs1289,uhcs1289.jpg,128,256,0.023071,train,256,/content/drive/MyDrive/phase11-data/data/uhcs2/images/uhcs1289.jpg,/content/drive/MyDrive/phase11-persistent/gt_boundaries/uhcs2/uhcs1289.png,0,0,645,484,123,28
uhcs2/uhcs1289/x256_y0,uhcs2,uhcs1289,uhcs1289.jpg,256,0,0.058014,train,256,/content/drive/MyDrive/phase11-data/data/uhcs2/images/uhcs1289.jpg,/content/drive/MyDrive/phase11-persistent/gt_boundaries/uhcs2/uhcs1289.png,0,0,645,484,123,28
uhcs2/uhcs1289/x256_y128,uhcs2,uhcs1289,uhcs1289.jpg,256,128,0.029831,train,256,/content/drive/MyDrive/phase11-data/data/uhcs2/images/uhcs1289.jpg,/content/drive/MyDrive/phase11-persistent/gt_boundaries/uhcs2/uhcs1289.png,0,0,645,484,123,28
uhcs2/uhcs1289/x256_y256,uhcs2,uhcs1289,uhcs1289.jpg,256,256,0.007065,train,256,/content/drive/MyDrive/phase11-data/data/uhcs2/images/uhcs1289.jpg,/content/drive/MyDrive/phase11-persistent/gt_boundaries/uhcs2/uhcs1289.png,0,0,645,484,123,28
uhcs2/uhcs1289/x384_y0,uhcs2,uhcs1289,uhcs1289.jpg,384,0,0.03804,train,256,/content/drive/MyDrive/phase11-data/data/uhcs2/images/uhcs1289.jpg,/content/drive/MyDrive/phase11-persistent/gt_boundaries/uhcs2/uhcs1289.png,0,0,645,484,123,28
uhcs2/uhcs1289/x384_y128,uhcs2,uhcs1289,uhcs1289.jpg,384,128,0.018845,train,256,/content/drive/MyDrive/phase11-data/data/uhcs2/images/uhcs1289.jpg,/content/drive/MyDrive/phase11-persistent/gt_boundaries/uhcs2/uhcs1289.png,0,0,645,484,123,28
uhcs2/uhcs1289/x512_y0,uhcs2,uhcs1289,uhcs1289.jpg,512,0,0.036285,train,256,/content/drive/MyDrive/phase11-data/data/uhcs2/images/uhcs1289.jpg,/content/drive/MyDrive/phase11-persistent/gt_boundaries/uhcs2/uhcs1289.png,0,0,645,484,123,28
uhcs2/uhcs1289/x512_y128,uhcs2,uhcs1289,uhcs1289.jpg,512,128,0.018463,train,256,/content/drive/MyDrive/phase11-data/data/uhcs2/images/uhcs1289.jpg,/content/drive/MyDrive/phase11-persistent/gt_boundaries/uhcs2/uhcs1289.png,0,0,645,484,123,28
uhcs2/uhcs1528/x0_y0,uhcs2,uhcs1528,uhcs1528.jpg,0,0,0.081665,train,256,/content/drive/MyDrive/phase11-data/data/uhcs2/images/uhcs1528.jpg,/content/drive/MyDrive/phase11-persistent/gt_boundaries/uhcs2/uhcs1528.png,0,0,645,484,123,28
uhcs2/uhcs1528/x0_y128,uhcs2,uhcs1528,uhcs1528.jpg,0,128,0.097321,train,256,/content/drive/MyDrive/phase11-data/data/uhcs2/images/uhcs1528.jpg,/content/drive/MyDrive/phase11-persistent/gt_boundaries/uhcs2/uhcs1528.png,0,0,645,484,123,28
uhcs2/uhcs1528/x0_y256,uhcs2,uhcs1528,uhcs1528.jpg,0,256,0.061401,train,256,/content/drive/MyDrive/phase11-data/data/uhcs2/images/uhcs1528.jpg,/content/drive/MyDrive/phase11-persistent/gt_boundaries/uhcs2/uhcs1528.png,0,0,645,484,123,28
uhcs2/uhcs1528/x128_y0,uhcs2,uhcs1528,uhcs1528.jpg,128,0,0.089401,train,256,/content/drive/MyDrive/phase11-data/data/uhcs2/images/uhcs1528.jpg,/content/drive/MyDrive/phase11-persistent/gt_boundaries/uhcs2/uhcs1528.png,0,0,645,484,123,28
uhcs2/uhcs1528/x128_y128,uhcs2,uhcs1528,uhcs1528.jpg,128,128,0.097366,train,256,/content/drive/MyDrive/phase11-data/data/uhcs2/images/uhcs1528.jpg,/content/drive/MyDrive/phase11-persistent/gt_boundaries/uhcs2/uhcs1528.png,0,0,645,484,123,28
uhcs2/uhcs1528/x128_y256,uhcs2,uhcs1528,uhcs1528.jpg,128,256,0.076385,train,256,/content/drive/MyDrive/phase11-data/data/uhcs2/images/uhcs1528.jpg,/content/drive/MyDrive/phase11-persistent/gt_boundaries/uhcs2/uhcs1528.png,0,0,645,484,123,28
uhcs2/uhcs1528/x256_y0,uhcs2,uhcs1528,uhcs1528.jpg,256,0,0.091217,train,256,/content/drive/MyDrive/phase11-data/data/uhcs2/images/uhcs1528.jpg,/content/drive/MyDrive/phase11-persistent/gt_boundaries/uhcs2/uhcs1528.png,0,0,645,484,123,28
uhcs2/uhcs1528/x256_y128,uhcs2,uhcs1528,uhcs1528.jpg,256,128,0.069748,train,256,/content/drive/MyDrive/phase11-data/data/uhcs2/images/uhcs1528.jpg,/content/drive/MyDrive/phase11-persistent/gt_boundaries/uhcs2/uhcs1528.png,0,0,645,484,123,28
uhcs2/uhcs1528/x256_y256,uhcs2,uhcs1528,uhcs1528.jpg,256,256,0.035583,train,256,/content/drive/MyDrive/phase11-data/data/uhcs2/images/uhcs1528.jpg,/content/drive/MyDrive/phase11-persistent/gt_boundaries/uhcs2/uhcs1528.png,0,0,645,484,123,28
uhcs2/uhcs1528/x384_y0,uhcs2,uhcs1528,uhcs1528.jpg,384,0,0.044403,train,256,/content/drive/MyDrive/phase11-data/data/uhcs2/images/uhcs1528.jpg,/content/drive/MyDrive/phase11-persistent/gt_boundaries/uhcs2/uhcs1528.png,0,0,645,484,123,28
uhcs2/uhcs1528/x384_y128,uhcs2,uhcs1528,uhcs1528.jpg,384,128,0.052002,train,256,/content/drive/MyDrive/phase11-data/data/uhcs2/images/uhcs1528.jpg,/content/drive/MyDrive/phase11-persistent/gt_boundaries/uhcs2/uhcs1528.png,0,0,645,484,123,28
uhcs2/uhcs1528/x384_y256,uhcs2,uhcs1528,uhcs1528.jpg,384,256,0.018066,train,256,/content/drive/MyDrive/phase11-data/data/uhcs2/images/uhcs1528.jpg,/content/drive/MyDrive/phase11-persistent/gt_boundaries/uhcs2/uhcs1528.png,0,0,645,484,123,28
uhcs2/uhcs1528/x512_y0,uhcs2,uhcs1528,uhcs1528.jpg,512,0,0.049255,train,256,/content/drive/MyDrive/phase11-data/data/uhcs2/images/uhcs1528.jpg,/content/drive/MyDrive/phase11-persistent/gt_boundaries/uhcs2/uhcs1528.png,0,0,645,484,123,28
uhcs2/uhcs1528/x512_y128,uhcs2,uhcs1528,uhcs1528.jpg,512,128,0.066956,train,256,/content/drive/MyDrive/phase11-data/data/uhcs2/images/uhcs1528.jpg,/content/drive/MyDrive/phase11-persistent/gt_boundaries/uhcs2/uhcs1528.png,0,0,645,484,123,28
uhcs2/uhcs1528/x512_y256,uhcs2,uhcs1528,uhcs1528.jpg,512,256,0.024933,train,256,/content/drive/MyDrive/phase11-data/data/uhcs2/images/uhcs1528.jpg,/content/drive/MyDrive/phase11-persistent/gt_boundaries/uhcs2/uhcs1528.png,0,0,645,484,123,28
uhcs2/uhcs1579/x0_y128,uhcs2,uhcs1579,uhcs1579.jpg,0,128,0.024673,train,256,/content/drive/MyDrive/phase11-data/data/uhcs2/images/uhcs1579.jpg,/content/drive/MyDrive/phase11-persistent/gt_boundaries/uhcs2/uhcs1579.png,0,0,645,484,123,28
uhcs2/uhcs1579/x0_y256,uhcs2,uhcs1579,uhcs1579.jpg,0,256,0.040131,train,256,/content/drive/MyDrive/phase11-data/data/uhcs2/images/uhcs1579.jpg,/content/drive/MyDrive/phase11-persistent/gt_boundaries/uhcs2/uhcs1579.png,0,0,645,484,123,28
uhcs2/uhcs1579/x128_y0,uhcs2,uhcs1579,uhcs1579.jpg,128,0,0.030869,train,256,/content/drive/MyDrive/phase11-data/data/uhcs2/images/uhcs1579.jpg,/content/drive/MyDrive/phase11-persistent/gt_boundaries/uhcs2/uhcs1579.png,0,0,645,484,123,28
uhcs2/uhcs1579/x128_y128,uhcs2,uhcs1579,uhcs1579.jpg,128,128,0.044601,train,256,/content/drive/MyDrive/phase11-data/data/uhcs2/images/uhcs1579.jpg,/content/drive/MyDrive/phase11-persistent/gt_boundaries/uhcs2/uhcs1579.png,0,0,645,484,123,28
uhcs2/uhcs1579/x128_y256,uhcs2,uhcs1579,uhcs1579.jpg,128,256,0.033371,train,256,/content/drive/MyDrive/phase11-data/data/uhcs2/images/uhcs1579.jpg,/content/drive/MyDrive/phase11-persistent/gt_boundaries/uhcs2/uhcs1579.png,0,0,645,484,123,28
uhcs2/uhcs1579/x256_y0,uhcs2,uhcs1579,uhcs1579.jpg,256,0,0.044418,train,256,/content/drive/MyDrive/phase11-data/data/uhcs2/images/uhcs1579.jpg,/content/drive/MyDrive/phase11-persistent/gt_boundaries/uhcs2/uhcs1579.png,0,0,645,484,123,28
uhcs2/uhcs1579/x256_y128,uhcs2,uhcs1579,uhcs1579.jpg,256,128,0.024139,train,256,/content/drive/MyDrive/phase11-data/data/uhcs2/images/uhcs1579.jpg,/content/drive/MyDrive/phase11-persistent/gt_boundaries/uhcs2/uhcs1579.png,0,0,645,484,123,28
uhcs2/uhcs1579/x256_y256,uhcs2,uhcs1579,uhcs1579.jpg,256,256,0.006012,train,256,/content/drive/MyDrive/phase11-data/data/uhcs2/images/uhcs1579.jpg,/content/drive/MyDrive/phase11-persistent/gt_boundaries/uhcs2/uhcs1579.png,0,0,645,484,123,28
uhcs2/uhcs1579/x384_y0,uhcs2,uhcs1579,uhcs1579.jpg,384,0,0.049362,train,256,/content/drive/MyDrive/phase11-data/data/uhcs2/images/uhcs1579.jpg,/content/drive/MyDrive/phase11-persistent/gt_boundaries/uhcs2/uhcs1579.png,0,0,645,484,123,28
uhcs2/uhcs1579/x384_y256,uhcs2,uhcs1579,uhcs1579.jpg,384,256,0.015701,train,256,/content/drive/MyDrive/phase11-data/data/uhcs2/images/uhcs1579.jpg,/content/drive/MyDrive/phase11-persistent/gt_boundaries/uhcs2/uhcs1579.png,0,0,645,484,123,28
uhcs2/uhcs1579/x512_y0,uhcs2,uhcs1579,uhcs1579.jpg,512,0,0.06076,train,256,/content/drive/MyDrive/phase11-data/data/uhcs2/images/uhcs1579.jpg,/content/drive/MyDrive/phase11-persistent/gt_boundaries/uhcs2/uhcs1579.png,0,0,645,484,123,28
uhcs2/uhcs1579/x512_y256,uhcs2,uhcs1579,uhcs1579.jpg,512,256,0.030426,train,256,/content/drive/MyDrive/phase11-data/data/uhcs2/images/uhcs1579.jpg,/content/drive/MyDrive/phase11-persistent/gt_boundaries/uhcs2/uhcs1579.png,0,0,645,484,123,28
uhcs2/uhcs1648/x0_y128,uhcs2,uhcs1648,uhcs1648.jpg,0,128,0.031265,train,256,/content/drive/MyDrive/phase11-data/data/uhcs2/images/uhcs1648.jpg,/content/drive/MyDrive/phase11-persistent/gt_boundaries/uhcs2/uhcs1648.png,0,0,645,484,123,28
uhcs2/uhcs1648/x0_y256,uhcs2,uhcs1648,uhcs1648.jpg,0,256,0.047958,train,256,/content/drive/MyDrive/phase11-data/data/uhcs2/images/uhcs1648.jpg,/content/drive/MyDrive/phase11-persistent/gt_boundaries/uhcs2/uhcs1648.png,0,0,645,484,123,28
uhcs2/uhcs1648/x128_y0,uhcs2,uhcs1648,uhcs1648.jpg,128,0,0.013351,train,256,/content/drive/MyDrive/phase11-data/data/uhcs2/images/uhcs1648.jpg,/content/drive/MyDrive/phase11-persistent/gt_boundaries/uhcs2/uhcs1648.png,0,0,645,484,123,28
uhcs2/uhcs1648/x128_y128,uhcs2,uhcs1648,uhcs1648.jpg,128,128,0.047882,train,256,/content/drive/MyDrive/phase11-data/data/uhcs2/images/uhcs1648.jpg,/content/drive/MyDrive/phase11-persistent/gt_boundaries/uhcs2/uhcs1648.png,0,0,645,484,123,28
uhcs2/uhcs1648/x128_y256,uhcs2,uhcs1648,uhcs1648.jpg,128,256,0.040756,train,256,/content/drive/MyDrive/phase11-data/data/uhcs2/images/uhcs1648.jpg,/content/drive/MyDrive/phase11-persistent/gt_boundaries/uhcs2/uhcs1648.png,0,0,645,484,123,28
uhcs2/uhcs1648/x256_y0,uhcs2,uhcs1648,uhcs1648.jpg,256,0,0.041428,train,256,/content/drive/MyDrive/phase11-data/data/uhcs2/images/uhcs1648.jpg,/content/drive/MyDrive/phase11-persistent/gt_boundaries/uhcs2/uhcs1648.png,0,0,645,484,123,28
uhcs2/uhcs1648/x256_y128,uhcs2,uhcs1648,uhcs1648.jpg,256,128,0.050735,train,256,/content/drive/MyDrive/phase11-data/data/uhcs2/images/uhcs1648.jpg,/content/drive/MyDrive/phase11-persistent/gt_boundaries/uhcs2/uhcs1648.png,0,0,645,484,123,28
uhcs2/uhcs1648/x256_y256,uhcs2,uhcs1648,uhcs1648.jpg,256,256,0.016281,train,256,/content/drive/MyDrive/phase11-data/data/uhcs2/images/uhcs1648.jpg,/content/drive/MyDrive/phase11-persistent/gt_boundaries/uhcs2/uhcs1648.png,0,0,645,484,123,28
uhcs2/uhcs1648/x384_y0,uhcs2,uhcs1648,uhcs1648.jpg,384,0,0.072189,train,256,/content/drive/MyDrive/phase11-data/data/uhcs2/images/uhcs1648.jpg,/content/drive/MyDrive/phase11-persistent/gt_boundaries/uhcs2/uhcs1648.png,0,0,645,484,123,28
uhcs2/uhcs1648/x384_y128,uhcs2,uhcs1648,uhcs1648.jpg,384,128,0.071655,train,256,/content/drive/MyDrive/phase11-data/data/uhcs2/images/uhcs1648.jpg,/content/drive/MyDrive/phase11-persistent/gt_boundaries/uhcs2/uhcs1648.png,0,0,645,484,123,28
uhcs2/uhcs1648/x384_y256,uhcs2,uhcs1648,uhcs1648.jpg,384,256,0.041092,train,256,/content/drive/MyDrive/phase11-data/data/uhcs2/images/uhcs1648.jpg,/content/drive/MyDrive/phase11-persistent/gt_boundaries/uhcs2/uhcs1648.png,0,0,645,484,123,28
uhcs2/uhcs1648/x512_y0,uhcs2,uhcs1648,uhcs1648.jpg,512,0,0.090851,train,256,/content/drive/MyDrive/phase11-data/data/uhcs2/images/uhcs1648.jpg,/content/drive/MyDrive/phase11-persistent/gt_boundaries/uhcs2/uhcs1648.png,0,0,645,484,123,28
uhcs2/uhcs1648/x512_y128,uhcs2,uhcs1648,uhcs1648.jpg,512,128,0.100586,train,256,/content/drive/MyDrive/phase11-data/data/uhcs2/images/uhcs1648.jpg,/content/drive/MyDrive/phase11-persistent/gt_boundaries/uhcs2/uhcs1648.png,0,0,645,484,123,28
uhcs2/uhcs1648/x512_y256,uhcs2,uhcs1648,uhcs1648.jpg,512,256,0.080978,train,256,/content/drive/MyDrive/phase11-data/data/uhcs2/images/uhcs1648.jpg,/content/drive/MyDrive/phase11-persistent/gt_boundaries/uhcs2/uhcs1648.png,0,0,645,484,123,28
