tile_id,dataset,parent_id,source_image,x,y,boundary_fraction,split,patch,image_path,gt_path,crop_left,crop_top,crop_width,crop_height,pad_right,pad_bottom
Steel1/im_val_cut10-400-01-H-12mm-4000x14_1_1/x0_y0,Steel1,im_val_cut10-400-01-H-12mm-4000x14,im_val_cut10-400-01-H-12mm-4000x14_1_1.png,0,0,0.089813,train,256,/content/drive/MyDrive/phase11-data/data/Steel1/images/im_val_cut10-400-01-H-12mm-4000x14_1_1.png,/content/drive/MyDrive/phase11-persistent/gt_boundaries/Steel1/im_val_cut10-400-01-H-12mm-4000x14_1_1.png,0,0,256,256,0,0
Steel1/im_val_cut10-400-01-H-12mm-4000x14_1_2/x0_y0,Steel1,im_val_cut10-400-01-H-12mm-4000x14,im_val_cut10-400-01-H-12mm-4000x14_1_2.png,0,0,0.091293,train,256,/content/drive/MyDrive/phase11-data/data/Steel1/images/im_val_cut10-400-01-H-12mm-4000x14_1_2.png,/content/drive/MyDrive/phase11-persistent/gt_boundaries/Steel1/im_val_cut10-400-01-H-12mm-4000x14_1_2.png,0,0,256,256,0,0
Steel1/im_val_cut10-400-01-H-12mm-4000x14_1_3/x0_y0,Steel1,im_val_cut10-400-01-H-12mm-4000x14,im_val_cut10-400-01-H-12mm-4000x14_1_3.png,0,0,0.080597,train,256,/content/drive/MyDrive/phase11-data/data/Steel1/images/im_val_cut10-400-01-H-12mm-4000x14_1_3.png,/content/drive/MyDrive/phase11-persistent/gt_boundaries/Steel1/im_val_cut10-400-01-H-12mm-4000x14_1_3.png,0,0,256,256,0,0
Steel1/im_val_cut10-400-01-H-12mm-4000x14_1_4/x0_y0,Steel1,im_val_cut10-400-01-H-12mm-4000x14,im_val_cut10-400-01-H-12mm-4000x14_1_4.png,0,0,0.088516,train,256,/content/drive/MyDrive/phase11-data/data/Steel1/images/im_val_cut10-400-01-H-12mm-4000x14_1_4.png,/content/drive/MyDrive/phase11-persistent/gt_boundaries/Steel1/im_val_cut10-400-01-H-12mm-4000x14_1_4.png,0,0,256,256,0,0
Steel1/im_val_cut10-400-01-H-12mm-4000x14_1_5/x0_y0,Steel1,im_val_cut10-400-01-H-12mm-4000x14,im_val_cut10-400-01-H-12mm-4000x14_1_5.png,0,0,0.098175,train,256,/content/drive/MyDrive/phase11-data/data/Steel1/images/im_val_cut10-400-01-H-12mm-4000x14_1_5.png,/content/drive/MyDrive/phase11-persistent/gt_boundaries/Steel1/im_val_cut10-400-01-H-12mm-4000x14_1_5.png,0,0,256,256,0,0
Steel1/im_val_cut10-400-01-H-12mm-4000x14_1_6/x0_y0,Steel1,im_val_cut10-400-01-H-12mm-4000x14,im_val_cut10-400-01-H-12mm-4000x14_1_6.png,0,0,0.106491,train,256,/content/drive/MyDrive/phase11-data/data/Steel1/images/im_val_cut10-400-01-H-12mm-4000x14_1_6.png,/content/drive/MyDrive/phase11-persistent/gt_boundaries/Steel1/im_val_cut10-400-01-H-12mm-4000x14_1_6.png,0,0,256,256,0,0
Steel1/im_val_cut10-400-01-H-12mm-4000x14_2_1/x0_y0,Steel1,im_val_cut10-400-01-H-12mm-4000x14,im_val_cut10-400-01-H-12mm-4000x14_2_1.png,0,0,0.113556,train,256,/content/drive/MyDrive/phase11-data/data/Steel1/images/im_val_cut10-400-01-H-12mm-4000x14_2_1.png,/content/drive/MyDrive/phase11-persistent/gt_boundaries/Steel1/im_val_cut10-400-01-H-12mm-4000x14_2_1.png,0,0,256,256,0,0
Steel1/im_val_cut10-400-01-H-12mm-4000x14_2_2/x0_y0,Steel1,im_val_cut10-400-01-H-12mm-4000x14,im_val_cut10-400-01-H-12mm-4000x14_2_2.png,0,0,0.108505,train,256,/content/drive/MyDrive/phase11-data/data/Steel1/images/im_val_cut10-400-01-H-12mm-4000x14_2_2.png,/content/drive/MyDrive/phase11-persistent/gt_boundaries/Steel1/im_val_cut10-400-01-H-12mm-4000x14_2_2.png,0,0,256,256,0,0
Steel1/im_val_cut10-400-01-H-12mm-4000x14_2_3/x0_y0,Steel1,im_val_cut10-400-01-H-12mm-4000x14,im_val_cut10-400-01-H-12mm-4000x14_2_3.png,0,0,0.126633,train,256,/content/drive/MyDrive/phase11-data/data/Steel1/images/im_val_cut10-400-01-H-12mm-4000x14_2_3.png,/content/drive/MyDrive/phase11-persistent/gt_boundaries/Steel1/im_val_cut10-400-01-H-12mm-4000x14_2_3.png,0,0,256,256,0,0
Steel1/im_val_cut10-400-01-H-12mm-4000x14_2_4/x0_y0,Steel1,im_val_cut10-400-01-H-12mm-4000x14,im_val_cut10-400-01-H-12mm-4000x14_2_4.png,0,0,0.103378,train,256,/content/drive/MyDrive/phase11-data/data/Steel1/images/im_val_cut10-400-01-H-12mm-4000x14_2_4.png,/content/drive/MyDrive/phase11-persistent/gt_boundaries/Steel1/im_val_cut10-400-01-H-12mm-4000x14_2_4.png,0,0,256,256,0,0
Steel1/im_val_cut10-400-01-H-12mm-4000x14_2_5/x0_y0,Steel1,im_val_cut10-400-01-H-12mm-4000x14,im_val_cut10-400-01-H-12mm-4000x14_2_5.png,0,0,0.105865,train,256,/content/drive/MyDrive/phase11-data/data/Steel1/images/im_val_cut10-400-01-H-12mm-4000x14_2_5.png,/content/drive/MyDrive/phase11-persistent/gt_boundaries/Steel1/im_val_cut10-400-01-H-12mm-4000x14_2_5.png,0,0,256,256,0,0
Steel1/im_val_cut10-400-01-H-12mm-4000x14_2_6/x0_y0,Steel1,im_val_cut10-400-01-H-12mm-4000x14,im_val_cut10-400-01-H-12mm-4000x14_2_6.png,0,0,0.111511,train,256,/content/drive/MyDrive/phase11-data/data/Steel1/images/im_val_cut10-400-01-H-12mm-4000x14_2_6.png,/content/drive/MyDrive/phase11-persistent/gt_boundaries/Steel1/im_val_cut10-400-01-H-12mm-4000x14_2_6.png,0,0,256,256,0,0
Steel1/im_val_cut10-400-01-H-12mm-4000x14_3_1/x0_y0,Steel1,im_val_cut10-400-01-H-12mm-4000x14,im_val_cut10-400-01-H-12mm-4000x14_3_1.png,0,0,0.147385,train,256,/content/drive/MyDrive/phase11-data/data/Steel1/images/im_val_cut10-400-01-H-12mm-4000x14_3_1.png,/content/drive/MyDrive/phase11-persistent/gt_boundaries/Steel1/im_val_cut10-400-01-H-12mm-4000x14_3_1.png,0,0,256,256,0,0
Steel1/im_val_cut10-400-01-H-12mm-4000x14_3_2/x0_y0,Steel1,im_val_cut10-400-01-H-12mm-4000x14,im_val_cut10-400-01-H-12mm-4000x14_3_2.png,0,0,0.096741,train,256,/content/drive/MyDrive/phase11-data/data/Steel1/images/im_val_cut10-400-01-H-12mm-4000x14_3_2.png,/content/drive/MyDrive/phase11-persistent/gt_boundaries/Steel1/im_val_cut10-400-01-H-12mm-4000x14_3_2.png,0,0,256,256,0,0
Steel1/im_val_cut10-400-01-H-12mm-4000x14_3_3/x0_y0,Steel1,im_val_cut10-400-01-H-12mm-4000x14,im_val_cut10-400-01-H-12mm-4000x14_3_3.png,0,0,0.092606,train,256,/content/drive/MyDrive/phase11-data/data/Steel1/images/im_val_cut10-400-01-H-12mm-4000x14_3_3.png,/content/drive/MyDrive/phase11-persistent/gt_boundaries/Steel1/im_val_cut10-400-01-H-12mm-4000x14_3_3.png,0,0,256,256,0,0
Steel1/im_val_cut10-400-01-H-12mm-4000x14_3_4/x0_y0,Steel1,im_val_cut10-400-01-H-12mm-4000x14,im_val_cut10-400-01-H-12mm-4000x14_3_4.png,0,0,0.081146,train,256,/content/drive/MyDrive/phase11-data/data/Steel1/images/im_val_cut10-400-01-H-12mm-4000x14_3_4.png,/content/drive/MyDrive/phase11-persistent/gt_boundaries/Steel1/im_val_cut10-400-01-H-12mm-4000x14_3_4.png,0,0,256,256,0,0
Steel1/im_val_cut10-400-01-H-12mm-4000x14_3_5/x0_y0,Steel1,im_val_cut10-400-01-H-12mm-4000x14,im_val_cut10-400-01-H-12mm-4000x14_3_5.png,0,0,0.13121,train,256,/content/drive/MyDrive/phase11-data/data/Steel1/images/im_val_cut10-400-01-H-12mm-4000x14_3_5.png,/content/drive/MyDrive/phase11-persistent/gt_boundaries/Steel1/im_val_cut10-400-01-H-12mm-4000x14_3_5.png,0,0,256,256,0,0
Steel1/im_val_cut10-400-01-H-12mm-4000x14_3_6/x0_y0,Steel1,im_val_cut10-400-01-H-12mm-4000x14,im_val_cut10-400-01-H-12mm-4000x14_3_6.png,0,0,0.052414,train,256,/content/drive/MyDrive/phase11-data/data/Steel1/images/im_val_cut10-400-01-H-12mm-4000x14_3_6.png,/content/drive/MyDrive/phase11-persistent/gt_boundaries/Steel1/im_val_cut10-400-01-H-12mm-4000x14_3_6.png,0,0,256,256,0,0
Steel1/im_val_cut10-400-01-H-12mm-4000x14_4_1/x0_y0,Steel1,im_val_cut10-400-01-H-12mm-4000x14,im_val_cut10-400-01-H-12mm-4000x14_4_1.png,0,0,0.101166,train,256,/content/drive/MyDrive/phase11-data/data/Steel1/images/im_val_cut10-400-01-H-12mm-4000x14_4_1.png,/content/drive/MyDrive/phase11-persistent/gt_boundaries/Steel1/im_val_cut10-400-01-H-12mm-4000x14_4_1.png,0,0,256,256,0,0
Steel1/im_val_cut10-400-01-H-12mm-4000x14_4_2/x0_y0,Steel1,im_val_cut10-400-01-H-12mm-4000x14,im_val_cut10-400-01-H-12mm-4000x14_4_2.png,0,0,0.137009,train,256,/content/drive/MyDrive/phase11-data/data/Steel1/images/im_val_cut10-400-01-H-12mm-4000x14_4_2.png,/content/drive/MyDrive/phase11-persistent/gt_boundaries/Steel1/im_val_cut10-400-01-H-12mm-4000x14_4_2.png,0,0,256,256,0,0
Steel1/im_val_cut10-400-01-H-12mm-4000x14_4_3/x0_y0,Steel1,im_val_cut10-400-01-H-12mm-4000x14,im_val_cut10-400-01-H-12mm-4000x14_4_3.png,0,0,0.0952,train,256,/content/drive/MyDrive/phase11-data/data/Steel1/images/im_val_cut10-400-01-H-12mm-4000x14_4_3.png,/content/drive/MyDrive/phase11-persistent/gt_boundaries/Steel1/im_val_cut10-400-01-H-12mm-4000x14_4_3.png,0,0,256,256,0,0
Steel1/im_val_cut10-400-01-H-12mm-4000x14_4_4/x0_y0,Steel1,im_val_cut10-400-01-H-12mm-4000x14,im_val_cut10-400-01-H-12mm-4000x14_4_4.png,0,0,0.086685,train,256,/content/drive/MyDrive/phase11-data/data/Steel1/images/im_val_cut10-400-01-H-12mm-4000x14_4_4.png,/content/drive/MyDrive/phase11-persistent/gt_boundaries/Steel1/im_val_cut10-400-01-H-12mm-4000x14_4_4.png,0,0,256,256,0,0
Steel1/im_val_cut10-400-01-H-12mm-4000x14_4_5/x0_y0,Steel1,im_val_cut10-400-01-H-12mm-4000x14,im_val_cut10-400-01-H-12mm-4000x14_4_5.png,0,0,0.126083,train,256,/content/drive/MyDrive/phase11-data/data/Steel1/images/im_val_cut10-400-01-H-12mm-4000x14_4_5.png,/content/drive/MyDrive/phase11-persistent/gt_boundaries/Steel1/im_val_cut10-400-01-H-12mm-4000x14_4_5.png,0,0,256,256,0,0
Steel1/im_val_cut10-400-01-H-12mm-4000x14_4_6/x0_y0,Steel1,im_val_cut10-400-01-H-12mm-4000x14,im_val_cut10-400-01-H-12mm-4000x14_4_6.png,0,0,0.070801,train,256,/content/drive/MyDrive/phase11-data/data/Steel1/images/im_val_cut10-400-01-H-12mm-4000x14_4_6.png,/content/drive/MyDrive/phase11-persistent/gt_boundaries/Steel1/im_val_cut10-400-01-H-12mm-4000x14_4_6.png,0,0,256,256,0,0
Steel1/im_val_cut10-400-01-H-12mm-4000x14_5_1/x0_y0,Steel1,im_val_cut10-400-01-H-12mm-4000x14,im_val_cut10-400-01-H-12mm-4000x14_5_1.png,0,0,0.088776,train,256,/content/drive/MyDrive/phase11-data/data/Steel1/images/im_val_cut10-400-01-H-12mm-4000x14_5_1.png,/content/drive/MyDrive/phase11-persistent/gt_boundaries/Steel1/im_val_cut10-400-01-H-12mm-4000x14_5_1.png,0,0,256,256,0,0
Steel1/im_val_cut10-400-01-H-12mm-4000x14_5_2/x0_y0,Steel1,im_val_cut10-400-01-H-12mm-4000x14,im_val_cut10-400-01-H-12mm-4000x14_5_2.png,0,0,0.110809,train,256,/content/drive/MyDrive/phase11-data/data/Steel1/images/im_val_cut10-400-01-H-12mm-4000x14_5_2.png,/content/drive/MyDrive/phase11-persistent/gt_boundaries/Steel1/im_val_cut10-400-01-H-12mm-4000x14_5_2.png,0,0,256,256,0,0
Steel1/im_val_cut10-400-01-H-12mm-4000x14_5_3/x0_y0,Steel1,im_val_cut10-400-01-H-12mm-4000x14,im_val_cut10-400-01-H-12mm-4000x14_5_3.png,0,0,0.144867,train,256,/content/drive/MyDrive/phase11-data/data/Steel1/images/im_val_cut10-400-01-H-12mm-4000x14_5_3.png,/content/drive/MyDrive/phase11-persistent/gt_boundaries/Steel1/im_val_cut10-400-01-H-12mm-4000x14_5_3.png,0,0,256,256,0,0
Steel1/im_val_cut10-400-01-H-12mm-4000x14_5_4/x0_y0,Steel1,im_val_cut10-400-01-H-12mm-4000x14,im_val_cut10-400-01-H-12mm-4000x14_5_4.png,0,0,0.131821,train,256,/content/drive/MyDrive/phase11-data/data/Steel1/images/im_val_cut10-400-01-H-12mm-4000x14_5_4.png,/content/drive/MyDrive/phase11-persistent/gt_boundaries/Steel1/im_val_cut10-400-01-H-12mm-4000x14_5_4.png,0,0,256,256,0,0
Steel1/im_val_cut10-400-01-H-12mm-4000x14_5_5/x0_y0,Steel1,im_val_cut10-400-01-H-12mm-4000x14,im_val_cut10-400-01-H-12mm-4000x14_5_5.png,0,0,0.069992,train,256,/content/drive/MyDrive/phase11-data/data/Steel1/images/im_val_cut10-400-01-H-12mm-4000x14_5_5.png,/content/drive/MyDrive/phase11-persistent/gt_boundaries/Steel1/im_val_cut10-400-01-H-12mm-4000x14_5_5.png,0,0,256,256,0,0
Steel1/im_val_cut10-400-01-H-12mm-4000x14_5_6/x0_y0,Steel1,im_val_cut10-400-01-H-12mm-4000x14,im_val_cut10-400-01-H-12mm-4000x14_5_6.png,0,0,0.079254,train,256,/content/drive/MyDrive/phase11-data/data/Steel1/images/im_val_cut10-400-01-H-12mm-4000x14_5_6.png,/content/drive/MyDrive/phase11-persistent/gt_boundaries/Steel1/im_val_cut10-400-01-H-12mm-4000x14_5_6.png,0,0,256,256,0,0
Steel1/im_val_cut10-400-01-H-12mm-4000x14_6_1/x0_y0,Steel1,im_val_cut10-400-01-H-12mm-4000x14,im_val_cut10-400-01-H-12mm-4000x14_6_1.png,0,0,0.080276,train,256,/content/drive/MyDrive/phase11-data/data/Steel1/images/im_val_cut10-400-01-H-12mm-4000x14_6_1.png,/content/drive/MyDrive/phase11-persistent/gt_boundaries/Steel1/im_val_cut10-400-01-H-12mm-4000x14_6_1.png,0,0,256,256,0,0
Steel1/im_val_cut10-400-01-H-12mm-4000x14_6_2/x0_y0,Steel1,im_val_cut10-400-01-H-12mm-4000x14,im_val_cut10-400-01-H-12mm-4000x14_6_2.png,0,0,0.084991,train,256,/content/drive/MyDrive/phase11-data/data/Steel1/images/im_val_cut10-400-01-H-12mm-4000x14_6_2.png,/content/drive/MyDrive/phase11-persistent/gt_boundaries/Steel1/im_val_cut10-400-01-H-12mm-4000x14_6_2.png,0,0,256,256,0,0
Steel1/im_val_cut10-400-01-H-12mm-4000x14_6_3/x0_y0,Steel1,im_val_cut10-400-01-H-12mm-4000x14,im_val_cut10-400-01-H-12mm-4000x14_6_3.png,0,0,0.112198,train,256,/content/drive/MyDrive/phase11-data/data/Steel1/images/im_val_cut10-400-01-H-12mm-4000x14_6_3.png,/content/drive/MyDrive/phase11-persistent/gt_boundaries/Steel1/im_val_cut10-400-01-H-12mm-4000x14_6_3.png,0,0,256,256,0,0
Steel1/im_val_cut10-400-01-H-12mm-4000x14_6_4/x0_y0,Steel1,im_val_cut10-400-01-H-12mm-4000x14,im_val_cut10-400-01-H-12mm-4000x14_6_4.png,0,0,0.081268,train,256,/content/drive/MyDrive/phase11-data/data/Steel1/images/im_val_cut10-400-01-H-12mm-4000x14_6_4.png,/content/drive/MyDrive/phase11-persistent/gt_boundaries/Steel1/im_val_cut10-400-01-H-12mm-4000x14_6_4.png,0,0,256,256,0,0
Steel1/im_val_cut10-400-01-H-12mm-4000x14_6_5/x0_y0,Steel1,im_val_cut10-400-01-H-12mm-4000x14,im_val_cut10-400-01-H-12mm-4000x14_6_5.png,0,0,0.091034,train,256,/content/drive/MyDrive/phase11-data/data/Steel1/images/im_val_cut10-400-01-H-12mm-4000x14_6_5.png,/content/drive/MyDrive/phase11-persistent/gt_boundaries/Steel1/im_val_cut10-400-01-H-12mm-4000x14_6_5.png,0,0,256,256,0,0
Steel1/im_val_cut10-400-01-H-12mm-4000x14_6_6/x0_y0,Steel1,im_val_cut10-400-01-H-12mm-4000x14,im_val_cut10-400-01-H-12mm-4000x14_6_6.png,0,0,0.10231,train,256,/content/drive/MyDrive/phase11-data/data/Steel1/images/im_val_cut10-400-01-H-12mm-4000x14_6_6.png,/content/drive/MyDrive/phase11-persistent/gt_boundaries/Steel1/im_val_cut10-400-01-H-12mm-4000x14_6_6.png,0,0,256,256,0,0
Steel1/im_val_cut10-400-01-H-12mm-4000x14_7_2/x0_y0,Steel1,im_val_cut10-400-01-H-12mm-4000x14,im_val_cut10-400-01-H-12mm-4000x14_7_2.png,0,0,0.094452,train,256,/content/drive/MyDrive/phase11-data/data/Steel1/images/im_val_cut10-400-01-H-12mm-4000x14_7_2.png,/content/drive/MyDrive/phase11-persistent/gt_boundaries/Steel1/im_val_cut10-400-01-H-12mm-4000x14_7_2.png,0,0,256,256,0,0
Steel1/im_val_cut10-400-01-H-12mm-4000x14_7_3/x0_y0,Steel1,im_val_cut10-400-01-H-12mm-4000x14,im_val_cut10-400-01-H-12mm-4000x14_7_3.png,0,0,0.10112,train,256,/content/drive/MyDrive/phase11-data/data/Steel1/images/im_val_cut10-400-01-H-12mm-4000x14_7_3.png,/content/drive/MyDrive/phase11-persistent/gt_boundaries/Steel1/im_val_cut10-400-01-H-12mm-4000x14_7_3.png,0,0,256,256,0,0
Steel1/im_val_cut10-400-01-H-12mm-4000x14_7_4/x0_y0,Steel1,im_val_cut10-400-01-H-12mm-4000x14,im_val_cut10-400-01-H-12mm-4000x14_7_4.png,0,0,0.093018,train,256,/content/drive/MyDrive/phase11-data/data/Steel1/images/im_val_cut10-400-01-H-12mm-4000x14_7_4.png,/content/drive/MyDrive/phase11-persistent/gt_boundaries/Steel1/im_val_cut10-400-01-H-12mm-4000x14_7_4.png,0,0,256,256,0,0
Steel1/im_val_cut10-400-01-H-12mm-4000x14_7_5/x0_y0,Steel1,im_val_cut10-400-01-H-12mm-4000x14,im_val_cut10-400-01-H-12mm-4000x14_7_5.png,0,0,0.074112,train,256,/content/drive/MyDrive/phase11-data/data/Steel1/images/im_val_cut10-400-01-H-12mm-4000x14_7_5.png,/content/drive/MyDrive/phase11-persistent/gt_boundaries/Steel1/im_val_cut10-400-01-H-12mm-4000x14_7_5.png,0,0,256,256,0,0
Steel1/im_val_cut10-400-01-H-12mm-4000x14_7_6/x0_y0,Steel1,im_val_cut10-400-01-H-12mm-4000x14,im_val_cut10-400-01-H-12mm-4000x14_7_6.png,0,0,0.075073,train,256,/content/drive/MyDrive/phase11-data/data/Steel1/images/im_val_cut10-400-01-H-12mm-4000x14_7_6.png,/content/drive/MyDrive/phase11-persistent/gt_boundaries/Steel1/im_val_cut10-400-01-H-12mm-4000x14_7_6.png,0,0,256,256,0,0
Steel1/im_val_cut10-400-01-H-12mm-4000x14_8_1/x0_y0,Steel1,im_val_cut10-400-01-H-12mm-4000x14,im_val_cut10-400-01-H-12mm-4000x14_8_1.png,0,0,0.021988,train,256,/content/drive/MyDrive/phase11-data/data/Steel1/images/im_val_cut10-400-01-H-12mm-4000x14_8_1.png,/content/drive/MyDrive/phase11-persistent/gt_boundaries/Steel1/im_val_cut10-400-01-H-12mm-4000x14_8_1.png,0,0,256,256,0,0
Steel1/im_val_cut10-400-01-H-12mm-4000x14_8_2/x0_y0,Steel1,im_val_cut10-400-01-H-12mm-4000x14,im_val_cut10-400-01-H-12mm-4000x14_8_2.png,0,0,0.085953,train,256,/content/drive/MyDrive/phase11-data/data/Steel1/images/im_val_cut10-400-01-H-12mm-4000x14_8_2.png,/content/drive/MyDrive/phase11-persistent/gt_boundaries/Steel1/im_val_cut10-400-01-H-12mm-4000x14_8_2.png,0,0,256,256,0,0
Steel1/im_val_cut10-400-01-H-12mm-4000x14_8_3/x0_y0,Steel1,im_val_cut10-400-01-H-12mm-4000x14,im_val_cut10-400-01-H-12mm-4000x14_8_3.png,0,0,0.095474,train,256,/content/drive/MyDrive/phase11-data/data/Steel1/images/im_val_cut10-400-01-H-12mm-4000x14_8_3.png,/content/drive/MyDrive/phase11-persistent/gt_boundaries/Steel1/im_val_cut10-400-01-H-12mm-4000x14_8_3.png,0,0,256,256,0,0
Steel1/im_val_cut10-400-01-H-12mm-4000x14_8_4/x0_y0,Steel1,im_val_cut10-400-01-H-12mm-4000x14,im_val_cut10-400-01-H-12mm-4000x14_8_4.png,0,0,0.063339,train,256,/content/drive/MyDrive/phase11-data/data/Steel1/images/im_val_cut10-400-01-H-12mm-4000x14_8_4.png,/content/drive/MyDrive/phase11-persistent/gt_boundaries/Steel1/im_val_cut10-400-01-H-12mm-4000x14_8_4.png,0,0,256,256,0,0
Steel1/im_val_cut10-400-01-H-12mm-4000x14_8_5/x0_y0,Steel1,im_val_cut10-400-01-H-12mm-4000x14,im_val_cut10-400-01-H-12mm-4000x14_8_5.png,0,0,0.078323,train,256,/content/drive/MyDrive/phase11-data/data/Steel1/images/im_val_cut10-400-01-H-12mm-4000x14_8_5.png,/content/drive/MyDrive/phase11-persistent/gt_boundaries/Steel1/im_val_cut10-400-01-H-12mm-4000x14_8_5.png,0,0,256,256,0,0
Steel1/im_val_cut10-400-01-H-12mm-4000x14_8_6/x0_y0,Steel1,im_val_cut10-400-01-H-12mm-4000x14,im_val_cut10-400-01-H-12mm-4000x14_8_6.png,0,0,0.094955,train,256,/content/drive/MyDrive/phase11-data/data/Steel1/images/im_val_cut10-400-01-H-12mm-4000x14_8_6.png,/content/drive/MyDrive/phase11-persistent/gt_boundaries/Steel1/im_val_cut10-400-01-H-12mm-4000x14_8_6.png,0,0,256,256,0,0
Steel1/im_val_cut10-400-01-H-9mm-4000x10_1_1/x0_y0,Steel1,im_val_cut10-400-01-H-9mm-4000x10,im_val_cut10-400-01-H-9mm-4000x10_1_1.png,0,0,0.02536,train,256,/content/drive/MyDrive/phase11-data/data/Steel1/images/im_val_cut10-400-01-H-9mm-4000x10_1_1.png,/content/drive/MyDrive/phase11-persistent/gt_boundaries/Steel1/im_val_cut10-400-01-H-9mm-4000x10_1_1.png,0,0,256,256,0,0
Steel1/im_val_cut10-400-01-H-9mm-4000x10_1_2/x0_y0,Steel1,im_val_cut10-400-01-H-9mm-4000x10,im_val_cut10-400-01-H-9mm-4000x10_1_2.png,0,0,0.074829,train,256,/content/drive/MyDrive/phase11-data/data/Steel1/images/im_val_cut10-400-01-H-9mm-4000x10_1_2.png,/content/drive/MyDrive/phase11-persistent/gt_boundaries/Steel1/im_val_cut10-400-01-H-9mm-4000x10_1_2.png,0,0,256,256,0,0
Steel1/im_val_cut10-400-01-H-9mm-4000x10_1_3/x0_y0,Steel1,im_val_cut10-400-01-H-9mm-4000x10,im_val_cut10-400-01-H-9mm-4000x10_1_3.png,0,0,0.094223,train,256,/content/drive/MyDrive/phase11-data/data/Steel1/images/im_val_cut10-400-01-H-9mm-4000x10_1_3.png,/content/drive/MyDrive/phase11-persistent/gt_boundaries/Steel1/im_val_cut10-400-01-H-9mm-4000x10_1_3.png,0,0,256,256,0,0
Steel1/im_val_cut10-400-01-H-9mm-4000x10_1_4/x0_y0,Steel1,im_val_cut10-400-01-H-9mm-4000x10,im_val_cut10-400-01-H-9mm-4000x10_1_4.png,0,0,0.066147,train,256,/content/drive/MyDrive/phase11-data/data/Steel1/images/im_val_cut10-400-01-H-9mm-4000x10_1_4.png,/content/drive/MyDrive/phase11-persistent/gt_boundaries/Steel1/im_val_cut10-400-01-H-9mm-4000x10_1_4.png,0,0,256,256,0,0
Steel1/im_val_cut10-400-01-H-9mm-4000x10_1_5/x0_y0,Steel1,im_val_cut10-400-01-H-9mm-4000x10,im_val_cut10-400-01-H-9mm-4000x10_1_5.png,0,0,0.080276,train,256,/content/drive/MyDrive/phase11-data/data/Steel1/images/im_val_cut10-400-01-H-9mm-4000x10_1_5.png,/content/drive/MyDrive/phase11-persistent/gt_boundaries/Steel1/im_val_cut10-400-01-H-9mm-4000x10_1_5.png,0,0,256,256,0,0
Steel1/im_val_cut10-400-01-H-9mm-4000x10_1_6/x0_y0,Steel1,im_val_cut10-400-01-H-9mm-4000x10,im_val_cut10-400-01-H-9mm-4000x10_1_6.png,0,0,0.03595,train,256,/content/drive/MyDrive/phase11-data/data/Steel1/images/im_val_cut10-400-01-H-9mm-4000x10_1_6.png,/content/drive/MyDrive/phase11-persistent/gt_boundaries/Steel1/im_val_cut10-400-01-H-9mm-4000x10_1_6.png,0,0,256,256,0,0
Steel1/im_val_cut10-400-01-H-9mm-4000x10_2_1/x0_y0,Steel1,im_val_cut10-400-01-H-9mm-4000x10,im_val_cut10-400-01-H-9mm-4000x10_2_1.png,0,0,0.084152,train,256,/content/drive/MyDrive/phase11-data/data/Steel1/images/im_val_cut10-400-01-H-9mm-4000x10_2_1.png,/content/drive/MyDrive/phase11-persistent/gt_boundaries/Steel1/im_val_cut10-400-01-H-9mm-4000x10_2_1.png,0,0,256,256,0,0
Steel1/im_val_cut10-400-01-H-9mm-4000x10_2_2/x0_y0,Steel1,im_val_cut10-400-01-H-9mm-4000x10,im_val_cut10-400-01-H-9mm-4000x10_2_2.png,0,0,0.073654,train,256,/content/drive/MyDrive/phase11-data/data/Steel1/images/im_val_cut10-400-01-H-9mm-4000x10_2_2.png,/content/drive/MyDrive/phase11-persistent/gt_boundaries/Steel1/im_val_cut10-400-01-H-9mm-4000x10_2_2.png,0,0,256,256,0,0
Steel1/im_val_cut10-400-01-H-9mm-4000x10_2_3/x0_y0,Steel1,im_val_cut10-400-01-H-9mm-4000x10,im_val_cut10-400-01-H-9mm-4000x10_2_3.png,0,0,0.096649,train,256,/content/drive/MyDrive/phase11-data/data/Steel1/images/im_val_cut10-400-01-H-9mm-4000x10_2_3.png,/content/drive/MyDrive/phase11-persistent/gt_boundaries/Steel1/im_val_cut10-400-01-H-9mm-4000x10_2_3.png,0,0,256,256,0,0
Steel1/im_val_cut10-400-01-H-9mm-4000x10_2_4/x0_y0,Steel1,im_val_cut10-400-01-H-9mm-4000x10,im_val_cut10-400-01-H-9mm-4000x10_2_4.png,0,0,0.057739,train,256,/content/drive/MyDrive/phase11-data/data/Steel1/images/im_val_cut10-400-01-H-9mm-4000x10_2_4.png,/content/drive/MyDrive/phase11-persistent/gt_boundaries/Steel1/im_val_cut10-400-01-H-9mm-4000x10_2_4.png,0,0,256,256,0,0
Steel1/im_val_cut10-400-01-H-9mm-4000x10_2_5/x0_y0,Steel1,im_val_cut10-400-01-H-9mm-4000x10,im_val_cut10-400-01-H-9mm-4000x10_2_5.png,0,0,0.036636,train,256,/content/drive/MyDrive/phase11-data/data/Steel1/images/im_val_cut10-400-01-H-9mm-4000x10_2_5.png,/content/drive/MyDrive/phase11-persistent/gt_boundaries/Steel1/im_val_cut10-400-01-H-9mm-4000x10_2_5.png,0,0,256,256,0,0
Steel1/im_val_cut10-400-01-H-9mm-4000x10_2_6/x0_y0,Steel1,im_val_cut10-400-01-H-9mm-4000x10,im_val_cut10-400-01-H-9mm-4000x10_2_6.png,0,0,0.031723,train,256,/content/drive/MyDrive/phase11-data/data/Steel1/images/im_val_cut10-400-01-H-9mm-4000x10_2_6.png,/content/drive/MyDrive/phase11-persistent/gt_boundaries/Steel1/im_val_cut10-400-01-H-9mm-4000x10_2_6.png,0,0,256,256,0,0
Steel1/im_val_cut10-400-01-H-9mm-4000x10_3_1/x0_y0,Steel1,im_val_cut10-400-01-H-9mm-4000x10,im_val_cut10-400-01-H-9mm-4000x10_3_1.png,0,0,0.066635,train,256,/content/drive/MyDrive/phase11-data/data/Steel1/images/im_val_cut10-400-01-H-9mm-4000x10_3_1.png,/content/drive/MyDrive/phase11-persistent/gt_boundaries/Steel1/im_val_cut10-400-01-H-9mm-4000x10_3_1.png,0,0,256,256,0,0
Steel1/im_val_cut10-400-01-H-9mm-4000x10_3_2/x0_y0,Steel1,im_val_cut10-400-01-H-9mm-4000x10,im_val_cut10-400-01-H-9mm-4000x10_3_2.png,0,0,0.091599,train,256,/content/drive/MyDrive/phase11-data/data/Steel1/images/im_val_cut10-400-01-H-9mm-4000x10_3_2.png,/content/drive/MyDrive/phase11-persistent/gt_boundaries/Steel1/im_val_cut10-400-01-H-9mm-4000x10_3_2.png,0,0,256,256,0,0
Steel1/im_val_cut10-400-01-H-9mm-4000x10_3_3/x0_y0,Steel1,im_val_cut10-400-01-H-9mm-4000x10,im_val_cut10-400-01-H-9mm-4000x10_3_3.png,0,0,0.032242,train,256,/content/drive/MyDrive/phase11-data/data/Steel1/images/im_val_cut10-400-01-H-9mm-4000x10_3_3.png,/content/drive/MyDrive/phase11-persistent/gt_boundaries/Steel1/im_val_cut10-400-01-H-9mm-4000x10_3_3.png,0,0,256,256,0,0
Steel1/im_val_cut10-400-01-H-9mm-4000x10_3_4/x0_y0,Steel1,im_val_cut10-400-01-H-9mm-4000x10,im_val_cut10-400-01-H-9mm-4000x10_3_4.png,0,0,0.087006,train,256,/content/drive/MyDrive/phase11-data/data/Steel1/images/im_val_cut10-400-01-H-9mm-4000x10_3_4.png,/content/drive/MyDrive/phase11-persistent/gt_boundaries/Steel1/im_val_cut10-400-01-H-9mm-4000x10_3_4.png,0,0,256,256,0,0
Steel1/im_val_cut10-400-01-H-9mm-4000x10_3_5/x0_y0,Steel1,im_val_cut10-400-01-H-9mm-4000x10,im_val_cut10-400-01-H-9mm-4000x10_3_5.png,0,0,0.063232,train,256,/content/drive/MyDrive/phase11-data/data/Steel1/images/im_val_cut10-400-01-H-9mm-4000x10_3_5.png,/content/drive/MyDrive/phase11-persistent/gt_boundaries/Steel1/im_val_cut10-400-01-H-9mm-4000x10_3_5.png,0,0,256,256,0,0
Steel1/im_val_cut10-400-01-H-9mm-4000x10_3_6/x0_y0,Steel1,im_val_cut10-400-01-H-9mm-4000x10,im_val_cut10-400-01-H-9mm-4000x10_3_6.png,0,0,0.065582,train,256,/content/drive/MyDrive/phase11-data/data/Steel1/images/im_val_cut10-400-01-H-9mm-4000x10_3_6.png,/content/drive/MyDrive/phase11-persistent/gt_boundaries/Steel1/im_val_cut10-400-01-H-9mm-4000x10_3_6.png,0,0,256,256,0,0
Steel1/im_val_cut10-400-01-H-9mm-4000x10_4_1/x0_y0,Steel1,im_val_cut10-400-01-H-9mm-4000x10,im_val_cut10-400-01-H-9mm-4000x10_4_1.png,0,0,0.078949,train,256,/content/drive/MyDrive/phase11-data/data/Steel1/images/im_val_cut10-400-01-H-9mm-4000x10_4_1.png,/content/drive/MyDrive/phase11-persistent/gt_boundaries/Steel1/im_val_cut10-400-01-H-9mm-4000x10_4_1.png,0,0,256,256,0,0
Steel1/im_val_cut10-400-01-H-9mm-4000x10_4_2/x0_y0,Steel1,im_val_cut10-400-01-H-9mm-4000x10,im_val_cut10-400-01-H-9mm-4000x10_4_2.png,0,0,0.103851,train,256,/content/drive/MyDrive/phase11-data/data/Steel1/images/im_val_cut10-400-01-H-9mm-4000x10_4_2.png,/content/drive/MyDrive/phase11-persistent/gt_boundaries/Steel1/im_val_cut10-400-01-H-9mm-4000x10_4_2.png,0,0,256,256,0,0
Steel1/im_val_cut10-400-01-H-9mm-4000x10_4_3/x0_y0,Steel1,im_val_cut10-400-01-H-9mm-4000x10,im_val_cut10-400-01-H-9mm-4000x10_4_3.png,0,0,0.04007,train,256,/content/drive/MyDrive/phase11-data/data/Steel1/images/im_val_cut10-400-01-H-9mm-4000x10_4_3.png,/content/drive/MyDrive/phase11-persistent/gt_boundaries/Steel1/im_val_cut10-400-01-H-9mm-4000x10_4_3.png,0,0,256,256,0,0
Steel1/im_val_cut10-400-01-H-9mm-4000x10_4_4/x0_y0,Steel1,im_val_cut10-400-01-H-9mm-4000x10,im_val_cut10-400-01-H-9mm-4000x10_4_4.png,0,0,0.089615,train,256,/content/drive/MyDrive/phase11-data/data/Steel1/images/im_val_cut10-400-01-H-9mm-4000x10_4_4.png,/content/drive/MyDrive/phase11-persistent/gt_boundaries/Steel1/im_val_cut10-400-01-H-9mm-4000x10_4_4.png,0,0,256,256,0,0
Steel1/im_val_cut10-400-01-H-9mm-4000x10_4_5/x0_y0,Steel1,im_val_cut10-400-01-H-9mm-4000x10,im_val_cut10-400-01-H-9mm-4000x10_4_5.png,0,0,0.014328,train,256,/content/drive/MyDrive/phase11-data/data/Steel1/images/im_val_cut10-400-01-H-9mm-4000x10_4_5.png,/content/drive/MyDrive/phase11-persistent/gt_boundaries/Steel1/im_val_cut10-400-01-H-9mm-4000x10_4_5.png,0,0,256,256,0,0
Steel1/im_val_cut10-400-01-H-9mm-4000x10_4_6/x0_y0,Steel1,im_val_cut10-400-01-H-9mm-4000x10,im_val_cut10-400-01-H-9mm-4000x10_4_6.png,0,0,0.023483,train,256,/content/drive/MyDrive/phase11-data/data/Steel1/images/im_val_cut10-400-01-H-9mm-4000x10_4_6.png,/content/drive/MyDrive/phase11-persistent/gt_boundaries/Steel1/im_val_cut10-400-01-H-9mm-4000x10_4_6.png,0,0,256,256,0,0
Steel1/im_val_cut10-400-01-H-9mm-4000x10_5_1/x0_y0,Steel1,im_val_cut10-400-01-H-9mm-4000x10,im_val_cut10-400-01-H-9mm-4000x10_5_1.png,0,0,0.098785,train,256,/content/drive/MyDrive/phase11-data/data/Steel1/images/im_val_cut10-400-01-H-9mm-4000x10_5_1.png,/content/drive/MyDrive/phase11-persistent/gt_boundaries/Steel1/im_val_cut10-400-01-H-9mm-4000x10_5_1.png,0,0,256,256,0,0
Steel1/im_val_cut10-400-01-H-9mm-4000x10_5_2/x0_y0,Steel1,im_val_cut10-400-01-H-9mm-4000x10,im_val_cut10-400-01-H-9mm-4000x10_5_2.png,0,0,0.06163,train,256,/content/drive/MyDrive/phase11-data/data/Steel1/images/im_val_cut10-400-01-H-9mm-4000x10_5_2.png,/content/drive/MyDrive/phase11-persistent/gt_boundaries/Steel1/im_val_cut10-400-01-H-9mm-4000x10_5_2.png,0,0,256,256,0,0
Steel1/im_val_cut10-400-01-H-9mm-4000x10_5_3/x0_y0,Steel1,im_val_cut10-400-01-H-9mm-4000x10,im_val_cut10-400-01-H-9mm-4000x10_5_3.png,0,0,0.106934,train,256,/content/drive/MyDrive/phase11-data/data/Steel1/images/im_val_cut10-400-01-H-9mm-4000x10_5_3.png,/content/drive/MyDrive/phase11-persistent/gt_boundaries/Steel1/im_val_cut10-400-01-H-9mm-4000x10_5_3.png,0,0,256,256,0,0
Steel1/im_val_cut10-400-01-H-9mm-4000x10_5_4/x0_y0,Steel1,im_val_cut10-400-01-H-9mm-4000x10,im_val_cut10-400-01-H-9mm-4000x10_5_4.png,0,0,0.114502,train,256,/content/drive/MyDrive/phase11-data/data/Steel1/images/im_val_cut10-400-01-H-9mm-4000x10_5_4.png,/content/drive/MyDrive/phase11-persistent/gt_boundaries/Steel1/im_val_cut10-400-01-H-9mm-4000x10_5_4.png,0,0,256,256,0,0
Steel1/im_val_cut10-400-01-H-9mm-4000x10_5_5/x0_y0,Steel1,im_val_cut10-400-01-H-9mm-4000x10,im_val_cut10-400-01-H-9mm-4000x10_5_5.png,0,0,0.060898,train,256,/content/drive/MyDrive/phase11-data/data/Steel1/images/im_val_cut10-400-01-H-9mm-4000x10_5_5.png,/content/drive/MyDrive/phase11-persistent/gt_boundaries/Steel1/im_val_cut10-400-01-H-9mm-4000x10_5_5.png,0,0,256,256,0,0
Steel1/im_val_cut10-400-01-H-9mm-4000x10_5_6/x0_y0,Steel1,im_val_cut10-400-01-H-9mm-4000x10,im_val_cut10-400-01-H-9mm-4000x10_5_6.png,0,0,0.054016,train,256,/content/drive/MyDrive/phase11-data/data/Steel1/images/im_val_cut10-400-01-H-9mm-4000x10_5_6.png,/content/drive/MyDrive/phase11-persistent/gt_boundaries/Steel1/im_val_cut10-400-01-H-9mm-4000x10_5_6.png,0,0,256,256,0,0
Steel1/im_val_cut10-400-01-H-9mm-4000x10_6_1/x0_y0,Steel1,im_val_cut10-400-01-H-9mm-4000x10,im_val_cut10-400-01-H-9mm-4000x10_6_1.png,0,0,0.105911,train,256,/content/drive/MyDrive/phase11-data/data/Steel1/images/im_val_cut10-400-01-H-9mm-4000x10_6_1.png,/content/drive/MyDrive/phase11-persistent/gt_boundaries/Steel1/im_val_cut10-400-01-H-9mm-4000x10_6_1.png,0,0,256,256,0,0
Steel1/im_val_cut10-400-01-H-9mm-4000x10_6_2/x0_y0,Steel1,im_val_cut10-400-01-H-9mm-4000x10,im_val_cut10-400-01-H-9mm-4000x10_6_2.png,0,0,0.084961,train,256,/content/drive/MyDrive/phase11-data/data/Steel1/images/im_val_cut10-400-01-H-9mm-4000x10_6_2.png,/content/drive/MyDrive/phase11-persistent/gt_boundaries/Steel1/im_val_cut10-400-01-H-9mm-4000x10_6_2.png,0,0,256,256,0,0
Steel1/im_val_cut10-400-01-H-9mm-4000x10_6_3/x0_y0,Steel1,im_val_cut10-400-01-H-9mm-4000x10,im_val_cut10-400-01-H-9mm-4000x10_6_3.png,0,0,0.06636,train,256,/content/drive/MyDrive/phase11-data/data/Steel1/images/im_val_cut10-400-01-H-9mm-4000x10_6_3.png,/content/drive/MyDrive/phase11-persistent/gt_boundaries/Steel1/im_val_cut10-400-01-H-9mm-4000x10_6_3.png,0,0,256,256,0,0
Steel1/im_val_cut10-400-01-H-9mm-4000x10_6_4/x0_y0,Steel1,im_val_cut10-400-01-H-9mm-4000x10,im_val_cut10-400-01-H-9mm-4000x10_6_4.png,0,0,0.108658,train,256,/content/drive/MyDrive/phase11-data/data/Steel1/images/im_val_cut10-400-01-H-9mm-4000x10_6_4.png,/content/drive/MyDrive/phase11-persistent/gt_boundaries/Steel1/im_val_cut10-400-01-H-9mm-4000x10_6_4.png,0,0,256,256,0,0
Steel1/im_val_cut10-400-01-H-9mm-4000x10_6_5/x0_y0,Steel1,im_val_cut10-400-01-H-9mm-4000x10,im_val_cut10-400-01-H-9mm-4000x10_6_5.png,0,0,0.038391,train,256,/content/drive/MyDrive/phase11-data/data/Steel1/images/im_val_cut10-400-01-H-9mm-4000x10_6_5.png,/content/drive/MyDrive/phase11-persistent/gt_boundaries/Steel1/im_val_cut10-400-01-H-9mm-4000x10_6_5.png,0,0,256,256,0,0
Steel1/im_val_cut10-400-01-H-9mm-4000x10_6_6/x0_y0,Steel1,im_val_cut10-400-01-H-9mm-4000x10,im_val_cut10-400-01-H-9mm-4000x10_6_6.png,0,0,0.085831,train,256,/content/drive/MyDrive/phase11-data/data/Steel1/images/im_val_cut10-400-01-H-9mm-4000x10_6_6.png,/content/drive/MyDrive/phase11-persistent/gt_boundaries/Steel1/im_val_cut10-400-01-H-9mm-4000x10_6_6.png,0,0,256,256,0,0
Steel1/im_val_cut10-400-01-H-9mm-4000x10_7_1/x0_y0,Steel1,im_val_cut10-400-01-H-9mm-4000x10,im_val_cut10-400-01-H-9mm-4000x10_7_1.png,0,0,0.093445,train,256,/content/drive/MyDrive/phase11-data/data/Steel1/images/im_val_cut10-400-01-H-9mm-4000x10_7_1.png,/content/drive/MyDrive/phase11-persistent/gt_boundaries/Steel1/im_val_cut10-400-01-H-9mm-4000x10_7_1.png,0,0,256,256,0,0
Steel1/im_val_cut10-400-01-H-9mm-4000x10_7_2/x0_y0,Steel1,im_val_cut10-400-01-H-9mm-4000x10,im_val_cut10-400-01-H-9mm-4000x10_7_2.png,0,0,0.09433,train,256,/content/drive/MyDrive/phase11-data/data/Steel1/images/im_val_cut10-400-01-H-9mm-4000x10_7_2.png,/content/drive/MyDrive/phase11-persistent/gt_boundaries/Steel1/im_val_cut10-400-01-H-9mm-4000x10_7_2.png,0,0,256,256,0,0
Steel1/im_val_cut10-400-01-H-9mm-4000x10_7_3/x0_y0,Steel1,im_val_cut10-400-01-H-9mm-4000x10,im_val_cut10-400-01-H-9mm-4000x10_7_3.png,0,0,0.07106,train,256,/content/drive/MyDrive/phase11-data/data/Steel1/images/im_val_cut10-400-01-H-9mm-4000x10_7_3.png,/content/drive/MyDrive/phase11-persistent/gt_boundaries/Steel1/im_val_cut10-400-01-H-9mm-4000x10_7_3.png,0,0,256,256,0,0
Steel1/im_val_cut10-400-01-H-9mm-4000x10_7_4/x0_y0,Steel1,im_val_cut10-400-01-H-9mm-4000x10,im_val_cut10-400-01-H-9mm-4000x10_7_4.png,0,0,0.080215,train,256,/content/drive/MyDrive/phase11-data/data/Steel1/images/im_val_cut10-400-01-H-9mm-4000x10_7_4.png,/content/drive/MyDrive/phase11-persistent/gt_boundaries/Steel1/im_val_cut10-400-01-H-9mm-4000x10_7_4.png,0,0,256,256,0,0
Steel1/im_val_cut10-400-01-H-9mm-4000x10_7_5/x0_y0,Steel1,im_val_cut10-400-01-H-9mm-4000x10,im_val_cut10-400-01-H-9mm-4000x10_7_5.png,0,0,0.062027,train,256,/content/drive/MyDrive/phase11-data/data/Steel1/images/im_val_cut10-400-01-H-9mm-4000x10_7_5.png,/content/drive/MyDrive/phase11-persistent/gt_boundaries/Steel1/im_val_cut10-400-01-H-9mm-4000x10_7_5.png,0,0,256,256,0,0
Steel1/im_val_cut10-400-01-H-9mm-4000x10_7_6/x0_y0,Steel1,im_val_cut10-400-01-H-9mm-4000x10,im_val_cut10-400-01-H-9mm-4000x10_7_6.png,0,0,0.042068,train,256,/content/drive/MyDrive/phase11-data/data/Steel1/images/im_val_cut10-400-01-H-9mm-4000x10_7_6.png,/content/drive/MyDrive/phase11-persistent/gt_boundaries/Steel1/im_val_cut10-400-01-H-9mm-4000x10_7_6.png,0,0,256,256,0,0
Steel1/im_val_cut10-400-01-H-9mm-4000x10_8_1/x0_y0,Steel1,im_val_cut10-400-01-H-9mm-4000x10,im_val_cut10-400-01-H-9mm-4000x10_8_1.png,0,0,0.077911,train,256,/content/drive/MyDrive/phase11-data/data/Steel1/images/im_val_cut10-400-01-H-9mm-4000x10_8_1.png,/content/drive/MyDrive/phase11-persistent/gt_boundaries/Steel1/im_val_cut10-400-01-H-9mm-4000x10_8_1.png,0,0,256,256,0,0
Steel1/im_val_cut10-400-01-H-9mm-4000x10_8_2/x0_y0,Steel1,im_val_cut10-400-01-H-9mm-4000x10,im_val_cut10-400-01-H-9mm-4000x10_8_2.png,0,0,0.124588,train,256,/content/drive/MyDrive/phase11-data/data/Steel1/images/im_val_cut10-400-01-H-9mm-4000x10_8_2.png,/content/drive/MyDrive/phase11-persistent/gt_boundaries/Steel1/im_val_cut10-400-01-H-9mm-4000x10_8_2.png,0,0,256,256,0,0
Steel1/im_val_cut10-400-01-H-9mm-4000x10_8_3/x0_y0,Steel1,im_val_cut10-400-01-H-9mm-4000x10,im_val_cut10-400-01-H-9mm-4000x10_8_3.png,0,0,0.099167,train,256,/content/drive/MyDrive/phase11-data/data/Steel1/images/im_val_cut10-400-01-H-9mm-4000x10_8_3.png,/content/drive/MyDrive/phase11-persistent/gt_boundaries/Steel1/im_val_cut10-400-01-H-9mm-4000x10_8_3.png,0,0,256,256,0,0
Steel1/im_val_cut10-400-01-H-9mm-4000x10_8_4/x0_y0,Steel1,im_val_cut10-400-01-H-9mm-4000x10,im_val_cut10-400-01-H-9mm-4000x10_8_4.png,0,0,0.085266,train,256,/content/drive/MyDrive/phase11-data/data/Steel1/images/im_val_cut10-400-01-H-9mm-4000x10_8_4.png,/content/drive/MyDrive/phase11-persistent/gt_boundaries/Steel1/im_val_cut10-400-01-H-9mm-4000x10_8_4.png,0,0,256,256,0,0
Steel1/im_val_cut10-400-01-H-9mm-4000x10_8_5/x0_y0,Steel1,im_val_cut10-400-01-H-9mm-4000x10,im_val_cut10-400-01-H-9mm-4000x10_8_5.png,0,0,0.070068,train,256,/content/drive/MyDrive/phase11-data/data/Steel1/images/im_val_cut10-400-01-H-9mm-4000x10_8_5.png,/content/drive/MyDrive/phase11-persistent/gt_boundaries/Steel1/im_val_cut10-400-01-H-9mm-4000x10_8_5.png,0,0,256,256,0,0
Steel1/im_val_cut10-400-01-H-9mm-4000x10_8_6/x0_y0,Steel1,im_val_cut10-400-01-H-9mm-4000x10,im_val_cut10-400-01-H-9mm-4000x10_8_6.png,0,0,0.066666,train,256,/content/drive/MyDrive/phase11-data/data/Steel1/images/im_val_cut10-400-01-H-9mm-4000x10_8_6.png,/content/drive/MyDrive/phase11-persistent/gt_boundaries/Steel1/im_val_cut10-400-01-H-9mm-4000x10_8_6.png,0,0,256,256,0,0
Steel1/im_val_cut10-400-01-H-9mm-4000x12_1_1/x0_y0,Steel1,im_val_cut10-400-01-H-9mm-4000x12,im_val_cut10-400-01-H-9mm-4000x12_1_1.png,0,0,0.088516,train,256,/content/drive/MyDrive/phase11-data/data/Steel1/images/im_val_cut10-400-01-H-9mm-4000x12_1_1.png,/content/drive/MyDrive/phase11-persistent/gt_boundaries/Steel1/im_val_cut10-400-01-H-9mm-4000x12_1_1.png,0,0,256,256,0,0
Steel1/im_val_cut10-400-01-H-9mm-4000x12_1_2/x0_y0,Steel1,im_val_cut10-400-01-H-9mm-4000x12,im_val_cut10-400-01-H-9mm-4000x12_1_2.png,0,0,0.112793,train,256,/content/drive/MyDrive/phase11-data/data/Steel1/images/im_val_cut10-400-01-H-9mm-4000x12_1_2.png,/content/drive/MyDrive/phase11-persistent/gt_boundaries/Steel1/im_val_cut10-400-01-H-9mm-4000x12_1_2.png,0,0,256,256,0,0
Steel1/im_val_cut10-400-01-H-9mm-4000x12_1_3/x0_y0,Steel1,im_val_cut10-400-01-H-9mm-4000x12,im_val_cut10-400-01-H-9mm-4000x12_1_3.png,0,0,0.08284,train,256,/content/drive/MyDrive/phase11-data/data/Steel1/images/im_val_cut10-400-01-H-9mm-4000x12_1_3.png,/content/drive/MyDrive/phase11-persistent/gt_boundaries/Steel1/im_val_cut10-400-01-H-9mm-4000x12_1_3.png,0,0,256,256,0,0
Steel1/im_val_cut10-400-01-H-9mm-4000x12_1_4/x0_y0,Steel1,im_val_cut10-400-01-H-9mm-4000x12,im_val_cut10-400-01-H-9mm-4000x12_1_4.png,0,0,0.109314,train,256,/content/drive/MyDrive/phase11-data/data/Steel1/images/im_val_cut10-400-01-H-9mm-4000x12_1_4.png,/content/drive/MyDrive/phase11-persistent/gt_boundaries/Steel1/im_val_cut10-400-01-H-9mm-4000x12_1_4.png,0,0,256,256,0,0
Steel1/im_val_cut10-400-01-H-9mm-4000x12_1_5/x0_y0,Steel1,im_val_cut10-400-01-H-9mm-4000x12,im_val_cut10-400-01-H-9mm-4000x12_1_5.png,0,0,0.099213,train,256,/content/drive/MyDrive/phase11-data/data/Steel1/images/im_val_cut10-400-01-H-9mm-4000x12_1_5.png,/content/drive/MyDrive/phase11-persistent/gt_boundaries/Steel1/im_val_cut10-400-01-H-9mm-4000x12_1_5.png,0,0,256,256,0,0
Steel1/im_val_cut10-400-01-H-9mm-4000x12_1_6/x0_y0,Steel1,im_val_cut10-400-01-H-9mm-4000x12,im_val_cut10-400-01-H-9mm-4000x12_1_6.png,0,0,0.079895,train,256,/content/drive/MyDrive/phase11-data/data/Steel1/images/im_val_cut10-400-01-H-9mm-4000x12_1_6.png,/content/drive/MyDrive/phase11-persistent/gt_boundaries/Steel1/im_val_cut10-400-01-H-9mm-4000x12_1_6.png,0,0,256,256,0,0
Steel1/im_val_cut10-400-01-H-9mm-4000x12_2_1/x0_y0,Steel1,im_val_cut10-400-01-H-9mm-4000x12,im_val_cut10-400-01-H-9mm-4000x12_2_1.png,0,0,0.058044,train,256,/content/drive/MyDrive/phase11-data/data/Steel1/images/im_val_cut10-400-01-H-9mm-4000x12_2_1.png,/content/drive/MyDrive/phase11-persistent/gt_boundaries/Steel1/im_val_cut10-400-01-H-9mm-4000x12_2_1.png,0,0,256,256,0,0
Steel1/im_val_cut10-400-01-H-9mm-4000x12_2_2/x0_y0,Steel1,im_val_cut10-400-01-H-9mm-4000x12,im_val_cut10-400-01-H-9mm-4000x12_2_2.png,0,0,0.063095,train,256,/content/drive/MyDrive/phase11-data/data/Steel1/images/im_val_cut10-400-01-H-9mm-4000x12_2_2.png,/content/drive/MyDrive/phase11-persistent/gt_boundaries/Steel1/im_val_cut10-400-01-H-9mm-4000x12_2_2.png,0,0,256,256,0,0
Steel1/im_val_cut10-400-01-H-9mm-4000x12_2_3/x0_y0,Steel1,im_val_cut10-400-01-H-9mm-4000x12,im_val_cut10-400-01-H-9mm-4000x12_2_3.png,0,0,0.094711,train,256,/content/drive/MyDrive/phase11-data/data/Steel1/images/im_val_cut10-400-01-H-9mm-4000x12_2_3.png,/content/drive/MyDrive/phase11-persistent/gt_boundaries/Steel1/im_val_cut10-400-01-H-9mm-4000x12_2_3.png,0,0,256,256,0,0
Steel1/im_val_cut10-400-01-H-9mm-4000x12_2_4/x0_y0,Steel1,im_val_cut10-400-01-H-9mm-4000x12,im_val_cut10-400-01-H-9mm-4000x12_2_4.png,0,0,0.072159,train,256,/content/drive/MyDrive/phase11-data/data/Steel1/images/im_val_cut10-400-01-H-9mm-4000x12_2_4.png,/content/drive/MyDrive/phase11-persistent/gt_boundaries/Steel1/im_val_cut10-400-01-H-9mm-4000x12_2_4.png,0,0,256,256,0,0
Steel1/im_val_cut10-400-01-H-9mm-4000x12_2_5/x0_y0,Steel1,im_val_cut10-400-01-H-9mm-4000x12,im_val_cut10-400-01-H-9mm-4000x12_2_5.png,0,0,0.120605,train,256,/content/drive/MyDrive/phase11-data/data/Steel1/images/im_val_cut10-400-01-H-9mm-4000x12_2_5.png,/content/drive/MyDrive/phase11-persistent/gt_boundaries/Steel1/im_val_cut10-400-01-H-9mm-4000x12_2_5.png,0,0,256,256,0,0
Steel1/im_val_cut10-400-01-H-9mm-4000x12_2_6/x0_y0,Steel1,im_val_cut10-400-01-H-9mm-4000x12,im_val_cut10-400-01-H-9mm-4000x12_2_6.png,0,0,0.10112,train,256,/content/drive/MyDrive/phase11-data/data/Steel1/images/im_val_cut10-400-01-H-9mm-4000x12_2_6.png,/content/drive/MyDrive/phase11-persistent/gt_boundaries/Steel1/im_val_cut10-400-01-H-9mm-4000x12_2_6.png,0,0,256,256,0,0
Steel1/im_val_cut10-400-01-H-9mm-4000x12_3_1/x0_y0,Steel1,im_val_cut10-400-01-H-9mm-4000x12,im_val_cut10-400-01-H-9mm-4000x12_3_1.png,0,0,0.109192,train,256,/content/drive/MyDrive/phase11-data/data/Steel1/images/im_val_cut10-400-01-H-9mm-4000x12_3_1.png,/content/drive/MyDrive/phase11-persistent/gt_boundaries/Steel1/im_val_cut10-400-01-H-9mm-4000x12_3_1.png,0,0,256,256,0,0
Steel1/im_val_cut10-400-01-H-9mm-4000x12_3_2/x0_y0,Steel1,im_val_cut10-400-01-H-9mm-4000x12,im_val_cut10-400-01-H-9mm-4000x12_3_2.png,0,0,0.102768,train,256,/content/drive/MyDrive/phase11-data/data/Steel1/images/im_val_cut10-400-01-H-9mm-4000x12_3_2.png,/content/drive/MyDrive/phase11-persistent/gt_boundaries/Steel1/im_val_cut10-400-01-H-9mm-4000x12_3_2.png,0,0,256,256,0,0
Steel1/im_val_cut10-400-01-H-9mm-4000x12_3_3/x0_y0,Steel1,im_val_cut10-400-01-H-9mm-4000x12,im_val_cut10-400-01-H-9mm-4000x12_3_3.png,0,0,0.128311,train,256,/content/drive/MyDrive/phase11-data/data/Steel1/images/im_val_cut10-400-01-H-9mm-4000x12_3_3.png,/content/drive/MyDrive/phase11-persistent/gt_boundaries/Steel1/im_val_cut10-400-01-H-9mm-4000x12_3_3.png,0,0,256,256,0,0
Steel1/im_val_cut10-400-01-H-9mm-4000x12_3_4/x0_y0,Steel1,im_val_cut10-400-01-H-9mm-4000x12,im_val_cut10-400-01-H-9mm-4000x12_3_4.png,0,0,0.061264,train,256,/content/drive/MyDrive/phase11-data/data/Steel1/images/im_val_cut10-400-01-H-9mm-4000x12_3_4.png,/content/drive/MyDrive/phase11-persistent/gt_boundaries/Steel1/im_val_cut10-400-01-H-9mm-4000x12_3_4.png,0,0,256,256,0,0
Steel1/im_val_cut10-400-01-H-9mm-4000x12_3_5/x0_y0,Steel1,im_val_cut10-400-01-H-9mm-4000x12,im_val_cut10-400-01-H-9mm-4000x12_3_5.png,0,0,0.078735,train,256,/content/drive/MyDrive/phase11-data/data/Steel1/images/im_val_cut10-400-01-H-9mm-4000x12_3_5.png,/content/drive/MyDrive/phase11-persistent/gt_boundaries/Steel1/im_val_cut10-400-01-H-9mm-4000x12_3_5.png,0,0,256,256,0,0
Steel1/im_val_cut10-400-01-H-9mm-4000x12_3_6/x0_y0,Steel1,im_val_cut10-400-01-H-9mm-4000x12,im_val_cut10-400-01-H-9mm-4000x12_3_6.png,0,0,0.127197,train,256,/content/drive/MyDrive/phase11-data/data/Steel1/images/im_val_cut10-400-01-H-9mm-4000x12_3_6.png,/content/drive/MyDrive/phase11-persistent/gt_boundaries/Steel1/im_val_cut10-400-01-H-9mm-4000x12_3_6.png,0,0,256,256,0,0
Steel1/im_val_cut10-400-01-H-9mm-4000x12_4_1/x0_y0,Steel1,im_val_cut10-400-01-H-9mm-4000x12,im_val_cut10-400-01-H-9mm-4000x12_4_1.png,0,0,0.097427,train,256,/content/drive/MyDrive/phase11-data/data/Steel1/images/im_val_cut10-400-01-H-9mm-4000x12_4_1.png,/content/drive/MyDrive/phase11-persistent/gt_boundaries/Steel1/im_val_cut10-400-01-H-9mm-4000x12_4_1.png,0,0,256,256,0,0
Steel1/im_val_cut10-400-01-H-9mm-4000x12_4_2/x0_y0,Steel1,im_val_cut10-400-01-H-9mm-4000x12,im_val_cut10-400-01-H-9mm-4000x12_4_2.png,0,0,0.096909,train,256,/content/drive/MyDrive/phase11-data/data/Steel1/images/im_val_cut10-400-01-H-9mm-4000x12_4_2.png,/content/drive/MyDrive/phase11-persistent/gt_boundaries/Steel1/im_val_cut10-400-01-H-9mm-4000x12_4_2.png,0,0,256,256,0,0
Steel1/im_val_cut10-400-01-H-9mm-4000x12_4_3/x0_y0,Steel1,im_val_cut10-400-01-H-9mm-4000x12,im_val_cut10-400-01-H-9mm-4000x12_4_3.png,0,0,0.087769,train,256,/content/drive/MyDrive/phase11-data/data/Steel1/images/im_val_cut10-400-01-H-9mm-4000x12_4_3.png,/content/drive/MyDrive/phase11-persistent/gt_boundaries/Steel1/im_val_cut10-400-01-H-9mm-4000x12_4_3.png,0,0,256,256,0,0
Steel1/im_val_cut10-400-01-H-9mm-4000x12_4_4/x0_y0,Steel1,im_val_cut10-400-01-H-9mm-4000x12,im_val_cut10-400-01-H-9mm-4000x12_4_4.png,0,0,0.092682,train,256,/content/drive/MyDrive/phase11-data/data/Steel1/images/im_val_cut10-400-01-H-9mm-4000x12_4_4.png,/content/drive/MyDrive/phase11-persistent/gt_boundaries/Steel1/im_val_cut10-400-01-H-9mm-4000x12_4_4.png,0,0,256,256,0,0
Steel1/im_val_cut10-400-01-H-9mm-4000x12_4_5/x0_y0,Steel1,im_val_cut10-400-01-H-9mm-4000x12,im_val_cut10-400-01-H-9mm-4000x12_4_5.png,0,0,0.09726,train,256,/content/drive/MyDrive/phase11-data/data/Steel1/images/im_val_cut10-400-01-H-9mm-4000x12_4_5.png,/content/drive/MyDrive/phase11-persistent/gt_boundaries/Steel1/im_val_cut10-400-01-H-9mm-4000x12_4_5.png,0,0,256,256,0,0
Steel1/im_val_cut10-400-01-H-9mm-4000x12_4_6/x0_y0,Steel1,im_val_cut10-400-01-H-9mm-4000x12,im_val_cut10-400-01-H-9mm-4000x12_4_6.png,0,0,0.085358,train,256,/content/drive/MyDrive/phase11-data/data/Steel1/images/im_val_cut10-400-01-H-9mm-4000x12_4_6.png,/content/drive/MyDrive/phase11-persistent/gt_boundaries/Steel1/im_val_cut10-400-01-H-9mm-4000x12_4_6.png,0,0,256,256,0,0
Steel1/im_val_cut10-400-01-H-9mm-4000x12_5_1/x0_y0,Steel1,im_val_cut10-400-01-H-9mm-4000x12,im_val_cut10-400-01-H-9mm-4000x12_5_1.png,0,0,0.103073,train,256,/content/drive/MyDrive/phase11-data/data/Steel1/images/im_val_cut10-400-01-H-9mm-4000x12_5_1.png,/content/drive/MyDrive/phase11-persistent/gt_boundaries/Steel1/im_val_cut10-400-01-H-9mm-4000x12_5_1.png,0,0,256,256,0,0
Steel1/im_val_cut10-400-01-H-9mm-4000x12_5_2/x0_y0,Steel1,im_val_cut10-400-01-H-9mm-4000x12,im_val_cut10-400-01-H-9mm-4000x12_5_2.png,0,0,0.113113,train,256,/content/drive/MyDrive/phase11-data/data/Steel1/images/im_val_cut10-400-01-H-9mm-4000x12_5_2.png,/content/drive/MyDrive/phase11-persistent/gt_boundaries/Steel1/im_val_cut10-400-01-H-9mm-4000x12_5_2.png,0,0,256,256,0,0
Steel1/im_val_cut10-400-01-H-9mm-4000x12_5_3/x0_y0,Steel1,im_val_cut10-400-01-H-9mm-4000x12,im_val_cut10-400-01-H-9mm-4000x12_5_3.png,0,0,0.043274,train,256,/content/drive/MyDrive/phase11-data/data/Steel1/images/im_val_cut10-400-01-H-9mm-4000x12_5_3.png,/content/drive/MyDrive/phase11-persistent/gt_boundaries/Steel1/im_val_cut10-400-01-H-9mm-4000x12_5_3.png,0,0,256,256,0,0
Steel1/im_val_cut10-400-01-H-9mm-4000x12_5_4/x0_y0,Steel1,im_val_cut10-400-01-H-9mm-4000x12,im_val_cut10-400-01-H-9mm-4000x12_5_4.png,0,0,0.082718,train,256,/content/drive/MyDrive/phase11-data/data/Steel1/images/im_val_cut10-400-01-H-9mm-4000x12_5_4.png,/content/drive/MyDrive/phase11-persistent/gt_boundaries/Steel1/im_val_cut10-400-01-H-9mm-4000x12_5_4.png,0,0,256,256,0,0
Steel1/im_val_cut10-400-01-H-9mm-4000x12_5_5/x0_y0,Steel1,im_val_cut10-400-01-H-9mm-4000x12,im_val_cut10-400-01-H-9mm-4000x12_5_5.png,0,0,0.057922,train,256,/content/drive/MyDrive/phase11-data/data/Steel1/images/im_val_cut10-400-01-H-9mm-4000x12_5_5.png,/content/drive/MyDrive/phase11-persistent/gt_boundaries/Steel1/im_val_cut10-400-01-H-9mm-4000x12_5_5.png,0,0,256,256,0,0
Steel1/im_val_cut10-400-01-H-9mm-4000x12_5_6/x0_y0,Steel1,im_val_cut10-400-01-H-9mm-4000x12,im_val_cut10-400-01-H-9mm-4000x12_5_6.png,0,0,0.108109,train,256,/content/drive/MyDrive/phase11-data/data/Steel1/images/im_val_cut10-400-01-H-9mm-4000x12_5_6.png,/content/drive/MyDrive/phase11-persistent/gt_boundaries/Steel1/im_val_cut10-400-01-H-9mm-4000x12_5_6.png,0,0,256,256,0,0
Steel1/im_val_cut10-400-01-H-9mm-4000x12_6_1/x0_y0,Steel1,im_val_cut10-400-01-H-9mm-4000x12,im_val_cut10-400-01-H-9mm-4000x12_6_1.png,0,0,0.061707,train,256,/content/drive/MyDrive/phase11-data/data/Steel1/images/im_val_cut10-400-01-H-9mm-4000x12_6_1.png,/content/drive/MyDrive/phase11-persistent/gt_boundaries/Steel1/im_val_cut10-400-01-H-9mm-4000x12_6_1.png,0,0,256,256,0,0
Steel1/im_val_cut10-400-01-H-9mm-4000x12_6_2/x0_y0,Steel1,im_val_cut10-400-01-H-9mm-4000x12,im_val_cut10-400-01-H-9mm-4000x12_6_2.png,0,0,0.050842,train,256,/content/drive/MyDrive/phase11-data/data/Steel1/images/im_val_cut10-400-01-H-9mm-4000x12_6_2.png,/content/drive/MyDrive/phase11-persistent/gt_boundaries/Steel1/im_val_cut10-400-01-H-9mm-4000x12_6_2.png,0,0,256,256,0,0
Steel1/im_val_cut10-400-01-H-9mm-4000x12_6_3/x0_y0,Steel1,im_val_cut10-400-01-H-9mm-4000x12,im_val_cut10-400-01-H-9mm-4000x12_6_3.png,0,0,0.060745,train,256,/content/drive/MyDrive/phase11-data/data/Steel1/images/im_val_cut10-400-01-H-9mm-4000x12_6_3.png,/content/drive/MyDrive/phase11-persistent/gt_boundaries/Steel1/im_val_cut10-400-01-H-9mm-4000x12_6_3.png,0,0,256,256,0,0
Steel1/im_val_cut10-400-01-H-9mm-4000x12_6_4/x0_y0,Steel1,im_val_cut10-400-01-H-9mm-4000x12,im_val_cut10-400-01-H-9mm-4000x12_6_4.png,0,0,0.090347,train,256,/content/drive/MyDrive/phase11-data/data/Steel1/images/im_val_cut10-400-01-H-9mm-4000x12_6_4.png,/content/drive/MyDrive/phase11-persistent/gt_boundaries/Steel1/im_val_cut10-400-01-H-9mm-4000x12_6_4.png,0,0,256,256,0,0
Steel1/im_val_cut10-400-01-H-9mm-4000x12_6_5/x0_y0,Steel1,im_val_cut10-400-01-H-9mm-4000x12,im_val_cut10-400-01-H-9mm-4000x12_6_5.png,0,0,0.113144,train,256,/content/drive/MyDrive/phase11-data/data/Steel1/images/im_val_cut10-400-01-H-9mm-4000x12_6_5.png,/content/drive/MyDrive/phase11-persistent/gt_boundaries/Steel1/im_val_cut10-400-01-H-9mm-4000x12_6_5.png,0,0,256,256,0,0
Steel1/im_val_cut10-400-01-H-9mm-4000x12_6_6/x0_y0,Steel1,im_val_cut10-400-01-H-9mm-4000x12,im_val_cut10-400-01-H-9mm-4000x12_6_6.png,0,0,0.054337,train,256,/content/drive/MyDrive/phase11-data/data/Steel1/images/im_val_cut10-400-01-H-9mm-4000x12_6_6.png,/content/drive/MyDrive/phase11-persistent/gt_boundaries/Steel1/im_val_cut10-400-01-H-9mm-4000x12_6_6.png,0,0,256,256,0,0
Steel1/im_val_cut10-400-01-H-9mm-4000x12_7_1/x0_y0,Steel1,im_val_cut10-400-01-H-9mm-4000x12,im_val_cut10-400-01-H-9mm-4000x12_7_1.png,0,0,0.07373,train,256,/content/drive/MyDrive/phase11-data/data/Steel1/images/im_val_cut10-400-01-H-9mm-4000x12_7_1.png,/content/drive/MyDrive/phase11-persistent/gt_boundaries/Steel1/im_val_cut10-400-01-H-9mm-4000x12_7_1.png,0,0,256,256,0,0
Steel1/im_val_cut10-400-01-H-9mm-4000x12_7_2/x0_y0,Steel1,im_val_cut10-400-01-H-9mm-4000x12,im_val_cut10-400-01-H-9mm-4000x12_7_2.png,0,0,0.048111,train,256,/content/drive/MyDrive/phase11-data/data/Steel1/images/im_val_cut10-400-01-H-9mm-4000x12_7_2.png,/content/drive/MyDrive/phase11-persistent/gt_boundaries/Steel1/im_val_cut10-400-01-H-9mm-4000x12_7_2.png,0,0,256,256,0,0
Steel1/im_val_cut10-400-01-H-9mm-4000x12_7_3/x0_y0,Steel1,im_val_cut10-400-01-H-9mm-4000x12,im_val_cut10-400-01-H-9mm-4000x12_7_3.png,0,0,0.058762,train,256,/content/drive/MyDrive/phase11-data/data/Steel1/images/im_val_cut10-400-01-H-9mm-4000x12_7_3.png,/content/drive/MyDrive/phase11-persistent/gt_boundaries/Steel1/im_val_cut10-400-01-H-9mm-4000x12_7_3.png,0,0,256,256,0,0
Steel1/im_val_cut10-400-01-H-9mm-4000x12_7_4/x0_y0,Steel1,im_val_cut10-400-01-H-9mm-4000x12,im_val_cut10-400-01-H-9mm-4000x12_7_4.png,0,0,0.130432,train,256,/content/drive/MyDrive/phase11-data/data/Steel1/images/im_val_cut10-400-01-H-9mm-4000x12_7_4.png,/content/drive/MyDrive/phase11-persistent/gt_boundaries/Steel1/im_val_cut10-400-01-H-9mm-4000x12_7_4.png,0,0,256,256,0,0
Steel1/im_val_cut10-400-01-H-9mm-4000x12_7_5/x0_y0,Steel1,im_val_cut10-400-01-H-9mm-4000x12,im_val_cut10-400-01-H-9mm-4000x12_7_5.png,0,0,0.111588,train,256,/content/drive/MyDrive/phase11-data/data/Steel1/images/im_val_cut10-400-01-H-9mm-4000x12_7_5.png,/content/drive/MyDrive/phase11-persistent/gt_boundaries/Steel1/im_val_cut10-400-01-H-9mm-4000x12_7_5.png,0,0,256,256,0,0
Steel1/im_val_cut10-400-01-H-9mm-4000x12_7_6/x0_y0,Steel1,im_val_cut10-400-01-H-9mm-4000x12,im_val_cut10-400-01-H-9mm-4000x12_7_6.png,0,0,0.067291,train,256,/content/drive/MyDrive/phase11-data/data/Steel1/images/im_val_cut10-400-01-H-9mm-4000x12_7_6.png,/content/drive/MyDrive/phase11-persistent/gt_boundaries/Steel1/im_val_cut10-400-01-H-9mm-4000x12_7_6.png,0,0,256,256,0,0
Steel1/im_val_cut10-400-01-H-9mm-4000x12_8_1/x0_y0,Steel1,im_val_cut10-400-01-H-9mm-4000x12,im_val_cut10-400-01-H-9mm-4000x12_8_1.png,0,0,0.089172,train,256,/content/drive/MyDrive/phase11-data/data/Steel1/images/im_val_cut10-400-01-H-9mm-4000x12_8_1.png,/content/drive/MyDrive/phase11-persistent/gt_boundaries/Steel1/im_val_cut10-400-01-H-9mm-4000x12_8_1.png,0,0,256,256,0,0
Steel1/im_val_cut10-400-01-H-9mm-4000x12_8_2/x0_y0,Steel1,im_val_cut10-400-01-H-9mm-4000x12,im_val_cut10-400-01-H-9mm-4000x12_8_2.png,0,0,0.067902,train,256,/content/drive/MyDrive/phase11-data/data/Steel1/images/im_val_cut10-400-01-H-9mm-4000x12_8_2.png,/content/drive/MyDrive/phase11-persistent/gt_boundaries/Steel1/im_val_cut10-400-01-H-9mm-4000x12_8_2.png,0,0,256,256,0,0
Steel1/im_val_cut10-400-01-H-9mm-4000x12_8_3/x0_y0,Steel1,im_val_cut10-400-01-H-9mm-4000x12,im_val_cut10-400-01-H-9mm-4000x12_8_3.png,0,0,0.087967,train,256,/content/drive/MyDrive/phase11-data/data/Steel1/images/im_val_cut10-400-01-H-9mm-4000x12_8_3.png,/content/drive/MyDrive/phase11-persistent/gt_boundaries/Steel1/im_val_cut10-400-01-H-9mm-4000x12_8_3.png,0,0,256,256,0,0
Steel1/im_val_cut10-400-01-H-9mm-4000x12_8_4/x0_y0,Steel1,im_val_cut10-400-01-H-9mm-4000x12,im_val_cut10-400-01-H-9mm-4000x12_8_4.png,0,0,0.094635,train,256,/content/drive/MyDrive/phase11-data/data/Steel1/images/im_val_cut10-400-01-H-9mm-4000x12_8_4.png,/content/drive/MyDrive/phase11-persistent/gt_boundaries/Steel1/im_val_cut10-400-01-H-9mm-4000x12_8_4.png,0,0,256,256,0,0
Steel1/im_val_cut10-400-01-H-9mm-4000x12_8_5/x0_y0,Steel1,im_val_cut10-400-01-H-9mm-4000x12,im_val_cut10-400-01-H-9mm-4000x12_8_5.png,0,0,0.129562,train,256,/content/drive/MyDrive/phase11-data/data/Steel1/images/im_val_cut10-400-01-H-9mm-4000x12_8_5.png,/content/drive/MyDrive/phase11-persistent/gt_boundaries/Steel1/im_val_cut10-400-01-H-9mm-4000x12_8_5.png,0,0,256,256,0,0
Steel1/im_val_cut10-400-01-H-9mm-4000x12_8_6/x0_y0,Steel1,im_val_cut10-400-01-H-9mm-4000x12,im_val_cut10-400-01-H-9mm-4000x12_8_6.png,0,0,0.050049,train,256,/content/drive/MyDrive/phase11-data/data/Steel1/images/im_val_cut10-400-01-H-9mm-4000x12_8_6.png,/content/drive/MyDrive/phase11-persistent/gt_boundaries/Steel1/im_val_cut10-400-01-H-9mm-4000x12_8_6.png,0,0,256,256,0,0
Steel1/im_val_cut10-400-01-V-12mm-4000x16_1_1/x0_y0,Steel1,im_val_cut10-400-01-V-12mm-4000x16,im_val_cut10-400-01-V-12mm-4000x16_1_1.png,0,0,0.082611,train,256,/content/drive/MyDrive/phase11-data/data/Steel1/images/im_val_cut10-400-01-V-12mm-4000x16_1_1.png,/content/drive/MyDrive/phase11-persistent/gt_boundaries/Steel1/im_val_cut10-400-01-V-12mm-4000x16_1_1.png,0,0,256,256,0,0
Steel1/im_val_cut10-400-01-V-12mm-4000x16_1_2/x0_y0,Steel1,im_val_cut10-400-01-V-12mm-4000x16,im_val_cut10-400-01-V-12mm-4000x16_1_2.png,0,0,0.092636,train,256,/content/drive/MyDrive/phase11-data/data/Steel1/images/im_val_cut10-400-01-V-12mm-4000x16_1_2.png,/content/drive/MyDrive/phase11-persistent/gt_boundaries/Steel1/im_val_cut10-400-01-V-12mm-4000x16_1_2.png,0,0,256,256,0,0
Steel1/im_val_cut10-400-01-V-12mm-4000x16_1_3/x0_y0,Steel1,im_val_cut10-400-01-V-12mm-4000x16,im_val_cut10-400-01-V-12mm-4000x16_1_3.png,0,0,0.044479,train,256,/content/drive/MyDrive/phase11-data/data/Steel1/images/im_val_cut10-400-01-V-12mm-4000x16_1_3.png,/content/drive/MyDrive/phase11-persistent/gt_boundaries/Steel1/im_val_cut10-400-01-V-12mm-4000x16_1_3.png,0,0,256,256,0,0
Steel1/im_val_cut10-400-01-V-12mm-4000x16_1_4/x0_y0,Steel1,im_val_cut10-400-01-V-12mm-4000x16,im_val_cut10-400-01-V-12mm-4000x16_1_4.png,0,0,0.083511,train,256,/content/drive/MyDrive/phase11-data/data/Steel1/images/im_val_cut10-400-01-V-12mm-4000x16_1_4.png,/content/drive/MyDrive/phase11-persistent/gt_boundaries/Steel1/im_val_cut10-400-01-V-12mm-4000x16_1_4.png,0,0,256,256,0,0
Steel1/im_val_cut10-400-01-V-12mm-4000x16_1_5/x0_y0,Steel1,im_val_cut10-400-01-V-12mm-4000x16,im_val_cut10-400-01-V-12mm-4000x16_1_5.png,0,0,0.062256,train,256,/content/drive/MyDrive/phase11-data/data/Steel1/images/im_val_cut10-400-01-V-12mm-4000x16_1_5.png,/content/drive/MyDrive/phase11-persistent/gt_boundaries/Steel1/im_val_cut10-400-01-V-12mm-4000x16_1_5.png,0,0,256,256,0,0
Steel1/im_val_cut10-400-01-V-12mm-4000x16_1_6/x0_y0,Steel1,im_val_cut10-400-01-V-12mm-4000x16,im_val_cut10-400-01-V-12mm-4000x16_1_6.png,0,0,0.096268,train,256,/content/drive/MyDrive/phase11-data/data/Steel1/images/im_val_cut10-400-01-V-12mm-4000x16_1_6.png,/content/drive/MyDrive/phase11-persistent/gt_boundaries/Steel1/im_val_cut10-400-01-V-12mm-4000x16_1_6.png,0,0,256,256,0,0
Steel1/im_val_cut10-400-01-V-12mm-4000x16_2_1/x0_y0,Steel1,im_val_cut10-400-01-V-12mm-4000x16,im_val_cut10-400-01-V-12mm-4000x16_2_1.png,0,0,0.096512,train,256,/content/drive/MyDrive/phase11-data/data/Steel1/images/im_val_cut10-400-01-V-12mm-4000x16_2_1.png,/content/drive/MyDrive/phase11-persistent/gt_boundaries/Steel1/im_val_cut10-400-01-V-12mm-4000x16_2_1.png,0,0,256,256,0,0
Steel1/im_val_cut10-400-01-V-12mm-4000x16_2_2/x0_y0,Steel1,im_val_cut10-400-01-V-12mm-4000x16,im_val_cut10-400-01-V-12mm-4000x16_2_2.png,0,0,0.112427,train,256,/content/drive/MyDrive/phase11-data/data/Steel1/images/im_val_cut10-400-01-V-12mm-4000x16_2_2.png,/content/drive/MyDrive/phase11-persistent/gt_boundaries/Steel1/im_val_cut10-400-01-V-12mm-4000x16_2_2.png,0,0,256,256,0,0
Steel1/im_val_cut10-400-01-V-12mm-4000x16_2_3/x0_y0,Steel1,im_val_cut10-400-01-V-12mm-4000x16,im_val_cut10-400-01-V-12mm-4000x16_2_3.png,0,0,0.048019,train,256,/content/drive/MyDrive/phase11-data/data/Steel1/images/im_val_cut10-400-01-V-12mm-4000x16_2_3.png,/content/drive/MyDrive/phase11-persistent/gt_boundaries/Steel1/im_val_cut10-400-01-V-12mm-4000x16_2_3.png,0,0,256,256,0,0
Steel1/im_val_cut10-400-01-V-12mm-4000x16_2_4/x0_y0,Steel1,im_val_cut10-400-01-V-12mm-4000x16,im_val_cut10-400-01-V-12mm-4000x16_2_4.png,0,0,0.046387,train,256,/content/drive/MyDrive/phase11-data/data/Steel1/images/im_val_cut10-400-01-V-12mm-4000x16_2_4.png,/content/drive/MyDrive/phase11-persistent/gt_boundaries/Steel1/im_val_cut10-400-01-V-12mm-4000x16_2_4.png,0,0,256,256,0,0
Steel1/im_val_cut10-400-01-V-12mm-4000x16_2_5/x0_y0,Steel1,im_val_cut10-400-01-V-12mm-4000x16,im_val_cut10-400-01-V-12mm-4000x16_2_5.png,0,0,0.035751,train,256,/content/drive/MyDrive/phase11-data/data/Steel1/images/im_val_cut10-400-01-V-12mm-4000x16_2_5.png,/content/drive/MyDrive/phase11-persistent/gt_boundaries/Steel1/im_val_cut10-400-01-V-12mm-4000x16_2_5.png,0,0,256,256,0,0
Steel1/im_val_cut10-400-01-V-12mm-4000x16_2_6/x0_y0,Steel1,im_val_cut10-400-01-V-12mm-4000x16,im_val_cut10-400-01-V-12mm-4000x16_2_6.png,0,0,0.106369,train,256,/content/drive/MyDrive/phase11-data/data/Steel1/images/im_val_cut10-400-01-V-12mm-4000x16_2_6.png,/content/drive/MyDrive/phase11-persistent/gt_boundaries/Steel1/im_val_cut10-400-01-V-12mm-4000x16_2_6.png,0,0,256,256,0,0
Steel1/im_val_cut10-400-01-V-12mm-4000x16_3_1/x0_y0,Steel1,im_val_cut10-400-01-V-12mm-4000x16,im_val_cut10-400-01-V-12mm-4000x16_3_1.png,0,0,0.103348,train,256,/content/drive/MyDrive/phase11-data/data/Steel1/images/im_val_cut10-400-01-V-12mm-4000x16_3_1.png,/content/drive/MyDrive/phase11-persistent/gt_boundaries/Steel1/im_val_cut10-400-01-V-12mm-4000x16_3_1.png,0,0,256,256,0,0
Steel1/im_val_cut10-400-01-V-12mm-4000x16_3_2/x0_y0,Steel1,im_val_cut10-400-01-V-12mm-4000x16,im_val_cut10-400-01-V-12mm-4000x16_3_2.png,0,0,0.115067,train,256,/content/drive/MyDrive/phase11-data/data/Steel1/images/im_val_cut10-400-01-V-12mm-4000x16_3_2.png,/content/drive/MyDrive/phase11-persistent/gt_boundaries/Steel1/im_val_cut10-400-01-V-12mm-4000x16_3_2.png,0,0,256,256,0,0
Steel1/im_val_cut10-400-01-V-12mm-4000x16_3_3/x0_y0,Steel1,im_val_cut10-400-01-V-12mm-4000x16,im_val_cut10-400-01-V-12mm-4000x16_3_3.png,0,0,0.09671,train,256,/content/drive/MyDrive/phase11-data/data/Steel1/images/im_val_cut10-400-01-V-12mm-4000x16_3_3.png,/content/drive/MyDrive/phase11-persistent/gt_boundaries/Steel1/im_val_cut10-400-01-V-12mm-4000x16_3_3.png,0,0,256,256,0,0
Steel1/im_val_cut10-400-01-V-12mm-4000x16_3_4/x0_y0,Steel1,im_val_cut10-400-01-V-12mm-4000x16,im_val_cut10-400-01-V-12mm-4000x16_3_4.png,0,0,0.07428,train,256,/content/drive/MyDrive/phase11-data/data/Steel1/images/im_val_cut10-400-01-V-12mm-4000x16_3_4.png,/content/drive/MyDrive/phase11-persistent/gt_boundaries/Steel1/im_val_cut10-400-01-V-12mm-4000x16_3_4.png,0,0,256,256,0,0
Steel1/im_val_cut10-400-01-V-12mm-4000x16_3_5/x0_y0,Steel1,im_val_cut10-400-01-V-12mm-4000x16,im_val_cut10-400-01-V-12mm-4000x16_3_5.png,0,0,0.07225,train,256,/content/drive/MyDrive/phase11-data/data/Steel1/images/im_val_cut10-400-01-V-12mm-4000x16_3_5.png,/content/drive/MyDrive/phase11-persistent/gt_boundaries/Steel1/im_val_cut10-400-01-V-12mm-4000x16_3_5.png,0,0,256,256,0,0
Steel1/im_val_cut10-400-01-V-12mm-4000x16_3_6/x0_y0,Steel1,im_val_cut10-400-01-V-12mm-4000x16,im_val_cut10-400-01-V-12mm-4000x16_3_6.png,0,0,0.08844,train,256,/content/drive/MyDrive/phase11-data/data/Steel1/images/im_val_cut10-400-01-V-12mm-4000x16_3_6.png,/content/drive/MyDrive/phase11-persistent/gt_boundaries/Steel1/im_val_cut10-400-01-V-12mm-4000x16_3_6.png,0,0,256,256,0,0
Steel1/im_val_cut10-400-01-V-12mm-4000x16_4_1/x0_y0,Steel1,im_val_cut10-400-01-V-12mm-4000x16,im_val_cut10-400-01-V-12mm-4000x16_4_1.png,0,0,0.129105,train,256,/content/drive/MyDrive/phase11-data/data/Steel1/images/im_val_cut10-400-01-V-12mm-4000x16_4_1.png,/content/drive/MyDrive/phase11-persistent/gt_boundaries/Steel1/im_val_cut10-400-01-V-12mm-4000x16_4_1.png,0,0,256,256,0,0
Steel1/im_val_cut10-400-01-V-12mm-4000x16_4_2/x0_y0,Steel1,im_val_cut10-400-01-V-12mm-4000x16,im_val_cut10-400-01-V-12mm-4000x16_4_2.png,0,0,0.12825,train,256,/content/drive/MyDrive/phase11-data/data/Steel1/images/im_val_cut10-400-01-V-12mm-4000x16_4_2.png,/content/drive/MyDrive/phase11-persistent/gt_boundaries/Steel1/im_val_cut10-400-01-V-12mm-4000x16_4_2.png,0,0,256,256,0,0
Steel1/im_val_cut10-400-01-V-12mm-4000x16_4_3/x0_y0,Steel1,im_val_cut10-400-01-V-12mm-4000x16,im_val_cut10-400-01-V-12mm-4000x16_4_3.png,0,0,0.162598,train,256,/content/drive/MyDrive/phase11-data/data/Steel1/images/im_val_cut10-400-01-V-12mm-4000x16_4_3.png,/content/drive/MyDrive/phase11-persistent/gt_boundaries/Steel1/im_val_cut10-400-01-V-12mm-4000x16_4_3.png,0,0,256,256,0,0
Steel1/im_val_cut10-400-01-V-12mm-4000x16_4_4/x0_y0,Steel1,im_val_cut10-400-01-V-12mm-4000x16,im_val_cut10-400-01-V-12mm-4000x16_4_4.png,0,0,0.158386,train,256,/content/drive/MyDrive/phase11-data/data/Steel1/images/im_val_cut10-400-01-V-12mm-4000x16_4_4.png,/content/drive/MyDrive/phase11-persistent/gt_boundaries/Steel1/im_val_cut10-400-01-V-12mm-4000x16_4_4.png,0,0,256,256,0,0
Steel1/im_val_cut10-400-01-V-12mm-4000x16_4_5/x0_y0,Steel1,im_val_cut10-400-01-V-12mm-4000x16,im_val_cut10-400-01-V-12mm-4000x16_4_5.png,0,0,0.146286,train,256,/content/drive/MyDrive/phase11-data/data/Steel1/images/im_val_cut10-400-01-V-12mm-4000x16_4_5.png,/content/drive/MyDrive/phase11-persistent/gt_boundaries/Steel1/im_val_cut10-400-01-V-12mm-4000x16_4_5.png,0,0,256,256,0,0
Steel1/im_val_cut10-400-01-V-12mm-4000x16_4_6/x0_y0,Steel1,im_val_cut10-400-01-V-12mm-4000x16,im_val_cut10-400-01-V-12mm-4000x16_4_6.png,0,0,0.111618,train,256,/content/drive/MyDrive/phase11-data/data/Steel1/images/im_val_cut10-400-01-V-12mm-4000x16_4_6.png,/content/drive/MyDrive/phase11-persistent/gt_boundaries/Steel1/im_val_cut10-400-01-V-12mm-4000x16_4_6.png,0,0,256,256,0,0
Steel1/im_val_cut10-400-01-V-12mm-4000x16_5_1/x0_y0,Steel1,im_val_cut10-400-01-V-12mm-4000x16,im_val_cut10-400-01-V-12mm-4000x16_5_1.png,0,0,0.054321,train,256,/content/drive/MyDrive/phase11-data/data/Steel1/images/im_val_cut10-400-01-V-12mm-4000x16_5_1.png,/content/drive/MyDrive/phase11-persistent/gt_boundaries/Steel1/im_val_cut10-400-01-V-12mm-4000x16_5_1.png,0,0,256,256,0,0
Steel1/im_val_cut10-400-01-V-12mm-4000x16_5_2/x0_y0,Steel1,im_val_cut10-400-01-V-12mm-4000x16,im_val_cut10-400-01-V-12mm-4000x16_5_2.png,0,0,0.075867,train,256,/content/drive/MyDrive/phase11-data/data/Steel1/images/im_val_cut10-400-01-V-12mm-4000x16_5_2.png,/content/drive/MyDrive/phase11-persistent/gt_boundaries/Steel1/im_val_cut10-400-01-V-12mm-4000x16_5_2.png,0,0,256,256,0,0
Steel1/im_val_cut10-400-01-V-12mm-4000x16_5_3/x0_y0,Steel1,im_val_cut10-400-01-V-12mm-4000x16,im_val_cut10-400-01-V-12mm-4000x16_5_3.png,0,0,0.08847,train,256,/content/drive/MyDrive/phase11-data/data/Steel1/images/im_val_cut10-400-01-V-12mm-4000x16_5_3.png,/content/drive/MyDrive/phase11-persistent/gt_boundaries/Steel1/im_val_cut10-400-01-V-12mm-4000x16_5_3.png,0,0,256,256,0,0
Steel1/im_val_cut10-400-01-V-12mm-4000x16_5_4/x0_y0,Steel1,im_val_cut10-400-01-V-12mm-4000x16,im_val_cut10-400-01-V-12mm-4000x16_5_4.png,0,0,0.107361,train,256,/content/drive/MyDrive/phase11-data/data/Steel1/images/im_val_cut10-400-01-V-12mm-4000x16_5_4.png,/content/drive/MyDrive/phase11-persistent/gt_boundaries/Steel1/im_val_cut10-400-01-V-12mm-4000x16_5_4.png,0,0,256,256,0,0
Steel1/im_val_cut10-400-01-V-12mm-4000x16_5_5/x0_y0,Steel1,im_val_cut10-400-01-V-12mm-4000x16,im_val_cut10-400-01-V-12mm-4000x16_5_5.png,0,0,0.148254,train,256,/content/drive/MyDrive/phase11-data/data/Steel1/images/im_val_cut10-400-01-V-12mm-4000x16_5_5.png,/content/drive/MyDrive/phase11-persistent/gt_boundaries/Steel1/im_val_cut10-400-01-V-12mm-4000x16_5_5.png,0,0,256,256,0,0
Steel1/im_val_cut10-400-01-V-12mm-4000x16_5_6/x0_y0,Steel1,im_val_cut10-400-01-V-12mm-4000x16,im_val_cut10-400-01-V-12mm-4000x16_5_6.png,0,0,0.108017,train,256,/content/drive/MyDrive/phase11-data/data/Steel1/images/im_val_cut10-400-01-V-12mm-4000x16_5_6.png,/content/drive/MyDrive/phase11-persistent/gt_boundaries/Steel1/im_val_cut10-400-01-V-12mm-4000x16_5_6.png,0,0,256,256,0,0
Steel1/im_val_cut10-400-01-V-12mm-4000x16_6_1/x0_y0,Steel1,im_val_cut10-400-01-V-12mm-4000x16,im_val_cut10-400-01-V-12mm-4000x16_6_1.png,0,0,0.069901,train,256,/content/drive/MyDrive/phase11-data/data/Steel1/images/im_val_cut10-400-01-V-12mm-4000x16_6_1.png,/content/drive/MyDrive/phase11-persistent/gt_boundaries/Steel1/im_val_cut10-400-01-V-12mm-4000x16_6_1.png,0,0,256,256,0,0
Steel1/im_val_cut10-400-01-V-12mm-4000x16_6_2/x0_y0,Steel1,im_val_cut10-400-01-V-12mm-4000x16,im_val_cut10-400-01-V-12mm-4000x16_6_2.png,0,0,0.112808,train,256,/content/drive/MyDrive/phase11-data/data/Steel1/images/im_val_cut10-400-01-V-12mm-4000x16_6_2.png,/content/drive/MyDrive/phase11-persistent/gt_boundaries/Steel1/im_val_cut10-400-01-V-12mm-4000x16_6_2.png,0,0,256,256,0,0
Steel1/im_val_cut10-400-01-V-12mm-4000x16_6_3/x0_y0,Steel1,im_val_cut10-400-01-V-12mm-4000x16,im_val_cut10-400-01-V-12mm-4000x16_6_3.png,0,0,0.073608,train,256,/content/drive/MyDrive/phase11-data/data/Steel1/images/im_val_cut10-400-01-V-12mm-4000x16_6_3.png,/content/drive/MyDrive/phase11-persistent/gt_boundaries/Steel1/im_val_cut10-400-01-V-12mm-4000x16_6_3.png,0,0,256,256,0,0
Steel1/im_val_cut10-400-01-V-12mm-4000x16_6_4/x0_y0,Steel1,im_val_cut10-400-01-V-12mm-4000x16,im_val_cut10-400-01-V-12mm-4000x16_6_4.png,0,0,0.066788,train,256,/content/drive/MyDrive/phase11-data/data/Steel1/images/im_val_cut10-400-01-V-12mm-4000x16_6_4.png,/content/drive/MyDrive/phase11-persistent/gt_boundaries/Steel1/im_val_cut10-400-01-V-12mm-4000x16_6_4.png,0,0,256,256,0,0
Steel1/im_val_cut10-400-01-V-12mm-4000x16_6_5/x0_y0,Steel1,im_val_cut10-400-01-V-12mm-4000x16,im_val_cut10-400-01-V-12mm-4000x16_6_5.png,0,0,0.064072,train,256,/content/drive/MyDrive/phase11-data/data/Steel1/images/im_val_cut10-400-01-V-12mm-4000x16_6_5.png,/content/drive/MyDrive/phase11-persistent/gt_boundaries/Steel1/im_val_cut10-400-01-V-12mm-4000x16_6_5.png,0,0,256,256,0,0
Steel1/im_val_cut10-400-01-V-12mm-4000x16_6_6/x0_y0,Steel1,im_val_cut10-400-01-V-12mm-4000x16,im_val_cut10-400-01-V-12mm-4000x16_6_6.png,0,0,0.142014,train,256,/content/drive/MyDrive/phase11-data/data/Steel1/images/im_val_cut10-400-01-V-12mm-4000x16_6_6.png,/content/drive/MyDrive/phase11-persistent/gt_boundaries/Steel1/im_val_cut10-400-01-V-12mm-4000x16_6_6.png,0,0,256,256,0,0
Steel1/im_val_cut10-400-01-V-12mm-4000x16_7_1/x0_y0,Steel1,im_val_cut10-400-01-V-12mm-4000x16,im_val_cut10-400-01-V-12mm-4000x16_7_1.png,0,0,0.114395,train,256,/content/drive/MyDrive/phase11-data/data/Steel1/images/im_val_cut10-400-01-V-12mm-4000x16_7_1.png,/content/drive/MyDrive/phase11-persistent/gt_boundaries/Steel1/im_val_cut10-400-01-V-12mm-4000x16_7_1.png,0,0,256,256,0,0
Steel1/im_val_cut10-400-01-V-12mm-4000x16_7_2/x0_y0,Steel1,im_val_cut10-400-01-V-12mm-4000x16,im_val_cut10-400-01-V-12mm-4000x16_7_2.png,0,0,0.088837,train,256,/content/drive/MyDrive/phase11-data/data/Steel1/images/im_val_cut10-400-01-V-12mm-4000x16_7_2.png,/content/drive/MyDrive/phase11-persistent/gt_boundaries/Steel1/im_val_cut10-400-01-V-12mm-4000x16_7_2.png,0,0,256,256,0,0
Steel1/im_val_cut10-400-01-V-12mm-4000x16_7_3/x0_y0,Steel1,im_val_cut10-400-01-V-12mm-4000x16,im_val_cut10-400-01-V-12mm-4000x16_7_3.png,0,0,0.094925,train,256,/content/drive/MyDrive/phase11-data/data/Steel1/images/im_val_cut10-400-01-V-12mm-4000x16_7_3.png,/content/drive/MyDrive/phase11-persistent/gt_boundaries/Steel1/im_val_cut10-400-01-V-12mm-4000x16_7_3.png,0,0,256,256,0,0
Steel1/im_val_cut10-400-01-V-12mm-4000x16_7_4/x0_y0,Steel1,im_val_cut10-400-01-V-12mm-4000x16,im_val_cut10-400-01-V-12mm-4000x16_7_4.png,0,0,0.090332,train,256,/content/drive/MyDrive/phase11-data/data/Steel1/images/im_val_cut10-400-01-V-12mm-4000x16_7_4.png,/content/drive/MyDrive/phase11-persistent/gt_boundaries/Steel1/im_val_cut10-400-01-V-12mm-4000x16_7_4.png,0,0,256,256,0,0
Steel1/im_val_cut10-400-01-V-12mm-4000x16_7_5/x0_y0,Steel1,im_val_cut10-400-01-V-12mm-4000x16,im_val_cut10-400-01-V-12mm-4000x16_7_5.png,0,0,0.051834,train,256,/content/drive/MyDrive/phase11-data/data/Steel1/images/im_val_cut10-400-01-V-12mm-4000x16_7_5.png,/content/drive/MyDrive/phase11-persistent/gt_boundaries/Steel1/im_val_cut10-400-01-V-12mm-4000x16_7_5.png,0,0,256,256,0,0
Steel1/im_val_cut10-400-01-V-12mm-4000x16_7_6/x0_y0,Steel1,im_val_cut10-400-01-V-12mm-4000x16,im_val_cut10-400-01-V-12mm-4000x16_7_6.png,0,0,0.068314,train,256,/content/drive/MyDrive/phase11-data/data/Steel1/images/im_val_cut10-400-01-V-12mm-4000x16_7_6.png,/content/drive/MyDrive/phase11-persistent/gt_boundaries/Steel1/im_val_cut10-400-01-V-12mm-4000x16_7_6.png,0,0,256,256,0,0
Steel1/im_val_cut10-400-01-V-12mm-4000x16_8_1/x0_y0,Steel1,im_val_cut10-400-01-V-12mm-4000x16,im_val_cut10-400-01-V-12mm-4000x16_8_1.png,0,0,0.098602,train,256,/content/drive/MyDrive/phase11-data/data/Steel1/images/im_val_cut10-400-01-V-12mm-4000x16_8_1.png,/content/drive/MyDrive/phase11-persistent/gt_boundaries/Steel1/im_val_cut10-400-01-V-12mm-4000x16_8_1.png,0,0,256,256,0,0
Steel1/im_val_cut10-400-01-V-12mm-4000x16_8_2/x0_y0,Steel1,im_val_cut10-400-01-V-12mm-4000x16,im_val_cut10-400-01-V-12mm-4000x16_8_2.png,0,0,0.091354,train,256,/content/drive/MyDrive/phase11-data/data/Steel1/images/im_val_cut10-400-01-V-12mm-4000x16_8_2.png,/content/drive/MyDrive/phase11-persistent/gt_boundaries/Steel1/im_val_cut10-400-01-V-12mm-4000x16_8_2.png,0,0,256,256,0,0
Steel1/im_val_cut10-400-01-V-12mm-4000x16_8_3/x0_y0,Steel1,im_val_cut10-400-01-V-12mm-4000x16,im_val_cut10-400-01-V-12mm-4000x16_8_3.png,0,0,0.091278,train,256,/content/drive/MyDrive/phase11-data/data/Steel1/images/im_val_cut10-400-01-V-12mm-4000x16_8_3.png,/content/drive/MyDrive/phase11-persistent/gt_boundaries/Steel1/im_val_cut10-400-01-V-12mm-4000x16_8_3.png,0,0,256,256,0,0
Steel1/im_val_cut10-400-01-V-12mm-4000x16_8_4/x0_y0,Steel1,im_val_cut10-400-01-V-12mm-4000x16,im_val_cut10-400-01-V-12mm-4000x16_8_4.png,0,0,0.125458,train,256,/content/drive/MyDrive/phase11-data/data/Steel1/images/im_val_cut10-400-01-V-12mm-4000x16_8_4.png,/content/drive/MyDrive/phase11-persistent/gt_boundaries/Steel1/im_val_cut10-400-01-V-12mm-4000x16_8_4.png,0,0,256,256,0,0
Steel1/im_val_cut10-400-01-V-12mm-4000x16_8_5/x0_y0,Steel1,im_val_cut10-400-01-V-12mm-4000x16,im_val_cut10-400-01-V-12mm-4000x16_8_5.png,0,0,0.091766,train,256,/content/drive/MyDrive/phase11-data/data/Steel1/images/im_val_cut10-400-01-V-12mm-4000x16_8_5.png,/content/drive/MyDrive/phase11-persistent/gt_boundaries/Steel1/im_val_cut10-400-01-V-12mm-4000x16_8_5.png,0,0,256,256,0,0
Steel1/im_val_cut10-400-01-V-12mm-4000x16_8_6/x0_y0,Steel1,im_val_cut10-400-01-V-12mm-4000x16,im_val_cut10-400-01-V-12mm-4000x16_8_6.png,0,0,0.086945,train,256,/content/drive/MyDrive/phase11-data/data/Steel1/images/im_val_cut10-400-01-V-12mm-4000x16_8_6.png,/content/drive/MyDrive/phase11-persistent/gt_boundaries/Steel1/im_val_cut10-400-01-V-12mm-4000x16_8_6.png,0,0,256,256,0,0
Steel1/im_val_cut10-400-01-V-12mm-4000x17_1_1/x0_y0,Steel1,im_val_cut10-400-01-V-12mm-4000x17,im_val_cut10-400-01-V-12mm-4000x17_1_1.png,0,0,0.047134,train,256,/content/drive/MyDrive/phase11-data/data/Steel1/images/im_val_cut10-400-01-V-12mm-4000x17_1_1.png,/content/drive/MyDrive/phase11-persistent/gt_boundaries/Steel1/im_val_cut10-400-01-V-12mm-4000x17_1_1.png,0,0,256,256,0,0
Steel1/im_val_cut10-400-01-V-12mm-4000x17_1_2/x0_y0,Steel1,im_val_cut10-400-01-V-12mm-4000x17,im_val_cut10-400-01-V-12mm-4000x17_1_2.png,0,0,0.053482,train,256,/content/drive/MyDrive/phase11-data/data/Steel1/images/im_val_cut10-400-01-V-12mm-4000x17_1_2.png,/content/drive/MyDrive/phase11-persistent/gt_boundaries/Steel1/im_val_cut10-400-01-V-12mm-4000x17_1_2.png,0,0,256,256,0,0
Steel1/im_val_cut10-400-01-V-12mm-4000x17_1_3/x0_y0,Steel1,im_val_cut10-400-01-V-12mm-4000x17,im_val_cut10-400-01-V-12mm-4000x17_1_3.png,0,0,0.107803,train,256,/content/drive/MyDrive/phase11-data/data/Steel1/images/im_val_cut10-400-01-V-12mm-4000x17_1_3.png,/content/drive/MyDrive/phase11-persistent/gt_boundaries/Steel1/im_val_cut10-400-01-V-12mm-4000x17_1_3.png,0,0,256,256,0,0
Steel1/im_val_cut10-400-01-V-12mm-4000x17_1_4/x0_y0,Steel1,im_val_cut10-400-01-V-12mm-4000x17,im_val_cut10-400-01-V-12mm-4000x17_1_4.png,0,0,0.134613,train,256,/content/drive/MyDrive/phase11-data/data/Steel1/images/im_val_cut10-400-01-V-12mm-4000x17_1_4.png,/content/drive/MyDrive/phase11-persistent/gt_boundaries/Steel1/im_val_cut10-400-01-V-12mm-4000x17_1_4.png,0,0,256,256,0,0
Steel1/im_val_cut10-400-01-V-12mm-4000x17_1_5/x0_y0,Steel1,im_val_cut10-400-01-V-12mm-4000x17,im_val_cut10-400-01-V-12mm-4000x17_1_5.png,0,0,0.093857,train,256,/content/drive/MyDrive/phase11-data/data/Steel1/images/im_val_cut10-400-01-V-12mm-4000x17_1_5.png,/content/drive/MyDrive/phase11-persistent/gt_boundaries/Steel1/im_val_cut10-400-01-V-12mm-4000x17_1_5.png,0,0,256,256,0,0
Steel1/im_val_cut10-400-01-V-12mm-4000x17_1_6/x0_y0,Steel1,im_val_cut10-400-01-V-12mm-4000x17,im_val_cut10-400-01-V-12mm-4000x17_1_6.png,0,0,0.128372,train,256,/content/drive/MyDrive/phase11-data/data/Steel1/images/im_val_cut10-400-01-V-12mm-4000x17_1_6.png,/content/drive/MyDrive/phase11-persistent/gt_boundaries/Steel1/im_val_cut10-400-01-V-12mm-4000x17_1_6.png,0,0,256,256,0,0
Steel1/im_val_cut10-400-01-V-12mm-4000x17_2_1/x0_y0,Steel1,im_val_cut10-400-01-V-12mm-4000x17,im_val_cut10-400-01-V-12mm-4000x17_2_1.png,0,0,0.102371,train,256,/content/drive/MyDrive/phase11-data/data/Steel1/images/im_val_cut10-400-01-V-12mm-4000x17_2_1.png,/content/drive/MyDrive/phase11-persistent/gt_boundaries/Steel1/im_val_cut10-400-01-V-12mm-4000x17_2_1.png,0,0,256,256,0,0
Steel1/im_val_cut10-400-01-V-12mm-4000x17_2_2/x0_y0,Steel1,im_val_cut10-400-01-V-12mm-4000x17,im_val_cut10-400-01-V-12mm-4000x17_2_2.png,0,0,0.043396,train,256,/content/drive/MyDrive/phase11-data/data/Steel1/images/im_val_cut10-400-01-V-12mm-4000x17_2_2.png,/content/drive/MyDrive/phase11-persistent/gt_boundaries/Steel1/im_val_cut10-400-01-V-12mm-4000x17_2_2.png,0,0,256,256,0,0
Steel1/im_val_cut10-400-01-V-12mm-4000x17_2_3/x0_y0,Steel1,im_val_cut10-400-01-V-12mm-4000x17,im_val_cut10-400-01-V-12mm-4000x17_2_3.png,0,0,0.077301,train,256,/content/drive/MyDrive/phase11-data/data/Steel1/images/im_val_cut10-400-01-V-12mm-4000x17_2_3.png,/content/drive/MyDrive/phase11-persistent/gt_boundaries/Steel1/im_val_cut10-400-01-V-12mm-4000x17_2_3.png,0,0,256,256,0,0
Steel1/im_val_cut10-400-01-V-12mm-4000x17_2_4/x0_y0,Steel1,im_val_cut10-400-01-V-12mm-4000x17,im_val_cut10-400-01-V-12mm-4000x17_2_4.png,0,0,0.069626,train,256,/content/drive/MyDrive/phase11-data/data/Steel1/images/im_val_cut10-400-01-V-12mm-4000x17_2_4.png,/content/drive/MyDrive/phase11-persistent/gt_boundaries/Steel1/im_val_cut10-400-01-V-12mm-4000x17_2_4.png,0,0,256,256,0,0
Steel1/im_val_cut10-400-01-V-12mm-4000x17_2_5/x0_y0,Steel1,im_val_cut10-400-01-V-12mm-4000x17,im_val_cut10-400-01-V-12mm-4000x17_2_5.png,0,0,0.127548,train,256,/content/drive/MyDrive/phase11-data/data/Steel1/images/im_val_cut10-400-01-V-12mm-4000x17_2_5.png,/content/drive/MyDrive/phase11-persistent/gt_boundaries/Steel1/im_val_cut10-400-01-V-12mm-4000x17_2_5.png,0,0,256,256,0,0
Steel1/im_val_cut10-400-01-V-12mm-4000x17_2_6/x0_y0,Steel1,im_val_cut10-400-01-V-12mm-4000x17,im_val_cut10-400-01-V-12mm-4000x17_2_6.png,0,0,0.090958,train,256,/content/drive/MyDrive/phase11-data/data/Steel1/images/im_val_cut10-400-01-V-12mm-4000x17_2_6.png,/content/drive/MyDrive/phase11-persistent/gt_boundaries/Steel1/im_val_cut10-400-01-V-12mm-4000x17_2_6.png,0,0,256,256,0,0
Steel1/im_val_cut10-400-01-V-12mm-4000x17_3_1/x0_y0,Steel1,im_val_cut10-400-01-V-12mm-4000x17,im_val_cut10-400-01-V-12mm-4000x17_3_1.png,0,0,0.057724,train,256,/content/drive/MyDrive/phase11-data/data/Steel1/images/im_val_cut10-400-01-V-12mm-4000x17_3_1.png,/content/drive/MyDrive/phase11-persistent/gt_boundaries/Steel1/im_val_cut10-400-01-V-12mm-4000x17_3_1.png,0,0,256,256,0,0
Steel1/im_val_cut10-400-01-V-12mm-4000x17_3_2/x0_y0,Steel1,im_val_cut10-400-01-V-12mm-4000x17,im_val_cut10-400-01-V-12mm-4000x17_3_2.png,0,0,0.124908,train,256,/content/drive/MyDrive/phase11-data/data/Steel1/images/im_val_cut10-400-01-V-12mm-4000x17_3_2.png,/content/drive/MyDrive/phase11-persistent/gt_boundaries/Steel1/im_val_cut10-400-01-V-12mm-4000x17_3_2.png,0,0,256,256,0,0
Steel1/im_val_cut10-400-01-V-12mm-4000x17_3_3/x0_y0,Steel1,im_val_cut10-400-01-V-12mm-4000x17,im_val_cut10-400-01-V-12mm-4000x17_3_3.png,0,0,0.078491,train,256,/content/drive/MyDrive/phase11-data/data/Steel1/images/im_val_cut10-400-01-V-12mm-4000x17_3_3.png,/content/drive/MyDrive/phase11-persistent/gt_boundaries/Steel1/im_val_cut10-400-01-V-12mm-4000x17_3_3.png,0,0,256,256,0,0
Steel1/im_val_cut10-400-01-V-12mm-4000x17_3_4/x0_y0,Steel1,im_val_cut10-400-01-V-12mm-4000x17,im_val_cut10-400-01-V-12mm-4000x17_3_4.png,0,0,0.063461,train,256,/content/drive/MyDrive/phase11-data/data/Steel1/images/im_val_cut10-400-01-V-12mm-4000x17_3_4.png,/content/drive/MyDrive/phase11-persistent/gt_boundaries/Steel1/im_val_cut10-400-01-V-12mm-4000x17_3_4.png,0,0,256,256,0,0
Steel1/im_val_cut10-400-01-V-12mm-4000x17_3_5/x0_y0,Steel1,im_val_cut10-400-01-V-12mm-4000x17,im_val_cut10-400-01-V-12mm-4000x17_3_5.png,0,0,0.117172,train,256,/content/drive/MyDrive/phase11-data/data/Steel1/images/im_val_cut10-400-01-V-12mm-4000x17_3_5.png,/content/drive/MyDrive/phase11-persistent/gt_boundaries/Steel1/im_val_cut10-400-01-V-12mm-4000x17_3_5.png,0,0,256,256,0,0
Steel1/im_val_cut10-400-01-V-12mm-4000x17_3_6/x0_y0,Steel1,im_val_cut10-400-01-V-12mm-4000x17,im_val_cut10-400-01-V-12mm-4000x17_3_6.png,0,0,0.085083,train,256,/content/drive/MyDrive/phase11-data/data/Steel1/images/im_val_cut10-400-01-V-12mm-4000x17_3_6.png,/content/drive/MyDrive/phase11-persistent/gt_boundaries/Steel1/im_val_cut10-400-01-V-12mm-4000x17_3_6.png,0,0,256,256,0,0
Steel1/im_val_cut10-400-01-V-12mm-4000x17_4_1/x0_y0,Steel1,im_val_cut10-400-01-V-12mm-4000x17,im_val_cut10-400-01-V-12mm-4000x17_4_1.png,0,0,0.056412,train,256,/content/drive/MyDrive/phase11-data/data/Steel1/images/im_val_cut10-400-01-V-12mm-4000x17_4_1.png,/content/drive/MyDrive/phase11-persistent/gt_boundaries/Steel1/im_val_cut10-400-01-V-12mm-4000x17_4_1.png,0,0,256,256,0,0
Steel1/im_val_cut10-400-01-V-12mm-4000x17_4_2/x0_y0,Steel1,im_val_cut10-400-01-V-12mm-4000x17,im_val_cut10-400-01-V-12mm-4000x17_4_2.png,0,0,0.09903,train,256,/content/drive/MyDrive/phase11-data/data/Steel1/images/im_val_cut10-400-01-V-12mm-4000x17_4_2.png,/content/drive/MyDrive/phase11-persistent/gt_boundaries/Steel1/im_val_cut10-400-01-V-12mm-4000x17_4_2.png,0,0,256,256,0,0
Steel1/im_val_cut10-400-01-V-12mm-4000x17_4_3/x0_y0,Steel1,im_val_cut10-400-01-V-12mm-4000x17,im_val_cut10-400-01-V-12mm-4000x17_4_3.png,0,0,0.087402,train,256,/content/drive/MyDrive/phase11-data/data/Steel1/images/im_val_cut10-400-01-V-12mm-4000x17_4_3.png,/content/drive/MyDrive/phase11-persistent/gt_boundaries/Steel1/im_val_cut10-400-01-V-12mm-4000x17_4_3.png,0,0,256,256,0,0
Steel1/im_val_cut10-400-01-V-12mm-4000x17_4_4/x0_y0,Steel1,im_val_cut10-400-01-V-12mm-4000x17,im_val_cut10-400-01-V-12mm-4000x17_4_4.png,0,0,0.09758,train,256,/content/drive/MyDrive/phase11-data/data/Steel1/images/im_val_cut10-400-01-V-12mm-4000x17_4_4.png,/content/drive/MyDrive/phase11-persistent/gt_boundaries/Steel1/im_val_cut10-400-01-V-12mm-4000x17_4_4.png,0,0,256,256,0,0
Steel1/im_val_cut10-400-01-V-12mm-4000x17_4_5/x0_y0,Steel1,im_val_cut10-400-01-V-12mm-4000x17,im_val_cut10-400-01-V-12mm-4000x17_4_5.png,0,0,0.089661,train,256,/content/drive/MyDrive/phase11-data/data/Steel1/images/im_val_cut10-400-01-V-12mm-4000x17_4_5.png,/content/drive/MyDrive/phase11-persistent/gt_boundaries/Steel1/im_val_cut10-400-01-V-12mm-4000x17_4_5.png,0,0,256,256,0,0
Steel1/im_val_cut10-400-01-V-12mm-4000x17_4_6/x0_y0,Steel1,im_val_cut10-400-01-V-12mm-4000x17,im_val_cut10-400-01-V-12mm-4000x17_4_6.png,0,0,0.090652,train,256,/content/drive/MyDrive/phase11-data/data/Steel1/images/im_val_cut10-400-01-V-12mm-4000x17_4_6.png,/content/drive/MyDrive/phase11-persistent/gt_boundaries/Steel1/im_val_cut10-400-01-V-12mm-4000x17_4_6.png,0,0,256,256,0,0
Steel1/im_val_cut10-400-01-V-12mm-4000x17_5_1/x0_y0,Steel1,im_val_cut10-400-01-V-12mm-4000x17,im_val_cut10-400-01-V-12mm-4000x17_5_1.png,0,0,0.109192,train,256,/content/drive/MyDrive/phase11-data/data/Steel1/images/im_val_cut10-400-01-V-12mm-4000x17_5_1.png,/content/drive/MyDrive/phase11-persistent/gt_boundaries/Steel1/im_val_cut10-400-01-V-12mm-4000x17_5_1.png,0,0,256,256,0,0
Steel1/im_val_cut10-400-01-V-12mm-4000x17_5_2/x0_y0,Steel1,im_val_cut10-400-01-V-12mm-4000x17,im_val_cut10-400-01-V-12mm-4000x17_5_2.png,0,0,0.075745,train,256,/content/drive/MyDrive/phase11-data/data/Steel1/images/im_val_cut10-400-01-V-12mm-4000x17_5_2.png,/content/drive/MyDrive/phase11-persistent/gt_boundaries/Steel1/im_val_cut10-400-01-V-12mm-4000x17_5_2.png,0,0,256,256,0,0
Steel1/im_val_cut10-400-01-V-12mm-4000x17_5_3/x0_y0,Steel1,im_val_cut10-400-01-V-12mm-4000x17,im_val_cut10-400-01-V-12mm-4000x17_5_3.png,0,0,0.092056,train,256,/content/drive/MyDrive/phase11-data/data/Steel1/images/im_val_cut10-400-01-V-12mm-4000x17_5_3.png,/content/drive/MyDrive/phase11-persistent/gt_boundaries/Steel1/im_val_cut10-400-01-V-12mm-4000x17_5_3.png,0,0,256,256,0,0
Steel1/im_val_cut10-400-01-V-12mm-4000x17_5_4/x0_y0,Steel1,im_val_cut10-400-01-V-12mm-4000x17,im_val_cut10-400-01-V-12mm-4000x17_5_4.png,0,0,0.096741,train,256,/content/drive/MyDrive/phase11-data/data/Steel1/images/im_val_cut10-400-01-V-12mm-4000x17_5_4.png,/content/drive/MyDrive/phase11-persistent/gt_boundaries/Steel1/im_val_cut10-400-01-V-12mm-4000x17_5_4.png,0,0,256,256,0,0
Steel1/im_val_cut10-400-01-V-12mm-4000x17_5_5/x0_y0,Steel1,im_val_cut10-400-01-V-12mm-4000x17,im_val_cut10-400-01-V-12mm-4000x17_5_5.png,0,0,0.11795,train,256,/content/drive/MyDrive/phase11-data/data/Steel1/images/im_val_cut10-400-01-V-12mm-4000x17_5_5.png,/content/drive/MyDrive/phase11-persistent/gt_boundaries/Steel1/im_val_cut10-400-01-V-12mm-4000x17_5_5.png,0,0,256,256,0,0
Steel1/im_val_cut10-400-01-V-12mm-4000x17_5_6/x0_y0,Steel1,im_val_cut10-400-01-V-12mm-4000x17,im_val_cut10-400-01-V-12mm-4000x17_5_6.png,0,0,0.08313,train,256,/content/drive/MyDrive/phase11-data/data/Steel1/images/im_val_cut10-400-01-V-12mm-4000x17_5_6.png,/content/drive/MyDrive/phase11-persistent/gt_boundaries/Steel1/im_val_cut10-400-01-V-12mm-4000x17_5_6.png,0,0,256,256,0,0
Steel1/im_val_cut10-400-01-V-12mm-4000x17_6_1/x0_y0,Steel1,im_val_cut10-400-01-V-12mm-4000x17,im_val_cut10-400-01-V-12mm-4000x17_6_1.png,0,0,0.08963,train,256,/content/drive/MyDrive/phase11-data/data/Steel1/images/im_val_cut10-400-01-V-12mm-4000x17_6_1.png,/content/drive/MyDrive/phase11-persistent/gt_boundaries/Steel1/im_val_cut10-400-01-V-12mm-4000x17_6_1.png,0,0,256,256,0,0
Steel1/im_val_cut10-400-01-V-12mm-4000x17_6_2/x0_y0,Steel1,im_val_cut10-400-01-V-12mm-4000x17,im_val_cut10-400-01-V-12mm-4000x17_6_2.png,0,0,0.082626,train,256,/content/drive/MyDrive/phase11-data/data/Steel1/images/im_val_cut10-400-01-V-12mm-4000x17_6_2.png,/content/drive/MyDrive/phase11-persistent/gt_boundaries/Steel1/im_val_cut10-400-01-V-12mm-4000x17_6_2.png,0,0,256,256,0,0
Steel1/im_val_cut10-400-01-V-12mm-4000x17_6_3/x0_y0,Steel1,im_val_cut10-400-01-V-12mm-4000x17,im_val_cut10-400-01-V-12mm-4000x17_6_3.png,0,0,0.085373,train,256,/content/drive/MyDrive/phase11-data/data/Steel1/images/im_val_cut10-400-01-V-12mm-4000x17_6_3.png,/content/drive/MyDrive/phase11-persistent/gt_boundaries/Steel1/im_val_cut10-400-01-V-12mm-4000x17_6_3.png,0,0,256,256,0,0
Steel1/im_val_cut10-400-01-V-12mm-4000x17_6_4/x0_y0,Steel1,im_val_cut10-400-01-V-12mm-4000x17,im_val_cut10-400-01-V-12mm-4000x17_6_4.png,0,0,0.109192,train,256,/content/drive/MyDrive/phase11-data/data/Steel1/images/im_val_cut10-400-01-V-12mm-4000x17_6_4.png,/content/drive/MyDrive/phase11-persistent/gt_boundaries/Steel1/im_val_cut10-400-01-V-12mm-4000x17_6_4.png,0,0,256,256,0,0
Steel1/im_val_cut10-400-01-V-12mm-4000x17_6_5/x0_y0,Steel1,im_val_cut10-400-01-V-12mm-4000x17,im_val_cut10-400-01-V-12mm-4000x17_6_5.png,0,0,0.075241,train,256,/content/drive/MyDrive/phase11-data/data/Steel1/images/im_val_cut10-400-01-V-12mm-4000x17_6_5.png,/content/drive/MyDrive/phase11-persistent/gt_boundaries/Steel1/im_val_cut10-400-01-V-12mm-4000x17_6_5.png,0,0,256,256,0,0
Steel1/im_val_cut10-400-01-V-12mm-4000x17_6_6/x0_y0,Steel1,im_val_cut10-400-01-V-12mm-4000x17,im_val_cut10-400-01-V-12mm-4000x17_6_6.png,0,0,0.101929,train,256,/content/drive/MyDrive/phase11-data/data/Steel1/images/im_val_cut10-400-01-V-12mm-4000x17_6_6.png,/content/drive/MyDrive/phase11-persistent/gt_boundaries/Steel1/im_val_cut10-400-01-V-12mm-4000x17_6_6.png,0,0,256,256,0,0
Steel1/im_val_cut10-400-01-V-12mm-4000x17_7_1/x0_y0,Steel1,im_val_cut10-400-01-V-12mm-4000x17,im_val_cut10-400-01-V-12mm-4000x17_7_1.png,0,0,0.131989,train,256,/content/drive/MyDrive/phase11-data/data/Steel1/images/im_val_cut10-400-01-V-12mm-4000x17_7_1.png,/content/drive/MyDrive/phase11-persistent/gt_boundaries/Steel1/im_val_cut10-400-01-V-12mm-4000x17_7_1.png,0,0,256,256,0,0
Steel1/im_val_cut10-400-01-V-12mm-4000x17_7_2/x0_y0,Steel1,im_val_cut10-400-01-V-12mm-4000x17,im_val_cut10-400-01-V-12mm-4000x17_7_2.png,0,0,0.099304,train,256,/content/drive/MyDrive/phase11-data/data/Steel1/images/im_val_cut10-400-01-V-12mm-4000x17_7_2.png,/content/drive/MyDrive/phase11-persistent/gt_boundaries/Steel1/im_val_cut10-400-01-V-12mm-4000x17_7_2.png,0,0,256,256,0,0
Steel1/im_val_cut10-400-01-V-12mm-4000x17_7_3/x0_y0,Steel1,im_val_cut10-400-01-V-12mm-4000x17,im_val_cut10-400-01-V-12mm-4000x17_7_3.png,0,0,0.087051,train,256,/content/drive/MyDrive/phase11-data/data/Steel1/images/im_val_cut10-400-01-V-12mm-4000x17_7_3.png,/content/drive/MyDrive/phase11-persistent/gt_boundaries/Steel1/im_val_cut10-400-01-V-12mm-4000x17_7_3.png,0,0,256,256,0,0
Steel1/im_val_cut10-400-01-V-12mm-4000x17_7_4/x0_y0,Steel1,im_val_cut10-400-01-V-12mm-4000x17,im_val_cut10-400-01-V-12mm-4000x17_7_4.png,0,0,0.117859,train,256,/content/drive/MyDrive/phase11-data/data/Steel1/images/im_val_cut10-400-01-V-12mm-4000x17_7_4.png,/content/drive/MyDrive/phase11-persistent/gt_boundaries/Steel1/im_val_cut10-400-01-V-12mm-4000x17_7_4.png,0,0,256,256,0,0
Steel1/im_val_cut10-400-01-V-12mm-4000x17_7_5/x0_y0,Steel1,im_val_cut10-400-01-V-12mm-4000x17,im_val_cut10-400-01-V-12mm-4000x17_7_5.png,0,0,0.067307,train,256,/content/drive/MyDrive/phase11-data/data/Steel1/images/im_val_cut10-400-01-V-12mm-4000x17_7_5.png,/content/drive/MyDrive/phase11-persistent/gt_boundaries/Steel1/im_val_cut10-400-01-V-12mm-4000x17_7_5.png,0,0,256,256,0,0
Steel1/im_val_cut10-400-01-V-12mm-4000x17_7_6/x0_y0,Steel1,im_val_cut10-400-01-V-12mm-4000x17,im_val_cut10-400-01-V-12mm-4000x17_7_6.png,0,0,0.049347,train,256,/content/drive/MyDrive/phase11-data/data/Steel1/images/im_val_cut10-400-01-V-12mm-4000x17_7_6.png,/content/drive/MyDrive/phase11-persistent/gt_boundaries/Steel1/im_val_cut10-400-01-V-12mm-4000x17_7_6.png,0,0,256,256,0,0
Steel1/im_val_cut10-400-01-V-12mm-4000x17_8_1/x0_y0,Steel1,im_val_cut10-400-01-V-12mm-4000x17,im_val_cut10-400-01-V-12mm-4000x17_8_1.png,0,0,0.126434,train,256,/content/drive/MyDrive/phase11-data/data/Steel1/images/im_val_cut10-400-01-V-12mm-4000x17_8_1.png,/content/drive/MyDrive/phase11-persistent/gt_boundaries/Steel1/im_val_cut10-400-01-V-12mm-4000x17_8_1.png,0,0,256,256,0,0
Steel1/im_val_cut10-400-01-V-12mm-4000x17_8_2/x0_y0,Steel1,im_val_cut10-400-01-V-12mm-4000x17,im_val_cut10-400-01-V-12mm-4000x17_8_2.png,0,0,0.097595,train,256,/content/drive/MyDrive/phase11-data/data/Steel1/images/im_val_cut10-400-01-V-12mm-4000x17_8_2.png,/content/drive/MyDrive/phase11-persistent/gt_boundaries/Steel1/im_val_cut10-400-01-V-12mm-4000x17_8_2.png,0,0,256,256,0,0
Steel1/im_val_cut10-400-01-V-12mm-4000x17_8_3/x0_y0,Steel1,im_val_cut10-400-01-V-12mm-4000x17,im_val_cut10-400-01-V-12mm-4000x17_8_3.png,0,0,0.099991,train,256,/content/drive/MyDrive/phase11-data/data/Steel1/images/im_val_cut10-400-01-V-12mm-4000x17_8_3.png,/content/drive/MyDrive/phase11-persistent/gt_boundaries/Steel1/im_val_cut10-400-01-V-12mm-4000x17_8_3.png,0,0,256,256,0,0
Steel1/im_val_cut10-400-01-V-12mm-4000x17_8_4/x0_y0,Steel1,im_val_cut10-400-01-V-12mm-4000x17,im_val_cut10-400-01-V-12mm-4000x17_8_4.png,0,0,0.100769,train,256,/content/drive/MyDrive/phase11-data/data/Steel1/images/im_val_cut10-400-01-V-12mm-4000x17_8_4.png,/content/drive/MyDrive/phase11-persistent/gt_boundaries/Steel1/im_val_cut10-400-01-V-12mm-4000x17_8_4.png,0,0,256,256,0,0
Steel1/im_val_cut10-400-01-V-12mm-4000x17_8_5/x0_y0,Steel1,im_val_cut10-400-01-V-12mm-4000x17,im_val_cut10-400-01-V-12mm-4000x17_8_5.png,0,0,0.043732,train,256,/content/drive/MyDrive/phase11-data/data/Steel1/images/im_val_cut10-400-01-V-12mm-4000x17_8_5.png,/content/drive/MyDrive/phase11-persistent/gt_boundaries/Steel1/im_val_cut10-400-01-V-12mm-4000x17_8_5.png,0,0,256,256,0,0
Steel1/im_val_cut10-400-01-V-12mm-4000x17_8_6/x0_y0,Steel1,im_val_cut10-400-01-V-12mm-4000x17,im_val_cut10-400-01-V-12mm-4000x17_8_6.png,0,0,0.094604,train,256,/content/drive/MyDrive/phase11-data/data/Steel1/images/im_val_cut10-400-01-V-12mm-4000x17_8_6.png,/content/drive/MyDrive/phase11-persistent/gt_boundaries/Steel1/im_val_cut10-400-01-V-12mm-4000x17_8_6.png,0,0,256,256,0,0
Steel1/im_val_cut10-400-01-V-6mm-4000x07_1_1/x0_y0,Steel1,im_val_cut10-400-01-V-6mm-4000x07,im_val_cut10-400-01-V-6mm-4000x07_1_1.png,0,0,0.049881,train,256,/content/drive/MyDrive/phase11-data/data/Steel1/images/im_val_cut10-400-01-V-6mm-4000x07_1_1.png,/content/drive/MyDrive/phase11-persistent/gt_boundaries/Steel1/im_val_cut10-400-01-V-6mm-4000x07_1_1.png,0,0,256,256,0,0
Steel1/im_val_cut10-400-01-V-6mm-4000x07_1_2/x0_y0,Steel1,im_val_cut10-400-01-V-6mm-4000x07,im_val_cut10-400-01-V-6mm-4000x07_1_2.png,0,0,0.062973,train,256,/content/drive/MyDrive/phase11-data/data/Steel1/images/im_val_cut10-400-01-V-6mm-4000x07_1_2.png,/content/drive/MyDrive/phase11-persistent/gt_boundaries/Steel1/im_val_cut10-400-01-V-6mm-4000x07_1_2.png,0,0,256,256,0,0
Steel1/im_val_cut10-400-01-V-6mm-4000x07_1_3/x0_y0,Steel1,im_val_cut10-400-01-V-6mm-4000x07,im_val_cut10-400-01-V-6mm-4000x07_1_3.png,0,0,0.057709,train,256,/content/drive/MyDrive/phase11-data/data/Steel1/images/im_val_cut10-400-01-V-6mm-4000x07_1_3.png,/content/drive/MyDrive/phase11-persistent/gt_boundaries/Steel1/im_val_cut10-400-01-V-6mm-4000x07_1_3.png,0,0,256,256,0,0
Steel1/im_val_cut10-400-01-V-6mm-4000x07_1_4/x0_y0,Steel1,im_val_cut10-400-01-V-6mm-4000x07,im_val_cut10-400-01-V-6mm-4000x07_1_4.png,0,0,0.084915,train,256,/content/drive/MyDrive/phase11-data/data/Steel1/images/im_val_cut10-400-01-V-6mm-4000x07_1_4.png,/content/drive/MyDrive/phase11-persistent/gt_boundaries/Steel1/im_val_cut10-400-01-V-6mm-4000x07_1_4.png,0,0,256,256,0,0
Steel1/im_val_cut10-400-01-V-6mm-4000x07_1_5/x0_y0,Steel1,im_val_cut10-400-01-V-6mm-4000x07,im_val_cut10-400-01-V-6mm-4000x07_1_5.png,0,0,0.045288,train,256,/content/drive/MyDrive/phase11-data/data/Steel1/images/im_val_cut10-400-01-V-6mm-4000x07_1_5.png,/content/drive/MyDrive/phase11-persistent/gt_boundaries/Steel1/im_val_cut10-400-01-V-6mm-4000x07_1_5.png,0,0,256,256,0,0
Steel1/im_val_cut10-400-01-V-6mm-4000x07_1_6/x0_y0,Steel1,im_val_cut10-400-01-V-6mm-4000x07,im_val_cut10-400-01-V-6mm-4000x07_1_6.png,0,0,0.02446,train,256,/content/drive/MyDrive/phase11-data/data/Steel1/images/im_val_cut10-400-01-V-6mm-4000x07_1_6.png,/content/drive/MyDrive/phase11-persistent/gt_boundaries/Steel1/im_val_cut10-400-01-V-6mm-4000x07_1_6.png,0,0,256,256,0,0
Steel1/im_val_cut10-400-01-V-6mm-4000x07_2_1/x0_y0,Steel1,im_val_cut10-400-01-V-6mm-4000x07,im_val_cut10-400-01-V-6mm-4000x07_2_1.png,0,0,0.042877,train,256,/content/drive/MyDrive/phase11-data/data/Steel1/images/im_val_cut10-400-01-V-6mm-4000x07_2_1.png,/content/drive/MyDrive/phase11-persistent/gt_boundaries/Steel1/im_val_cut10-400-01-V-6mm-4000x07_2_1.png,0,0,256,256,0,0
Steel1/im_val_cut10-400-01-V-6mm-4000x07_2_2/x0_y0,Steel1,im_val_cut10-400-01-V-6mm-4000x07,im_val_cut10-400-01-V-6mm-4000x07_2_2.png,0,0,0.041229,train,256,/content/drive/MyDrive/phase11-data/data/Steel1/images/im_val_cut10-400-01-V-6mm-4000x07_2_2.png,/content/drive/MyDrive/phase11-persistent/gt_boundaries/Steel1/im_val_cut10-400-01-V-6mm-4000x07_2_2.png,0,0,256,256,0,0
Steel1/im_val_cut10-400-01-V-6mm-4000x07_2_3/x0_y0,Steel1,im_val_cut10-400-01-V-6mm-4000x07,im_val_cut10-400-01-V-6mm-4000x07_2_3.png,0,0,0.12114,train,256,/content/drive/MyDrive/phase11-data/data/Steel1/images/im_val_cut10-400-01-V-6mm-4000x07_2_3.png,/content/drive/MyDrive/phase11-persistent/gt_boundaries/Steel1/im_val_cut10-400-01-V-6mm-4000x07_2_3.png,0,0,256,256,0,0
Steel1/im_val_cut10-400-01-V-6mm-4000x07_2_4/x0_y0,Steel1,im_val_cut10-400-01-V-6mm-4000x07,im_val_cut10-400-01-V-6mm-4000x07_2_4.png,0,0,0.036407,train,256,/content/drive/MyDrive/phase11-data/data/Steel1/images/im_val_cut10-400-01-V-6mm-4000x07_2_4.png,/content/drive/MyDrive/phase11-persistent/gt_boundaries/Steel1/im_val_cut10-400-01-V-6mm-4000x07_2_4.png,0,0,256,256,0,0
Steel1/im_val_cut10-400-01-V-6mm-4000x07_2_5/x0_y0,Steel1,im_val_cut10-400-01-V-6mm-4000x07,im_val_cut10-400-01-V-6mm-4000x07_2_5.png,0,0,0.067139,train,256,/content/drive/MyDrive/phase11-data/data/Steel1/images/im_val_cut10-400-01-V-6mm-4000x07_2_5.png,/content/drive/MyDrive/phase11-persistent/gt_boundaries/Steel1/im_val_cut10-400-01-V-6mm-4000x07_2_5.png,0,0,256,256,0,0
Steel1/im_val_cut10-400-01-V-6mm-4000x07_2_6/x0_y0,Steel1,im_val_cut10-400-01-V-6mm-4000x07,im_val_cut10-400-01-V-6mm-4000x07_2_6.png,0,0,0.046677,train,256,/content/drive/MyDrive/phase11-data/data/Steel1/images/im_val_cut10-400-01-V-6mm-4000x07_2_6.png,/content/drive/MyDrive/phase11-persistent/gt_boundaries/Steel1/im_val_cut10-400-01-V-6mm-4000x07_2_6.png,0,0,256,256,0,0
Steel1/im_val_cut10-400-01-V-6mm-4000x07_3_1/x0_y0,Steel1,im_val_cut10-400-01-V-6mm-4000x07,im_val_cut10-400-01-V-6mm-4000x07_3_1.png,0,0,0.118454,train,256,/content/drive/MyDrive/phase11-data/data/Steel1/images/im_val_cut10-400-01-V-6mm-4000x07_3_1.png,/content/drive/MyDrive/phase11-persistent/gt_boundaries/Steel1/im_val_cut10-400-01-V-6mm-4000x07_3_1.png,0,0,256,256,0,0
Steel1/im_val_cut10-400-01-V-6mm-4000x07_3_2/x0_y0,Steel1,im_val_cut10-400-01-V-6mm-4000x07,im_val_cut10-400-01-V-6mm-4000x07_3_2.png,0,0,0.086609,train,256,/content/drive/MyDrive/phase11-data/data/Steel1/images/im_val_cut10-400-01-V-6mm-4000x07_3_2.png,/content/drive/MyDrive/phase11-persistent/gt_boundaries/Steel1/im_val_cut10-400-01-V-6mm-4000x07_3_2.png,0,0,256,256,0,0
Steel1/im_val_cut10-400-01-V-6mm-4000x07_3_3/x0_y0,Steel1,im_val_cut10-400-01-V-6mm-4000x07,im_val_cut10-400-01-V-6mm-4000x07_3_3.png,0,0,0.0513,train,256,/content/drive/MyDrive/phase11-data/data/Steel1/images/im_val_cut10-400-01-V-6mm-4000x07_3_3.png,/content/drive/MyDrive/phase11-persistent/gt_boundaries/Steel1/im_val_cut10-400-01-V-6mm-4000x07_3_3.png,0,0,256,256,0,0
Steel1/im_val_cut10-400-01-V-6mm-4000x07_3_4/x0_y0,Steel1,im_val_cut10-400-01-V-6mm-4000x07,im_val_cut10-400-01-V-6mm-4000x07_3_4.png,0,0,0.062927,train,256,/content/drive/MyDrive/phase11-data/data/Steel1/images/im_val_cut10-400-01-V-6mm-4000x07_3_4.png,/content/drive/MyDrive/phase11-persistent/gt_boundaries/Steel1/im_val_cut10-400-01-V-6mm-4000x07_3_4.png,0,0,256,256,0,0
Steel1/im_val_cut10-400-01-V-6mm-4000x07_3_5/x0_y0,Steel1,im_val_cut10-400-01-V-6mm-4000x07,im_val_cut10-400-01-V-6mm-4000x07_3_5.png,0,0,0.101898,train,256,/content/drive/MyDrive/phase11-data/data/Steel1/images/im_val_cut10-400-01-V-6mm-4000x07_3_5.png,/content/drive/MyDrive/phase11-persistent/gt_boundaries/Steel1/im_val_cut10-400-01-V-6mm-4000x07_3_5.png,0,0,256,256,0,0
Steel1/im_val_cut10-400-01-V-6mm-4000x07_3_6/x0_y0,Steel1,im_val_cut10-400-01-V-6mm-4000x07,im_val_cut10-400-01-V-6mm-4000x07_3_6.png,0,0,0.096909,train,256,/content/drive/MyDrive/phase11-data/data/Steel1/images/im_val_cut10-400-01-V-6mm-4000x07_3_6.png,/content/drive/MyDrive/phase11-persistent/gt_boundaries/Steel1/im_val_cut10-400-01-V-6mm-4000x07_3_6.png,0,0,256,256,0,0
Steel1/im_val_cut10-400-01-V-6mm-4000x07_4_1/x0_y0,Steel1,im_val_cut10-400-01-V-6mm-4000x07,im_val_cut10-400-01-V-6mm-4000x07_4_1.png,0,0,0.078674,train,256,/content/drive/MyDrive/phase11-data/data/Steel1/images/im_val_cut10-400-01-V-6mm-4000x07_4_1.png,/content/drive/MyDrive/phase11-persistent/gt_boundaries/Steel1/im_val_cut10-400-01-V-6mm-4000x07_4_1.png,0,0,256,256,0,0
Steel1/im_val_cut10-400-01-V-6mm-4000x07_4_2/x0_y0,Steel1,im_val_cut10-400-01-V-6mm-4000x07,im_val_cut10-400-01-V-6mm-4000x07_4_2.png,0,0,0.038055,train,256,/content/drive/MyDrive/phase11-data/data/Steel1/images/im_val_cut10-400-01-V-6mm-4000x07_4_2.png,/content/drive/MyDrive/phase11-persistent/gt_boundaries/Steel1/im_val_cut10-400-01-V-6mm-4000x07_4_2.png,0,0,256,256,0,0
Steel1/im_val_cut10-400-01-V-6mm-4000x07_4_3/x0_y0,Steel1,im_val_cut10-400-01-V-6mm-4000x07,im_val_cut10-400-01-V-6mm-4000x07_4_3.png,0,0,0.120804,train,256,/content/drive/MyDrive/phase11-data/data/Steel1/images/im_val_cut10-400-01-V-6mm-4000x07_4_3.png,/content/drive/MyDrive/phase11-persistent/gt_boundaries/Steel1/im_val_cut10-400-01-V-6mm-4000x07_4_3.png,0,0,256,256,0,0
Steel1/im_val_cut10-400-01-V-6mm-4000x07_4_4/x0_y0,Steel1,im_val_cut10-400-01-V-6mm-4000x07,im_val_cut10-400-01-V-6mm-4000x07_4_4.png,0,0,0.144165,train,256,/content/drive/MyDrive/phase11-data/data/Steel1/images/im_val_cut10-400-01-V-6mm-4000x07_4_4.png,/content/drive/MyDrive/phase11-persistent/gt_boundaries/Steel1/im_val_cut10-400-01-V-6mm-4000x07_4_4.png,0,0,256,256,0,0
Steel1/im_val_cut10-400-01-V-6mm-4000x07_4_5/x0_y0,Steel1,im_val_cut10-400-01-V-6mm-4000x07,im_val_cut10-400-01-V-6mm-4000x07_4_5.png,0,0,0.098175,train,256,/content/drive/MyDrive/phase11-data/data/Steel1/images/im_val_cut10-400-01-V-6mm-4000x07_4_5.png,/content/drive/MyDrive/phase11-persistent/gt_boundaries/Steel1/im_val_cut10-400-01-V-6mm-4000x07_4_5.png,0,0,256,256,0,0
Steel1/im_val_cut10-400-01-V-6mm-4000x07_4_6/x0_y0,Steel1,im_val_cut10-400-01-V-6mm-4000x07,im_val_cut10-400-01-V-6mm-4000x07_4_6.png,0,0,0.079681,train,256,/content/drive/MyDrive/phase11-data/data/Steel1/images/im_val_cut10-400-01-V-6mm-4000x07_4_6.png,/content/drive/MyDrive/phase11-persistent/gt_boundaries/Steel1/im_val_cut10-400-01-V-6mm-4000x07_4_6.png,0,0,256,256,0,0
Steel1/im_val_cut10-400-01-V-6mm-4000x07_5_1/x0_y0,Steel1,im_val_cut10-400-01-V-6mm-4000x07,im_val_cut10-400-01-V-6mm-4000x07_5_1.png,0,0,0.085876,train,256,/content/drive/MyDrive/phase11-data/data/Steel1/images/im_val_cut10-400-01-V-6mm-4000x07_5_1.png,/content/drive/MyDrive/phase11-persistent/gt_boundaries/Steel1/im_val_cut10-400-01-V-6mm-4000x07_5_1.png,0,0,256,256,0,0
Steel1/im_val_cut10-400-01-V-6mm-4000x07_5_2/x0_y0,Steel1,im_val_cut10-400-01-V-6mm-4000x07,im_val_cut10-400-01-V-6mm-4000x07_5_2.png,0,0,0.096954,train,256,/content/drive/MyDrive/phase11-data/data/Steel1/images/im_val_cut10-400-01-V-6mm-4000x07_5_2.png,/content/drive/MyDrive/phase11-persistent/gt_boundaries/Steel1/im_val_cut10-400-01-V-6mm-4000x07_5_2.png,0,0,256,256,0,0
Steel1/im_val_cut10-400-01-V-6mm-4000x07_5_3/x0_y0,Steel1,im_val_cut10-400-01-V-6mm-4000x07,im_val_cut10-400-01-V-6mm-4000x07_5_3.png,0,0,0.090347,train,256,/content/drive/MyDrive/phase11-data/data/Steel1/images/im_val_cut10-400-01-V-6mm-4000x07_5_3.png,/content/drive/MyDrive/phase11-persistent/gt_boundaries/Steel1/im_val_cut10-400-01-V-6mm-4000x07_5_3.png,0,0,256,256,0,0
Steel1/im_val_cut10-400-01-V-6mm-4000x07_5_4/x0_y0,Steel1,im_val_cut10-400-01-V-6mm-4000x07,im_val_cut10-400-01-V-6mm-4000x07_5_4.png,0,0,0.063339,train,256,/content/drive/MyDrive/phase11-data/data/Steel1/images/im_val_cut10-400-01-V-6mm-4000x07_5_4.png,/content/drive/MyDrive/phase11-persistent/gt_boundaries/Steel1/im_val_cut10-400-01-V-6mm-4000x07_5_4.png,0,0,256,256,0,0
Steel1/im_val_cut10-400-01-V-6mm-4000x07_5_5/x0_y0,Steel1,im_val_cut10-400-01-V-6mm-4000x07,im_val_cut10-400-01-V-6mm-4000x07_5_5.png,0,0,0.080811,train,256,/content/drive/MyDrive/phase11-data/data/Steel1/images/im_val_cut10-400-01-V-6mm-4000x07_5_5.png,/content/drive/MyDrive/phase11-persistent/gt_boundaries/Steel1/im_val_cut10-400-01-V-6mm-4000x07_5_5.png,0,0,256,256,0,0
Steel1/im_val_cut10-400-01-V-6mm-4000x07_5_6/x0_y0,Steel1,im_val_cut10-400-01-V-6mm-4000x07,im_val_cut10-400-01-V-6mm-4000x07_5_6.png,0,0,0.07312,train,256,/content/drive/MyDrive/phase11-data/data/Steel1/images/im_val_cut10-400-01-V-6mm-4000x07_5_6.png,/content/drive/MyDrive/phase11-persistent/gt_boundaries/Steel1/im_val_cut10-400-01-V-6mm-4000x07_5_6.png,0,0,256,256,0,0
Steel1/im_val_cut10-400-01-V-6mm-4000x07_6_1/x0_y0,Steel1,im_val_cut10-400-01-V-6mm-4000x07,im_val_cut10-400-01-V-6mm-4000x07_6_1.png,0,0,0.103912,train,256,/content/drive/MyDrive/phase11-data/data/Steel1/images/im_val_cut10-400-01-V-6mm-4000x07_6_1.png,/content/drive/MyDrive/phase11-persistent/gt_boundaries/Steel1/im_val_cut10-400-01-V-6mm-4000x07_6_1.png,0,0,256,256,0,0
Steel1/im_val_cut10-400-01-V-6mm-4000x07_6_2/x0_y0,Steel1,im_val_cut10-400-01-V-6mm-4000x07,im_val_cut10-400-01-V-6mm-4000x07_6_2.png,0,0,0.100327,train,256,/content/drive/MyDrive/phase11-data/data/Steel1/images/im_val_cut10-400-01-V-6mm-4000x07_6_2.png,/content/drive/MyDrive/phase11-persistent/gt_boundaries/Steel1/im_val_cut10-400-01-V-6mm-4000x07_6_2.png,0,0,256,256,0,0
Steel1/im_val_cut10-400-01-V-6mm-4000x07_6_3/x0_y0,Steel1,im_val_cut10-400-01-V-6mm-4000x07,im_val_cut10-400-01-V-6mm-4000x07_6_3.png,0,0,0.060593,train,256,/content/drive/MyDrive/phase11-data/data/Steel1/images/im_val_cut10-400-01-V-6mm-4000x07_6_3.png,/content/drive/MyDrive/phase11-persistent/gt_boundaries/Steel1/im_val_cut10-400-01-V-6mm-4000x07_6_3.png,0,0,256,256,0,0
Steel1/im_val_cut10-400-01-V-6mm-4000x07_6_4/x0_y0,Steel1,im_val_cut10-400-01-V-6mm-4000x07,im_val_cut10-400-01-V-6mm-4000x07_6_4.png,0,0,0.096588,train,256,/content/drive/MyDrive/phase11-data/data/Steel1/images/im_val_cut10-400-01-V-6mm-4000x07_6_4.png,/content/drive/MyDrive/phase11-persistent/gt_boundaries/Steel1/im_val_cut10-400-01-V-6mm-4000x07_6_4.png,0,0,256,256,0,0
Steel1/im_val_cut10-400-01-V-6mm-4000x07_6_5/x0_y0,Steel1,im_val_cut10-400-01-V-6mm-4000x07,im_val_cut10-400-01-V-6mm-4000x07_6_5.png,0,0,0.102036,train,256,/content/drive/MyDrive/phase11-data/data/Steel1/images/im_val_cut10-400-01-V-6mm-4000x07_6_5.png,/content/drive/MyDrive/phase11-persistent/gt_boundaries/Steel1/im_val_cut10-400-01-V-6mm-4000x07_6_5.png,0,0,256,256,0,0
Steel1/im_val_cut10-400-01-V-6mm-4000x07_6_6/x0_y0,Steel1,im_val_cut10-400-01-V-6mm-4000x07,im_val_cut10-400-01-V-6mm-4000x07_6_6.png,0,0,0.118683,train,256,/content/drive/MyDrive/phase11-data/data/Steel1/images/im_val_cut10-400-01-V-6mm-4000x07_6_6.png,/content/drive/MyDrive/phase11-persistent/gt_boundaries/Steel1/im_val_cut10-400-01-V-6mm-4000x07_6_6.png,0,0,256,256,0,0
Steel1/im_val_cut10-400-01-V-6mm-4000x07_7_1/x0_y0,Steel1,im_val_cut10-400-01-V-6mm-4000x07,im_val_cut10-400-01-V-6mm-4000x07_7_1.png,0,0,0.069916,train,256,/content/drive/MyDrive/phase11-data/data/Steel1/images/im_val_cut10-400-01-V-6mm-4000x07_7_1.png,/content/drive/MyDrive/phase11-persistent/gt_boundaries/Steel1/im_val_cut10-400-01-V-6mm-4000x07_7_1.png,0,0,256,256,0,0
Steel1/im_val_cut10-400-01-V-6mm-4000x07_7_2/x0_y0,Steel1,im_val_cut10-400-01-V-6mm-4000x07,im_val_cut10-400-01-V-6mm-4000x07_7_2.png,0,0,0.102859,train,256,/content/drive/MyDrive/phase11-data/data/Steel1/images/im_val_cut10-400-01-V-6mm-4000x07_7_2.png,/content/drive/MyDrive/phase11-persistent/gt_boundaries/Steel1/im_val_cut10-400-01-V-6mm-4000x07_7_2.png,0,0,256,256,0,0
Steel1/im_val_cut10-400-01-V-6mm-4000x07_7_3/x0_y0,Steel1,im_val_cut10-400-01-V-6mm-4000x07,im_val_cut10-400-01-V-6mm-4000x07_7_3.png,0,0,0.148361,train,256,/content/drive/MyDrive/phase11-data/data/Steel1/images/im_val_cut10-400-01-V-6mm-4000x07_7_3.png,/content/drive/MyDrive/phase11-persistent/gt_boundaries/Steel1/im_val_cut10-400-01-V-6mm-4000x07_7_3.png,0,0,256,256,0,0
Steel1/im_val_cut10-400-01-V-6mm-4000x07_7_4/x0_y0,Steel1,im_val_cut10-400-01-V-6mm-4000x07,im_val_cut10-400-01-V-6mm-4000x07_7_4.png,0,0,0.127487,train,256,/content/drive/MyDrive/phase11-data/data/Steel1/images/im_val_cut10-400-01-V-6mm-4000x07_7_4.png,/content/drive/MyDrive/phase11-persistent/gt_boundaries/Steel1/im_val_cut10-400-01-V-6mm-4000x07_7_4.png,0,0,256,256,0,0
Steel1/im_val_cut10-400-01-V-6mm-4000x07_7_5/x0_y0,Steel1,im_val_cut10-400-01-V-6mm-4000x07,im_val_cut10-400-01-V-6mm-4000x07_7_5.png,0,0,0.087051,train,256,/content/drive/MyDrive/phase11-data/data/Steel1/images/im_val_cut10-400-01-V-6mm-4000x07_7_5.png,/content/drive/MyDrive/phase11-persistent/gt_boundaries/Steel1/im_val_cut10-400-01-V-6mm-4000x07_7_5.png,0,0,256,256,0,0
Steel1/im_val_cut10-400-01-V-6mm-4000x07_7_6/x0_y0,Steel1,im_val_cut10-400-01-V-6mm-4000x07,im_val_cut10-400-01-V-6mm-4000x07_7_6.png,0,0,0.10463,train,256,/content/drive/MyDrive/phase11-data/data/Steel1/images/im_val_cut10-400-01-V-6mm-4000x07_7_6.png,/content/drive/MyDrive/phase11-persistent/gt_boundaries/Steel1/im_val_cut10-400-01-V-6mm-4000x07_7_6.png,0,0,256,256,0,0
Steel1/im_val_cut10-400-01-V-6mm-4000x07_8_1/x0_y0,Steel1,im_val_cut10-400-01-V-6mm-4000x07,im_val_cut10-400-01-V-6mm-4000x07_8_1.png,0,0,0.097366,train,256,/content/drive/MyDrive/phase11-data/data/Steel1/images/im_val_cut10-400-01-V-6mm-4000x07_8_1.png,/content/drive/MyDrive/phase11-persistent/gt_boundaries/Steel1/im_val_cut10-400-01-V-6mm-4000x07_8_1.png,0,0,256,256,0,0
Steel1/im_val_cut10-400-01-V-6mm-4000x07_8_2/x0_y0,Steel1,im_val_cut10-400-01-V-6mm-4000x07,im_val_cut10-400-01-V-6mm-4000x07_8_2.png,0,0,0.085281,train,256,/content/drive/MyDrive/phase11-data/data/Steel1/images/im_val_cut10-400-01-V-6mm-4000x07_8_2.png,/content/drive/MyDrive/phase11-persistent/gt_boundaries/Steel1/im_val_cut10-400-01-V-6mm-4000x07_8_2.png,0,0,256,256,0,0
Steel1/im_val_cut10-400-01-V-6mm-4000x07_8_3/x0_y0,Steel1,im_val_cut10-400-01-V-6mm-4000x07,im_val_cut10-400-01-V-6mm-4000x07_8_3.png,0,0,0.077148,train,256,/content/drive/MyDrive/phase11-data/data/Steel1/images/im_val_cut10-400-01-V-6mm-4000x07_8_3.png,/content/drive/MyDrive/phase11-persistent/gt_boundaries/Steel1/im_val_cut10-400-01-V-6mm-4000x07_8_3.png,0,0,256,256,0,0
Steel1/im_val_cut10-400-01-V-6mm-4000x07_8_4/x0_y0,Steel1,im_val_cut10-400-01-V-6mm-4000x07,im_val_cut10-400-01-V-6mm-4000x07_8_4.png,0,0,0.08992,train,256,/content/drive/MyDrive/phase11-data/data/Steel1/images/im_val_cut10-400-01-V-6mm-4000x07_8_4.png,/content/drive/MyDrive/phase11-persistent/gt_boundaries/Steel1/im_val_cut10-400-01-V-6mm-4000x07_8_4.png,0,0,256,256,0,0
Steel1/im_val_cut10-400-01-V-6mm-4000x07_8_5/x0_y0,Steel1,im_val_cut10-400-01-V-6mm-4000x07,im_val_cut10-400-01-V-6mm-4000x07_8_5.png,0,0,0.09343,train,256,/content/drive/MyDrive/phase11-data/data/Steel1/images/im_val_cut10-400-01-V-6mm-4000x07_8_5.png,/content/drive/MyDrive/phase11-persistent/gt_boundaries/Steel1/im_val_cut10-400-01-V-6mm-4000x07_8_5.png,0,0,256,256,0,0
Steel1/im_val_cut10-400-01-V-6mm-4000x07_8_6/x0_y0,Steel1,im_val_cut10-400-01-V-6mm-4000x07,im_val_cut10-400-01-V-6mm-4000x07_8_6.png,0,0,0.105011,train,256,/content/drive/MyDrive/phase11-data/data/Steel1/images/im_val_cut10-400-01-V-6mm-4000x07_8_6.png,/content/drive/MyDrive/phase11-persistent/gt_boundaries/Steel1/im_val_cut10-400-01-V-6mm-4000x07_8_6.png,0,0,256,256,0,0
Steel1/im_val_cut10-400-01-V-6mm-4000x08_1_1/x0_y0,Steel1,im_val_cut10-400-01-V-6mm-4000x08,im_val_cut10-400-01-V-6mm-4000x08_1_1.png,0,0,0.074738,train,256,/content/drive/MyDrive/phase11-data/data/Steel1/images/im_val_cut10-400-01-V-6mm-4000x08_1_1.png,/content/drive/MyDrive/phase11-persistent/gt_boundaries/Steel1/im_val_cut10-400-01-V-6mm-4000x08_1_1.png,0,0,256,256,0,0
Steel1/im_val_cut10-400-01-V-6mm-4000x08_1_2/x0_y0,Steel1,im_val_cut10-400-01-V-6mm-4000x08,im_val_cut10-400-01-V-6mm-4000x08_1_2.png,0,0,0.081512,train,256,/content/drive/MyDrive/phase11-data/data/Steel1/images/im_val_cut10-400-01-V-6mm-4000x08_1_2.png,/content/drive/MyDrive/phase11-persistent/gt_boundaries/Steel1/im_val_cut10-400-01-V-6mm-4000x08_1_2.png,0,0,256,256,0,0
Steel1/im_val_cut10-400-01-V-6mm-4000x08_1_3/x0_y0,Steel1,im_val_cut10-400-01-V-6mm-4000x08,im_val_cut10-400-01-V-6mm-4000x08_1_3.png,0,0,0.096481,train,256,/content/drive/MyDrive/phase11-data/data/Steel1/images/im_val_cut10-400-01-V-6mm-4000x08_1_3.png,/content/drive/MyDrive/phase11-persistent/gt_boundaries/Steel1/im_val_cut10-400-01-V-6mm-4000x08_1_3.png,0,0,256,256,0,0
Steel1/im_val_cut10-400-01-V-6mm-4000x08_1_4/x0_y0,Steel1,im_val_cut10-400-01-V-6mm-4000x08,im_val_cut10-400-01-V-6mm-4000x08_1_4.png,0,0,0.078796,train,256,/content/drive/MyDrive/phase11-data/data/Steel1/images/im_val_cut10-400-01-V-6mm-4000x08_1_4.png,/content/drive/MyDrive/phase11-persistent/gt_boundaries/Steel1/im_val_cut10-400-01-V-6mm-4000x08_1_4.png,0,0,256,256,0,0
Steel1/im_val_cut10-400-01-V-6mm-4000x08_1_5/x0_y0,Steel1,im_val_cut10-400-01-V-6mm-4000x08,im_val_cut10-400-01-V-6mm-4000x08_1_5.png,0,0,0.085541,train,256,/content/drive/MyDrive/phase11-data/data/Steel1/images/im_val_cut10-400-01-V-6mm-4000x08_1_5.png,/content/drive/MyDrive/phase11-persistent/gt_boundaries/Steel1/im_val_cut10-400-01-V-6mm-4000x08_1_5.png,0,0,256,256,0,0
Steel1/im_val_cut10-400-01-V-6mm-4000x08_1_6/x0_y0,Steel1,im_val_cut10-400-01-V-6mm-4000x08,im_val_cut10-400-01-V-6mm-4000x08_1_6.png,0,0,0.071365,train,256,/content/drive/MyDrive/phase11-data/data/Steel1/images/im_val_cut10-400-01-V-6mm-4000x08_1_6.png,/content/drive/MyDrive/phase11-persistent/gt_boundaries/Steel1/im_val_cut10-400-01-V-6mm-4000x08_1_6.png,0,0,256,256,0,0
Steel1/im_val_cut10-400-01-V-6mm-4000x08_2_1/x0_y0,Steel1,im_val_cut10-400-01-V-6mm-4000x08,im_val_cut10-400-01-V-6mm-4000x08_2_1.png,0,0,0.0271,train,256,/content/drive/MyDrive/phase11-data/data/Steel1/images/im_val_cut10-400-01-V-6mm-4000x08_2_1.png,/content/drive/MyDrive/phase11-persistent/gt_boundaries/Steel1/im_val_cut10-400-01-V-6mm-4000x08_2_1.png,0,0,256,256,0,0
Steel1/im_val_cut10-400-01-V-6mm-4000x08_2_2/x0_y0,Steel1,im_val_cut10-400-01-V-6mm-4000x08,im_val_cut10-400-01-V-6mm-4000x08_2_2.png,0,0,0.079742,train,256,/content/drive/MyDrive/phase11-data/data/Steel1/images/im_val_cut10-400-01-V-6mm-4000x08_2_2.png,/content/drive/MyDrive/phase11-persistent/gt_boundaries/Steel1/im_val_cut10-400-01-V-6mm-4000x08_2_2.png,0,0,256,256,0,0
Steel1/im_val_cut10-400-01-V-6mm-4000x08_2_3/x0_y0,Steel1,im_val_cut10-400-01-V-6mm-4000x08,im_val_cut10-400-01-V-6mm-4000x08_2_3.png,0,0,0.106033,train,256,/content/drive/MyDrive/phase11-data/data/Steel1/images/im_val_cut10-400-01-V-6mm-4000x08_2_3.png,/content/drive/MyDrive/phase11-persistent/gt_boundaries/Steel1/im_val_cut10-400-01-V-6mm-4000x08_2_3.png,0,0,256,256,0,0
Steel1/im_val_cut10-400-01-V-6mm-4000x08_2_4/x0_y0,Steel1,im_val_cut10-400-01-V-6mm-4000x08,im_val_cut10-400-01-V-6mm-4000x08_2_4.png,0,0,0.086868,train,256,/content/drive/MyDrive/phase11-data/data/Steel1/images/im_val_cut10-400-01-V-6mm-4000x08_2_4.png,/content/drive/MyDrive/phase11-persistent/gt_boundaries/Steel1/im_val_cut10-400-01-V-6mm-4000x08_2_4.png,0,0,256,256,0,0
Steel1/im_val_cut10-400-01-V-6mm-4000x08_2_5/x0_y0,Steel1,im_val_cut10-400-01-V-6mm-4000x08,im_val_cut10-400-01-V-6mm-4000x08_2_5.png,0,0,0.063278,train,256,/content/drive/MyDrive/phase11-data/data/Steel1/images/im_val_cut10-400-01-V-6mm-4000x08_2_5.png,/content/drive/MyDrive/phase11-persistent/gt_boundaries/Steel1/im_val_cut10-400-01-V-6mm-4000x08_2_5.png,0,0,256,256,0,0
Steel1/im_val_cut10-400-01-V-6mm-4000x08_2_6/x0_y0,Steel1,im_val_cut10-400-01-V-6mm-4000x08,im_val_cut10-400-01-V-6mm-4000x08_2_6.png,0,0,0.101227,train,256,/content/drive/MyDrive/phase11-data/data/Steel1/images/im_val_cut10-400-01-V-6mm-4000x08_2_6.png,/content/drive/MyDrive/phase11-persistent/gt_boundaries/Steel1/im_val_cut10-400-01-V-6mm-4000x08_2_6.png,0,0,256,256,0,0
Steel1/im_val_cut10-400-01-V-6mm-4000x08_3_1/x0_y0,Steel1,im_val_cut10-400-01-V-6mm-4000x08,im_val_cut10-400-01-V-6mm-4000x08_3_1.png,0,0,0.104355,train,256,/content/drive/MyDrive/phase11-data/data/Steel1/images/im_val_cut10-400-01-V-6mm-4000x08_3_1.png,/content/drive/MyDrive/phase11-persistent/gt_boundaries/Steel1/im_val_cut10-400-01-V-6mm-4000x08_3_1.png,0,0,256,256,0,0
Steel1/im_val_cut10-400-01-V-6mm-4000x08_3_2/x0_y0,Steel1,im_val_cut10-400-01-V-6mm-4000x08,im_val_cut10-400-01-V-6mm-4000x08_3_2.png,0,0,0.062851,train,256,/content/drive/MyDrive/phase11-data/data/Steel1/images/im_val_cut10-400-01-V-6mm-4000x08_3_2.png,/content/drive/MyDrive/phase11-persistent/gt_boundaries/Steel1/im_val_cut10-400-01-V-6mm-4000x08_3_2.png,0,0,256,256,0,0
Steel1/im_val_cut10-400-01-V-6mm-4000x08_3_3/x0_y0,Steel1,im_val_cut10-400-01-V-6mm-4000x08,im_val_cut10-400-01-V-6mm-4000x08_3_3.png,0,0,0.0578,train,256,/content/drive/MyDrive/phase11-data/data/Steel1/images/im_val_cut10-400-01-V-6mm-4000x08_3_3.png,/content/drive/MyDrive/phase11-persistent/gt_boundaries/Steel1/im_val_cut10-400-01-V-6mm-4000x08_3_3.png,0,0,256,256,0,0
Steel1/im_val_cut10-400-01-V-6mm-4000x08_3_4/x0_y0,Steel1,im_val_cut10-400-01-V-6mm-4000x08,im_val_cut10-400-01-V-6mm-4000x08_3_4.png,0,0,0.084457,train,256,/content/drive/MyDrive/phase11-data/data/Steel1/images/im_val_cut10-400-01-V-6mm-4000x08_3_4.png,/content/drive/MyDrive/phase11-persistent/gt_boundaries/Steel1/im_val_cut10-400-01-V-6mm-4000x08_3_4.png,0,0,256,256,0,0
Steel1/im_val_cut10-400-01-V-6mm-4000x08_3_5/x0_y0,Steel1,im_val_cut10-400-01-V-6mm-4000x08,im_val_cut10-400-01-V-6mm-4000x08_3_5.png,0,0,0.080612,train,256,/content/drive/MyDrive/phase11-data/data/Steel1/images/im_val_cut10-400-01-V-6mm-4000x08_3_5.png,/content/drive/MyDrive/phase11-persistent/gt_boundaries/Steel1/im_val_cut10-400-01-V-6mm-4000x08_3_5.png,0,0,256,256,0,0
Steel1/im_val_cut10-400-01-V-6mm-4000x08_3_6/x0_y0,Steel1,im_val_cut10-400-01-V-6mm-4000x08,im_val_cut10-400-01-V-6mm-4000x08_3_6.png,0,0,0.088211,train,256,/content/drive/MyDrive/phase11-data/data/Steel1/images/im_val_cut10-400-01-V-6mm-4000x08_3_6.png,/content/drive/MyDrive/phase11-persistent/gt_boundaries/Steel1/im_val_cut10-400-01-V-6mm-4000x08_3_6.png,0,0,256,256,0,0
Steel1/im_val_cut10-400-01-V-6mm-4000x08_4_1/x0_y0,Steel1,im_val_cut10-400-01-V-6mm-4000x08,im_val_cut10-400-01-V-6mm-4000x08_4_1.png,0,0,0.086472,train,256,/content/drive/MyDrive/phase11-data/data/Steel1/images/im_val_cut10-400-01-V-6mm-4000x08_4_1.png,/content/drive/MyDrive/phase11-persistent/gt_boundaries/Steel1/im_val_cut10-400-01-V-6mm-4000x08_4_1.png,0,0,256,256,0,0
Steel1/im_val_cut10-400-01-V-6mm-4000x08_4_2/x0_y0,Steel1,im_val_cut10-400-01-V-6mm-4000x08,im_val_cut10-400-01-V-6mm-4000x08_4_2.png,0,0,0.128708,train,256,/content/drive/MyDrive/phase11-data/data/Steel1/images/im_val_cut10-400-01-V-6mm-4000x08_4_2.png,/content/drive/MyDrive/phase11-persistent/gt_boundaries/Steel1/im_val_cut10-400-01-V-6mm-4000x08_4_2.png,0,0,256,256,0,0
Steel1/im_val_cut10-400-01-V-6mm-4000x08_4_3/x0_y0,Steel1,im_val_cut10-400-01-V-6mm-4000x08,im_val_cut10-400-01-V-6mm-4000x08_4_3.png,0,0,0.110077,train,256,/content/drive/MyDrive/phase11-data/data/Steel1/images/im_val_cut10-400-01-V-6mm-4000x08_4_3.png,/content/drive/MyDrive/phase11-persistent/gt_boundaries/Steel1/im_val_cut10-400-01-V-6mm-4000x08_4_3.png,0,0,256,256,0,0
Steel1/im_val_cut10-400-01-V-6mm-4000x08_4_4/x0_y0,Steel1,im_val_cut10-400-01-V-6mm-4000x08,im_val_cut10-400-01-V-6mm-4000x08_4_4.png,0,0,0.134186,train,256,/content/drive/MyDrive/phase11-data/data/Steel1/images/im_val_cut10-400-01-V-6mm-4000x08_4_4.png,/content/drive/MyDrive/phase11-persistent/gt_boundaries/Steel1/im_val_cut10-400-01-V-6mm-4000x08_4_4.png,0,0,256,256,0,0
Steel1/im_val_cut10-400-01-V-6mm-4000x08_4_5/x0_y0,Steel1,im_val_cut10-400-01-V-6mm-4000x08,im_val_cut10-400-01-V-6mm-4000x08_4_5.png,0,0,0.121902,train,256,/content/drive/MyDrive/phase11-data/data/Steel1/images/im_val_cut10-400-01-V-6mm-4000x08_4_5.png,/content/drive/MyDrive/phase11-persistent/gt_boundaries/Steel1/im_val_cut10-400-01-V-6mm-4000x08_4_5.png,0,0,256,256,0,0
Steel1/im_val_cut10-400-01-V-6mm-4000x08_4_6/x0_y0,Steel1,im_val_cut10-400-01-V-6mm-4000x08,im_val_cut10-400-01-V-6mm-4000x08_4_6.png,0,0,0.11528,train,256,/content/drive/MyDrive/phase11-data/data/Steel1/images/im_val_cut10-400-01-V-6mm-4000x08_4_6.png,/content/drive/MyDrive/phase11-persistent/gt_boundaries/Steel1/im_val_cut10-400-01-V-6mm-4000x08_4_6.png,0,0,256,256,0,0
Steel1/im_val_cut10-400-01-V-6mm-4000x08_5_1/x0_y0,Steel1,im_val_cut10-400-01-V-6mm-4000x08,im_val_cut10-400-01-V-6mm-4000x08_5_1.png,0,0,0.080307,train,256,/content/drive/MyDrive/phase11-data/data/Steel1/images/im_val_cut10-400-01-V-6mm-4000x08_5_1.png,/content/drive/MyDrive/phase11-persistent/gt_boundaries/Steel1/im_val_cut10-400-01-V-6mm-4000x08_5_1.png,0,0,256,256,0,0
Steel1/im_val_cut10-400-01-V-6mm-4000x08_5_2/x0_y0,Steel1,im_val_cut10-400-01-V-6mm-4000x08,im_val_cut10-400-01-V-6mm-4000x08_5_2.png,0,0,0.121323,train,256,/content/drive/MyDrive/phase11-data/data/Steel1/images/im_val_cut10-400-01-V-6mm-4000x08_5_2.png,/content/drive/MyDrive/phase11-persistent/gt_boundaries/Steel1/im_val_cut10-400-01-V-6mm-4000x08_5_2.png,0,0,256,256,0,0
Steel1/im_val_cut10-400-01-V-6mm-4000x08_5_3/x0_y0,Steel1,im_val_cut10-400-01-V-6mm-4000x08,im_val_cut10-400-01-V-6mm-4000x08_5_3.png,0,0,0.096909,train,256,/content/drive/MyDrive/phase11-data/data/Steel1/images/im_val_cut10-400-01-V-6mm-4000x08_5_3.png,/content/drive/MyDrive/phase11-persistent/gt_boundaries/Steel1/im_val_cut10-400-01-V-6mm-4000x08_5_3.png,0,0,256,256,0,0
Steel1/im_val_cut10-400-01-V-6mm-4000x08_5_4/x0_y0,Steel1,im_val_cut10-400-01-V-6mm-4000x08,im_val_cut10-400-01-V-6mm-4000x08_5_4.png,0,0,0.100174,train,256,/content/drive/MyDrive/phase11-data/data/Steel1/images/im_val_cut10-400-01-V-6mm-4000x08_5_4.png,/content/drive/MyDrive/phase11-persistent/gt_boundaries/Steel1/im_val_cut10-400-01-V-6mm-4000x08_5_4.png,0,0,256,256,0,0
Steel1/im_val_cut10-400-01-V-6mm-4000x08_5_5/x0_y0,Steel1,im_val_cut10-400-01-V-6mm-4000x08,im_val_cut10-400-01-V-6mm-4000x08_5_5.png,0,0,0.121567,train,256,/content/drive/MyDrive/phase11-data/data/Steel1/images/im_val_cut10-400-01-V-6mm-4000x08_5_5.png,/content/drive/MyDrive/phase11-persistent/gt_boundaries/Steel1/im_val_cut10-400-01-V-6mm-4000x08_5_5.png,0,0,256,256,0,0
Steel1/im_val_cut10-400-01-V-6mm-4000x08_5_6/x0_y0,Steel1,im_val_cut10-400-01-V-6mm-4000x08,im_val_cut10-400-01-V-6mm-4000x08_5_6.png,0,0,0.09938,train,256,/content/drive/MyDrive/phase11-data/data/Steel1/images/im_val_cut10-400-01-V-6mm-4000x08_5_6.png,/content/drive/MyDrive/phase11-persistent/gt_boundaries/Steel1/im_val_cut10-400-01-V-6mm-4000x08_5_6.png,0,0,256,256,0,0
Steel1/im_val_cut10-400-01-V-6mm-4000x08_6_1/x0_y0,Steel1,im_val_cut10-400-01-V-6mm-4000x08,im_val_cut10-400-01-V-6mm-4000x08_6_1.png,0,0,0.096985,train,256,/content/drive/MyDrive/phase11-data/data/Steel1/images/im_val_cut10-400-01-V-6mm-4000x08_6_1.png,/content/drive/MyDrive/phase11-persistent/gt_boundaries/Steel1/im_val_cut10-400-01-V-6mm-4000x08_6_1.png,0,0,256,256,0,0
Steel1/im_val_cut10-400-01-V-6mm-4000x08_6_2/x0_y0,Steel1,im_val_cut10-400-01-V-6mm-4000x08,im_val_cut10-400-01-V-6mm-4000x08_6_2.png,0,0,0.041763,train,256,/content/drive/MyDrive/phase11-data/data/Steel1/images/im_val_cut10-400-01-V-6mm-4000x08_6_2.png,/content/drive/MyDrive/phase11-persistent/gt_boundaries/Steel1/im_val_cut10-400-01-V-6mm-4000x08_6_2.png,0,0,256,256,0,0
Steel1/im_val_cut10-400-01-V-6mm-4000x08_6_3/x0_y0,Steel1,im_val_cut10-400-01-V-6mm-4000x08,im_val_cut10-400-01-V-6mm-4000x08_6_3.png,0,0,0.092804,train,256,/content/drive/MyDrive/phase11-data/data/Steel1/images/im_val_cut10-400-01-V-6mm-4000x08_6_3.png,/content/drive/MyDrive/phase11-persistent/gt_boundaries/Steel1/im_val_cut10-400-01-V-6mm-4000x08_6_3.png,0,0,256,256,0,0
Steel1/im_val_cut10-400-01-V-6mm-4000x08_6_4/x0_y0,Steel1,im_val_cut10-400-01-V-6mm-4000x08,im_val_cut10-400-01-V-6mm-4000x08_6_4.png,0,0,0.112427,train,256,/content/drive/MyDrive/phase11-data/data/Steel1/images/im_val_cut10-400-01-V-6mm-4000x08_6_4.png,/content/drive/MyDrive/phase11-persistent/gt_boundaries/Steel1/im_val_cut10-400-01-V-6mm-4000x08_6_4.png,0,0,256,256,0,0
Steel1/im_val_cut10-400-01-V-6mm-4000x08_6_5/x0_y0,Steel1,im_val_cut10-400-01-V-6mm-4000x08,im_val_cut10-400-01-V-6mm-4000x08_6_5.png,0,0,0.084503,train,256,/content/drive/MyDrive/phase11-data/data/Steel1/images/im_val_cut10-400-01-V-6mm-4000x08_6_5.png,/content/drive/MyDrive/phase11-persistent/gt_boundaries/Steel1/im_val_cut10-400-01-V-6mm-4000x08_6_5.png,0,0,256,256,0,0
Steel1/im_val_cut10-400-01-V-6mm-4000x08_6_6/x0_y0,Steel1,im_val_cut10-400-01-V-6mm-4000x08,im_val_cut10-400-01-V-6mm-4000x08_6_6.png,0,0,0.104584,train,256,/content/drive/MyDrive/phase11-data/data/Steel1/images/im_val_cut10-400-01-V-6mm-4000x08_6_6.png,/content/drive/MyDrive/phase11-persistent/gt_boundaries/Steel1/im_val_cut10-400-01-V-6mm-4000x08_6_6.png,0,0,256,256,0,0
Steel1/im_val_cut10-400-01-V-6mm-4000x08_7_1/x0_y0,Steel1,im_val_cut10-400-01-V-6mm-4000x08,im_val_cut10-400-01-V-6mm-4000x08_7_1.png,0,0,0.122925,train,256,/content/drive/MyDrive/phase11-data/data/Steel1/images/im_val_cut10-400-01-V-6mm-4000x08_7_1.png,/content/drive/MyDrive/phase11-persistent/gt_boundaries/Steel1/im_val_cut10-400-01-V-6mm-4000x08_7_1.png,0,0,256,256,0,0
Steel1/im_val_cut10-400-01-V-6mm-4000x08_7_2/x0_y0,Steel1,im_val_cut10-400-01-V-6mm-4000x08,im_val_cut10-400-01-V-6mm-4000x08_7_2.png,0,0,0.078964,train,256,/content/drive/MyDrive/phase11-data/data/Steel1/images/im_val_cut10-400-01-V-6mm-4000x08_7_2.png,/content/drive/MyDrive/phase11-persistent/gt_boundaries/Steel1/im_val_cut10-400-01-V-6mm-4000x08_7_2.png,0,0,256,256,0,0
Steel1/im_val_cut10-400-01-V-6mm-4000x08_7_3/x0_y0,Steel1,im_val_cut10-400-01-V-6mm-4000x08,im_val_cut10-400-01-V-6mm-4000x08_7_3.png,0,0,0.10611,train,256,/content/drive/MyDrive/phase11-data/data/Steel1/images/im_val_cut10-400-01-V-6mm-4000x08_7_3.png,/content/drive/MyDrive/phase11-persistent/gt_boundaries/Steel1/im_val_cut10-400-01-V-6mm-4000x08_7_3.png,0,0,256,256,0,0
Steel1/im_val_cut10-400-01-V-6mm-4000x08_7_4/x0_y0,Steel1,im_val_cut10-400-01-V-6mm-4000x08,im_val_cut10-400-01-V-6mm-4000x08_7_4.png,0,0,0.100372,train,256,/content/drive/MyDrive/phase11-data/data/Steel1/images/im_val_cut10-400-01-V-6mm-4000x08_7_4.png,/content/drive/MyDrive/phase11-persistent/gt_boundaries/Steel1/im_val_cut10-400-01-V-6mm-4000x08_7_4.png,0,0,256,256,0,0
Steel1/im_val_cut10-400-01-V-6mm-4000x08_7_5/x0_y0,Steel1,im_val_cut10-400-01-V-6mm-4000x08,im_val_cut10-400-01-V-6mm-4000x08_7_5.png,0,0,0.056915,train,256,/content/drive/MyDrive/phase11-data/data/Steel1/images/im_val_cut10-400-01-V-6mm-4000x08_7_5.png,/content/drive/MyDrive/phase11-persistent/gt_boundaries/Steel1/im_val_cut10-400-01-V-6mm-4000x08_7_5.png,0,0,256,256,0,0
Steel1/im_val_cut10-400-01-V-6mm-4000x08_7_6/x0_y0,Steel1,im_val_cut10-400-01-V-6mm-4000x08,im_val_cut10-400-01-V-6mm-4000x08_7_6.png,0,0,0.089996,train,256,/content/drive/MyDrive/phase11-data/data/Steel1/images/im_val_cut10-400-01-V-6mm-4000x08_7_6.png,/content/drive/MyDrive/phase11-persistent/gt_boundaries/Steel1/im_val_cut10-400-01-V-6mm-4000x08_7_6.png,0,0,256,256,0,0
Steel1/im_val_cut10-400-01-V-6mm-4000x08_8_1/x0_y0,Steel1,im_val_cut10-400-01-V-6mm-4000x08,im_val_cut10-400-01-V-6mm-4000x08_8_1.png,0,0,0.093155,train,256,/content/drive/MyDrive/phase11-data/data/Steel1/images/im_val_cut10-400-01-V-6mm-4000x08_8_1.png,/content/drive/MyDrive/phase11-persistent/gt_boundaries/Steel1/im_val_cut10-400-01-V-6mm-4000x08_8_1.png,0,0,256,256,0,0
Steel1/im_val_cut10-400-01-V-6mm-4000x08_8_2/x0_y0,Steel1,im_val_cut10-400-01-V-6mm-4000x08,im_val_cut10-400-01-V-6mm-4000x08_8_2.png,0,0,0.103241,train,256,/content/drive/MyDrive/phase11-data/data/Steel1/images/im_val_cut10-400-01-V-6mm-4000x08_8_2.png,/content/drive/MyDrive/phase11-persistent/gt_boundaries/Steel1/im_val_cut10-400-01-V-6mm-4000x08_8_2.png,0,0,256,256,0,0
Steel1/im_val_cut10-400-01-V-6mm-4000x08_8_3/x0_y0,Steel1,im_val_cut10-400-01-V-6mm-4000x08,im_val_cut10-400-01-V-6mm-4000x08_8_3.png,0,0,0.131638,train,256,/content/drive/MyDrive/phase11-data/data/Steel1/images/im_val_cut10-400-01-V-6mm-4000x08_8_3.png,/content/drive/MyDrive/phase11-persistent/gt_boundaries/Steel1/im_val_cut10-400-01-V-6mm-4000x08_8_3.png,0,0,256,256,0,0
Steel1/im_val_cut10-400-01-V-6mm-4000x08_8_4/x0_y0,Steel1,im_val_cut10-400-01-V-6mm-4000x08,im_val_cut10-400-01-V-6mm-4000x08_8_4.png,0,0,0.131165,train,256,/content/drive/MyDrive/phase11-data/data/Steel1/images/im_val_cut10-400-01-V-6mm-4000x08_8_4.png,/content/drive/MyDrive/phase11-persistent/gt_boundaries/Steel1/im_val_cut10-400-01-V-6mm-4000x08_8_4.png,0,0,256,256,0,0
Steel1/im_val_cut10-400-01-V-6mm-4000x08_8_5/x0_y0,Steel1,im_val_cut10-400-01-V-6mm-4000x08,im_val_cut10-400-01-V-6mm-4000x08_8_5.png,0,0,0.094894,train,256,/content/drive/MyDrive/phase11-data/data/Steel1/images/im_val_cut10-400-01-V-6mm-4000x08_8_5.png,/content/drive/MyDrive/phase11-persistent/gt_boundaries/Steel1/im_val_cut10-400-01-V-6mm-4000x08_8_5.png,0,0,256,256,0,0
Steel1/im_val_cut10-400-01-V-6mm-4000x08_8_6/x0_y0,Steel1,im_val_cut10-400-01-V-6mm-4000x08,im_val_cut10-400-01-V-6mm-4000x08_8_6.png,0,0,0.071442,train,256,/content/drive/MyDrive/phase11-data/data/Steel1/images/im_val_cut10-400-01-V-6mm-4000x08_8_6.png,/content/drive/MyDrive/phase11-persistent/gt_boundaries/Steel1/im_val_cut10-400-01-V-6mm-4000x08_8_6.png,0,0,256,256,0,0
Steel1/im_val_cut10-400-01-V-9mm-4000x12_1_1/x0_y0,Steel1,im_val_cut10-400-01-V-9mm-4000x12,im_val_cut10-400-01-V-9mm-4000x12_1_1.png,0,0,0.075577,train,256,/content/drive/MyDrive/phase11-data/data/Steel1/images/im_val_cut10-400-01-V-9mm-4000x12_1_1.png,/content/drive/MyDrive/phase11-persistent/gt_boundaries/Steel1/im_val_cut10-400-01-V-9mm-4000x12_1_1.png,0,0,256,256,0,0
Steel1/im_val_cut10-400-01-V-9mm-4000x12_1_2/x0_y0,Steel1,im_val_cut10-400-01-V-9mm-4000x12,im_val_cut10-400-01-V-9mm-4000x12_1_2.png,0,0,0.085373,train,256,/content/drive/MyDrive/phase11-data/data/Steel1/images/im_val_cut10-400-01-V-9mm-4000x12_1_2.png,/content/drive/MyDrive/phase11-persistent/gt_boundaries/Steel1/im_val_cut10-400-01-V-9mm-4000x12_1_2.png,0,0,256,256,0,0
Steel1/im_val_cut10-400-01-V-9mm-4000x12_1_3/x0_y0,Steel1,im_val_cut10-400-01-V-9mm-4000x12,im_val_cut10-400-01-V-9mm-4000x12_1_3.png,0,0,0.114594,train,256,/content/drive/MyDrive/phase11-data/data/Steel1/images/im_val_cut10-400-01-V-9mm-4000x12_1_3.png,/content/drive/MyDrive/phase11-persistent/gt_boundaries/Steel1/im_val_cut10-400-01-V-9mm-4000x12_1_3.png,0,0,256,256,0,0
Steel1/im_val_cut10-400-01-V-9mm-4000x12_1_4/x0_y0,Steel1,im_val_cut10-400-01-V-9mm-4000x12,im_val_cut10-400-01-V-9mm-4000x12_1_4.png,0,0,0.147324,train,256,/content/drive/MyDrive/phase11-data/data/Steel1/images/im_val_cut10-400-01-V-9mm-4000x12_1_4.png,/content/drive/MyDrive/phase11-persistent/gt_boundaries/Steel1/im_val_cut10-400-01-V-9mm-4000x12_1_4.png,0,0,256,256,0,0
Steel1/im_val_cut10-400-01-V-9mm-4000x12_1_5/x0_y0,Steel1,im_val_cut10-400-01-V-9mm-4000x12,im_val_cut10-400-01-V-9mm-4000x12_1_5.png,0,0,0.08313,train,256,/content/drive/MyDrive/phase11-data/data/Steel1/images/im_val_cut10-400-01-V-9mm-4000x12_1_5.png,/content/drive/MyDrive/phase11-persistent/gt_boundaries/Steel1/im_val_cut10-400-01-V-9mm-4000x12_1_5.png,0,0,256,256,0,0
Steel1/im_val_cut10-400-01-V-9mm-4000x12_1_6/x0_y0,Steel1,im_val_cut10-400-01-V-9mm-4000x12,im_val_cut10-400-01-V-9mm-4000x12_1_6.png,0,0,0.116379,train,256,/content/drive/MyDrive/phase11-data/data/Steel1/images/im_val_cut10-400-01-V-9mm-4000x12_1_6.png,/content/drive/MyDrive/phase11-persistent/gt_boundaries/Steel1/im_val_cut10-400-01-V-9mm-4000x12_1_6.png,0,0,256,256,0,0
Steel1/im_val_cut10-400-01-V-9mm-4000x12_2_1/x0_y0,Steel1,im_val_cut10-400-01-V-9mm-4000x12,im_val_cut10-400-01-V-9mm-4000x12_2_1.png,0,0,0.100006,train,256,/content/drive/MyDrive/phase11-data/data/Steel1/images/im_val_cut10-400-01-V-9mm-4000x12_2_1.png,/content/drive/MyDrive/phase11-persistent/gt_boundaries/Steel1/im_val_cut10-400-01-V-9mm-4000x12_2_1.png,0,0,256,256,0,0
Steel1/im_val_cut10-400-01-V-9mm-4000x12_2_2/x0_y0,Steel1,im_val_cut10-400-01-V-9mm-4000x12,im_val_cut10-400-01-V-9mm-4000x12_2_2.png,0,0,0.078934,train,256,/content/drive/MyDrive/phase11-data/data/Steel1/images/im_val_cut10-400-01-V-9mm-4000x12_2_2.png,/content/drive/MyDrive/phase11-persistent/gt_boundaries/Steel1/im_val_cut10-400-01-V-9mm-4000x12_2_2.png,0,0,256,256,0,0
Steel1/im_val_cut10-400-01-V-9mm-4000x12_2_3/x0_y0,Steel1,im_val_cut10-400-01-V-9mm-4000x12,im_val_cut10-400-01-V-9mm-4000x12_2_3.png,0,0,0.115829,train,256,/content/drive/MyDrive/phase11-data/data/Steel1/images/im_val_cut10-400-01-V-9mm-4000x12_2_3.png,/content/drive/MyDrive/phase11-persistent/gt_boundaries/Steel1/im_val_cut10-400-01-V-9mm-4000x12_2_3.png,0,0,256,256,0,0
Steel1/im_val_cut10-400-01-V-9mm-4000x12_2_4/x0_y0,Steel1,im_val_cut10-400-01-V-9mm-4000x12,im_val_cut10-400-01-V-9mm-4000x12_2_4.png,0,0,0.092209,train,256,/content/drive/MyDrive/phase11-data/data/Steel1/images/im_val_cut10-400-01-V-9mm-4000x12_2_4.png,/content/drive/MyDrive/phase11-persistent/gt_boundaries/Steel1/im_val_cut10-400-01-V-9mm-4000x12_2_4.png,0,0,256,256,0,0
Steel1/im_val_cut10-400-01-V-9mm-4000x12_2_5/x0_y0,Steel1,im_val_cut10-400-01-V-9mm-4000x12,im_val_cut10-400-01-V-9mm-4000x12_2_5.png,0,0,0.066559,train,256,/content/drive/MyDrive/phase11-data/data/Steel1/images/im_val_cut10-400-01-V-9mm-4000x12_2_5.png,/content/drive/MyDrive/phase11-persistent/gt_boundaries/Steel1/im_val_cut10-400-01-V-9mm-4000x12_2_5.png,0,0,256,256,0,0
Steel1/im_val_cut10-400-01-V-9mm-4000x12_2_6/x0_y0,Steel1,im_val_cut10-400-01-V-9mm-4000x12,im_val_cut10-400-01-V-9mm-4000x12_2_6.png,0,0,0.103104,train,256,/content/drive/MyDrive/phase11-data/data/Steel1/images/im_val_cut10-400-01-V-9mm-4000x12_2_6.png,/content/drive/MyDrive/phase11-persistent/gt_boundaries/Steel1/im_val_cut10-400-01-V-9mm-4000x12_2_6.png,0,0,256,256,0,0
Steel1/im_val_cut10-400-01-V-9mm-4000x12_3_1/x0_y0,Steel1,im_val_cut10-400-01-V-9mm-4000x12,im_val_cut10-400-01-V-9mm-4000x12_3_1.png,0,0,0.084778,train,256,/content/drive/MyDrive/phase11-data/data/Steel1/images/im_val_cut10-400-01-V-9mm-4000x12_3_1.png,/content/drive/MyDrive/phase11-persistent/gt_boundaries/Steel1/im_val_cut10-400-01-V-9mm-4000x12_3_1.png,0,0,256,256,0,0
Steel1/im_val_cut10-400-01-V-9mm-4000x12_3_2/x0_y0,Steel1,im_val_cut10-400-01-V-9mm-4000x12,im_val_cut10-400-01-V-9mm-4000x12_3_2.png,0,0,0.097137,train,256,/content/drive/MyDrive/phase11-data/data/Steel1/images/im_val_cut10-400-01-V-9mm-4000x12_3_2.png,/content/drive/MyDrive/phase11-persistent/gt_boundaries/Steel1/im_val_cut10-400-01-V-9mm-4000x12_3_2.png,0,0,256,256,0,0
Steel1/im_val_cut10-400-01-V-9mm-4000x12_3_3/x0_y0,Steel1,im_val_cut10-400-01-V-9mm-4000x12,im_val_cut10-400-01-V-9mm-4000x12_3_3.png,0,0,0.086945,train,256,/content/drive/MyDrive/phase11-data/data/Steel1/images/im_val_cut10-400-01-V-9mm-4000x12_3_3.png,/content/drive/MyDrive/phase11-persistent/gt_boundaries/Steel1/im_val_cut10-400-01-V-9mm-4000x12_3_3.png,0,0,256,256,0,0
Steel1/im_val_cut10-400-01-V-9mm-4000x12_3_4/x0_y0,Steel1,im_val_cut10-400-01-V-9mm-4000x12,im_val_cut10-400-01-V-9mm-4000x12_3_4.png,0,0,0.041153,train,256,/content/drive/MyDrive/phase11-data/data/Steel1/images/im_val_cut10-400-01-V-9mm-4000x12_3_4.png,/content/drive/MyDrive/phase11-persistent/gt_boundaries/Steel1/im_val_cut10-400-01-V-9mm-4000x12_3_4.png,0,0,256,256,0,0
Steel1/im_val_cut10-400-01-V-9mm-4000x12_3_5/x0_y0,Steel1,im_val_cut10-400-01-V-9mm-4000x12,im_val_cut10-400-01-V-9mm-4000x12_3_5.png,0,0,0.131638,train,256,/content/drive/MyDrive/phase11-data/data/Steel1/images/im_val_cut10-400-01-V-9mm-4000x12_3_5.png,/content/drive/MyDrive/phase11-persistent/gt_boundaries/Steel1/im_val_cut10-400-01-V-9mm-4000x12_3_5.png,0,0,256,256,0,0
Steel1/im_val_cut10-400-01-V-9mm-4000x12_3_6/x0_y0,Steel1,im_val_cut10-400-01-V-9mm-4000x12,im_val_cut10-400-01-V-9mm-4000x12_3_6.png,0,0,0.063675,train,256,/content/drive/MyDrive/phase11-data/data/Steel1/images/im_val_cut10-400-01-V-9mm-4000x12_3_6.png,/content/drive/MyDrive/phase11-persistent/gt_boundaries/Steel1/im_val_cut10-400-01-V-9mm-4000x12_3_6.png,0,0,256,256,0,0
Steel1/im_val_cut10-400-01-V-9mm-4000x12_4_1/x0_y0,Steel1,im_val_cut10-400-01-V-9mm-4000x12,im_val_cut10-400-01-V-9mm-4000x12_4_1.png,0,0,0.086655,train,256,/content/drive/MyDrive/phase11-data/data/Steel1/images/im_val_cut10-400-01-V-9mm-4000x12_4_1.png,/content/drive/MyDrive/phase11-persistent/gt_boundaries/Steel1/im_val_cut10-400-01-V-9mm-4000x12_4_1.png,0,0,256,256,0,0
Steel1/im_val_cut10-400-01-V-9mm-4000x12_4_2/x0_y0,Steel1,im_val_cut10-400-01-V-9mm-4000x12,im_val_cut10-400-01-V-9mm-4000x12_4_2.png,0,0,0.11763,train,256,/content/drive/MyDrive/phase11-data/data/Steel1/images/im_val_cut10-400-01-V-9mm-4000x12_4_2.png,/content/drive/MyDrive/phase11-persistent/gt_boundaries/Steel1/im_val_cut10-400-01-V-9mm-4000x12_4_2.png,0,0,256,256,0,0
Steel1/im_val_cut10-400-01-V-9mm-4000x12_4_3/x0_y0,Steel1,im_val_cut10-400-01-V-9mm-4000x12,im_val_cut10-400-01-V-9mm-4000x12_4_3.png,0,0,0.127335,train,256,/content/drive/MyDrive/phase11-data/data/Steel1/images/im_val_cut10-400-01-V-9mm-4000x12_4_3.png,/content/drive/MyDrive/phase11-persistent/gt_boundaries/Steel1/im_val_cut10-400-01-V-9mm-4000x12_4_3.png,0,0,256,256,0,0
Steel1/im_val_cut10-400-01-V-9mm-4000x12_4_4/x0_y0,Steel1,im_val_cut10-400-01-V-9mm-4000x12,im_val_cut10-400-01-V-9mm-4000x12_4_4.png,0,0,0.084717,train,256,/content/drive/MyDrive/phase11-data/data/Steel1/images/im_val_cut10-400-01-V-9mm-4000x12_4_4.png,/content/drive/MyDrive/phase11-persistent/gt_boundaries/Steel1/im_val_cut10-400-01-V-9mm-4000x12_4_4.png,0,0,256,256,0,0
Steel1/im_val_cut10-400-01-V-9mm-4000x12_4_5/x0_y0,Steel1,im_val_cut10-400-01-V-9mm-4000x12,im_val_cut10-400-01-V-9mm-4000x12_4_5.png,0,0,0.061356,train,256,/content/drive/MyDrive/phase11-data/data/Steel1/images/im_val_cut10-400-01-V-9mm-4000x12_4_5.png,/content/drive/MyDrive/phase11-persistent/gt_boundaries/Steel1/im_val_cut10-400-01-V-9mm-4000x12_4_5.png,0,0,256,256,0,0
Steel1/im_val_cut10-400-01-V-9mm-4000x12_4_6/x0_y0,Steel1,im_val_cut10-400-01-V-9mm-4000x12,im_val_cut10-400-01-V-9mm-4000x12_4_6.png,0,0,0.080124,train,256,/content/drive/MyDrive/phase11-data/data/Steel1/images/im_val_cut10-400-01-V-9mm-4000x12_4_6.png,/content/drive/MyDrive/phase11-persistent/gt_boundaries/Steel1/im_val_cut10-400-01-V-9mm-4000x12_4_6.png,0,0,256,256,0,0
Steel1/im_val_cut10-400-01-V-9mm-4000x12_5_1/x0_y0,Steel1,im_val_cut10-400-01-V-9mm-4000x12,im_val_cut10-400-01-V-9mm-4000x12_5_1.png,0,0,0.034393,train,256,/content/drive/MyDrive/phase11-data/data/Steel1/images/im_val_cut10-400-01-V-9mm-4000x12_5_1.png,/content/drive/MyDrive/phase11-persistent/gt_boundaries/Steel1/im_val_cut10-400-01-V-9mm-4000x12_5_1.png,0,0,256,256,0,0
Steel1/im_val_cut10-400-01-V-9mm-4000x12_5_2/x0_y0,Steel1,im_val_cut10-400-01-V-9mm-4000x12,im_val_cut10-400-01-V-9mm-4000x12_5_2.png,0,0,0.041306,train,256,/content/drive/MyDrive/phase11-data/data/Steel1/images/im_val_cut10-400-01-V-9mm-4000x12_5_2.png,/content/drive/MyDrive/phase11-persistent/gt_boundaries/Steel1/im_val_cut10-400-01-V-9mm-4000x12_5_2.png,0,0,256,256,0,0
Steel1/im_val_cut10-400-01-V-9mm-4000x12_5_3/x0_y0,Steel1,im_val_cut10-400-01-V-9mm-4000x12,im_val_cut10-400-01-V-9mm-4000x12_5_3.png,0,0,0.094437,train,256,/content/drive/MyDrive/phase11-data/data/Steel1/images/im_val_cut10-400-01-V-9mm-4000x12_5_3.png,/content/drive/MyDrive/phase11-persistent/gt_boundaries/Steel1/im_val_cut10-400-01-V-9mm-4000x12_5_3.png,0,0,256,256,0,0
Steel1/im_val_cut10-400-01-V-9mm-4000x12_5_4/x0_y0,Steel1,im_val_cut10-400-01-V-9mm-4000x12,im_val_cut10-400-01-V-9mm-4000x12_5_4.png,0,0,0.11319,train,256,/content/drive/MyDrive/phase11-data/data/Steel1/images/im_val_cut10-400-01-V-9mm-4000x12_5_4.png,/content/drive/MyDrive/phase11-persistent/gt_boundaries/Steel1/im_val_cut10-400-01-V-9mm-4000x12_5_4.png,0,0,256,256,0,0
Steel1/im_val_cut10-400-01-V-9mm-4000x12_5_5/x0_y0,Steel1,im_val_cut10-400-01-V-9mm-4000x12,im_val_cut10-400-01-V-9mm-4000x12_5_5.png,0,0,0.11264,train,256,/content/drive/MyDrive/phase11-data/data/Steel1/images/im_val_cut10-400-01-V-9mm-4000x12_5_5.png,/content/drive/MyDrive/phase11-persistent/gt_boundaries/Steel1/im_val_cut10-400-01-V-9mm-4000x12_5_5.png,0,0,256,256,0,0
Steel1/im_val_cut10-400-01-V-9mm-4000x12_5_6/x0_y0,Steel1,im_val_cut10-400-01-V-9mm-4000x12,im_val_cut10-400-01-V-9mm-4000x12_5_6.png,0,0,0.107529,train,256,/content/drive/MyDrive/phase11-data/data/Steel1/images/im_val_cut10-400-01-V-9mm-4000x12_5_6.png,/content/drive/MyDrive/phase11-persistent/gt_boundaries/Steel1/im_val_cut10-400-01-V-9mm-4000x12_5_6.png,0,0,256,256,0,0
Steel1/im_val_cut10-400-01-V-9mm-4000x12_6_1/x0_y0,Steel1,im_val_cut10-400-01-V-9mm-4000x12,im_val_cut10-400-01-V-9mm-4000x12_6_1.png,0,0,0.086166,train,256,/content/drive/MyDrive/phase11-data/data/Steel1/images/im_val_cut10-400-01-V-9mm-4000x12_6_1.png,/content/drive/MyDrive/phase11-persistent/gt_boundaries/Steel1/im_val_cut10-400-01-V-9mm-4000x12_6_1.png,0,0,256,256,0,0
Steel1/im_val_cut10-400-01-V-9mm-4000x12_6_2/x0_y0,Steel1,im_val_cut10-400-01-V-9mm-4000x12,im_val_cut10-400-01-V-9mm-4000x12_6_2.png,0,0,0.112701,train,256,/content/drive/MyDrive/phase11-data/data/Steel1/images/im_val_cut10-400-01-V-9mm-4000x12_6_2.png,/content/drive/MyDrive/phase11-persistent/gt_boundaries/Steel1/im_val_cut10-400-01-V-9mm-4000x12_6_2.png,0,0,256,256,0,0
Steel1/im_val_cut10-400-01-V-9mm-4000x12_6_3/x0_y0,Steel1,im_val_cut10-400-01-V-9mm-4000x12,im_val_cut10-400-01-V-9mm-4000x12_6_3.png,0,0,0.123154,train,256,/content/drive/MyDrive/phase11-data/data/Steel1/images/im_val_cut10-400-01-V-9mm-4000x12_6_3.png,/content/drive/MyDrive/phase11-persistent/gt_boundaries/Steel1/im_val_cut10-400-01-V-9mm-4000x12_6_3.png,0,0,256,256,0,0
Steel1/im_val_cut10-400-01-V-9mm-4000x12_6_4/x0_y0,Steel1,im_val_cut10-400-01-V-9mm-4000x12,im_val_cut10-400-01-V-9mm-4000x12_6_4.png,0,0,0.134247,train,256,/content/drive/MyDrive/phase11-data/data/Steel1/images/im_val_cut10-400-01-V-9mm-4000x12_6_4.png,/content/drive/MyDrive/phase11-persistent/gt_boundaries/Steel1/im_val_cut10-400-01-V-9mm-4000x12_6_4.png,0,0,256,256,0,0
Steel1/im_val_cut10-400-01-V-9mm-4000x12_6_5/x0_y0,Steel1,im_val_cut10-400-01-V-9mm-4000x12,im_val_cut10-400-01-V-9mm-4000x12_6_5.png,0,0,0.091736,train,256,/content/drive/MyDrive/phase11-data/data/Steel1/images/im_val_cut10-400-01-V-9mm-4000x12_6_5.png,/content/drive/MyDrive/phase11-persistent/gt_boundaries/Steel1/im_val_cut10-400-01-V-9mm-4000x12_6_5.png,0,0,256,256,0,0
Steel1/im_val_cut10-400-01-V-9mm-4000x12_6_6/x0_y0,Steel1,im_val_cut10-400-01-V-9mm-4000x12,im_val_cut10-400-01-V-9mm-4000x12_6_6.png,0,0,0.13829,train,256,/content/drive/MyDrive/phase11-data/data/Steel1/images/im_val_cut10-400-01-V-9mm-4000x12_6_6.png,/content/drive/MyDrive/phase11-persistent/gt_boundaries/Steel1/im_val_cut10-400-01-V-9mm-4000x12_6_6.png,0,0,256,256,0,0
Steel1/im_val_cut10-400-01-V-9mm-4000x12_7_1/x0_y0,Steel1,im_val_cut10-400-01-V-9mm-4000x12,im_val_cut10-400-01-V-9mm-4000x12_7_1.png,0,0,0.062134,train,256,/content/drive/MyDrive/phase11-data/data/Steel1/images/im_val_cut10-400-01-V-9mm-4000x12_7_1.png,/content/drive/MyDrive/phase11-persistent/gt_boundaries/Steel1/im_val_cut10-400-01-V-9mm-4000x12_7_1.png,0,0,256,256,0,0
Steel1/im_val_cut10-400-01-V-9mm-4000x12_7_2/x0_y0,Steel1,im_val_cut10-400-01-V-9mm-4000x12,im_val_cut10-400-01-V-9mm-4000x12_7_2.png,0,0,0.073914,train,256,/content/drive/MyDrive/phase11-data/data/Steel1/images/im_val_cut10-400-01-V-9mm-4000x12_7_2.png,/content/drive/MyDrive/phase11-persistent/gt_boundaries/Steel1/im_val_cut10-400-01-V-9mm-4000x12_7_2.png,0,0,256,256,0,0
Steel1/im_val_cut10-400-01-V-9mm-4000x12_7_3/x0_y0,Steel1,im_val_cut10-400-01-V-9mm-4000x12,im_val_cut10-400-01-V-9mm-4000x12_7_3.png,0,0,0.092773,train,256,/content/drive/MyDrive/phase11-data/data/Steel1/images/im_val_cut10-400-01-V-9mm-4000x12_7_3.png,/content/drive/MyDrive/phase11-persistent/gt_boundaries/Steel1/im_val_cut10-400-01-V-9mm-4000x12_7_3.png,0,0,256,256,0,0
Steel1/im_val_cut10-400-01-V-9mm-4000x12_7_4/x0_y0,Steel1,im_val_cut10-400-01-V-9mm-4000x12,im_val_cut10-400-01-V-9mm-4000x12_7_4.png,0,0,0.089859,train,256,/content/drive/MyDrive/phase11-data/data/Steel1/images/im_val_cut10-400-01-V-9mm-4000x12_7_4.png,/content/drive/MyDrive/phase11-persistent/gt_boundaries/Steel1/im_val_cut10-400-01-V-9mm-4000x12_7_4.png,0,0,256,256,0,0
Steel1/im_val_cut10-400-01-V-9mm-4000x12_7_5/x0_y0,Steel1,im_val_cut10-400-01-V-9mm-4000x12,im_val_cut10-400-01-V-9mm-4000x12_7_5.png,0,0,0.084167,train,256,/content/drive/MyDrive/phase11-data/data/Steel1/images/im_val_cut10-400-01-V-9mm-4000x12_7_5.png,/content/drive/MyDrive/phase11-persistent/gt_boundaries/Steel1/im_val_cut10-400-01-V-9mm-4000x12_7_5.png,0,0,256,256,0,0
Steel1/im_val_cut10-400-01-V-9mm-4000x12_7_6/x0_y0,Steel1,im_val_cut10-400-01-V-9mm-4000x12,im_val_cut10-400-01-V-9mm-4000x12_7_6.png,0,0,0.097992,train,256,/content/drive/MyDrive/phase11-data/data/Steel1/images/im_val_cut10-400-01-V-9mm-4000x12_7_6.png,/content/drive/MyDrive/phase11-persistent/gt_boundaries/Steel1/im_val_cut10-400-01-V-9mm-4000x12_7_6.png,0,0,256,256,0,0
Steel1/im_val_cut10-400-01-V-9mm-4000x12_8_1/x0_y0,Steel1,im_val_cut10-400-01-V-9mm-4000x12,im_val_cut10-400-01-V-9mm-4000x12_8_1.png,0,0,0.075516,train,256,/content/drive/MyDrive/phase11-data/data/Steel1/images/im_val_cut10-400-01-V-9mm-4000x12_8_1.png,/content/drive/MyDrive/phase11-persistent/gt_boundaries/Steel1/im_val_cut10-400-01-V-9mm-4000x12_8_1.png,0,0,256,256,0,0
Steel1/im_val_cut10-400-01-V-9mm-4000x12_8_2/x0_y0,Steel1,im_val_cut10-400-01-V-9mm-4000x12,im_val_cut10-400-01-V-9mm-4000x12_8_2.png,0,0,0.119019,train,256,/content/drive/MyDrive/phase11-data/data/Steel1/images/im_val_cut10-400-01-V-9mm-4000x12_8_2.png,/content/drive/MyDrive/phase11-persistent/gt_boundaries/Steel1/im_val_cut10-400-01-V-9mm-4000x12_8_2.png,0,0,256,256,0,0
Steel1/im_val_cut10-400-01-V-9mm-4000x12_8_3/x0_y0,Steel1,im_val_cut10-400-01-V-9mm-4000x12,im_val_cut10-400-01-V-9mm-4000x12_8_3.png,0,0,0.096542,train,256,/content/drive/MyDrive/phase11-data/data/Steel1/images/im_val_cut10-400-01-V-9mm-4000x12_8_3.png,/content/drive/MyDrive/phase11-persistent/gt_boundaries/Steel1/im_val_cut10-400-01-V-9mm-4000x12_8_3.png,0,0,256,256,0,0
Steel1/im_val_cut10-400-01-V-9mm-4000x12_8_4/x0_y0,Steel1,im_val_cut10-400-01-V-9mm-4000x12,im_val_cut10-400-01-V-9mm-4000x12_8_4.png,0,0,0.120224,train,256,/content/drive/MyDrive/phase11-data/data/Steel1/images/im_val_cut10-400-01-V-9mm-4000x12_8_4.png,/content/drive/MyDrive/phase11-persistent/gt_boundaries/Steel1/im_val_cut10-400-01-V-9mm-4000x12_8_4.png,0,0,256,256,0,0
Steel1/im_val_cut10-400-01-V-9mm-4000x12_8_5/x0_y0,Steel1,im_val_cut10-400-01-V-9mm-4000x12,im_val_cut10-400-01-V-9mm-4000x12_8_5.png,0,0,0.117538,train,256,/content/drive/MyDrive/phase11-data/data/Steel1/images/im_val_cut10-400-01-V-9mm-4000x12_8_5.png,/content/drive/MyDrive/phase11-persistent/gt_boundaries/Steel1/im_val_cut10-400-01-V-9mm-4000x12_8_5.png,0,0,256,256,0,0
Steel1/im_val_cut10-400-01-V-9mm-4000x12_8_6/x0_y0,Steel1,im_val_cut10-400-01-V-9mm-4000x12,im_val_cut10-400-01-V-9mm-4000x12_8_6.png,0,0,0.135529,train,256,/content/drive/MyDrive/phase11-data/data/Steel1/images/im_val_cut10-400-01-V-9mm-4000x12_8_6.png,/content/drive/MyDrive/phase11-persistent/gt_boundaries/Steel1/im_val_cut10-400-01-V-9mm-4000x12_8_6.png,0,0,256,256,0,0
Steel1/im_val_cut10_400-H-12mm-4000x14_1_1/x0_y0,Steel1,im_val_cut10_400-H-12mm-4000x14,im_val_cut10_400-H-12mm-4000x14_1_1.png,0,0,0.099945,train,256,/content/drive/MyDrive/phase11-data/data/Steel1/images/im_val_cut10_400-H-12mm-4000x14_1_1.png,/content/drive/MyDrive/phase11-persistent/gt_boundaries/Steel1/im_val_cut10_400-H-12mm-4000x14_1_1.png,0,0,256,256,0,0
Steel1/im_val_cut10_400-H-12mm-4000x14_1_2/x0_y0,Steel1,im_val_cut10_400-H-12mm-4000x14,im_val_cut10_400-H-12mm-4000x14_1_2.png,0,0,0.101578,train,256,/content/drive/MyDrive/phase11-data/data/Steel1/images/im_val_cut10_400-H-12mm-4000x14_1_2.png,/content/drive/MyDrive/phase11-persistent/gt_boundaries/Steel1/im_val_cut10_400-H-12mm-4000x14_1_2.png,0,0,256,256,0,0
Steel1/im_val_cut10_400-H-12mm-4000x14_1_3/x0_y0,Steel1,im_val_cut10_400-H-12mm-4000x14,im_val_cut10_400-H-12mm-4000x14_1_3.png,0,0,0.120636,train,256,/content/drive/MyDrive/phase11-data/data/Steel1/images/im_val_cut10_400-H-12mm-4000x14_1_3.png,/content/drive/MyDrive/phase11-persistent/gt_boundaries/Steel1/im_val_cut10_400-H-12mm-4000x14_1_3.png,0,0,256,256,0,0
Steel1/im_val_cut10_400-H-12mm-4000x14_1_4/x0_y0,Steel1,im_val_cut10_400-H-12mm-4000x14,im_val_cut10_400-H-12mm-4000x14_1_4.png,0,0,0.114319,train,256,/content/drive/MyDrive/phase11-data/data/Steel1/images/im_val_cut10_400-H-12mm-4000x14_1_4.png,/content/drive/MyDrive/phase11-persistent/gt_boundaries/Steel1/im_val_cut10_400-H-12mm-4000x14_1_4.png,0,0,256,256,0,0
Steel1/im_val_cut10_400-H-12mm-4000x14_1_5/x0_y0,Steel1,im_val_cut10_400-H-12mm-4000x14,im_val_cut10_400-H-12mm-4000x14_1_5.png,0,0,0.094269,train,256,/content/drive/MyDrive/phase11-data/data/Steel1/images/im_val_cut10_400-H-12mm-4000x14_1_5.png,/content/drive/MyDrive/phase11-persistent/gt_boundaries/Steel1/im_val_cut10_400-H-12mm-4000x14_1_5.png,0,0,256,256,0,0
Steel1/im_val_cut10_400-H-12mm-4000x14_1_6/x0_y0,Steel1,im_val_cut10_400-H-12mm-4000x14,im_val_cut10_400-H-12mm-4000x14_1_6.png,0,0,0.046829,train,256,/content/drive/MyDrive/phase11-data/data/Steel1/images/im_val_cut10_400-H-12mm-4000x14_1_6.png,/content/drive/MyDrive/phase11-persistent/gt_boundaries/Steel1/im_val_cut10_400-H-12mm-4000x14_1_6.png,0,0,256,256,0,0
Steel1/im_val_cut10_400-H-12mm-4000x14_2_1/x0_y0,Steel1,im_val_cut10_400-H-12mm-4000x14,im_val_cut10_400-H-12mm-4000x14_2_1.png,0,0,0.07428,train,256,/content/drive/MyDrive/phase11-data/data/Steel1/images/im_val_cut10_400-H-12mm-4000x14_2_1.png,/content/drive/MyDrive/phase11-persistent/gt_boundaries/Steel1/im_val_cut10_400-H-12mm-4000x14_2_1.png,0,0,256,256,0,0
Steel1/im_val_cut10_400-H-12mm-4000x14_2_2/x0_y0,Steel1,im_val_cut10_400-H-12mm-4000x14,im_val_cut10_400-H-12mm-4000x14_2_2.png,0,0,0.129288,train,256,/content/drive/MyDrive/phase11-data/data/Steel1/images/im_val_cut10_400-H-12mm-4000x14_2_2.png,/content/drive/MyDrive/phase11-persistent/gt_boundaries/Steel1/im_val_cut10_400-H-12mm-4000x14_2_2.png,0,0,256,256,0,0
Steel1/im_val_cut10_400-H-12mm-4000x14_2_3/x0_y0,Steel1,im_val_cut10_400-H-12mm-4000x14,im_val_cut10_400-H-12mm-4000x14_2_3.png,0,0,0.139755,train,256,/content/drive/MyDrive/phase11-data/data/Steel1/images/im_val_cut10_400-H-12mm-4000x14_2_3.png,/content/drive/MyDrive/phase11-persistent/gt_boundaries/Steel1/im_val_cut10_400-H-12mm-4000x14_2_3.png,0,0,256,256,0,0
Steel1/im_val_cut10_400-H-12mm-4000x14_2_4/x0_y0,Steel1,im_val_cut10_400-H-12mm-4000x14,im_val_cut10_400-H-12mm-4000x14_2_4.png,0,0,0.118805,train,256,/content/drive/MyDrive/phase11-data/data/Steel1/images/im_val_cut10_400-H-12mm-4000x14_2_4.png,/content/drive/MyDrive/phase11-persistent/gt_boundaries/Steel1/im_val_cut10_400-H-12mm-4000x14_2_4.png,0,0,256,256,0,0
Steel1/im_val_cut10_400-H-12mm-4000x14_2_5/x0_y0,Steel1,im_val_cut10_400-H-12mm-4000x14,im_val_cut10_400-H-12mm-4000x14_2_5.png,0,0,0.132004,train,256,/content/drive/MyDrive/phase11-data/data/Steel1/images/im_val_cut10_400-H-12mm-4000x14_2_5.png,/content/drive/MyDrive/phase11-persistent/gt_boundaries/Steel1/im_val_cut10_400-H-12mm-4000x14_2_5.png,0,0,256,256,0,0
Steel1/im_val_cut10_400-H-12mm-4000x14_2_6/x0_y0,Steel1,im_val_cut10_400-H-12mm-4000x14,im_val_cut10_400-H-12mm-4000x14_2_6.png,0,0,0.08609,train,256,/content/drive/MyDrive/phase11-data/data/Steel1/images/im_val_cut10_400-H-12mm-4000x14_2_6.png,/content/drive/MyDrive/phase11-persistent/gt_boundaries/Steel1/im_val_cut10_400-H-12mm-4000x14_2_6.png,0,0,256,256,0,0
Steel1/im_val_cut10_400-H-12mm-4000x14_3_1/x0_y0,Steel1,im_val_cut10_400-H-12mm-4000x14,im_val_cut10_400-H-12mm-4000x14_3_1.png,0,0,0.131592,train,256,/content/drive/MyDrive/phase11-data/data/Steel1/images/im_val_cut10_400-H-12mm-4000x14_3_1.png,/content/drive/MyDrive/phase11-persistent/gt_boundaries/Steel1/im_val_cut10_400-H-12mm-4000x14_3_1.png,0,0,256,256,0,0
Steel1/im_val_cut10_400-H-12mm-4000x14_3_2/x0_y0,Steel1,im_val_cut10_400-H-12mm-4000x14,im_val_cut10_400-H-12mm-4000x14_3_2.png,0,0,0.090866,train,256,/content/drive/MyDrive/phase11-data/data/Steel1/images/im_val_cut10_400-H-12mm-4000x14_3_2.png,/content/drive/MyDrive/phase11-persistent/gt_boundaries/Steel1/im_val_cut10_400-H-12mm-4000x14_3_2.png,0,0,256,256,0,0
Steel1/im_val_cut10_400-H-12mm-4000x14_3_3/x0_y0,Steel1,im_val_cut10_400-H-12mm-4000x14,im_val_cut10_400-H-12mm-4000x14_3_3.png,0,0,0.093948,train,256,/content/drive/MyDrive/phase11-data/data/Steel1/images/im_val_cut10_400-H-12mm-4000x14_3_3.png,/content/drive/MyDrive/phase11-persistent/gt_boundaries/Steel1/im_val_cut10_400-H-12mm-4000x14_3_3.png,0,0,256,256,0,0
Steel1/im_val_cut10_400-H-12mm-4000x14_3_4/x0_y0,Steel1,im_val_cut10_400-H-12mm-4000x14,im_val_cut10_400-H-12mm-4000x14_3_4.png,0,0,0.095612,train,256,/content/drive/MyDrive/phase11-data/data/Steel1/images/im_val_cut10_400-H-12mm-4000x14_3_4.png,/content/drive/MyDrive/phase11-persistent/gt_boundaries/Steel1/im_val_cut10_400-H-12mm-4000x14_3_4.png,0,0,256,256,0,0
Steel1/im_val_cut10_400-H-12mm-4000x14_3_5/x0_y0,Steel1,im_val_cut10_400-H-12mm-4000x14,im_val_cut10_400-H-12mm-4000x14_3_5.png,0,0,0.092499,train,256,/content/drive/MyDrive/phase11-data/data/Steel1/images/im_val_cut10_400-H-12mm-4000x14_3_5.png,/content/drive/MyDrive/phase11-persistent/gt_boundaries/Steel1/im_val_cut10_400-H-12mm-4000x14_3_5.png,0,0,256,256,0,0
Steel1/im_val_cut10_400-H-12mm-4000x14_3_6/x0_y0,Steel1,im_val_cut10_400-H-12mm-4000x14,im_val_cut10_400-H-12mm-4000x14_3_6.png,0,0,0.088852,train,256,/content/drive/MyDrive/phase11-data/data/Steel1/images/im_val_cut10_400-H-12mm-4000x14_3_6.png,/content/drive/MyDrive/phase11-persistent/gt_boundaries/Steel1/im_val_cut10_400-H-12mm-4000x14_3_6.png,0,0,256,256,0,0
Steel1/im_val_cut10_400-H-12mm-4000x14_4_1/x0_y0,Steel1,im_val_cut10_400-H-12mm-4000x14,im_val_cut10_400-H-12mm-4000x14_4_1.png,0,0,0.113739,train,256,/content/drive/MyDrive/phase11-data/data/Steel1/images/im_val_cut10_400-H-12mm-4000x14_4_1.png,/content/drive/MyDrive/phase11-persistent/gt_boundaries/Steel1/im_val_cut10_400-H-12mm-4000x14_4_1.png,0,0,256,256,0,0
Steel1/im_val_cut10_400-H-12mm-4000x14_4_2/x0_y0,Steel1,im_val_cut10_400-H-12mm-4000x14,im_val_cut10_400-H-12mm-4000x14_4_2.png,0,0,0.127747,train,256,/content/drive/MyDrive/phase11-data/data/Steel1/images/im_val_cut10_400-H-12mm-4000x14_4_2.png,/content/drive/MyDrive/phase11-persistent/gt_boundaries/Steel1/im_val_cut10_400-H-12mm-4000x14_4_2.png,0,0,256,256,0,0
Steel1/im_val_cut10_400-H-12mm-4000x14_4_3/x0_y0,Steel1,im_val_cut10_400-H-12mm-4000x14,im_val_cut10_400-H-12mm-4000x14_4_3.png,0,0,0.131378,train,256,/content/drive/MyDrive/phase11-data/data/Steel1/images/im_val_cut10_400-H-12mm-4000x14_4_3.png,/content/drive/MyDrive/phase11-persistent/gt_boundaries/Steel1/im_val_cut10_400-H-12mm-4000x14_4_3.png,0,0,256,256,0,0
Steel1/im_val_cut10_400-H-12mm-4000x14_4_4/x0_y0,Steel1,im_val_cut10_400-H-12mm-4000x14,im_val_cut10_400-H-12mm-4000x14_4_4.png,0,0,0.113495,train,256,/content/drive/MyDrive/phase11-data/data/Steel1/images/im_val_cut10_400-H-12mm-4000x14_4_4.png,/content/drive/MyDrive/phase11-persistent/gt_boundaries/Steel1/im_val_cut10_400-H-12mm-4000x14_4_4.png,0,0,256,256,0,0
Steel1/im_val_cut10_400-H-12mm-4000x14_4_5/x0_y0,Steel1,im_val_cut10_400-H-12mm-4000x14,im_val_cut10_400-H-12mm-4000x14_4_5.png,0,0,0.109146,train,256,/content/drive/MyDrive/phase11-data/data/Steel1/images/im_val_cut10_400-H-12mm-4000x14_4_5.png,/content/drive/MyDrive/phase11-persistent/gt_boundaries/Steel1/im_val_cut10_400-H-12mm-4000x14_4_5.png,0,0,256,256,0,0
Steel1/im_val_cut10_400-H-12mm-4000x14_4_6/x0_y0,Steel1,im_val_cut10_400-H-12mm-4000x14,im_val_cut10_400-H-12mm-4000x14_4_6.png,0,0,0.062317,train,256,/content/drive/MyDrive/phase11-data/data/Steel1/images/im_val_cut10_400-H-12mm-4000x14_4_6.png,/content/drive/MyDrive/phase11-persistent/gt_boundaries/Steel1/im_val_cut10_400-H-12mm-4000x14_4_6.png,0,0,256,256,0,0
Steel1/im_val_cut10_400-H-12mm-4000x14_5_1/x0_y0,Steel1,im_val_cut10_400-H-12mm-4000x14,im_val_cut10_400-H-12mm-4000x14_5_1.png,0,0,0.096573,train,256,/content/drive/MyDrive/phase11-data/data/Steel1/images/im_val_cut10_400-H-12mm-4000x14_5_1.png,/content/drive/MyDrive/phase11-persistent/gt_boundaries/Steel1/im_val_cut10_400-H-12mm-4000x14_5_1.png,0,0,256,256,0,0
Steel1/im_val_cut10_400-H-12mm-4000x14_5_2/x0_y0,Steel1,im_val_cut10_400-H-12mm-4000x14,im_val_cut10_400-H-12mm-4000x14_5_2.png,0,0,0.111053,train,256,/content/drive/MyDrive/phase11-data/data/Steel1/images/im_val_cut10_400-H-12mm-4000x14_5_2.png,/content/drive/MyDrive/phase11-persistent/gt_boundaries/Steel1/im_val_cut10_400-H-12mm-4000x14_5_2.png,0,0,256,256,0,0
Steel1/im_val_cut10_400-H-12mm-4000x14_5_3/x0_y0,Steel1,im_val_cut10_400-H-12mm-4000x14,im_val_cut10_400-H-12mm-4000x14_5_3.png,0,0,0.117188,train,256,/content/drive/MyDrive/phase11-data/data/Steel1/images/im_val_cut10_400-H-12mm-4000x14_5_3.png,/content/drive/MyDrive/phase11-persistent/gt_boundaries/Steel1/im_val_cut10_400-H-12mm-4000x14_5_3.png,0,0,256,256,0,0
Steel1/im_val_cut10_400-H-12mm-4000x14_5_4/x0_y0,Steel1,im_val_cut10_400-H-12mm-4000x14,im_val_cut10_400-H-12mm-4000x14_5_4.png,0,0,0.109177,train,256,/content/drive/MyDrive/phase11-data/data/Steel1/images/im_val_cut10_400-H-12mm-4000x14_5_4.png,/content/drive/MyDrive/phase11-persistent/gt_boundaries/Steel1/im_val_cut10_400-H-12mm-4000x14_5_4.png,0,0,256,256,0,0
Steel1/im_val_cut10_400-H-12mm-4000x14_5_5/x0_y0,Steel1,im_val_cut10_400-H-12mm-4000x14,im_val_cut10_400-H-12mm-4000x14_5_5.png,0,0,0.068893,train,256,/content/drive/MyDrive/phase11-data/data/Steel1/images/im_val_cut10_400-H-12mm-4000x14_5_5.png,/content/drive/MyDrive/phase11-persistent/gt_boundaries/Steel1/im_val_cut10_400-H-12mm-4000x14_5_5.png,0,0,256,256,0,0
Steel1/im_val_cut10_400-H-12mm-4000x14_5_6/x0_y0,Steel1,im_val_cut10_400-H-12mm-4000x14,im_val_cut10_400-H-12mm-4000x14_5_6.png,0,0,0.124771,train,256,/content/drive/MyDrive/phase11-data/data/Steel1/images/im_val_cut10_400-H-12mm-4000x14_5_6.png,/content/drive/MyDrive/phase11-persistent/gt_boundaries/Steel1/im_val_cut10_400-H-12mm-4000x14_5_6.png,0,0,256,256,0,0
Steel1/im_val_cut10_400-H-12mm-4000x14_6_1/x0_y0,Steel1,im_val_cut10_400-H-12mm-4000x14,im_val_cut10_400-H-12mm-4000x14_6_1.png,0,0,0.078995,train,256,/content/drive/MyDrive/phase11-data/data/Steel1/images/im_val_cut10_400-H-12mm-4000x14_6_1.png,/content/drive/MyDrive/phase11-persistent/gt_boundaries/Steel1/im_val_cut10_400-H-12mm-4000x14_6_1.png,0,0,256,256,0,0
Steel1/im_val_cut10_400-H-12mm-4000x14_6_2/x0_y0,Steel1,im_val_cut10_400-H-12mm-4000x14,im_val_cut10_400-H-12mm-4000x14_6_2.png,0,0,0.096985,train,256,/content/drive/MyDrive/phase11-data/data/Steel1/images/im_val_cut10_400-H-12mm-4000x14_6_2.png,/content/drive/MyDrive/phase11-persistent/gt_boundaries/Steel1/im_val_cut10_400-H-12mm-4000x14_6_2.png,0,0,256,256,0,0
Steel1/im_val_cut10_400-H-12mm-4000x14_6_3/x0_y0,Steel1,im_val_cut10_400-H-12mm-4000x14,im_val_cut10_400-H-12mm-4000x14_6_3.png,0,0,0.115509,train,256,/content/drive/MyDrive/phase11-data/data/Steel1/images/im_val_cut10_400-H-12mm-4000x14_6_3.png,/content/drive/MyDrive/phase11-persistent/gt_boundaries/Steel1/im_val_cut10_400-H-12mm-4000x14_6_3.png,0,0,256,256,0,0
Steel1/im_val_cut10_400-H-12mm-4000x14_6_4/x0_y0,Steel1,im_val_cut10_400-H-12mm-4000x14,im_val_cut10_400-H-12mm-4000x14_6_4.png,0,0,0.113495,train,256,/content/drive/MyDrive/phase11-data/data/Steel1/images/im_val_cut10_400-H-12mm-4000x14_6_4.png,/content/drive/MyDrive/phase11-persistent/gt_boundaries/Steel1/im_val_cut10_400-H-12mm-4000x14_6_4.png,0,0,256,256,0,0
Steel1/im_val_cut10_400-H-12mm-4000x14_6_5/x0_y0,Steel1,im_val_cut10_400-H-12mm-4000x14,im_val_cut10_400-H-12mm-4000x14_6_5.png,0,0,0.130783,train,256,/content/drive/MyDrive/phase11-data/data/Steel1/images/im_val_cut10_400-H-12mm-4000x14_6_5.png,/content/drive/MyDrive/phase11-persistent/gt_boundaries/Steel1/im_val_cut10_400-H-12mm-4000x14_6_5.png,0,0,256,256,0,0
Steel1/im_val_cut10_400-H-12mm-4000x14_6_6/x0_y0,Steel1,im_val_cut10_400-H-12mm-4000x14,im_val_cut10_400-H-12mm-4000x14_6_6.png,0,0,0.122192,train,256,/content/drive/MyDrive/phase11-data/data/Steel1/images/im_val_cut10_400-H-12mm-4000x14_6_6.png,/content/drive/MyDrive/phase11-persistent/gt_boundaries/Steel1/im_val_cut10_400-H-12mm-4000x14_6_6.png,0,0,256,256,0,0
Steel1/im_val_cut10_400-H-12mm-4000x14_7_1/x0_y0,Steel1,im_val_cut10_400-H-12mm-4000x14,im_val_cut10_400-H-12mm-4000x14_7_1.png,0,0,0.155167,train,256,/content/drive/MyDrive/phase11-data/data/Steel1/images/im_val_cut10_400-H-12mm-4000x14_7_1.png,/content/drive/MyDrive/phase11-persistent/gt_boundaries/Steel1/im_val_cut10_400-H-12mm-4000x14_7_1.png,0,0,256,256,0,0
Steel1/im_val_cut10_400-H-12mm-4000x14_7_2/x0_y0,Steel1,im_val_cut10_400-H-12mm-4000x14,im_val_cut10_400-H-12mm-4000x14_7_2.png,0,0,0.077042,train,256,/content/drive/MyDrive/phase11-data/data/Steel1/images/im_val_cut10_400-H-12mm-4000x14_7_2.png,/content/drive/MyDrive/phase11-persistent/gt_boundaries/Steel1/im_val_cut10_400-H-12mm-4000x14_7_2.png,0,0,256,256,0,0
Steel1/im_val_cut10_400-H-12mm-4000x14_7_3/x0_y0,Steel1,im_val_cut10_400-H-12mm-4000x14,im_val_cut10_400-H-12mm-4000x14_7_3.png,0,0,0.087585,train,256,/content/drive/MyDrive/phase11-data/data/Steel1/images/im_val_cut10_400-H-12mm-4000x14_7_3.png,/content/drive/MyDrive/phase11-persistent/gt_boundaries/Steel1/im_val_cut10_400-H-12mm-4000x14_7_3.png,0,0,256,256,0,0
Steel1/im_val_cut10_400-H-12mm-4000x14_7_4/x0_y0,Steel1,im_val_cut10_400-H-12mm-4000x14,im_val_cut10_400-H-12mm-4000x14_7_4.png,0,0,0.113724,train,256,/content/drive/MyDrive/phase11-data/data/Steel1/images/im_val_cut10_400-H-12mm-4000x14_7_4.png,/content/drive/MyDrive/phase11-persistent/gt_boundaries/Steel1/im_val_cut10_400-H-12mm-4000x14_7_4.png,0,0,256,256,0,0
Steel1/im_val_cut10_400-H-12mm-4000x14_7_5/x0_y0,Steel1,im_val_cut10_400-H-12mm-4000x14,im_val_cut10_400-H-12mm-4000x14_7_5.png,0,0,0.099213,train,256,/content/drive/MyDrive/phase11-data/data/Steel1/images/im_val_cut10_400-H-12mm-4000x14_7_5.png,/content/drive/MyDrive/phase11-persistent/gt_boundaries/Steel1/im_val_cut10_400-H-12mm-4000x14_7_5.png,0,0,256,256,0,0
Steel1/im_val_cut10_400-H-12mm-4000x14_7_6/x0_y0,Steel1,im_val_cut10_400-H-12mm-4000x14,im_val_cut10_400-H-12mm-4000x14_7_6.png,0,0,0.100983,train,256,/content/drive/MyDrive/phase11-data/data/Steel1/images/im_val_cut10_400-H-12mm-4000x14_7_6.png,/content/drive/MyDrive/phase11-persistent/gt_boundaries/Steel1/im_val_cut10_400-H-12mm-4000x14_7_6.png,0,0,256,256,0,0
Steel1/im_val_cut10_400-H-12mm-4000x14_8_1/x0_y0,Steel1,im_val_cut10_400-H-12mm-4000x14,im_val_cut10_400-H-12mm-4000x14_8_1.png,0,0,0.065781,train,256,/content/drive/MyDrive/phase11-data/data/Steel1/images/im_val_cut10_400-H-12mm-4000x14_8_1.png,/content/drive/MyDrive/phase11-persistent/gt_boundaries/Steel1/im_val_cut10_400-H-12mm-4000x14_8_1.png,0,0,256,256,0,0
Steel1/im_val_cut10_400-H-12mm-4000x14_8_2/x0_y0,Steel1,im_val_cut10_400-H-12mm-4000x14,im_val_cut10_400-H-12mm-4000x14_8_2.png,0,0,0.106171,train,256,/content/drive/MyDrive/phase11-data/data/Steel1/images/im_val_cut10_400-H-12mm-4000x14_8_2.png,/content/drive/MyDrive/phase11-persistent/gt_boundaries/Steel1/im_val_cut10_400-H-12mm-4000x14_8_2.png,0,0,256,256,0,0
Steel1/im_val_cut10_400-H-12mm-4000x14_8_3/x0_y0,Steel1,im_val_cut10_400-H-12mm-4000x14,im_val_cut10_400-H-12mm-4000x14_8_3.png,0,0,0.095154,train,256,/content/drive/MyDrive/phase11-data/data/Steel1/images/im_val_cut10_400-H-12mm-4000x14_8_3.png,/content/drive/MyDrive/phase11-persistent/gt_boundaries/Steel1/im_val_cut10_400-H-12mm-4000x14_8_3.png,0,0,256,256,0,0
Steel1/im_val_cut10_400-H-12mm-4000x14_8_4/x0_y0,Steel1,im_val_cut10_400-H-12mm-4000x14,im_val_cut10_400-H-12mm-4000x14_8_4.png,0,0,0.139725,train,256,/content/drive/MyDrive/phase11-data/data/Steel1/images/im_val_cut10_400-H-12mm-4000x14_8_4.png,/content/drive/MyDrive/phase11-persistent/gt_boundaries/Steel1/im_val_cut10_400-H-12mm-4000x14_8_4.png,0,0,256,256,0,0
Steel1/im_val_cut10_400-H-12mm-4000x14_8_5/x0_y0,Steel1,im_val_cut10_400-H-12mm-4000x14,im_val_cut10_400-H-12mm-4000x14_8_5.png,0,0,0.110703,train,256,/content/drive/MyDrive/phase11-data/data/Steel1/images/im_val_cut10_400-H-12mm-4000x14_8_5.png,/content/drive/MyDrive/phase11-persistent/gt_boundaries/Steel1/im_val_cut10_400-H-12mm-4000x14_8_5.png,0,0,256,256,0,0
Steel1/im_val_cut10_400-H-12mm-4000x14_8_6/x0_y0,Steel1,im_val_cut10_400-H-12mm-4000x14,im_val_cut10_400-H-12mm-4000x14_8_6.png,0,0,0.098175,train,256,/content/drive/MyDrive/phase11-data/data/Steel1/images/im_val_cut10_400-H-12mm-4000x14_8_6.png,/content/drive/MyDrive/phase11-persistent/gt_boundaries/Steel1/im_val_cut10_400-H-12mm-4000x14_8_6.png,0,0,256,256,0,0
Steel1/im_val_cut10_400-H-6mm-4000x06_1_1/x0_y0,Steel1,im_val_cut10_400-H-6mm-4000x06,im_val_cut10_400-H-6mm-4000x06_1_1.png,0,0,0.103912,train,256,/content/drive/MyDrive/phase11-data/data/Steel1/images/im_val_cut10_400-H-6mm-4000x06_1_1.png,/content/drive/MyDrive/phase11-persistent/gt_boundaries/Steel1/im_val_cut10_400-H-6mm-4000x06_1_1.png,0,0,256,256,0,0
Steel1/im_val_cut10_400-H-6mm-4000x06_1_2/x0_y0,Steel1,im_val_cut10_400-H-6mm-4000x06,im_val_cut10_400-H-6mm-4000x06_1_2.png,0,0,0.122925,train,256,/content/drive/MyDrive/phase11-data/data/Steel1/images/im_val_cut10_400-H-6mm-4000x06_1_2.png,/content/drive/MyDrive/phase11-persistent/gt_boundaries/Steel1/im_val_cut10_400-H-6mm-4000x06_1_2.png,0,0,256,256,0,0
Steel1/im_val_cut10_400-H-6mm-4000x06_1_3/x0_y0,Steel1,im_val_cut10_400-H-6mm-4000x06,im_val_cut10_400-H-6mm-4000x06_1_3.png,0,0,0.081573,train,256,/content/drive/MyDrive/phase11-data/data/Steel1/images/im_val_cut10_400-H-6mm-4000x06_1_3.png,/content/drive/MyDrive/phase11-persistent/gt_boundaries/Steel1/im_val_cut10_400-H-6mm-4000x06_1_3.png,0,0,256,256,0,0
Steel1/im_val_cut10_400-H-6mm-4000x06_1_4/x0_y0,Steel1,im_val_cut10_400-H-6mm-4000x06,im_val_cut10_400-H-6mm-4000x06_1_4.png,0,0,0.088028,train,256,/content/drive/MyDrive/phase11-data/data/Steel1/images/im_val_cut10_400-H-6mm-4000x06_1_4.png,/content/drive/MyDrive/phase11-persistent/gt_boundaries/Steel1/im_val_cut10_400-H-6mm-4000x06_1_4.png,0,0,256,256,0,0
Steel1/im_val_cut10_400-H-6mm-4000x06_1_5/x0_y0,Steel1,im_val_cut10_400-H-6mm-4000x06,im_val_cut10_400-H-6mm-4000x06_1_5.png,0,0,0.08725,train,256,/content/drive/MyDrive/phase11-data/data/Steel1/images/im_val_cut10_400-H-6mm-4000x06_1_5.png,/content/drive/MyDrive/phase11-persistent/gt_boundaries/Steel1/im_val_cut10_400-H-6mm-4000x06_1_5.png,0,0,256,256,0,0
Steel1/im_val_cut10_400-H-6mm-4000x06_1_6/x0_y0,Steel1,im_val_cut10_400-H-6mm-4000x06,im_val_cut10_400-H-6mm-4000x06_1_6.png,0,0,0.079788,train,256,/content/drive/MyDrive/phase11-data/data/Steel1/images/im_val_cut10_400-H-6mm-4000x06_1_6.png,/content/drive/MyDrive/phase11-persistent/gt_boundaries/Steel1/im_val_cut10_400-H-6mm-4000x06_1_6.png,0,0,256,256,0,0
Steel1/im_val_cut10_400-H-6mm-4000x06_2_1/x0_y0,Steel1,im_val_cut10_400-H-6mm-4000x06,im_val_cut10_400-H-6mm-4000x06_2_1.png,0,0,0.074066,train,256,/content/drive/MyDrive/phase11-data/data/Steel1/images/im_val_cut10_400-H-6mm-4000x06_2_1.png,/content/drive/MyDrive/phase11-persistent/gt_boundaries/Steel1/im_val_cut10_400-H-6mm-4000x06_2_1.png,0,0,256,256,0,0
Steel1/im_val_cut10_400-H-6mm-4000x06_2_2/x0_y0,Steel1,im_val_cut10_400-H-6mm-4000x06,im_val_cut10_400-H-6mm-4000x06_2_2.png,0,0,0.113205,train,256,/content/drive/MyDrive/phase11-data/data/Steel1/images/im_val_cut10_400-H-6mm-4000x06_2_2.png,/content/drive/MyDrive/phase11-persistent/gt_boundaries/Steel1/im_val_cut10_400-H-6mm-4000x06_2_2.png,0,0,256,256,0,0
Steel1/im_val_cut10_400-H-6mm-4000x06_2_3/x0_y0,Steel1,im_val_cut10_400-H-6mm-4000x06,im_val_cut10_400-H-6mm-4000x06_2_3.png,0,0,0.085724,train,256,/content/drive/MyDrive/phase11-data/data/Steel1/images/im_val_cut10_400-H-6mm-4000x06_2_3.png,/content/drive/MyDrive/phase11-persistent/gt_boundaries/Steel1/im_val_cut10_400-H-6mm-4000x06_2_3.png,0,0,256,256,0,0
Steel1/im_val_cut10_400-H-6mm-4000x06_2_4/x0_y0,Steel1,im_val_cut10_400-H-6mm-4000x06,im_val_cut10_400-H-6mm-4000x06_2_4.png,0,0,0.13269,train,256,/content/drive/MyDrive/phase11-data/data/Steel1/images/im_val_cut10_400-H-6mm-4000x06_2_4.png,/content/drive/MyDrive/phase11-persistent/gt_boundaries/Steel1/im_val_cut10_400-H-6mm-4000x06_2_4.png,0,0,256,256,0,0
Steel1/im_val_cut10_400-H-6mm-4000x06_2_5/x0_y0,Steel1,im_val_cut10_400-H-6mm-4000x06,im_val_cut10_400-H-6mm-4000x06_2_5.png,0,0,0.140182,train,256,/content/drive/MyDrive/phase11-data/data/Steel1/images/im_val_cut10_400-H-6mm-4000x06_2_5.png,/content/drive/MyDrive/phase11-persistent/gt_boundaries/Steel1/im_val_cut10_400-H-6mm-4000x06_2_5.png,0,0,256,256,0,0
Steel1/im_val_cut10_400-H-6mm-4000x06_2_6/x0_y0,Steel1,im_val_cut10_400-H-6mm-4000x06,im_val_cut10_400-H-6mm-4000x06_2_6.png,0,0,0.059967,train,256,/content/drive/MyDrive/phase11-data/data/Steel1/images/im_val_cut10_400-H-6mm-4000x06_2_6.png,/content/drive/MyDrive/phase11-persistent/gt_boundaries/Steel1/im_val_cut10_400-H-6mm-4000x06_2_6.png,0,0,256,256,0,0
Steel1/im_val_cut10_400-H-6mm-4000x06_3_1/x0_y0,Steel1,im_val_cut10_400-H-6mm-4000x06,im_val_cut10_400-H-6mm-4000x06_3_1.png,0,0,0.020081,train,256,/content/drive/MyDrive/phase11-data/data/Steel1/images/im_val_cut10_400-H-6mm-4000x06_3_1.png,/content/drive/MyDrive/phase11-persistent/gt_boundaries/Steel1/im_val_cut10_400-H-6mm-4000x06_3_1.png,0,0,256,256,0,0
Steel1/im_val_cut10_400-H-6mm-4000x06_3_2/x0_y0,Steel1,im_val_cut10_400-H-6mm-4000x06,im_val_cut10_400-H-6mm-4000x06_3_2.png,0,0,0.106232,train,256,/content/drive/MyDrive/phase11-data/data/Steel1/images/im_val_cut10_400-H-6mm-4000x06_3_2.png,/content/drive/MyDrive/phase11-persistent/gt_boundaries/Steel1/im_val_cut10_400-H-6mm-4000x06_3_2.png,0,0,256,256,0,0
Steel1/im_val_cut10_400-H-6mm-4000x06_3_3/x0_y0,Steel1,im_val_cut10_400-H-6mm-4000x06,im_val_cut10_400-H-6mm-4000x06_3_3.png,0,0,0.083374,train,256,/content/drive/MyDrive/phase11-data/data/Steel1/images/im_val_cut10_400-H-6mm-4000x06_3_3.png,/content/drive/MyDrive/phase11-persistent/gt_boundaries/Steel1/im_val_cut10_400-H-6mm-4000x06_3_3.png,0,0,256,256,0,0
Steel1/im_val_cut10_400-H-6mm-4000x06_3_4/x0_y0,Steel1,im_val_cut10_400-H-6mm-4000x06,im_val_cut10_400-H-6mm-4000x06_3_4.png,0,0,0.056931,train,256,/content/drive/MyDrive/phase11-data/data/Steel1/images/im_val_cut10_400-H-6mm-4000x06_3_4.png,/content/drive/MyDrive/phase11-persistent/gt_boundaries/Steel1/im_val_cut10_400-H-6mm-4000x06_3_4.png,0,0,256,256,0,0
Steel1/im_val_cut10_400-H-6mm-4000x06_3_5/x0_y0,Steel1,im_val_cut10_400-H-6mm-4000x06,im_val_cut10_400-H-6mm-4000x06_3_5.png,0,0,0.029678,train,256,/content/drive/MyDrive/phase11-data/data/Steel1/images/im_val_cut10_400-H-6mm-4000x06_3_5.png,/content/drive/MyDrive/phase11-persistent/gt_boundaries/Steel1/im_val_cut10_400-H-6mm-4000x06_3_5.png,0,0,256,256,0,0
Steel1/im_val_cut10_400-H-6mm-4000x06_3_6/x0_y0,Steel1,im_val_cut10_400-H-6mm-4000x06,im_val_cut10_400-H-6mm-4000x06_3_6.png,0,0,0.039734,train,256,/content/drive/MyDrive/phase11-data/data/Steel1/images/im_val_cut10_400-H-6mm-4000x06_3_6.png,/content/drive/MyDrive/phase11-persistent/gt_boundaries/Steel1/im_val_cut10_400-H-6mm-4000x06_3_6.png,0,0,256,256,0,0
Steel1/im_val_cut10_400-H-6mm-4000x06_4_1/x0_y0,Steel1,im_val_cut10_400-H-6mm-4000x06,im_val_cut10_400-H-6mm-4000x06_4_1.png,0,0,0.016388,train,256,/content/drive/MyDrive/phase11-data/data/Steel1/images/im_val_cut10_400-H-6mm-4000x06_4_1.png,/content/drive/MyDrive/phase11-persistent/gt_boundaries/Steel1/im_val_cut10_400-H-6mm-4000x06_4_1.png,0,0,256,256,0,0
Steel1/im_val_cut10_400-H-6mm-4000x06_4_2/x0_y0,Steel1,im_val_cut10_400-H-6mm-4000x06,im_val_cut10_400-H-6mm-4000x06_4_2.png,0,0,0.11348,train,256,/content/drive/MyDrive/phase11-data/data/Steel1/images/im_val_cut10_400-H-6mm-4000x06_4_2.png,/content/drive/MyDrive/phase11-persistent/gt_boundaries/Steel1/im_val_cut10_400-H-6mm-4000x06_4_2.png,0,0,256,256,0,0
Steel1/im_val_cut10_400-H-6mm-4000x06_4_3/x0_y0,Steel1,im_val_cut10_400-H-6mm-4000x06,im_val_cut10_400-H-6mm-4000x06_4_3.png,0,0,0.100708,train,256,/content/drive/MyDrive/phase11-data/data/Steel1/images/im_val_cut10_400-H-6mm-4000x06_4_3.png,/content/drive/MyDrive/phase11-persistent/gt_boundaries/Steel1/im_val_cut10_400-H-6mm-4000x06_4_3.png,0,0,256,256,0,0
Steel1/im_val_cut10_400-H-6mm-4000x06_4_4/x0_y0,Steel1,im_val_cut10_400-H-6mm-4000x06,im_val_cut10_400-H-6mm-4000x06_4_4.png,0,0,0.105774,train,256,/content/drive/MyDrive/phase11-data/data/Steel1/images/im_val_cut10_400-H-6mm-4000x06_4_4.png,/content/drive/MyDrive/phase11-persistent/gt_boundaries/Steel1/im_val_cut10_400-H-6mm-4000x06_4_4.png,0,0,256,256,0,0
Steel1/im_val_cut10_400-H-6mm-4000x06_4_5/x0_y0,Steel1,im_val_cut10_400-H-6mm-4000x06,im_val_cut10_400-H-6mm-4000x06_4_5.png,0,0,0.085022,train,256,/content/drive/MyDrive/phase11-data/data/Steel1/images/im_val_cut10_400-H-6mm-4000x06_4_5.png,/content/drive/MyDrive/phase11-persistent/gt_boundaries/Steel1/im_val_cut10_400-H-6mm-4000x06_4_5.png,0,0,256,256,0,0
Steel1/im_val_cut10_400-H-6mm-4000x06_4_6/x0_y0,Steel1,im_val_cut10_400-H-6mm-4000x06,im_val_cut10_400-H-6mm-4000x06_4_6.png,0,0,0.074875,train,256,/content/drive/MyDrive/phase11-data/data/Steel1/images/im_val_cut10_400-H-6mm-4000x06_4_6.png,/content/drive/MyDrive/phase11-persistent/gt_boundaries/Steel1/im_val_cut10_400-H-6mm-4000x06_4_6.png,0,0,256,256,0,0
Steel1/im_val_cut10_400-H-6mm-4000x06_5_1/x0_y0,Steel1,im_val_cut10_400-H-6mm-4000x06,im_val_cut10_400-H-6mm-4000x06_5_1.png,0,0,0.079437,train,256,/content/drive/MyDrive/phase11-data/data/Steel1/images/im_val_cut10_400-H-6mm-4000x06_5_1.png,/content/drive/MyDrive/phase11-persistent/gt_boundaries/Steel1/im_val_cut10_400-H-6mm-4000x06_5_1.png,0,0,256,256,0,0
Steel1/im_val_cut10_400-H-6mm-4000x06_5_2/x0_y0,Steel1,im_val_cut10_400-H-6mm-4000x06,im_val_cut10_400-H-6mm-4000x06_5_2.png,0,0,0.12912,train,256,/content/drive/MyDrive/phase11-data/data/Steel1/images/im_val_cut10_400-H-6mm-4000x06_5_2.png,/content/drive/MyDrive/phase11-persistent/gt_boundaries/Steel1/im_val_cut10_400-H-6mm-4000x06_5_2.png,0,0,256,256,0,0
Steel1/im_val_cut10_400-H-6mm-4000x06_5_3/x0_y0,Steel1,im_val_cut10_400-H-6mm-4000x06,im_val_cut10_400-H-6mm-4000x06_5_3.png,0,0,0.140884,train,256,/content/drive/MyDrive/phase11-data/data/Steel1/images/im_val_cut10_400-H-6mm-4000x06_5_3.png,/content/drive/MyDrive/phase11-persistent/gt_boundaries/Steel1/im_val_cut10_400-H-6mm-4000x06_5_3.png,0,0,256,256,0,0
Steel1/im_val_cut10_400-H-6mm-4000x06_5_4/x0_y0,Steel1,im_val_cut10_400-H-6mm-4000x06,im_val_cut10_400-H-6mm-4000x06_5_4.png,0,0,0.109329,train,256,/content/drive/MyDrive/phase11-data/data/Steel1/images/im_val_cut10_400-H-6mm-4000x06_5_4.png,/content/drive/MyDrive/phase11-persistent/gt_boundaries/Steel1/im_val_cut10_400-H-6mm-4000x06_5_4.png,0,0,256,256,0,0
Steel1/im_val_cut10_400-H-6mm-4000x06_5_5/x0_y0,Steel1,im_val_cut10_400-H-6mm-4000x06,im_val_cut10_400-H-6mm-4000x06_5_5.png,0,0,0.06958,train,256,/content/drive/MyDrive/phase11-data/data/Steel1/images/im_val_cut10_400-H-6mm-4000x06_5_5.png,/content/drive/MyDrive/phase11-persistent/gt_boundaries/Steel1/im_val_cut10_400-H-6mm-4000x06_5_5.png,0,0,256,256,0,0
Steel1/im_val_cut10_400-H-6mm-4000x06_5_6/x0_y0,Steel1,im_val_cut10_400-H-6mm-4000x06,im_val_cut10_400-H-6mm-4000x06_5_6.png,0,0,0.04126,train,256,/content/drive/MyDrive/phase11-data/data/Steel1/images/im_val_cut10_400-H-6mm-4000x06_5_6.png,/content/drive/MyDrive/phase11-persistent/gt_boundaries/Steel1/im_val_cut10_400-H-6mm-4000x06_5_6.png,0,0,256,256,0,0
Steel1/im_val_cut10_400-H-6mm-4000x06_6_1/x0_y0,Steel1,im_val_cut10_400-H-6mm-4000x06,im_val_cut10_400-H-6mm-4000x06_6_1.png,0,0,0.110962,train,256,/content/drive/MyDrive/phase11-data/data/Steel1/images/im_val_cut10_400-H-6mm-4000x06_6_1.png,/content/drive/MyDrive/phase11-persistent/gt_boundaries/Steel1/im_val_cut10_400-H-6mm-4000x06_6_1.png,0,0,256,256,0,0
Steel1/im_val_cut10_400-H-6mm-4000x06_6_2/x0_y0,Steel1,im_val_cut10_400-H-6mm-4000x06,im_val_cut10_400-H-6mm-4000x06_6_2.png,0,0,0.11412,train,256,/content/drive/MyDrive/phase11-data/data/Steel1/images/im_val_cut10_400-H-6mm-4000x06_6_2.png,/content/drive/MyDrive/phase11-persistent/gt_boundaries/Steel1/im_val_cut10_400-H-6mm-4000x06_6_2.png,0,0,256,256,0,0
Steel1/im_val_cut10_400-H-6mm-4000x06_6_3/x0_y0,Steel1,im_val_cut10_400-H-6mm-4000x06,im_val_cut10_400-H-6mm-4000x06_6_3.png,0,0,0.070618,train,256,/content/drive/MyDrive/phase11-data/data/Steel1/images/im_val_cut10_400-H-6mm-4000x06_6_3.png,/content/drive/MyDrive/phase11-persistent/gt_boundaries/Steel1/im_val_cut10_400-H-6mm-4000x06_6_3.png,0,0,256,256,0,0
Steel1/im_val_cut10_400-H-6mm-4000x06_6_4/x0_y0,Steel1,im_val_cut10_400-H-6mm-4000x06,im_val_cut10_400-H-6mm-4000x06_6_4.png,0,0,0.075256,train,256,/content/drive/MyDrive/phase11-data/data/Steel1/images/im_val_cut10_400-H-6mm-4000x06_6_4.png,/content/drive/MyDrive/phase11-persistent/gt_boundaries/Steel1/im_val_cut10_400-H-6mm-4000x06_6_4.png,0,0,256,256,0,0
Steel1/im_val_cut10_400-H-6mm-4000x06_6_5/x0_y0,Steel1,im_val_cut10_400-H-6mm-4000x06,im_val_cut10_400-H-6mm-4000x06_6_5.png,0,0,0.104141,train,256,/content/drive/MyDrive/phase11-data/data/Steel1/images/im_val_cut10_400-H-6mm-4000x06_6_5.png,/content/drive/MyDrive/phase11-persistent/gt_boundaries/Steel1/im_val_cut10_400-H-6mm-4000x06_6_5.png,0,0,256,256,0,0
Steel1/im_val_cut10_400-H-6mm-4000x06_6_6/x0_y0,Steel1,im_val_cut10_400-H-6mm-4000x06,im_val_cut10_400-H-6mm-4000x06_6_6.png,0,0,0.07164,train,256,/content/drive/MyDrive/phase11-data/data/Steel1/images/im_val_cut10_400-H-6mm-4000x06_6_6.png,/content/drive/MyDrive/phase11-persistent/gt_boundaries/Steel1/im_val_cut10_400-H-6mm-4000x06_6_6.png,0,0,256,256,0,0
Steel1/im_val_cut10_400-H-6mm-4000x06_7_1/x0_y0,Steel1,im_val_cut10_400-H-6mm-4000x06,im_val_cut10_400-H-6mm-4000x06_7_1.png,0,0,0.129379,train,256,/content/drive/MyDrive/phase11-data/data/Steel1/images/im_val_cut10_400-H-6mm-4000x06_7_1.png,/content/drive/MyDrive/phase11-persistent/gt_boundaries/Steel1/im_val_cut10_400-H-6mm-4000x06_7_1.png,0,0,256,256,0,0
Steel1/im_val_cut10_400-H-6mm-4000x06_7_2/x0_y0,Steel1,im_val_cut10_400-H-6mm-4000x06,im_val_cut10_400-H-6mm-4000x06_7_2.png,0,0,0.121277,train,256,/content/drive/MyDrive/phase11-data/data/Steel1/images/im_val_cut10_400-H-6mm-4000x06_7_2.png,/content/drive/MyDrive/phase11-persistent/gt_boundaries/Steel1/im_val_cut10_400-H-6mm-4000x06_7_2.png,0,0,256,256,0,0
Steel1/im_val_cut10_400-H-6mm-4000x06_7_3/x0_y0,Steel1,im_val_cut10_400-H-6mm-4000x06,im_val_cut10_400-H-6mm-4000x06_7_3.png,0,0,0.115051,train,256,/content/drive/MyDrive/phase11-data/data/Steel1/images/im_val_cut10_400-H-6mm-4000x06_7_3.png,/content/drive/MyDrive/phase11-persistent/gt_boundaries/Steel1/im_val_cut10_400-H-6mm-4000x06_7_3.png,0,0,256,256,0,0
Steel1/im_val_cut10_400-H-6mm-4000x06_7_4/x0_y0,Steel1,im_val_cut10_400-H-6mm-4000x06,im_val_cut10_400-H-6mm-4000x06_7_4.png,0,0,0.092697,train,256,/content/drive/MyDrive/phase11-data/data/Steel1/images/im_val_cut10_400-H-6mm-4000x06_7_4.png,/content/drive/MyDrive/phase11-persistent/gt_boundaries/Steel1/im_val_cut10_400-H-6mm-4000x06_7_4.png,0,0,256,256,0,0
Steel1/im_val_cut10_400-H-6mm-4000x06_7_5/x0_y0,Steel1,im_val_cut10_400-H-6mm-4000x06,im_val_cut10_400-H-6mm-4000x06_7_5.png,0,0,0.076172,train,256,/content/drive/MyDrive/phase11-data/data/Steel1/images/im_val_cut10_400-H-6mm-4000x06_7_5.png,/content/drive/MyDrive/phase11-persistent/gt_boundaries/Steel1/im_val_cut10_400-H-6mm-4000x06_7_5.png,0,0,256,256,0,0
Steel1/im_val_cut10_400-H-6mm-4000x06_7_6/x0_y0,Steel1,im_val_cut10_400-H-6mm-4000x06,im_val_cut10_400-H-6mm-4000x06_7_6.png,0,0,0.034286,train,256,/content/drive/MyDrive/phase11-data/data/Steel1/images/im_val_cut10_400-H-6mm-4000x06_7_6.png,/content/drive/MyDrive/phase11-persistent/gt_boundaries/Steel1/im_val_cut10_400-H-6mm-4000x06_7_6.png,0,0,256,256,0,0
Steel1/im_val_cut10_400-H-6mm-4000x06_8_1/x0_y0,Steel1,im_val_cut10_400-H-6mm-4000x06,im_val_cut10_400-H-6mm-4000x06_8_1.png,0,0,0.127304,train,256,/content/drive/MyDrive/phase11-data/data/Steel1/images/im_val_cut10_400-H-6mm-4000x06_8_1.png,/content/drive/MyDrive/phase11-persistent/gt_boundaries/Steel1/im_val_cut10_400-H-6mm-4000x06_8_1.png,0,0,256,256,0,0
Steel1/im_val_cut10_400-H-6mm-4000x06_8_2/x0_y0,Steel1,im_val_cut10_400-H-6mm-4000x06,im_val_cut10_400-H-6mm-4000x06_8_2.png,0,0,0.114548,train,256,/content/drive/MyDrive/phase11-data/data/Steel1/images/im_val_cut10_400-H-6mm-4000x06_8_2.png,/content/drive/MyDrive/phase11-persistent/gt_boundaries/Steel1/im_val_cut10_400-H-6mm-4000x06_8_2.png,0,0,256,256,0,0
Steel1/im_val_cut10_400-H-6mm-4000x06_8_3/x0_y0,Steel1,im_val_cut10_400-H-6mm-4000x06,im_val_cut10_400-H-6mm-4000x06_8_3.png,0,0,0.084976,train,256,/content/drive/MyDrive/phase11-data/data/Steel1/images/im_val_cut10_400-H-6mm-4000x06_8_3.png,/content/drive/MyDrive/phase11-persistent/gt_boundaries/Steel1/im_val_cut10_400-H-6mm-4000x06_8_3.png,0,0,256,256,0,0
Steel1/im_val_cut10_400-H-6mm-4000x06_8_4/x0_y0,Steel1,im_val_cut10_400-H-6mm-4000x06,im_val_cut10_400-H-6mm-4000x06_8_4.png,0,0,0.040848,train,256,/content/drive/MyDrive/phase11-data/data/Steel1/images/im_val_cut10_400-H-6mm-4000x06_8_4.png,/content/drive/MyDrive/phase11-persistent/gt_boundaries/Steel1/im_val_cut10_400-H-6mm-4000x06_8_4.png,0,0,256,256,0,0
Steel1/im_val_cut10_400-H-6mm-4000x06_8_5/x0_y0,Steel1,im_val_cut10_400-H-6mm-4000x06,im_val_cut10_400-H-6mm-4000x06_8_5.png,0,0,0.083588,train,256,/content/drive/MyDrive/phase11-data/data/Steel1/images/im_val_cut10_400-H-6mm-4000x06_8_5.png,/content/drive/MyDrive/phase11-persistent/gt_boundaries/Steel1/im_val_cut10_400-H-6mm-4000x06_8_5.png,0,0,256,256,0,0
Steel1/im_val_cut10_400-H-6mm-4000x06_8_6/x0_y0,Steel1,im_val_cut10_400-H-6mm-4000x06,im_val_cut10_400-H-6mm-4000x06_8_6.png,0,0,0.04599,train,256,/content/drive/MyDrive/phase11-data/data/Steel1/images/im_val_cut10_400-H-6mm-4000x06_8_6.png,/content/drive/MyDrive/phase11-persistent/gt_boundaries/Steel1/im_val_cut10_400-H-6mm-4000x06_8_6.png,0,0,256,256,0,0
Steel1/im_val_cut10_400-H-9mm-4000x10_1_1/x0_y0,Steel1,im_val_cut10_400-H-9mm-4000x10,im_val_cut10_400-H-9mm-4000x10_1_1.png,0,0,0.0905,train,256,/content/drive/MyDrive/phase11-data/data/Steel1/images/im_val_cut10_400-H-9mm-4000x10_1_1.png,/content/drive/MyDrive/phase11-persistent/gt_boundaries/Steel1/im_val_cut10_400-H-9mm-4000x10_1_1.png,0,0,256,256,0,0
Steel1/im_val_cut10_400-H-9mm-4000x10_1_2/x0_y0,Steel1,im_val_cut10_400-H-9mm-4000x10,im_val_cut10_400-H-9mm-4000x10_1_2.png,0,0,0.047516,train,256,/content/drive/MyDrive/phase11-data/data/Steel1/images/im_val_cut10_400-H-9mm-4000x10_1_2.png,/content/drive/MyDrive/phase11-persistent/gt_boundaries/Steel1/im_val_cut10_400-H-9mm-4000x10_1_2.png,0,0,256,256,0,0
Steel1/im_val_cut10_400-H-9mm-4000x10_1_3/x0_y0,Steel1,im_val_cut10_400-H-9mm-4000x10,im_val_cut10_400-H-9mm-4000x10_1_3.png,0,0,0.127426,train,256,/content/drive/MyDrive/phase11-data/data/Steel1/images/im_val_cut10_400-H-9mm-4000x10_1_3.png,/content/drive/MyDrive/phase11-persistent/gt_boundaries/Steel1/im_val_cut10_400-H-9mm-4000x10_1_3.png,0,0,256,256,0,0
Steel1/im_val_cut10_400-H-9mm-4000x10_1_4/x0_y0,Steel1,im_val_cut10_400-H-9mm-4000x10,im_val_cut10_400-H-9mm-4000x10_1_4.png,0,0,0.09021,train,256,/content/drive/MyDrive/phase11-data/data/Steel1/images/im_val_cut10_400-H-9mm-4000x10_1_4.png,/content/drive/MyDrive/phase11-persistent/gt_boundaries/Steel1/im_val_cut10_400-H-9mm-4000x10_1_4.png,0,0,256,256,0,0
Steel1/im_val_cut10_400-H-9mm-4000x10_1_5/x0_y0,Steel1,im_val_cut10_400-H-9mm-4000x10,im_val_cut10_400-H-9mm-4000x10_1_5.png,0,0,0.077637,train,256,/content/drive/MyDrive/phase11-data/data/Steel1/images/im_val_cut10_400-H-9mm-4000x10_1_5.png,/content/drive/MyDrive/phase11-persistent/gt_boundaries/Steel1/im_val_cut10_400-H-9mm-4000x10_1_5.png,0,0,256,256,0,0
Steel1/im_val_cut10_400-H-9mm-4000x10_1_6/x0_y0,Steel1,im_val_cut10_400-H-9mm-4000x10,im_val_cut10_400-H-9mm-4000x10_1_6.png,0,0,0.107971,train,256,/content/drive/MyDrive/phase11-data/data/Steel1/images/im_val_cut10_400-H-9mm-4000x10_1_6.png,/content/drive/MyDrive/phase11-persistent/gt_boundaries/Steel1/im_val_cut10_400-H-9mm-4000x10_1_6.png,0,0,256,256,0,0
Steel1/im_val_cut10_400-H-9mm-4000x10_2_1/x0_y0,Steel1,im_val_cut10_400-H-9mm-4000x10,im_val_cut10_400-H-9mm-4000x10_2_1.png,0,0,0.11673,train,256,/content/drive/MyDrive/phase11-data/data/Steel1/images/im_val_cut10_400-H-9mm-4000x10_2_1.png,/content/drive/MyDrive/phase11-persistent/gt_boundaries/Steel1/im_val_cut10_400-H-9mm-4000x10_2_1.png,0,0,256,256,0,0
Steel1/im_val_cut10_400-H-9mm-4000x10_2_2/x0_y0,Steel1,im_val_cut10_400-H-9mm-4000x10,im_val_cut10_400-H-9mm-4000x10_2_2.png,0,0,0.077347,train,256,/content/drive/MyDrive/phase11-data/data/Steel1/images/im_val_cut10_400-H-9mm-4000x10_2_2.png,/content/drive/MyDrive/phase11-persistent/gt_boundaries/Steel1/im_val_cut10_400-H-9mm-4000x10_2_2.png,0,0,256,256,0,0
Steel1/im_val_cut10_400-H-9mm-4000x10_2_3/x0_y0,Steel1,im_val_cut10_400-H-9mm-4000x10,im_val_cut10_400-H-9mm-4000x10_2_3.png,0,0,0.10405,train,256,/content/drive/MyDrive/phase11-data/data/Steel1/images/im_val_cut10_400-H-9mm-4000x10_2_3.png,/content/drive/MyDrive/phase11-persistent/gt_boundaries/Steel1/im_val_cut10_400-H-9mm-4000x10_2_3.png,0,0,256,256,0,0
Steel1/im_val_cut10_400-H-9mm-4000x10_2_4/x0_y0,Steel1,im_val_cut10_400-H-9mm-4000x10,im_val_cut10_400-H-9mm-4000x10_2_4.png,0,0,0.104797,train,256,/content/drive/MyDrive/phase11-data/data/Steel1/images/im_val_cut10_400-H-9mm-4000x10_2_4.png,/content/drive/MyDrive/phase11-persistent/gt_boundaries/Steel1/im_val_cut10_400-H-9mm-4000x10_2_4.png,0,0,256,256,0,0
Steel1/im_val_cut10_400-H-9mm-4000x10_2_5/x0_y0,Steel1,im_val_cut10_400-H-9mm-4000x10,im_val_cut10_400-H-9mm-4000x10_2_5.png,0,0,0.131927,train,256,/content/drive/MyDrive/phase11-data/data/Steel1/images/im_val_cut10_400-H-9mm-4000x10_2_5.png,/content/drive/MyDrive/phase11-persistent/gt_boundaries/Steel1/im_val_cut10_400-H-9mm-4000x10_2_5.png,0,0,256,256,0,0
Steel1/im_val_cut10_400-H-9mm-4000x10_2_6/x0_y0,Steel1,im_val_cut10_400-H-9mm-4000x10,im_val_cut10_400-H-9mm-4000x10_2_6.png,0,0,0.074509,train,256,/content/drive/MyDrive/phase11-data/data/Steel1/images/im_val_cut10_400-H-9mm-4000x10_2_6.png,/content/drive/MyDrive/phase11-persistent/gt_boundaries/Steel1/im_val_cut10_400-H-9mm-4000x10_2_6.png,0,0,256,256,0,0
Steel1/im_val_cut10_400-H-9mm-4000x10_3_1/x0_y0,Steel1,im_val_cut10_400-H-9mm-4000x10,im_val_cut10_400-H-9mm-4000x10_3_1.png,0,0,0.116104,train,256,/content/drive/MyDrive/phase11-data/data/Steel1/images/im_val_cut10_400-H-9mm-4000x10_3_1.png,/content/drive/MyDrive/phase11-persistent/gt_boundaries/Steel1/im_val_cut10_400-H-9mm-4000x10_3_1.png,0,0,256,256,0,0
Steel1/im_val_cut10_400-H-9mm-4000x10_3_2/x0_y0,Steel1,im_val_cut10_400-H-9mm-4000x10,im_val_cut10_400-H-9mm-4000x10_3_2.png,0,0,0.120132,train,256,/content/drive/MyDrive/phase11-data/data/Steel1/images/im_val_cut10_400-H-9mm-4000x10_3_2.png,/content/drive/MyDrive/phase11-persistent/gt_boundaries/Steel1/im_val_cut10_400-H-9mm-4000x10_3_2.png,0,0,256,256,0,0
Steel1/im_val_cut10_400-H-9mm-4000x10_3_3/x0_y0,Steel1,im_val_cut10_400-H-9mm-4000x10,im_val_cut10_400-H-9mm-4000x10_3_3.png,0,0,0.065369,train,256,/content/drive/MyDrive/phase11-data/data/Steel1/images/im_val_cut10_400-H-9mm-4000x10_3_3.png,/content/drive/MyDrive/phase11-persistent/gt_boundaries/Steel1/im_val_cut10_400-H-9mm-4000x10_3_3.png,0,0,256,256,0,0
Steel1/im_val_cut10_400-H-9mm-4000x10_3_4/x0_y0,Steel1,im_val_cut10_400-H-9mm-4000x10,im_val_cut10_400-H-9mm-4000x10_3_4.png,0,0,0.086899,train,256,/content/drive/MyDrive/phase11-data/data/Steel1/images/im_val_cut10_400-H-9mm-4000x10_3_4.png,/content/drive/MyDrive/phase11-persistent/gt_boundaries/Steel1/im_val_cut10_400-H-9mm-4000x10_3_4.png,0,0,256,256,0,0
Steel1/im_val_cut10_400-H-9mm-4000x10_3_5/x0_y0,Steel1,im_val_cut10_400-H-9mm-4000x10,im_val_cut10_400-H-9mm-4000x10_3_5.png,0,0,0.113495,train,256,/content/drive/MyDrive/phase11-data/data/Steel1/images/im_val_cut10_400-H-9mm-4000x10_3_5.png,/content/drive/MyDrive/phase11-persistent/gt_boundaries/Steel1/im_val_cut10_400-H-9mm-4000x10_3_5.png,0,0,256,256,0,0
Steel1/im_val_cut10_400-H-9mm-4000x10_3_6/x0_y0,Steel1,im_val_cut10_400-H-9mm-4000x10,im_val_cut10_400-H-9mm-4000x10_3_6.png,0,0,0.062286,train,256,/content/drive/MyDrive/phase11-data/data/Steel1/images/im_val_cut10_400-H-9mm-4000x10_3_6.png,/content/drive/MyDrive/phase11-persistent/gt_boundaries/Steel1/im_val_cut10_400-H-9mm-4000x10_3_6.png,0,0,256,256,0,0
Steel1/im_val_cut10_400-H-9mm-4000x10_4_1/x0_y0,Steel1,im_val_cut10_400-H-9mm-4000x10,im_val_cut10_400-H-9mm-4000x10_4_1.png,0,0,0.174026,train,256,/content/drive/MyDrive/phase11-data/data/Steel1/images/im_val_cut10_400-H-9mm-4000x10_4_1.png,/content/drive/MyDrive/phase11-persistent/gt_boundaries/Steel1/im_val_cut10_400-H-9mm-4000x10_4_1.png,0,0,256,256,0,0
Steel1/im_val_cut10_400-H-9mm-4000x10_4_2/x0_y0,Steel1,im_val_cut10_400-H-9mm-4000x10,im_val_cut10_400-H-9mm-4000x10_4_2.png,0,0,0.126419,train,256,/content/drive/MyDrive/phase11-data/data/Steel1/images/im_val_cut10_400-H-9mm-4000x10_4_2.png,/content/drive/MyDrive/phase11-persistent/gt_boundaries/Steel1/im_val_cut10_400-H-9mm-4000x10_4_2.png,0,0,256,256,0,0
Steel1/im_val_cut10_400-H-9mm-4000x10_4_3/x0_y0,Steel1,im_val_cut10_400-H-9mm-4000x10,im_val_cut10_400-H-9mm-4000x10_4_3.png,0,0,0.017792,train,256,/content/drive/MyDrive/phase11-data/data/Steel1/images/im_val_cut10_400-H-9mm-4000x10_4_3.png,/content/drive/MyDrive/phase11-persistent/gt_boundaries/Steel1/im_val_cut10_400-H-9mm-4000x10_4_3.png,0,0,256,256,0,0
Steel1/im_val_cut10_400-H-9mm-4000x10_4_4/x0_y0,Steel1,im_val_cut10_400-H-9mm-4000x10,im_val_cut10_400-H-9mm-4000x10_4_4.png,0,0,0.066467,train,256,/content/drive/MyDrive/phase11-data/data/Steel1/images/im_val_cut10_400-H-9mm-4000x10_4_4.png,/content/drive/MyDrive/phase11-persistent/gt_boundaries/Steel1/im_val_cut10_400-H-9mm-4000x10_4_4.png,0,0,256,256,0,0
Steel1/im_val_cut10_400-H-9mm-4000x10_4_5/x0_y0,Steel1,im_val_cut10_400-H-9mm-4000x10,im_val_cut10_400-H-9mm-4000x10_4_5.png,0,0,0.116959,train,256,/content/drive/MyDrive/phase11-data/data/Steel1/images/im_val_cut10_400-H-9mm-4000x10_4_5.png,/content/drive/MyDrive/phase11-persistent/gt_boundaries/Steel1/im_val_cut10_400-H-9mm-4000x10_4_5.png,0,0,256,256,0,0
Steel1/im_val_cut10_400-H-9mm-4000x10_4_6/x0_y0,Steel1,im_val_cut10_400-H-9mm-4000x10,im_val_cut10_400-H-9mm-4000x10_4_6.png,0,0,0.092087,train,256,/content/drive/MyDrive/phase11-data/data/Steel1/images/im_val_cut10_400-H-9mm-4000x10_4_6.png,/content/drive/MyDrive/phase11-persistent/gt_boundaries/Steel1/im_val_cut10_400-H-9mm-4000x10_4_6.png,0,0,256,256,0,0
Steel1/im_val_cut10_400-H-9mm-4000x10_5_1/x0_y0,Steel1,im_val_cut10_400-H-9mm-4000x10,im_val_cut10_400-H-9mm-4000x10_5_1.png,0,0,0.091049,train,256,/content/drive/MyDrive/phase11-data/data/Steel1/images/im_val_cut10_400-H-9mm-4000x10_5_1.png,/content/drive/MyDrive/phase11-persistent/gt_boundaries/Steel1/im_val_cut10_400-H-9mm-4000x10_5_1.png,0,0,256,256,0,0
Steel1/im_val_cut10_400-H-9mm-4000x10_5_2/x0_y0,Steel1,im_val_cut10_400-H-9mm-4000x10,im_val_cut10_400-H-9mm-4000x10_5_2.png,0,0,0.097961,train,256,/content/drive/MyDrive/phase11-data/data/Steel1/images/im_val_cut10_400-H-9mm-4000x10_5_2.png,/content/drive/MyDrive/phase11-persistent/gt_boundaries/Steel1/im_val_cut10_400-H-9mm-4000x10_5_2.png,0,0,256,256,0,0
Steel1/im_val_cut10_400-H-9mm-4000x10_5_3/x0_y0,Steel1,im_val_cut10_400-H-9mm-4000x10,im_val_cut10_400-H-9mm-4000x10_5_3.png,0,0,0.081223,train,256,/content/drive/MyDrive/phase11-data/data/Steel1/images/im_val_cut10_400-H-9mm-4000x10_5_3.png,/content/drive/MyDrive/phase11-persistent/gt_boundaries/Steel1/im_val_cut10_400-H-9mm-4000x10_5_3.png,0,0,256,256,0,0
Steel1/im_val_cut10_400-H-9mm-4000x10_5_4/x0_y0,Steel1,im_val_cut10_400-H-9mm-4000x10,im_val_cut10_400-H-9mm-4000x10_5_4.png,0,0,0.091263,train,256,/content/drive/MyDrive/phase11-data/data/Steel1/images/im_val_cut10_400-H-9mm-4000x10_5_4.png,/content/drive/MyDrive/phase11-persistent/gt_boundaries/Steel1/im_val_cut10_400-H-9mm-4000x10_5_4.png,0,0,256,256,0,0
Steel1/im_val_cut10_400-H-9mm-4000x10_5_5/x0_y0,Steel1,im_val_cut10_400-H-9mm-4000x10,im_val_cut10_400-H-9mm-4000x10_5_5.png,0,0,0.025146,train,256,/content/drive/MyDrive/phase11-data/data/Steel1/images/im_val_cut10_400-H-9mm-4000x10_5_5.png,/content/drive/MyDrive/phase11-persistent/gt_boundaries/Steel1/im_val_cut10_400-H-9mm-4000x10_5_5.png,0,0,256,256,0,0
Steel1/im_val_cut10_400-H-9mm-4000x10_5_6/x0_y0,Steel1,im_val_cut10_400-H-9mm-4000x10,im_val_cut10_400-H-9mm-4000x10_5_6.png,0,0,0.083435,train,256,/content/drive/MyDrive/phase11-data/data/Steel1/images/im_val_cut10_400-H-9mm-4000x10_5_6.png,/content/drive/MyDrive/phase11-persistent/gt_boundaries/Steel1/im_val_cut10_400-H-9mm-4000x10_5_6.png,0,0,256,256,0,0
Steel1/im_val_cut10_400-H-9mm-4000x10_6_1/x0_y0,Steel1,im_val_cut10_400-H-9mm-4000x10,im_val_cut10_400-H-9mm-4000x10_6_1.png,0,0,0.089066,train,256,/content/drive/MyDrive/phase11-data/data/Steel1/images/im_val_cut10_400-H-9mm-4000x10_6_1.png,/content/drive/MyDrive/phase11-persistent/gt_boundaries/Steel1/im_val_cut10_400-H-9mm-4000x10_6_1.png,0,0,256,256,0,0
Steel1/im_val_cut10_400-H-9mm-4000x10_6_2/x0_y0,Steel1,im_val_cut10_400-H-9mm-4000x10,im_val_cut10_400-H-9mm-4000x10_6_2.png,0,0,0.1035,train,256,/content/drive/MyDrive/phase11-data/data/Steel1/images/im_val_cut10_400-H-9mm-4000x10_6_2.png,/content/drive/MyDrive/phase11-persistent/gt_boundaries/Steel1/im_val_cut10_400-H-9mm-4000x10_6_2.png,0,0,256,256,0,0
Steel1/im_val_cut10_400-H-9mm-4000x10_6_3/x0_y0,Steel1,im_val_cut10_400-H-9mm-4000x10,im_val_cut10_400-H-9mm-4000x10_6_3.png,0,0,0.112686,train,256,/content/drive/MyDrive/phase11-data/data/Steel1/images/im_val_cut10_400-H-9mm-4000x10_6_3.png,/content/drive/MyDrive/phase11-persistent/gt_boundaries/Steel1/im_val_cut10_400-H-9mm-4000x10_6_3.png,0,0,256,256,0,0
Steel1/im_val_cut10_400-H-9mm-4000x10_6_4/x0_y0,Steel1,im_val_cut10_400-H-9mm-4000x10,im_val_cut10_400-H-9mm-4000x10_6_4.png,0,0,0.059372,train,256,/content/drive/MyDrive/phase11-data/data/Steel1/images/im_val_cut10_400-H-9mm-4000x10_6_4.png,/content/drive/MyDrive/phase11-persistent/gt_boundaries/Steel1/im_val_cut10_400-H-9mm-4000x10_6_4.png,0,0,256,256,0,0
Steel1/im_val_cut10_400-H-9mm-4000x10_6_5/x0_y0,Steel1,im_val_cut10_400-H-9mm-4000x10,im_val_cut10_400-H-9mm-4000x10_6_5.png,0,0,0.045151,train,256,/content/drive/MyDrive/phase11-data/data/Steel1/images/im_val_cut10_400-H-9mm-4000x10_6_5.png,/content/drive/MyDrive/phase11-persistent/gt_boundaries/Steel1/im_val_cut10_400-H-9mm-4000x10_6_5.png,0,0,256,256,0,0
Steel1/im_val_cut10_400-H-9mm-4000x10_6_6/x0_y0,Steel1,im_val_cut10_400-H-9mm-4000x10,im_val_cut10_400-H-9mm-4000x10_6_6.png,0,0,0.044586,train,256,/content/drive/MyDrive/phase11-data/data/Steel1/images/im_val_cut10_400-H-9mm-4000x10_6_6.png,/content/drive/MyDrive/phase11-persistent/gt_boundaries/Steel1/im_val_cut10_400-H-9mm-4000x10_6_6.png,0,0,256,256,0,0
Steel1/im_val_cut10_400-H-9mm-4000x10_7_1/x0_y0,Steel1,im_val_cut10_400-H-9mm-4000x10,im_val_cut10_400-H-9mm-4000x10_7_1.png,0,0,0.116745,train,256,/content/drive/MyDrive/phase11-data/data/Steel1/images/im_val_cut10_400-H-9mm-4000x10_7_1.png,/content/drive/MyDrive/phase11-persistent/gt_boundaries/Steel1/im_val_cut10_400-H-9mm-4000x10_7_1.png,0,0,256,256,0,0
Steel1/im_val_cut10_400-H-9mm-4000x10_7_2/x0_y0,Steel1,im_val_cut10_400-H-9mm-4000x10,im_val_cut10_400-H-9mm-4000x10_7_2.png,0,0,0.077972,train,256,/content/drive/MyDrive/phase11-data/data/Steel1/images/im_val_cut10_400-H-9mm-4000x10_7_2.png,/content/drive/MyDrive/phase11-persistent/gt_boundaries/Steel1/im_val_cut10_400-H-9mm-4000x10_7_2.png,0,0,256,256,0,0
Steel1/im_val_cut10_400-H-9mm-4000x10_7_3/x0_y0,Steel1,im_val_cut10_400-H-9mm-4000x10,im_val_cut10_400-H-9mm-4000x10_7_3.png,0,0,0.061493,train,256,/content/drive/MyDrive/phase11-data/data/Steel1/images/im_val_cut10_400-H-9mm-4000x10_7_3.png,/content/drive/MyDrive/phase11-persistent/gt_boundaries/Steel1/im_val_cut10_400-H-9mm-4000x10_7_3.png,0,0,256,256,0,0
Steel1/im_val_cut10_400-H-9mm-4000x10_7_4/x0_y0,Steel1,im_val_cut10_400-H-9mm-4000x10,im_val_cut10_400-H-9mm-4000x10_7_4.png,0,0,0.072678,train,256,/content/drive/MyDrive/phase11-data/data/Steel1/images/im_val_cut10_400-H-9mm-4000x10_7_4.png,/content/drive/MyDrive/phase11-persistent/gt_boundaries/Steel1/im_val_cut10_400-H-9mm-4000x10_7_4.png,0,0,256,256,0,0
Steel1/im_val_cut10_400-H-9mm-4000x10_7_5/x0_y0,Steel1,im_val_cut10_400-H-9mm-4000x10,im_val_cut10_400-H-9mm-4000x10_7_5.png,0,0,0.06813,train,256,/content/drive/MyDrive/phase11-data/data/Steel1/images/im_val_cut10_400-H-9mm-4000x10_7_5.png,/content/drive/MyDrive/phase11-persistent/gt_boundaries/Steel1/im_val_cut10_400-H-9mm-4000x10_7_5.png,0,0,256,256,0,0
Steel1/im_val_cut10_400-H-9mm-4000x10_7_6/x0_y0,Steel1,im_val_cut10_400-H-9mm-4000x10,im_val_cut10_400-H-9mm-4000x10_7_6.png,0,0,0.059433,train,256,/content/drive/MyDrive/phase11-data/data/Steel1/images/im_val_cut10_400-H-9mm-4000x10_7_6.png,/content/drive/MyDrive/phase11-persistent/gt_boundaries/Steel1/im_val_cut10_400-H-9mm-4000x10_7_6.png,0,0,256,256,0,0
Steel1/im_val_cut10_400-H-9mm-4000x10_8_1/x0_y0,Steel1,im_val_cut10_400-H-9mm-4000x10,im_val_cut10_400-H-9mm-4000x10_8_1.png,0,0,0.067963,train,256,/content/drive/MyDrive/phase11-data/data/Steel1/images/im_val_cut10_400-H-9mm-4000x10_8_1.png,/content/drive/MyDrive/phase11-persistent/gt_boundaries/Steel1/im_val_cut10_400-H-9mm-4000x10_8_1.png,0,0,256,256,0,0
Steel1/im_val_cut10_400-H-9mm-4000x10_8_2/x0_y0,Steel1,im_val_cut10_400-H-9mm-4000x10,im_val_cut10_400-H-9mm-4000x10_8_2.png,0,0,0.08194,train,256,/content/drive/MyDrive/phase11-data/data/Steel1/images/im_val_cut10_400-H-9mm-4000x10_8_2.png,/content/drive/MyDrive/phase11-persistent/gt_boundaries/Steel1/im_val_cut10_400-H-9mm-4000x10_8_2.png,0,0,256,256,0,0
Steel1/im_val_cut10_400-H-9mm-4000x10_8_3/x0_y0,Steel1,im_val_cut10_400-H-9mm-4000x10,im_val_cut10_400-H-9mm-4000x10_8_3.png,0,0,0.063705,train,256,/content/drive/MyDrive/phase11-data/data/Steel1/images/im_val_cut10_400-H-9mm-4000x10_8_3.png,/content/drive/MyDrive/phase11-persistent/gt_boundaries/Steel1/im_val_cut10_400-H-9mm-4000x10_8_3.png,0,0,256,256,0,0
Steel1/im_val_cut10_400-H-9mm-4000x10_8_4/x0_y0,Steel1,im_val_cut10_400-H-9mm-4000x10,im_val_cut10_400-H-9mm-4000x10_8_4.png,0,0,0.049271,train,256,/content/drive/MyDrive/phase11-data/data/Steel1/images/im_val_cut10_400-H-9mm-4000x10_8_4.png,/content/drive/MyDrive/phase11-persistent/gt_boundaries/Steel1/im_val_cut10_400-H-9mm-4000x10_8_4.png,0,0,256,256,0,0
Steel1/im_val_cut10_400-H-9mm-4000x10_8_5/x0_y0,Steel1,im_val_cut10_400-H-9mm-4000x10,im_val_cut10_400-H-9mm-4000x10_8_5.png,0,0,0.016129,train,256,/content/drive/MyDrive/phase11-data/data/Steel1/images/im_val_cut10_400-H-9mm-4000x10_8_5.png,/content/drive/MyDrive/phase11-persistent/gt_boundaries/Steel1/im_val_cut10_400-H-9mm-4000x10_8_5.png,0,0,256,256,0,0
Steel1/im_val_cut10_400-H-9mm-4000x10_8_6/x0_y0,Steel1,im_val_cut10_400-H-9mm-4000x10,im_val_cut10_400-H-9mm-4000x10_8_6.png,0,0,0.082748,train,256,/content/drive/MyDrive/phase11-data/data/Steel1/images/im_val_cut10_400-H-9mm-4000x10_8_6.png,/content/drive/MyDrive/phase11-persistent/gt_boundaries/Steel1/im_val_cut10_400-H-9mm-4000x10_8_6.png,0,0,256,256,0,0
Steel1/im_val_cut10_400-H-9mm-4000x11_1_1/x0_y0,Steel1,im_val_cut10_400-H-9mm-4000x11,im_val_cut10_400-H-9mm-4000x11_1_1.png,0,0,0.093216,val,256,/content/drive/MyDrive/phase11-data/data/Steel1/images/im_val_cut10_400-H-9mm-4000x11_1_1.png,/content/drive/MyDrive/phase11-persistent/gt_boundaries/Steel1/im_val_cut10_400-H-9mm-4000x11_1_1.png,0,0,256,256,0,0
Steel1/im_val_cut10_400-H-9mm-4000x11_1_2/x0_y0,Steel1,im_val_cut10_400-H-9mm-4000x11,im_val_cut10_400-H-9mm-4000x11_1_2.png,0,0,0.120148,val,256,/content/drive/MyDrive/phase11-data/data/Steel1/images/im_val_cut10_400-H-9mm-4000x11_1_2.png,/content/drive/MyDrive/phase11-persistent/gt_boundaries/Steel1/im_val_cut10_400-H-9mm-4000x11_1_2.png,0,0,256,256,0,0
Steel1/im_val_cut10_400-H-9mm-4000x11_1_3/x0_y0,Steel1,im_val_cut10_400-H-9mm-4000x11,im_val_cut10_400-H-9mm-4000x11_1_3.png,0,0,0.098221,val,256,/content/drive/MyDrive/phase11-data/data/Steel1/images/im_val_cut10_400-H-9mm-4000x11_1_3.png,/content/drive/MyDrive/phase11-persistent/gt_boundaries/Steel1/im_val_cut10_400-H-9mm-4000x11_1_3.png,0,0,256,256,0,0
Steel1/im_val_cut10_400-H-9mm-4000x11_1_4/x0_y0,Steel1,im_val_cut10_400-H-9mm-4000x11,im_val_cut10_400-H-9mm-4000x11_1_4.png,0,0,0.027283,val,256,/content/drive/MyDrive/phase11-data/data/Steel1/images/im_val_cut10_400-H-9mm-4000x11_1_4.png,/content/drive/MyDrive/phase11-persistent/gt_boundaries/Steel1/im_val_cut10_400-H-9mm-4000x11_1_4.png,0,0,256,256,0,0
Steel1/im_val_cut10_400-H-9mm-4000x11_1_5/x0_y0,Steel1,im_val_cut10_400-H-9mm-4000x11,im_val_cut10_400-H-9mm-4000x11_1_5.png,0,0,0.058243,val,256,/content/drive/MyDrive/phase11-data/data/Steel1/images/im_val_cut10_400-H-9mm-4000x11_1_5.png,/content/drive/MyDrive/phase11-persistent/gt_boundaries/Steel1/im_val_cut10_400-H-9mm-4000x11_1_5.png,0,0,256,256,0,0
Steel1/im_val_cut10_400-H-9mm-4000x11_1_6/x0_y0,Steel1,im_val_cut10_400-H-9mm-4000x11,im_val_cut10_400-H-9mm-4000x11_1_6.png,0,0,0.066238,val,256,/content/drive/MyDrive/phase11-data/data/Steel1/images/im_val_cut10_400-H-9mm-4000x11_1_6.png,/content/drive/MyDrive/phase11-persistent/gt_boundaries/Steel1/im_val_cut10_400-H-9mm-4000x11_1_6.png,0,0,256,256,0,0
Steel1/im_val_cut10_400-H-9mm-4000x11_2_1/x0_y0,Steel1,im_val_cut10_400-H-9mm-4000x11,im_val_cut10_400-H-9mm-4000x11_2_1.png,0,0,0.12323,val,256,/content/drive/MyDrive/phase11-data/data/Steel1/images/im_val_cut10_400-H-9mm-4000x11_2_1.png,/content/drive/MyDrive/phase11-persistent/gt_boundaries/Steel1/im_val_cut10_400-H-9mm-4000x11_2_1.png,0,0,256,256,0,0
Steel1/im_val_cut10_400-H-9mm-4000x11_2_2/x0_y0,Steel1,im_val_cut10_400-H-9mm-4000x11,im_val_cut10_400-H-9mm-4000x11_2_2.png,0,0,0.094757,val,256,/content/drive/MyDrive/phase11-data/data/Steel1/images/im_val_cut10_400-H-9mm-4000x11_2_2.png,/content/drive/MyDrive/phase11-persistent/gt_boundaries/Steel1/im_val_cut10_400-H-9mm-4000x11_2_2.png,0,0,256,256,0,0
Steel1/im_val_cut10_400-H-9mm-4000x11_2_3/x0_y0,Steel1,im_val_cut10_400-H-9mm-4000x11,im_val_cut10_400-H-9mm-4000x11_2_3.png,0,0,0.010361,val,256,/content/drive/MyDrive/phase11-data/data/Steel1/images/im_val_cut10_400-H-9mm-4000x11_2_3.png,/content/drive/MyDrive/phase11-persistent/gt_boundaries/Steel1/im_val_cut10_400-H-9mm-4000x11_2_3.png,0,0,256,256,0,0
Steel1/im_val_cut10_400-H-9mm-4000x11_2_4/x0_y0,Steel1,im_val_cut10_400-H-9mm-4000x11,im_val_cut10_400-H-9mm-4000x11_2_4.png,0,0,0.041138,val,256,/content/drive/MyDrive/phase11-data/data/Steel1/images/im_val_cut10_400-H-9mm-4000x11_2_4.png,/content/drive/MyDrive/phase11-persistent/gt_boundaries/Steel1/im_val_cut10_400-H-9mm-4000x11_2_4.png,0,0,256,256,0,0
Steel1/im_val_cut10_400-H-9mm-4000x11_2_5/x0_y0,Steel1,im_val_cut10_400-H-9mm-4000x11,im_val_cut10_400-H-9mm-4000x11_2_5.png,0,0,0.059906,val,256,/content/drive/MyDrive/phase11-data/data/Steel1/images/im_val_cut10_400-H-9mm-4000x11_2_5.png,/content/drive/MyDrive/phase11-persistent/gt_boundaries/Steel1/im_val_cut10_400-H-9mm-4000x11_2_5.png,0,0,256,256,0,0
Steel1/im_val_cut10_400-H-9mm-4000x11_2_6/x0_y0,Steel1,im_val_cut10_400-H-9mm-4000x11,im_val_cut10_400-H-9mm-4000x11_2_6.png,0,0,0.087601,val,256,/content/drive/MyDrive/phase11-data/data/Steel1/images/im_val_cut10_400-H-9mm-4000x11_2_6.png,/content/drive/MyDrive/phase11-persistent/gt_boundaries/Steel1/im_val_cut10_400-H-9mm-4000x11_2_6.png,0,0,256,256,0,0
Steel1/im_val_cut10_400-H-9mm-4000x11_3_1/x0_y0,Steel1,im_val_cut10_400-H-9mm-4000x11,im_val_cut10_400-H-9mm-4000x11_3_1.png,0,0,0.076141,val,256,/content/drive/MyDrive/phase11-data/data/Steel1/images/im_val_cut10_400-H-9mm-4000x11_3_1.png,/content/drive/MyDrive/phase11-persistent/gt_boundaries/Steel1/im_val_cut10_400-H-9mm-4000x11_3_1.png,0,0,256,256,0,0
Steel1/im_val_cut10_400-H-9mm-4000x11_3_2/x0_y0,Steel1,im_val_cut10_400-H-9mm-4000x11,im_val_cut10_400-H-9mm-4000x11_3_2.png,0,0,0.082001,val,256,/content/drive/MyDrive/phase11-data/data/Steel1/images/im_val_cut10_400-H-9mm-4000x11_3_2.png,/content/drive/MyDrive/phase11-persistent/gt_boundaries/Steel1/im_val_cut10_400-H-9mm-4000x11_3_2.png,0,0,256,256,0,0
Steel1/im_val_cut10_400-H-9mm-4000x11_3_4/x0_y0,Steel1,im_val_cut10_400-H-9mm-4000x11,im_val_cut10_400-H-9mm-4000x11_3_4.png,0,0,0.03447,val,256,/content/drive/MyDrive/phase11-data/data/Steel1/images/im_val_cut10_400-H-9mm-4000x11_3_4.png,/content/drive/MyDrive/phase11-persistent/gt_boundaries/Steel1/im_val_cut10_400-H-9mm-4000x11_3_4.png,0,0,256,256,0,0
Steel1/im_val_cut10_400-H-9mm-4000x11_3_5/x0_y0,Steel1,im_val_cut10_400-H-9mm-4000x11,im_val_cut10_400-H-9mm-4000x11_3_5.png,0,0,0.111633,val,256,/content/drive/MyDrive/phase11-data/data/Steel1/images/im_val_cut10_400-H-9mm-4000x11_3_5.png,/content/drive/MyDrive/phase11-persistent/gt_boundaries/Steel1/im_val_cut10_400-H-9mm-4000x11_3_5.png,0,0,256,256,0,0
Steel1/im_val_cut10_400-H-9mm-4000x11_3_6/x0_y0,Steel1,im_val_cut10_400-H-9mm-4000x11,im_val_cut10_400-H-9mm-4000x11_3_6.png,0,0,0.089279,val,256,/content/drive/MyDrive/phase11-data/data/Steel1/images/im_val_cut10_400-H-9mm-4000x11_3_6.png,/content/drive/MyDrive/phase11-persistent/gt_boundaries/Steel1/im_val_cut10_400-H-9mm-4000x11_3_6.png,0,0,256,256,0,0
Steel1/im_val_cut10_400-H-9mm-4000x11_4_1/x0_y0,Steel1,im_val_cut10_400-H-9mm-4000x11,im_val_cut10_400-H-9mm-4000x11_4_1.png,0,0,0.104996,val,256,/content/drive/MyDrive/phase11-data/data/Steel1/images/im_val_cut10_400-H-9mm-4000x11_4_1.png,/content/drive/MyDrive/phase11-persistent/gt_boundaries/Steel1/im_val_cut10_400-H-9mm-4000x11_4_1.png,0,0,256,256,0,0
Steel1/im_val_cut10_400-H-9mm-4000x11_4_2/x0_y0,Steel1,im_val_cut10_400-H-9mm-4000x11,im_val_cut10_400-H-9mm-4000x11_4_2.png,0,0,0.093353,val,256,/content/drive/MyDrive/phase11-data/data/Steel1/images/im_val_cut10_400-H-9mm-4000x11_4_2.png,/content/drive/MyDrive/phase11-persistent/gt_boundaries/Steel1/im_val_cut10_400-H-9mm-4000x11_4_2.png,0,0,256,256,0,0
Steel1/im_val_cut10_400-H-9mm-4000x11_4_3/x0_y0,Steel1,im_val_cut10_400-H-9mm-4000x11,im_val_cut10_400-H-9mm-4000x11_4_3.png,0,0,0.014648,val,256,/content/drive/MyDrive/phase11-data/data/Steel1/images/im_val_cut10_400-H-9mm-4000x11_4_3.png,/content/drive/MyDrive/phase11-persistent/gt_boundaries/Steel1/im_val_cut10_400-H-9mm-4000x11_4_3.png,0,0,256,256,0,0
Steel1/im_val_cut10_400-H-9mm-4000x11_4_4/x0_y0,Steel1,im_val_cut10_400-H-9mm-4000x11,im_val_cut10_400-H-9mm-4000x11_4_4.png,0,0,0.048141,val,256,/content/drive/MyDrive/phase11-data/data/Steel1/images/im_val_cut10_400-H-9mm-4000x11_4_4.png,/content/drive/MyDrive/phase11-persistent/gt_boundaries/Steel1/im_val_cut10_400-H-9mm-4000x11_4_4.png,0,0,256,256,0,0
Steel1/im_val_cut10_400-H-9mm-4000x11_4_5/x0_y0,Steel1,im_val_cut10_400-H-9mm-4000x11,im_val_cut10_400-H-9mm-4000x11_4_5.png,0,0,0.061432,val,256,/content/drive/MyDrive/phase11-data/data/Steel1/images/im_val_cut10_400-H-9mm-4000x11_4_5.png,/content/drive/MyDrive/phase11-persistent/gt_boundaries/Steel1/im_val_cut10_400-H-9mm-4000x11_4_5.png,0,0,256,256,0,0
Steel1/im_val_cut10_400-H-9mm-4000x11_4_6/x0_y0,Steel1,im_val_cut10_400-H-9mm-4000x11,im_val_cut10_400-H-9mm-4000x11_4_6.png,0,0,0.069672,val,256,/content/drive/MyDrive/phase11-data/data/Steel1/images/im_val_cut10_400-H-9mm-4000x11_4_6.png,/content/drive/MyDrive/phase11-persistent/gt_boundaries/Steel1/im_val_cut10_400-H-9mm-4000x11_4_6.png,0,0,256,256,0,0
Steel1/im_val_cut10_400-H-9mm-4000x11_5_1/x0_y0,Steel1,im_val_cut10_400-H-9mm-4000x11,im_val_cut10_400-H-9mm-4000x11_5_1.png,0,0,0.044785,val,256,/content/drive/MyDrive/phase11-data/data/Steel1/images/im_val_cut10_400-H-9mm-4000x11_5_1.png,/content/drive/MyDrive/phase11-persistent/gt_boundaries/Steel1/im_val_cut10_400-H-9mm-4000x11_5_1.png,0,0,256,256,0,0
Steel1/im_val_cut10_400-H-9mm-4000x11_5_2/x0_y0,Steel1,im_val_cut10_400-H-9mm-4000x11,im_val_cut10_400-H-9mm-4000x11_5_2.png,0,0,0.05748,val,256,/content/drive/MyDrive/phase11-data/data/Steel1/images/im_val_cut10_400-H-9mm-4000x11_5_2.png,/content/drive/MyDrive/phase11-persistent/gt_boundaries/Steel1/im_val_cut10_400-H-9mm-4000x11_5_2.png,0,0,256,256,0,0
Steel1/im_val_cut10_400-H-9mm-4000x11_5_3/x0_y0,Steel1,im_val_cut10_400-H-9mm-4000x11,im_val_cut10_400-H-9mm-4000x11_5_3.png,0,0,0.066422,val,256,/content/drive/MyDrive/phase11-data/data/Steel1/images/im_val_cut10_400-H-9mm-4000x11_5_3.png,/content/drive/MyDrive/phase11-persistent/gt_boundaries/Steel1/im_val_cut10_400-H-9mm-4000x11_5_3.png,0,0,256,256,0,0
Steel1/im_val_cut10_400-H-9mm-4000x11_5_4/x0_y0,Steel1,im_val_cut10_400-H-9mm-4000x11,im_val_cut10_400-H-9mm-4000x11_5_4.png,0,0,0.061661,val,256,/content/drive/MyDrive/phase11-data/data/Steel1/images/im_val_cut10_400-H-9mm-4000x11_5_4.png,/content/drive/MyDrive/phase11-persistent/gt_boundaries/Steel1/im_val_cut10_400-H-9mm-4000x11_5_4.png,0,0,256,256,0,0
Steel1/im_val_cut10_400-H-9mm-4000x11_5_5/x0_y0,Steel1,im_val_cut10_400-H-9mm-4000x11,im_val_cut10_400-H-9mm-4000x11_5_5.png,0,0,0.091904,val,256,/content/drive/MyDrive/phase11-data/data/Steel1/images/im_val_cut10_400-H-9mm-4000x11_5_5.png,/content/drive/MyDrive/phase11-persistent/gt_boundaries/Steel1/im_val_cut10_400-H-9mm-4000x11_5_5.png,0,0,256,256,0,0
Steel1/im_val_cut10_400-H-9mm-4000x11_5_6/x0_y0,Steel1,im_val_cut10_400-H-9mm-4000x11,im_val_cut10_400-H-9mm-4000x11_5_6.png,0,0,0.082657,val,256,/content/drive/MyDrive/phase11-data/data/Steel1/images/im_val_cut10_400-H-9mm-4000x11_5_6.png,/content/drive/MyDrive/phase11-persistent/gt_boundaries/Steel1/im_val_cut10_400-H-9mm-4000x11_5_6.png,0,0,256,256,0,0
Steel1/im_val_cut10_400-H-9mm-4000x11_6_1/x0_y0,Steel1,im_val_cut10_400-H-9mm-4000x11,im_val_cut10_400-H-9mm-4000x11_6_1.png,0,0,0.007782,val,256,/content/drive/MyDrive/phase11-data/data/Steel1/images/im_val_cut10_400-H-9mm-4000x11_6_1.png,/content/drive/MyDrive/phase11-persistent/gt_boundaries/Steel1/im_val_cut10_400-H-9mm-4000x11_6_1.png,0,0,256,256,0,0
Steel1/im_val_cut10_400-H-9mm-4000x11_6_2/x0_y0,Steel1,im_val_cut10_400-H-9mm-4000x11,im_val_cut10_400-H-9mm-4000x11_6_2.png,0,0,0.052048,val,256,/content/drive/MyDrive/phase11-data/data/Steel1/images/im_val_cut10_400-H-9mm-4000x11_6_2.png,/content/drive/MyDrive/phase11-persistent/gt_boundaries/Steel1/im_val_cut10_400-H-9mm-4000x11_6_2.png,0,0,256,256,0,0
Steel1/im_val_cut10_400-H-9mm-4000x11_6_3/x0_y0,Steel1,im_val_cut10_400-H-9mm-4000x11,im_val_cut10_400-H-9mm-4000x11_6_3.png,0,0,0.089417,val,256,/content/drive/MyDrive/phase11-data/data/Steel1/images/im_val_cut10_400-H-9mm-4000x11_6_3.png,/content/drive/MyDrive/phase11-persistent/gt_boundaries/Steel1/im_val_cut10_400-H-9mm-4000x11_6_3.png,0,0,256,256,0,0
Steel1/im_val_cut10_400-H-9mm-4000x11_6_4/x0_y0,Steel1,im_val_cut10_400-H-9mm-4000x11,im_val_cut10_400-H-9mm-4000x11_6_4.png,0,0,0.080597,val,256,/content/drive/MyDrive/phase11-data/data/Steel1/images/im_val_cut10_400-H-9mm-4000x11_6_4.png,/content/drive/MyDrive/phase11-persistent/gt_boundaries/Steel1/im_val_cut10_400-H-9mm-4000x11_6_4.png,0,0,256,256,0,0
Steel1/im_val_cut10_400-H-9mm-4000x11_6_5/x0_y0,Steel1,im_val_cut10_400-H-9mm-4000x11,im_val_cut10_400-H-9mm-4000x11_6_5.png,0,0,0.067551,val,256,/content/drive/MyDrive/phase11-data/data/Steel1/images/im_val_cut10_400-H-9mm-4000x11_6_5.png,/content/drive/MyDrive/phase11-persistent/gt_boundaries/Steel1/im_val_cut10_400-H-9mm-4000x11_6_5.png,0,0,256,256,0,0
Steel1/im_val_cut10_400-H-9mm-4000x11_6_6/x0_y0,Steel1,im_val_cut10_400-H-9mm-4000x11,im_val_cut10_400-H-9mm-4000x11_6_6.png,0,0,0.098495,val,256,/content/drive/MyDrive/phase11-data/data/Steel1/images/im_val_cut10_400-H-9mm-4000x11_6_6.png,/content/drive/MyDrive/phase11-persistent/gt_boundaries/Steel1/im_val_cut10_400-H-9mm-4000x11_6_6.png,0,0,256,256,0,0
Steel1/im_val_cut10_400-H-9mm-4000x11_7_1/x0_y0,Steel1,im_val_cut10_400-H-9mm-4000x11,im_val_cut10_400-H-9mm-4000x11_7_1.png,0,0,0.062317,val,256,/content/drive/MyDrive/phase11-data/data/Steel1/images/im_val_cut10_400-H-9mm-4000x11_7_1.png,/content/drive/MyDrive/phase11-persistent/gt_boundaries/Steel1/im_val_cut10_400-H-9mm-4000x11_7_1.png,0,0,256,256,0,0
Steel1/im_val_cut10_400-H-9mm-4000x11_7_2/x0_y0,Steel1,im_val_cut10_400-H-9mm-4000x11,im_val_cut10_400-H-9mm-4000x11_7_2.png,0,0,0.104233,val,256,/content/drive/MyDrive/phase11-data/data/Steel1/images/im_val_cut10_400-H-9mm-4000x11_7_2.png,/content/drive/MyDrive/phase11-persistent/gt_boundaries/Steel1/im_val_cut10_400-H-9mm-4000x11_7_2.png,0,0,256,256,0,0
Steel1/im_val_cut10_400-H-9mm-4000x11_7_3/x0_y0,Steel1,im_val_cut10_400-H-9mm-4000x11,im_val_cut10_400-H-9mm-4000x11_7_3.png,0,0,0.070099,val,256,/content/drive/MyDrive/phase11-data/data/Steel1/images/im_val_cut10_400-H-9mm-4000x11_7_3.png,/content/drive/MyDrive/phase11-persistent/gt_boundaries/Steel1/im_val_cut10_400-H-9mm-4000x11_7_3.png,0,0,256,256,0,0
Steel1/im_val_cut10_400-H-9mm-4000x11_7_4/x0_y0,Steel1,im_val_cut10_400-H-9mm-4000x11,im_val_cut10_400-H-9mm-4000x11_7_4.png,0,0,0.07933,val,256,/content/drive/MyDrive/phase11-data/data/Steel1/images/im_val_cut10_400-H-9mm-4000x11_7_4.png,/content/drive/MyDrive/phase11-persistent/gt_boundaries/Steel1/im_val_cut10_400-H-9mm-4000x11_7_4.png,0,0,256,256,0,0
Steel1/im_val_cut10_400-H-9mm-4000x11_7_5/x0_y0,Steel1,im_val_cut10_400-H-9mm-4000x11,im_val_cut10_400-H-9mm-4000x11_7_5.png,0,0,0.095459,val,256,/content/drive/MyDrive/phase11-data/data/Steel1/images/im_val_cut10_400-H-9mm-4000x11_7_5.png,/content/drive/MyDrive/phase11-persistent/gt_boundaries/Steel1/im_val_cut10_400-H-9mm-4000x11_7_5.png,0,0,256,256,0,0
Steel1/im_val_cut10_400-H-9mm-4000x11_7_6/x0_y0,Steel1,im_val_cut10_400-H-9mm-4000x11,im_val_cut10_400-H-9mm-4000x11_7_6.png,0,0,0.08699,val,256,/content/drive/MyDrive/phase11-data/data/Steel1/images/im_val_cut10_400-H-9mm-4000x11_7_6.png,/content/drive/MyDrive/phase11-persistent/gt_boundaries/Steel1/im_val_cut10_400-H-9mm-4000x11_7_6.png,0,0,256,256,0,0
Steel1/im_val_cut10_400-H-9mm-4000x11_8_1/x0_y0,Steel1,im_val_cut10_400-H-9mm-4000x11,im_val_cut10_400-H-9mm-4000x11_8_1.png,0,0,0.08432,val,256,/content/drive/MyDrive/phase11-data/data/Steel1/images/im_val_cut10_400-H-9mm-4000x11_8_1.png,/content/drive/MyDrive/phase11-persistent/gt_boundaries/Steel1/im_val_cut10_400-H-9mm-4000x11_8_1.png,0,0,256,256,0,0
Steel1/im_val_cut10_400-H-9mm-4000x11_8_2/x0_y0,Steel1,im_val_cut10_400-H-9mm-4000x11,im_val_cut10_400-H-9mm-4000x11_8_2.png,0,0,0.039352,val,256,/content/drive/MyDrive/phase11-data/data/Steel1/images/im_val_cut10_400-H-9mm-4000x11_8_2.png,/content/drive/MyDrive/phase11-persistent/gt_boundaries/Steel1/im_val_cut10_400-H-9mm-4000x11_8_2.png,0,0,256,256,0,0
Steel1/im_val_cut10_400-H-9mm-4000x11_8_3/x0_y0,Steel1,im_val_cut10_400-H-9mm-4000x11,im_val_cut10_400-H-9mm-4000x11_8_3.png,0,0,0.100388,val,256,/content/drive/MyDrive/phase11-data/data/Steel1/images/im_val_cut10_400-H-9mm-4000x11_8_3.png,/content/drive/MyDrive/phase11-persistent/gt_boundaries/Steel1/im_val_cut10_400-H-9mm-4000x11_8_3.png,0,0,256,256,0,0
Steel1/im_val_cut10_400-H-9mm-4000x11_8_4/x0_y0,Steel1,im_val_cut10_400-H-9mm-4000x11,im_val_cut10_400-H-9mm-4000x11_8_4.png,0,0,0.037628,val,256,/content/drive/MyDrive/phase11-data/data/Steel1/images/im_val_cut10_400-H-9mm-4000x11_8_4.png,/content/drive/MyDrive/phase11-persistent/gt_boundaries/Steel1/im_val_cut10_400-H-9mm-4000x11_8_4.png,0,0,256,256,0,0
Steel1/im_val_cut10_400-H-9mm-4000x11_8_5/x0_y0,Steel1,im_val_cut10_400-H-9mm-4000x11,im_val_cut10_400-H-9mm-4000x11_8_5.png,0,0,0.118896,val,256,/content/drive/MyDrive/phase11-data/data/Steel1/images/im_val_cut10_400-H-9mm-4000x11_8_5.png,/content/drive/MyDrive/phase11-persistent/gt_boundaries/Steel1/im_val_cut10_400-H-9mm-4000x11_8_5.png,0,0,256,256,0,0
Steel1/im_val_cut10_400-H-9mm-4000x11_8_6/x0_y0,Steel1,im_val_cut10_400-H-9mm-4000x11,im_val_cut10_400-H-9mm-4000x11_8_6.png,0,0,0.095947,val,256,/content/drive/MyDrive/phase11-data/data/Steel1/images/im_val_cut10_400-H-9mm-4000x11_8_6.png,/content/drive/MyDrive/phase11-persistent/gt_boundaries/Steel1/im_val_cut10_400-H-9mm-4000x11_8_6.png,0,0,256,256,0,0
Steel1/im_val_cut10_400-V-12mm-4000x14_1_1/x0_y0,Steel1,im_val_cut10_400-V-12mm-4000x14,im_val_cut10_400-V-12mm-4000x14_1_1.png,0,0,0.0905,train,256,/content/drive/MyDrive/phase11-data/data/Steel1/images/im_val_cut10_400-V-12mm-4000x14_1_1.png,/content/drive/MyDrive/phase11-persistent/gt_boundaries/Steel1/im_val_cut10_400-V-12mm-4000x14_1_1.png,0,0,256,256,0,0
Steel1/im_val_cut10_400-V-12mm-4000x14_1_2/x0_y0,Steel1,im_val_cut10_400-V-12mm-4000x14,im_val_cut10_400-V-12mm-4000x14_1_2.png,0,0,0.138672,train,256,/content/drive/MyDrive/phase11-data/data/Steel1/images/im_val_cut10_400-V-12mm-4000x14_1_2.png,/content/drive/MyDrive/phase11-persistent/gt_boundaries/Steel1/im_val_cut10_400-V-12mm-4000x14_1_2.png,0,0,256,256,0,0
Steel1/im_val_cut10_400-V-12mm-4000x14_1_3/x0_y0,Steel1,im_val_cut10_400-V-12mm-4000x14,im_val_cut10_400-V-12mm-4000x14_1_3.png,0,0,0.095169,train,256,/content/drive/MyDrive/phase11-data/data/Steel1/images/im_val_cut10_400-V-12mm-4000x14_1_3.png,/content/drive/MyDrive/phase11-persistent/gt_boundaries/Steel1/im_val_cut10_400-V-12mm-4000x14_1_3.png,0,0,256,256,0,0
Steel1/im_val_cut10_400-V-12mm-4000x14_1_4/x0_y0,Steel1,im_val_cut10_400-V-12mm-4000x14,im_val_cut10_400-V-12mm-4000x14_1_4.png,0,0,0.077972,train,256,/content/drive/MyDrive/phase11-data/data/Steel1/images/im_val_cut10_400-V-12mm-4000x14_1_4.png,/content/drive/MyDrive/phase11-persistent/gt_boundaries/Steel1/im_val_cut10_400-V-12mm-4000x14_1_4.png,0,0,256,256,0,0
Steel1/im_val_cut10_400-V-12mm-4000x14_1_5/x0_y0,Steel1,im_val_cut10_400-V-12mm-4000x14,im_val_cut10_400-V-12mm-4000x14_1_5.png,0,0,0.108124,train,256,/content/drive/MyDrive/phase11-data/data/Steel1/images/im_val_cut10_400-V-12mm-4000x14_1_5.png,/content/drive/MyDrive/phase11-persistent/gt_boundaries/Steel1/im_val_cut10_400-V-12mm-4000x14_1_5.png,0,0,256,256,0,0
Steel1/im_val_cut10_400-V-12mm-4000x14_1_6/x0_y0,Steel1,im_val_cut10_400-V-12mm-4000x14,im_val_cut10_400-V-12mm-4000x14_1_6.png,0,0,0.098816,train,256,/content/drive/MyDrive/phase11-data/data/Steel1/images/im_val_cut10_400-V-12mm-4000x14_1_6.png,/content/drive/MyDrive/phase11-persistent/gt_boundaries/Steel1/im_val_cut10_400-V-12mm-4000x14_1_6.png,0,0,256,256,0,0
Steel1/im_val_cut10_400-V-12mm-4000x14_2_1/x0_y0,Steel1,im_val_cut10_400-V-12mm-4000x14,im_val_cut10_400-V-12mm-4000x14_2_1.png,0,0,0.110428,train,256,/content/drive/MyDrive/phase11-data/data/Steel1/images/im_val_cut10_400-V-12mm-4000x14_2_1.png,/content/drive/MyDrive/phase11-persistent/gt_boundaries/Steel1/im_val_cut10_400-V-12mm-4000x14_2_1.png,0,0,256,256,0,0
Steel1/im_val_cut10_400-V-12mm-4000x14_2_2/x0_y0,Steel1,im_val_cut10_400-V-12mm-4000x14,im_val_cut10_400-V-12mm-4000x14_2_2.png,0,0,0.090637,train,256,/content/drive/MyDrive/phase11-data/data/Steel1/images/im_val_cut10_400-V-12mm-4000x14_2_2.png,/content/drive/MyDrive/phase11-persistent/gt_boundaries/Steel1/im_val_cut10_400-V-12mm-4000x14_2_2.png,0,0,256,256,0,0
Steel1/im_val_cut10_400-V-12mm-4000x14_2_3/x0_y0,Steel1,im_val_cut10_400-V-12mm-4000x14,im_val_cut10_400-V-12mm-4000x14_2_3.png,0,0,0.087646,train,256,/content/drive/MyDrive/phase11-data/data/Steel1/images/im_val_cut10_400-V-12mm-4000x14_2_3.png,/content/drive/MyDrive/phase11-persistent/gt_boundaries/Steel1/im_val_cut10_400-V-12mm-4000x14_2_3.png,0,0,256,256,0,0
Steel1/im_val_cut10_400-V-12mm-4000x14_2_4/x0_y0,Steel1,im_val_cut10_400-V-12mm-4000x14,im_val_cut10_400-V-12mm-4000x14_2_4.png,0,0,0.139557,train,256,/content/drive/MyDrive/phase11-data/data/Steel1/images/im_val_cut10_400-V-12mm-4000x14_2_4.png,/content/drive/MyDrive/phase11-persistent/gt_boundaries/Steel1/im_val_cut10_400-V-12mm-4000x14_2_4.png,0,0,256,256,0,0
Steel1/im_val_cut10_400-V-12mm-4000x14_2_5/x0_y0,Steel1,im_val_cut10_400-V-12mm-4000x14,im_val_cut10_400-V-12mm-4000x14_2_5.png,0,0,0.084854,train,256,/content/drive/MyDrive/phase11-data/data/Steel1/images/im_val_cut10_400-V-12mm-4000x14_2_5.png,/content/drive/MyDrive/phase11-persistent/gt_boundaries/Steel1/im_val_cut10_400-V-12mm-4000x14_2_5.png,0,0,256,256,0,0
Steel1/im_val_cut10_400-V-12mm-4000x14_2_6/x0_y0,Steel1,im_val_cut10_400-V-12mm-4000x14,im_val_cut10_400-V-12mm-4000x14_2_6.png,0,0,0.070267,train,256,/content/drive/MyDrive/phase11-data/data/Steel1/images/im_val_cut10_400-V-12mm-4000x14_2_6.png,/content/drive/MyDrive/phase11-persistent/gt_boundaries/Steel1/im_val_cut10_400-V-12mm-4000x14_2_6.png,0,0,256,256,0,0
Steel1/im_val_cut10_400-V-12mm-4000x14_3_1/x0_y0,Steel1,im_val_cut10_400-V-12mm-4000x14,im_val_cut10_400-V-12mm-4000x14_3_1.png,0,0,0.139328,train,256,/content/drive/MyDrive/phase11-data/data/Steel1/images/im_val_cut10_400-V-12mm-4000x14_3_1.png,/content/drive/MyDrive/phase11-persistent/gt_boundaries/Steel1/im_val_cut10_400-V-12mm-4000x14_3_1.png,0,0,256,256,0,0
Steel1/im_val_cut10_400-V-12mm-4000x14_3_2/x0_y0,Steel1,im_val_cut10_400-V-12mm-4000x14,im_val_cut10_400-V-12mm-4000x14_3_2.png,0,0,0.097153,train,256,/content/drive/MyDrive/phase11-data/data/Steel1/images/im_val_cut10_400-V-12mm-4000x14_3_2.png,/content/drive/MyDrive/phase11-persistent/gt_boundaries/Steel1/im_val_cut10_400-V-12mm-4000x14_3_2.png,0,0,256,256,0,0
Steel1/im_val_cut10_400-V-12mm-4000x14_3_3/x0_y0,Steel1,im_val_cut10_400-V-12mm-4000x14,im_val_cut10_400-V-12mm-4000x14_3_3.png,0,0,0.083267,train,256,/content/drive/MyDrive/phase11-data/data/Steel1/images/im_val_cut10_400-V-12mm-4000x14_3_3.png,/content/drive/MyDrive/phase11-persistent/gt_boundaries/Steel1/im_val_cut10_400-V-12mm-4000x14_3_3.png,0,0,256,256,0,0
Steel1/im_val_cut10_400-V-12mm-4000x14_3_4/x0_y0,Steel1,im_val_cut10_400-V-12mm-4000x14,im_val_cut10_400-V-12mm-4000x14_3_4.png,0,0,0.065659,train,256,/content/drive/MyDrive/phase11-data/data/Steel1/images/im_val_cut10_400-V-12mm-4000x14_3_4.png,/content/drive/MyDrive/phase11-persistent/gt_boundaries/Steel1/im_val_cut10_400-V-12mm-4000x14_3_4.png,0,0,256,256,0,0
Steel1/im_val_cut10_400-V-12mm-4000x14_3_5/x0_y0,Steel1,im_val_cut10_400-V-12mm-4000x14,im_val_cut10_400-V-12mm-4000x14_3_5.png,0,0,0.101364,train,256,/content/drive/MyDrive/phase11-data/data/Steel1/images/im_val_cut10_400-V-12mm-4000x14_3_5.png,/content/drive/MyDrive/phase11-persistent/gt_boundaries/Steel1/im_val_cut10_400-V-12mm-4000x14_3_5.png,0,0,256,256,0,0
Steel1/im_val_cut10_400-V-12mm-4000x14_4_1/x0_y0,Steel1,im_val_cut10_400-V-12mm-4000x14,im_val_cut10_400-V-12mm-4000x14_4_1.png,0,0,0.097519,train,256,/content/drive/MyDrive/phase11-data/data/Steel1/images/im_val_cut10_400-V-12mm-4000x14_4_1.png,/content/drive/MyDrive/phase11-persistent/gt_boundaries/Steel1/im_val_cut10_400-V-12mm-4000x14_4_1.png,0,0,256,256,0,0
Steel1/im_val_cut10_400-V-12mm-4000x14_4_2/x0_y0,Steel1,im_val_cut10_400-V-12mm-4000x14,im_val_cut10_400-V-12mm-4000x14_4_2.png,0,0,0.138336,train,256,/content/drive/MyDrive/phase11-data/data/Steel1/images/im_val_cut10_400-V-12mm-4000x14_4_2.png,/content/drive/MyDrive/phase11-persistent/gt_boundaries/Steel1/im_val_cut10_400-V-12mm-4000x14_4_2.png,0,0,256,256,0,0
Steel1/im_val_cut10_400-V-12mm-4000x14_4_3/x0_y0,Steel1,im_val_cut10_400-V-12mm-4000x14,im_val_cut10_400-V-12mm-4000x14_4_3.png,0,0,0.036377,train,256,/content/drive/MyDrive/phase11-data/data/Steel1/images/im_val_cut10_400-V-12mm-4000x14_4_3.png,/content/drive/MyDrive/phase11-persistent/gt_boundaries/Steel1/im_val_cut10_400-V-12mm-4000x14_4_3.png,0,0,256,256,0,0
Steel1/im_val_cut10_400-V-12mm-4000x14_4_4/x0_y0,Steel1,im_val_cut10_400-V-12mm-4000x14,im_val_cut10_400-V-12mm-4000x14_4_4.png,0,0,0.018997,train,256,/content/drive/MyDrive/phase11-data/data/Steel1/images/im_val_cut10_400-V-12mm-4000x14_4_4.png,/content/drive/MyDrive/phase11-persistent/gt_boundaries/Steel1/im_val_cut10_400-V-12mm-4000x14_4_4.png,0,0,256,256,0,0
Steel1/im_val_cut10_400-V-12mm-4000x14_4_5/x0_y0,Steel1,im_val_cut10_400-V-12mm-4000x14,im_val_cut10_400-V-12mm-4000x14_4_5.png,0,0,0.076584,train,256,/content/drive/MyDrive/phase11-data/data/Steel1/images/im_val_cut10_400-V-12mm-4000x14_4_5.png,/content/drive/MyDrive/phase11-persistent/gt_boundaries/Steel1/im_val_cut10_400-V-12mm-4000x14_4_5.png,0,0,256,256,0,0
Steel1/im_val_cut10_400-V-12mm-4000x14_4_6/x0_y0,Steel1,im_val_cut10_400-V-12mm-4000x14,im_val_cut10_400-V-12mm-4000x14_4_6.png,0,0,0.100571,train,256,/content/drive/MyDrive/phase11-data/data/Steel1/images/im_val_cut10_400-V-12mm-4000x14_4_6.png,/content/drive/MyDrive/phase11-persistent/gt_boundaries/Steel1/im_val_cut10_400-V-12mm-4000x14_4_6.png,0,0,256,256,0,0
Steel1/im_val_cut10_400-V-12mm-4000x14_5_1/x0_y0,Steel1,im_val_cut10_400-V-12mm-4000x14,im_val_cut10_400-V-12mm-4000x14_5_1.png,0,0,0.12941,train,256,/content/drive/MyDrive/phase11-data/data/Steel1/images/im_val_cut10_400-V-12mm-4000x14_5_1.png,/content/drive/MyDrive/phase11-persistent/gt_boundaries/Steel1/im_val_cut10_400-V-12mm-4000x14_5_1.png,0,0,256,256,0,0
Steel1/im_val_cut10_400-V-12mm-4000x14_5_2/x0_y0,Steel1,im_val_cut10_400-V-12mm-4000x14,im_val_cut10_400-V-12mm-4000x14_5_2.png,0,0,0.052536,train,256,/content/drive/MyDrive/phase11-data/data/Steel1/images/im_val_cut10_400-V-12mm-4000x14_5_2.png,/content/drive/MyDrive/phase11-persistent/gt_boundaries/Steel1/im_val_cut10_400-V-12mm-4000x14_5_2.png,0,0,256,256,0,0
Steel1/im_val_cut10_400-V-12mm-4000x14_5_3/x0_y0,Steel1,im_val_cut10_400-V-12mm-4000x14,im_val_cut10_400-V-12mm-4000x14_5_3.png,0,0,0.098969,train,256,/content/drive/MyDrive/phase11-data/data/Steel1/images/im_val_cut10_400-V-12mm-4000x14_5_3.png,/content/drive/MyDrive/phase11-persistent/gt_boundaries/Steel1/im_val_cut10_400-V-12mm-4000x14_5_3.png,0,0,256,256,0,0
Steel1/im_val_cut10_400-V-12mm-4000x14_5_4/x0_y0,Steel1,im_val_cut10_400-V-12mm-4000x14,im_val_cut10_400-V-12mm-4000x14_5_4.png,0,0,0.07431,train,256,/content/drive/MyDrive/phase11-data/data/Steel1/images/im_val_cut10_400-V-12mm-4000x14_5_4.png,/content/drive/MyDrive/phase11-persistent/gt_boundaries/Steel1/im_val_cut10_400-V-12mm-4000x14_5_4.png,0,0,256,256,0,0
Steel1/im_val_cut10_400-V-12mm-4000x14_5_5/x0_y0,Steel1,im_val_cut10_400-V-12mm-4000x14,im_val_cut10_400-V-12mm-4000x14_5_5.png,0,0,0.084412,train,256,/content/drive/MyDrive/phase11-data/data/Steel1/images/im_val_cut10_400-V-12mm-4000x14_5_5.png,/content/drive/MyDrive/phase11-persistent/gt_boundaries/Steel1/im_val_cut10_400-V-12mm-4000x14_5_5.png,0,0,256,256,0,0
Steel1/im_val_cut10_400-V-12mm-4000x14_5_6/x0_y0,Steel1,im_val_cut10_400-V-12mm-4000x14,im_val_cut10_400-V-12mm-4000x14_5_6.png,0,0,0.07753,train,256,/content/drive/MyDrive/phase11-data/data/Steel1/images/im_val_cut10_400-V-12mm-4000x14_5_6.png,/content/drive/MyDrive/phase11-persistent/gt_boundaries/Steel1/im_val_cut10_400-V-12mm-4000x14_5_6.png,0,0,256,256,0,0
Steel1/im_val_cut10_400-V-12mm-4000x14_6_1/x0_y0,Steel1,im_val_cut10_400-V-12mm-4000x14,im_val_cut10_400-V-12mm-4000x14_6_1.png,0,0,0.135178,train,256,/content/drive/MyDrive/phase11-data/data/Steel1/images/im_val_cut10_400-V-12mm-4000x14_6_1.png,/content/drive/MyDrive/phase11-persistent/gt_boundaries/Steel1/im_val_cut10_400-V-12mm-4000x14_6_1.png,0,0,256,256,0,0
Steel1/im_val_cut10_400-V-12mm-4000x14_6_2/x0_y0,Steel1,im_val_cut10_400-V-12mm-4000x14,im_val_cut10_400-V-12mm-4000x14_6_2.png,0,0,0.101242,train,256,/content/drive/MyDrive/phase11-data/data/Steel1/images/im_val_cut10_400-V-12mm-4000x14_6_2.png,/content/drive/MyDrive/phase11-persistent/gt_boundaries/Steel1/im_val_cut10_400-V-12mm-4000x14_6_2.png,0,0,256,256,0,0
Steel1/im_val_cut10_400-V-12mm-4000x14_6_3/x0_y0,Steel1,im_val_cut10_400-V-12mm-4000x14,im_val_cut10_400-V-12mm-4000x14_6_3.png,0,0,0.107162,train,256,/content/drive/MyDrive/phase11-data/data/Steel1/images/im_val_cut10_400-V-12mm-4000x14_6_3.png,/content/drive/MyDrive/phase11-persistent/gt_boundaries/Steel1/im_val_cut10_400-V-12mm-4000x14_6_3.png,0,0,256,256,0,0
Steel1/im_val_cut10_400-V-12mm-4000x14_6_4/x0_y0,Steel1,im_val_cut10_400-V-12mm-4000x14,im_val_cut10_400-V-12mm-4000x14_6_4.png,0,0,0.068008,train,256,/content/drive/MyDrive/phase11-data/data/Steel1/images/im_val_cut10_400-V-12mm-4000x14_6_4.png,/content/drive/MyDrive/phase11-persistent/gt_boundaries/Steel1/im_val_cut10_400-V-12mm-4000x14_6_4.png,0,0,256,256,0,0
Steel1/im_val_cut10_400-V-12mm-4000x14_6_5/x0_y0,Steel1,im_val_cut10_400-V-12mm-4000x14,im_val_cut10_400-V-12mm-4000x14_6_5.png,0,0,0.091293,train,256,/content/drive/MyDrive/phase11-data/data/Steel1/images/im_val_cut10_400-V-12mm-4000x14_6_5.png,/content/drive/MyDrive/phase11-persistent/gt_boundaries/Steel1/im_val_cut10_400-V-12mm-4000x14_6_5.png,0,0,256,256,0,0
Steel1/im_val_cut10_400-V-12mm-4000x14_6_6/x0_y0,Steel1,im_val_cut10_400-V-12mm-4000x14,im_val_cut10_400-V-12mm-4000x14_6_6.png,0,0,0.046326,train,256,/content/drive/MyDrive/phase11-data/data/Steel1/images/im_val_cut10_400-V-12mm-4000x14_6_6.png,/content/drive/MyDrive/phase11-persistent/gt_boundaries/Steel1/im_val_cut10_400-V-12mm-4000x14_6_6.png,0,0,256,256,0,0
Steel1/im_val_cut10_400-V-12mm-4000x14_7_1/x0_y0,Steel1,im_val_cut10_400-V-12mm-4000x14,im_val_cut10_400-V-12mm-4000x14_7_1.png,0,0,0.182755,train,256,/content/drive/MyDrive/phase11-data/data/Steel1/images/im_val_cut10_400-V-12mm-4000x14_7_1.png,/content/drive/MyDrive/phase11-persistent/gt_boundaries/Steel1/im_val_cut10_400-V-12mm-4000x14_7_1.png,0,0,256,256,0,0
Steel1/im_val_cut10_400-V-12mm-4000x14_7_2/x0_y0,Steel1,im_val_cut10_400-V-12mm-4000x14,im_val_cut10_400-V-12mm-4000x14_7_2.png,0,0,0.183273,train,256,/content/drive/MyDrive/phase11-data/data/Steel1/images/im_val_cut10_400-V-12mm-4000x14_7_2.png,/content/drive/MyDrive/phase11-persistent/gt_boundaries/Steel1/im_val_cut10_400-V-12mm-4000x14_7_2.png,0,0,256,256,0,0
Steel1/im_val_cut10_400-V-12mm-4000x14_7_3/x0_y0,Steel1,im_val_cut10_400-V-12mm-4000x14,im_val_cut10_400-V-12mm-4000x14_7_3.png,0,0,0.126099,train,256,/content/drive/MyDrive/phase11-data/data/Steel1/images/im_val_cut10_400-V-12mm-4000x14_7_3.png,/content/drive/MyDrive/phase11-persistent/gt_boundaries/Steel1/im_val_cut10_400-V-12mm-4000x14_7_3.png,0,0,256,256,0,0
Steel1/im_val_cut10_400-V-12mm-4000x14_7_4/x0_y0,Steel1,im_val_cut10_400-V-12mm-4000x14,im_val_cut10_400-V-12mm-4000x14_7_4.png,0,0,0.126724,train,256,/content/drive/MyDrive/phase11-data/data/Steel1/images/im_val_cut10_400-V-12mm-4000x14_7_4.png,/content/drive/MyDrive/phase11-persistent/gt_boundaries/Steel1/im_val_cut10_400-V-12mm-4000x14_7_4.png,0,0,256,256,0,0
Steel1/im_val_cut10_400-V-12mm-4000x14_7_5/x0_y0,Steel1,im_val_cut10_400-V-12mm-4000x14,im_val_cut10_400-V-12mm-4000x14_7_5.png,0,0,0.063263,train,256,/content/drive/MyDrive/phase11-data/data/Steel1/images/im_val_cut10_400-V-12mm-4000x14_7_5.png,/content/drive/MyDrive/phase11-persistent/gt_boundaries/Steel1/im_val_cut10_400-V-12mm-4000x14_7_5.png,0,0,256,256,0,0
Steel1/im_val_cut10_400-V-12mm-4000x14_7_6/x0_y0,Steel1,im_val_cut10_400-V-12mm-4000x14,im_val_cut10_400-V-12mm-4000x14_7_6.png,0,0,0.062637,train,256,/content/drive/MyDrive/phase11-data/data/Steel1/images/im_val_cut10_400-V-12mm-4000x14_7_6.png,/content/drive/MyDrive/phase11-persistent/gt_boundaries/Steel1/im_val_cut10_400-V-12mm-4000x14_7_6.png,0,0,256,256,0,0
Steel1/im_val_cut10_400-V-12mm-4000x14_8_1/x0_y0,Steel1,im_val_cut10_400-V-12mm-4000x14,im_val_cut10_400-V-12mm-4000x14_8_1.png,0,0,0.258896,train,256,/content/drive/MyDrive/phase11-data/data/Steel1/images/im_val_cut10_400-V-12mm-4000x14_8_1.png,/content/drive/MyDrive/phase11-persistent/gt_boundaries/Steel1/im_val_cut10_400-V-12mm-4000x14_8_1.png,0,0,256,256,0,0
Steel1/im_val_cut10_400-V-12mm-4000x14_8_2/x0_y0,Steel1,im_val_cut10_400-V-12mm-4000x14,im_val_cut10_400-V-12mm-4000x14_8_2.png,0,0,0.183792,train,256,/content/drive/MyDrive/phase11-data/data/Steel1/images/im_val_cut10_400-V-12mm-4000x14_8_2.png,/content/drive/MyDrive/phase11-persistent/gt_boundaries/Steel1/im_val_cut10_400-V-12mm-4000x14_8_2.png,0,0,256,256,0,0
Steel1/im_val_cut10_400-V-12mm-4000x14_8_3/x0_y0,Steel1,im_val_cut10_400-V-12mm-4000x14,im_val_cut10_400-V-12mm-4000x14_8_3.png,0,0,0.106018,train,256,/content/drive/MyDrive/phase11-data/data/Steel1/images/im_val_cut10_400-V-12mm-4000x14_8_3.png,/content/drive/MyDrive/phase11-persistent/gt_boundaries/Steel1/im_val_cut10_400-V-12mm-4000x14_8_3.png,0,0,256,256,0,0
Steel1/im_val_cut10_400-V-12mm-4000x14_8_4/x0_y0,Steel1,im_val_cut10_400-V-12mm-4000x14,im_val_cut10_400-V-12mm-4000x14_8_4.png,0,0,0.105957,train,256,/content/drive/MyDrive/phase11-data/data/Steel1/images/im_val_cut10_400-V-12mm-4000x14_8_4.png,/content/drive/MyDrive/phase11-persistent/gt_boundaries/Steel1/im_val_cut10_400-V-12mm-4000x14_8_4.png,0,0,256,256,0,0
Steel1/im_val_cut10_400-V-12mm-4000x14_8_5/x0_y0,Steel1,im_val_cut10_400-V-12mm-4000x14,im_val_cut10_400-V-12mm-4000x14_8_5.png,0,0,0.164352,train,256,/content/drive/MyDrive/phase11-data/data/Steel1/images/im_val_cut10_400-V-12mm-4000x14_8_5.png,/content/drive/MyDrive/phase11-persistent/gt_boundaries/Steel1/im_val_cut10_400-V-12mm-4000x14_8_5.png,0,0,256,256,0,0
Steel1/im_val_cut10_400-V-12mm-4000x14_8_6/x0_y0,Steel1,im_val_cut10_400-V-12mm-4000x14,im_val_cut10_400-V-12mm-4000x14_8_6.png,0,0,0.072723,train,256,/content/drive/MyDrive/phase11-data/data/Steel1/images/im_val_cut10_400-V-12mm-4000x14_8_6.png,/content/drive/MyDrive/phase11-persistent/gt_boundaries/Steel1/im_val_cut10_400-V-12mm-4000x14_8_6.png,0,0,256,256,0,0
Steel1/im_val_cut10_400-V-6mm-4000x06_1_1/x0_y0,Steel1,im_val_cut10_400-V-6mm-4000x06,im_val_cut10_400-V-6mm-4000x06_1_1.png,0,0,0.095184,train,256,/content/drive/MyDrive/phase11-data/data/Steel1/images/im_val_cut10_400-V-6mm-4000x06_1_1.png,/content/drive/MyDrive/phase11-persistent/gt_boundaries/Steel1/im_val_cut10_400-V-6mm-4000x06_1_1.png,0,0,256,256,0,0
Steel1/im_val_cut10_400-V-6mm-4000x06_1_2/x0_y0,Steel1,im_val_cut10_400-V-6mm-4000x06,im_val_cut10_400-V-6mm-4000x06_1_2.png,0,0,0.091354,train,256,/content/drive/MyDrive/phase11-data/data/Steel1/images/im_val_cut10_400-V-6mm-4000x06_1_2.png,/content/drive/MyDrive/phase11-persistent/gt_boundaries/Steel1/im_val_cut10_400-V-6mm-4000x06_1_2.png,0,0,256,256,0,0
Steel1/im_val_cut10_400-V-6mm-4000x06_1_3/x0_y0,Steel1,im_val_cut10_400-V-6mm-4000x06,im_val_cut10_400-V-6mm-4000x06_1_3.png,0,0,0.11235,train,256,/content/drive/MyDrive/phase11-data/data/Steel1/images/im_val_cut10_400-V-6mm-4000x06_1_3.png,/content/drive/MyDrive/phase11-persistent/gt_boundaries/Steel1/im_val_cut10_400-V-6mm-4000x06_1_3.png,0,0,256,256,0,0
Steel1/im_val_cut10_400-V-6mm-4000x06_1_4/x0_y0,Steel1,im_val_cut10_400-V-6mm-4000x06,im_val_cut10_400-V-6mm-4000x06_1_4.png,0,0,0.116806,train,256,/content/drive/MyDrive/phase11-data/data/Steel1/images/im_val_cut10_400-V-6mm-4000x06_1_4.png,/content/drive/MyDrive/phase11-persistent/gt_boundaries/Steel1/im_val_cut10_400-V-6mm-4000x06_1_4.png,0,0,256,256,0,0
Steel1/im_val_cut10_400-V-6mm-4000x06_1_5/x0_y0,Steel1,im_val_cut10_400-V-6mm-4000x06,im_val_cut10_400-V-6mm-4000x06_1_5.png,0,0,0.127014,train,256,/content/drive/MyDrive/phase11-data/data/Steel1/images/im_val_cut10_400-V-6mm-4000x06_1_5.png,/content/drive/MyDrive/phase11-persistent/gt_boundaries/Steel1/im_val_cut10_400-V-6mm-4000x06_1_5.png,0,0,256,256,0,0
Steel1/im_val_cut10_400-V-6mm-4000x06_1_6/x0_y0,Steel1,im_val_cut10_400-V-6mm-4000x06,im_val_cut10_400-V-6mm-4000x06_1_6.png,0,0,0.109879,train,256,/content/drive/MyDrive/phase11-data/data/Steel1/images/im_val_cut10_400-V-6mm-4000x06_1_6.png,/content/drive/MyDrive/phase11-persistent/gt_boundaries/Steel1/im_val_cut10_400-V-6mm-4000x06_1_6.png,0,0,256,256,0,0
Steel1/im_val_cut10_400-V-6mm-4000x06_2_1/x0_y0,Steel1,im_val_cut10_400-V-6mm-4000x06,im_val_cut10_400-V-6mm-4000x06_2_1.png,0,0,0.11409,train,256,/content/drive/MyDrive/phase11-data/data/Steel1/images/im_val_cut10_400-V-6mm-4000x06_2_1.png,/content/drive/MyDrive/phase11-persistent/gt_boundaries/Steel1/im_val_cut10_400-V-6mm-4000x06_2_1.png,0,0,256,256,0,0
Steel1/im_val_cut10_400-V-6mm-4000x06_2_2/x0_y0,Steel1,im_val_cut10_400-V-6mm-4000x06,im_val_cut10_400-V-6mm-4000x06_2_2.png,0,0,0.115158,train,256,/content/drive/MyDrive/phase11-data/data/Steel1/images/im_val_cut10_400-V-6mm-4000x06_2_2.png,/content/drive/MyDrive/phase11-persistent/gt_boundaries/Steel1/im_val_cut10_400-V-6mm-4000x06_2_2.png,0,0,256,256,0,0
Steel1/im_val_cut10_400-V-6mm-4000x06_2_3/x0_y0,Steel1,im_val_cut10_400-V-6mm-4000x06,im_val_cut10_400-V-6mm-4000x06_2_3.png,0,0,0.089096,train,256,/content/drive/MyDrive/phase11-data/data/Steel1/images/im_val_cut10_400-V-6mm-4000x06_2_3.png,/content/drive/MyDrive/phase11-persistent/gt_boundaries/Steel1/im_val_cut10_400-V-6mm-4000x06_2_3.png,0,0,256,256,0,0
Steel1/im_val_cut10_400-V-6mm-4000x06_2_4/x0_y0,Steel1,im_val_cut10_400-V-6mm-4000x06,im_val_cut10_400-V-6mm-4000x06_2_4.png,0,0,0.155182,train,256,/content/drive/MyDrive/phase11-data/data/Steel1/images/im_val_cut10_400-V-6mm-4000x06_2_4.png,/content/drive/MyDrive/phase11-persistent/gt_boundaries/Steel1/im_val_cut10_400-V-6mm-4000x06_2_4.png,0,0,256,256,0,0
Steel1/im_val_cut10_400-V-6mm-4000x06_2_5/x0_y0,Steel1,im_val_cut10_400-V-6mm-4000x06,im_val_cut10_400-V-6mm-4000x06_2_5.png,0,0,0.12001,train,256,/content/drive/MyDrive/phase11-data/data/Steel1/images/im_val_cut10_400-V-6mm-4000x06_2_5.png,/content/drive/MyDrive/phase11-persistent/gt_boundaries/Steel1/im_val_cut10_400-V-6mm-4000x06_2_5.png,0,0,256,256,0,0
Steel1/im_val_cut10_400-V-6mm-4000x06_2_6/x0_y0,Steel1,im_val_cut10_400-V-6mm-4000x06,im_val_cut10_400-V-6mm-4000x06_2_6.png,0,0,0.091599,train,256,/content/drive/MyDrive/phase11-data/data/Steel1/images/im_val_cut10_400-V-6mm-4000x06_2_6.png,/content/drive/MyDrive/phase11-persistent/gt_boundaries/Steel1/im_val_cut10_400-V-6mm-4000x06_2_6.png,0,0,256,256,0,0
Steel1/im_val_cut10_400-V-6mm-4000x06_3_1/x0_y0,Steel1,im_val_cut10_400-V-6mm-4000x06,im_val_cut10_400-V-6mm-4000x06_3_1.png,0,0,0.101669,train,256,/content/drive/MyDrive/phase11-data/data/Steel1/images/im_val_cut10_400-V-6mm-4000x06_3_1.png,/content/drive/MyDrive/phase11-persistent/gt_boundaries/Steel1/im_val_cut10_400-V-6mm-4000x06_3_1.png,0,0,256,256,0,0
Steel1/im_val_cut10_400-V-6mm-4000x06_3_2/x0_y0,Steel1,im_val_cut10_400-V-6mm-4000x06,im_val_cut10_400-V-6mm-4000x06_3_2.png,0,0,0.097931,train,256,/content/drive/MyDrive/phase11-data/data/Steel1/images/im_val_cut10_400-V-6mm-4000x06_3_2.png,/content/drive/MyDrive/phase11-persistent/gt_boundaries/Steel1/im_val_cut10_400-V-6mm-4000x06_3_2.png,0,0,256,256,0,0
Steel1/im_val_cut10_400-V-6mm-4000x06_3_3/x0_y0,Steel1,im_val_cut10_400-V-6mm-4000x06,im_val_cut10_400-V-6mm-4000x06_3_3.png,0,0,0.07341,train,256,/content/drive/MyDrive/phase11-data/data/Steel1/images/im_val_cut10_400-V-6mm-4000x06_3_3.png,/content/drive/MyDrive/phase11-persistent/gt_boundaries/Steel1/im_val_cut10_400-V-6mm-4000x06_3_3.png,0,0,256,256,0,0
Steel1/im_val_cut10_400-V-6mm-4000x06_3_4/x0_y0,Steel1,im_val_cut10_400-V-6mm-4000x06,im_val_cut10_400-V-6mm-4000x06_3_4.png,0,0,0.083694,train,256,/content/drive/MyDrive/phase11-data/data/Steel1/images/im_val_cut10_400-V-6mm-4000x06_3_4.png,/content/drive/MyDrive/phase11-persistent/gt_boundaries/Steel1/im_val_cut10_400-V-6mm-4000x06_3_4.png,0,0,256,256,0,0
Steel1/im_val_cut10_400-V-6mm-4000x06_3_5/x0_y0,Steel1,im_val_cut10_400-V-6mm-4000x06,im_val_cut10_400-V-6mm-4000x06_3_5.png,0,0,0.112366,train,256,/content/drive/MyDrive/phase11-data/data/Steel1/images/im_val_cut10_400-V-6mm-4000x06_3_5.png,/content/drive/MyDrive/phase11-persistent/gt_boundaries/Steel1/im_val_cut10_400-V-6mm-4000x06_3_5.png,0,0,256,256,0,0
Steel1/im_val_cut10_400-V-6mm-4000x06_3_6/x0_y0,Steel1,im_val_cut10_400-V-6mm-4000x06,im_val_cut10_400-V-6mm-4000x06_3_6.png,0,0,0.114868,train,256,/content/drive/MyDrive/phase11-data/data/Steel1/images/im_val_cut10_400-V-6mm-4000x06_3_6.png,/content/drive/MyDrive/phase11-persistent/gt_boundaries/Steel1/im_val_cut10_400-V-6mm-4000x06_3_6.png,0,0,256,256,0,0
Steel1/im_val_cut10_400-V-6mm-4000x06_4_1/x0_y0,Steel1,im_val_cut10_400-V-6mm-4000x06,im_val_cut10_400-V-6mm-4000x06_4_1.png,0,0,0.132828,train,256,/content/drive/MyDrive/phase11-data/data/Steel1/images/im_val_cut10_400-V-6mm-4000x06_4_1.png,/content/drive/MyDrive/phase11-persistent/gt_boundaries/Steel1/im_val_cut10_400-V-6mm-4000x06_4_1.png,0,0,256,256,0,0
Steel1/im_val_cut10_400-V-6mm-4000x06_4_2/x0_y0,Steel1,im_val_cut10_400-V-6mm-4000x06,im_val_cut10_400-V-6mm-4000x06_4_2.png,0,0,0.104385,train,256,/content/drive/MyDrive/phase11-data/data/Steel1/images/im_val_cut10_400-V-6mm-4000x06_4_2.png,/content/drive/MyDrive/phase11-persistent/gt_boundaries/Steel1/im_val_cut10_400-V-6mm-4000x06_4_2.png,0,0,256,256,0,0
Steel1/im_val_cut10_400-V-6mm-4000x06_4_3/x0_y0,Steel1,im_val_cut10_400-V-6mm-4000x06,im_val_cut10_400-V-6mm-4000x06_4_3.png,0,0,0.146423,train,256,/content/drive/MyDrive/phase11-data/data/Steel1/images/im_val_cut10_400-V-6mm-4000x06_4_3.png,/content/drive/MyDrive/phase11-persistent/gt_boundaries/Steel1/im_val_cut10_400-V-6mm-4000x06_4_3.png,0,0,256,256,0,0
Steel1/im_val_cut10_400-V-6mm-4000x06_4_4/x0_y0,Steel1,im_val_cut10_400-V-6mm-4000x06,im_val_cut10_400-V-6mm-4000x06_4_4.png,0,0,0.08313,train,256,/content/drive/MyDrive/phase11-data/data/Steel1/images/im_val_cut10_400-V-6mm-4000x06_4_4.png,/content/drive/MyDrive/phase11-persistent/gt_boundaries/Steel1/im_val_cut10_400-V-6mm-4000x06_4_4.png,0,0,256,256,0,0
Steel1/im_val_cut10_400-V-6mm-4000x06_4_5/x0_y0,Steel1,im_val_cut10_400-V-6mm-4000x06,im_val_cut10_400-V-6mm-4000x06_4_5.png,0,0,0.084442,train,256,/content/drive/MyDrive/phase11-data/data/Steel1/images/im_val_cut10_400-V-6mm-4000x06_4_5.png,/content/drive/MyDrive/phase11-persistent/gt_boundaries/Steel1/im_val_cut10_400-V-6mm-4000x06_4_5.png,0,0,256,256,0,0
Steel1/im_val_cut10_400-V-6mm-4000x06_4_6/x0_y0,Steel1,im_val_cut10_400-V-6mm-4000x06,im_val_cut10_400-V-6mm-4000x06_4_6.png,0,0,0.125778,train,256,/content/drive/MyDrive/phase11-data/data/Steel1/images/im_val_cut10_400-V-6mm-4000x06_4_6.png,/content/drive/MyDrive/phase11-persistent/gt_boundaries/Steel1/im_val_cut10_400-V-6mm-4000x06_4_6.png,0,0,256,256,0,0
Steel1/im_val_cut10_400-V-6mm-4000x06_5_1/x0_y0,Steel1,im_val_cut10_400-V-6mm-4000x06,im_val_cut10_400-V-6mm-4000x06_5_1.png,0,0,0.089355,train,256,/content/drive/MyDrive/phase11-data/data/Steel1/images/im_val_cut10_400-V-6mm-4000x06_5_1.png,/content/drive/MyDrive/phase11-persistent/gt_boundaries/Steel1/im_val_cut10_400-V-6mm-4000x06_5_1.png,0,0,256,256,0,0
Steel1/im_val_cut10_400-V-6mm-4000x06_5_2/x0_y0,Steel1,im_val_cut10_400-V-6mm-4000x06,im_val_cut10_400-V-6mm-4000x06_5_2.png,0,0,0.114273,train,256,/content/drive/MyDrive/phase11-data/data/Steel1/images/im_val_cut10_400-V-6mm-4000x06_5_2.png,/content/drive/MyDrive/phase11-persistent/gt_boundaries/Steel1/im_val_cut10_400-V-6mm-4000x06_5_2.png,0,0,256,256,0,0
Steel1/im_val_cut10_400-V-6mm-4000x06_5_3/x0_y0,Steel1,im_val_cut10_400-V-6mm-4000x06,im_val_cut10_400-V-6mm-4000x06_5_3.png,0,0,0.089188,train,256,/content/drive/MyDrive/phase11-data/data/Steel1/images/im_val_cut10_400-V-6mm-4000x06_5_3.png,/content/drive/MyDrive/phase11-persistent/gt_boundaries/Steel1/im_val_cut10_400-V-6mm-4000x06_5_3.png,0,0,256,256,0,0
Steel1/im_val_cut10_400-V-6mm-4000x06_5_4/x0_y0,Steel1,im_val_cut10_400-V-6mm-4000x06,im_val_cut10_400-V-6mm-4000x06_5_4.png,0,0,0.045288,train,256,/content/drive/MyDrive/phase11-data/data/Steel1/images/im_val_cut10_400-V-6mm-4000x06_5_4.png,/content/drive/MyDrive/phase11-persistent/gt_boundaries/Steel1/im_val_cut10_400-V-6mm-4000x06_5_4.png,0,0,256,256,0,0
Steel1/im_val_cut10_400-V-6mm-4000x06_5_5/x0_y0,Steel1,im_val_cut10_400-V-6mm-4000x06,im_val_cut10_400-V-6mm-4000x06_5_5.png,0,0,0.119064,train,256,/content/drive/MyDrive/phase11-data/data/Steel1/images/im_val_cut10_400-V-6mm-4000x06_5_5.png,/content/drive/MyDrive/phase11-persistent/gt_boundaries/Steel1/im_val_cut10_400-V-6mm-4000x06_5_5.png,0,0,256,256,0,0
Steel1/im_val_cut10_400-V-6mm-4000x06_5_6/x0_y0,Steel1,im_val_cut10_400-V-6mm-4000x06,im_val_cut10_400-V-6mm-4000x06_5_6.png,0,0,0.057846,train,256,/content/drive/MyDrive/phase11-data/data/Steel1/images/im_val_cut10_400-V-6mm-4000x06_5_6.png,/content/drive/MyDrive/phase11-persistent/gt_boundaries/Steel1/im_val_cut10_400-V-6mm-4000x06_5_6.png,0,0,256,256,0,0
Steel1/im_val_cut10_400-V-6mm-4000x06_6_1/x0_y0,Steel1,im_val_cut10_400-V-6mm-4000x06,im_val_cut10_400-V-6mm-4000x06_6_1.png,0,0,0.099899,train,256,/content/drive/MyDrive/phase11-data/data/Steel1/images/im_val_cut10_400-V-6mm-4000x06_6_1.png,/content/drive/MyDrive/phase11-persistent/gt_boundaries/Steel1/im_val_cut10_400-V-6mm-4000x06_6_1.png,0,0,256,256,0,0
Steel1/im_val_cut10_400-V-6mm-4000x06_6_2/x0_y0,Steel1,im_val_cut10_400-V-6mm-4000x06,im_val_cut10_400-V-6mm-4000x06_6_2.png,0,0,0.056198,train,256,/content/drive/MyDrive/phase11-data/data/Steel1/images/im_val_cut10_400-V-6mm-4000x06_6_2.png,/content/drive/MyDrive/phase11-persistent/gt_boundaries/Steel1/im_val_cut10_400-V-6mm-4000x06_6_2.png,0,0,256,256,0,0
Steel1/im_val_cut10_400-V-6mm-4000x06_6_3/x0_y0,Steel1,im_val_cut10_400-V-6mm-4000x06,im_val_cut10_400-V-6mm-4000x06_6_3.png,0,0,0.089905,train,256,/content/drive/MyDrive/phase11-data/data/Steel1/images/im_val_cut10_400-V-6mm-4000x06_6_3.png,/content/drive/MyDrive/phase11-persistent/gt_boundaries/Steel1/im_val_cut10_400-V-6mm-4000x06_6_3.png,0,0,256,256,0,0
Steel1/im_val_cut10_400-V-6mm-4000x06_6_4/x0_y0,Steel1,im_val_cut10_400-V-6mm-4000x06,im_val_cut10_400-V-6mm-4000x06_6_4.png,0,0,0.074677,train,256,/content/drive/MyDrive/phase11-data/data/Steel1/images/im_val_cut10_400-V-6mm-4000x06_6_4.png,/content/drive/MyDrive/phase11-persistent/gt_boundaries/Steel1/im_val_cut10_400-V-6mm-4000x06_6_4.png,0,0,256,256,0,0
Steel1/im_val_cut10_400-V-6mm-4000x06_6_5/x0_y0,Steel1,im_val_cut10_400-V-6mm-4000x06,im_val_cut10_400-V-6mm-4000x06_6_5.png,0,0,0.07222,train,256,/content/drive/MyDrive/phase11-data/data/Steel1/images/im_val_cut10_400-V-6mm-4000x06_6_5.png,/content/drive/MyDrive/phase11-persistent/gt_boundaries/Steel1/im_val_cut10_400-V-6mm-4000x06_6_5.png,0,0,256,256,0,0
Steel1/im_val_cut10_400-V-6mm-4000x06_6_6/x0_y0,Steel1,im_val_cut10_400-V-6mm-4000x06,im_val_cut10_400-V-6mm-4000x06_6_6.png,0,0,0.029205,train,256,/content/drive/MyDrive/phase11-data/data/Steel1/images/im_val_cut10_400-V-6mm-4000x06_6_6.png,/content/drive/MyDrive/phase11-persistent/gt_boundaries/Steel1/im_val_cut10_400-V-6mm-4000x06_6_6.png,0,0,256,256,0,0
Steel1/im_val_cut10_400-V-6mm-4000x06_7_1/x0_y0,Steel1,im_val_cut10_400-V-6mm-4000x06,im_val_cut10_400-V-6mm-4000x06_7_1.png,0,0,0.068985,train,256,/content/drive/MyDrive/phase11-data/data/Steel1/images/im_val_cut10_400-V-6mm-4000x06_7_1.png,/content/drive/MyDrive/phase11-persistent/gt_boundaries/Steel1/im_val_cut10_400-V-6mm-4000x06_7_1.png,0,0,256,256,0,0
Steel1/im_val_cut10_400-V-6mm-4000x06_7_2/x0_y0,Steel1,im_val_cut10_400-V-6mm-4000x06,im_val_cut10_400-V-6mm-4000x06_7_2.png,0,0,0.110001,train,256,/content/drive/MyDrive/phase11-data/data/Steel1/images/im_val_cut10_400-V-6mm-4000x06_7_2.png,/content/drive/MyDrive/phase11-persistent/gt_boundaries/Steel1/im_val_cut10_400-V-6mm-4000x06_7_2.png,0,0,256,256,0,0
Steel1/im_val_cut10_400-V-6mm-4000x06_7_3/x0_y0,Steel1,im_val_cut10_400-V-6mm-4000x06,im_val_cut10_400-V-6mm-4000x06_7_3.png,0,0,0.103851,train,256,/content/drive/MyDrive/phase11-data/data/Steel1/images/im_val_cut10_400-V-6mm-4000x06_7_3.png,/content/drive/MyDrive/phase11-persistent/gt_boundaries/Steel1/im_val_cut10_400-V-6mm-4000x06_7_3.png,0,0,256,256,0,0
Steel1/im_val_cut10_400-V-6mm-4000x06_7_4/x0_y0,Steel1,im_val_cut10_400-V-6mm-4000x06,im_val_cut10_400-V-6mm-4000x06_7_4.png,0,0,0.078598,train,256,/content/drive/MyDrive/phase11-data/data/Steel1/images/im_val_cut10_400-V-6mm-4000x06_7_4.png,/content/drive/MyDrive/phase11-persistent/gt_boundaries/Steel1/im_val_cut10_400-V-6mm-4000x06_7_4.png,0,0,256,256,0,0
Steel1/im_val_cut10_400-V-6mm-4000x06_7_5/x0_y0,Steel1,im_val_cut10_400-V-6mm-4000x06,im_val_cut10_400-V-6mm-4000x06_7_5.png,0,0,0.100754,train,256,/content/drive/MyDrive/phase11-data/data/Steel1/images/im_val_cut10_400-V-6mm-4000x06_7_5.png,/content/drive/MyDrive/phase11-persistent/gt_boundaries/Steel1/im_val_cut10_400-V-6mm-4000x06_7_5.png,0,0,256,256,0,0
Steel1/im_val_cut10_400-V-6mm-4000x06_7_6/x0_y0,Steel1,im_val_cut10_400-V-6mm-4000x06,im_val_cut10_400-V-6mm-4000x06_7_6.png,0,0,0.02951,train,256,/content/drive/MyDrive/phase11-data/data/Steel1/images/im_val_cut10_400-V-6mm-4000x06_7_6.png,/content/drive/MyDrive/phase11-persistent/gt_boundaries/Steel1/im_val_cut10_400-V-6mm-4000x06_7_6.png,0,0,256,256,0,0
Steel1/im_val_cut10_400-V-6mm-4000x06_8_1/x0_y0,Steel1,im_val_cut10_400-V-6mm-4000x06,im_val_cut10_400-V-6mm-4000x06_8_1.png,0,0,0.064087,train,256,/content/drive/MyDrive/phase11-data/data/Steel1/images/im_val_cut10_400-V-6mm-4000x06_8_1.png,/content/drive/MyDrive/phase11-persistent/gt_boundaries/Steel1/im_val_cut10_400-V-6mm-4000x06_8_1.png,0,0,256,256,0,0
Steel1/im_val_cut10_400-V-6mm-4000x06_8_2/x0_y0,Steel1,im_val_cut10_400-V-6mm-4000x06,im_val_cut10_400-V-6mm-4000x06_8_2.png,0,0,0.084457,train,256,/content/drive/MyDrive/phase11-data/data/Steel1/images/im_val_cut10_400-V-6mm-4000x06_8_2.png,/content/drive/MyDrive/phase11-persistent/gt_boundaries/Steel1/im_val_cut10_400-V-6mm-4000x06_8_2.png,0,0,256,256,0,0
Steel1/im_val_cut10_400-V-6mm-4000x06_8_3/x0_y0,Steel1,im_val_cut10_400-V-6mm-4000x06,im_val_cut10_400-V-6mm-4000x06_8_3.png,0,0,0.091141,train,256,/content/drive/MyDrive/phase11-data/data/Steel1/images/im_val_cut10_400-V-6mm-4000x06_8_3.png,/content/drive/MyDrive/phase11-persistent/gt_boundaries/Steel1/im_val_cut10_400-V-6mm-4000x06_8_3.png,0,0,256,256,0,0
Steel1/im_val_cut10_400-V-6mm-4000x06_8_4/x0_y0,Steel1,im_val_cut10_400-V-6mm-4000x06,im_val_cut10_400-V-6mm-4000x06_8_4.png,0,0,0.082611,train,256,/content/drive/MyDrive/phase11-data/data/Steel1/images/im_val_cut10_400-V-6mm-4000x06_8_4.png,/content/drive/MyDrive/phase11-persistent/gt_boundaries/Steel1/im_val_cut10_400-V-6mm-4000x06_8_4.png,0,0,256,256,0,0
Steel1/im_val_cut10_400-V-6mm-4000x06_8_5/x0_y0,Steel1,im_val_cut10_400-V-6mm-4000x06,im_val_cut10_400-V-6mm-4000x06_8_5.png,0,0,0.103333,train,256,/content/drive/MyDrive/phase11-data/data/Steel1/images/im_val_cut10_400-V-6mm-4000x06_8_5.png,/content/drive/MyDrive/phase11-persistent/gt_boundaries/Steel1/im_val_cut10_400-V-6mm-4000x06_8_5.png,0,0,256,256,0,0
Steel1/im_val_cut10_400-V-6mm-4000x06_8_6/x0_y0,Steel1,im_val_cut10_400-V-6mm-4000x06,im_val_cut10_400-V-6mm-4000x06_8_6.png,0,0,0.08316,train,256,/content/drive/MyDrive/phase11-data/data/Steel1/images/im_val_cut10_400-V-6mm-4000x06_8_6.png,/content/drive/MyDrive/phase11-persistent/gt_boundaries/Steel1/im_val_cut10_400-V-6mm-4000x06_8_6.png,0,0,256,256,0,0
Steel1/im_val_cut10_400-V-6mm-4000x07_1_1/x0_y0,Steel1,im_val_cut10_400-V-6mm-4000x07,im_val_cut10_400-V-6mm-4000x07_1_1.png,0,0,0.07695,train,256,/content/drive/MyDrive/phase11-data/data/Steel1/images/im_val_cut10_400-V-6mm-4000x07_1_1.png,/content/drive/MyDrive/phase11-persistent/gt_boundaries/Steel1/im_val_cut10_400-V-6mm-4000x07_1_1.png,0,0,256,256,0,0
Steel1/im_val_cut10_400-V-6mm-4000x07_1_3/x0_y0,Steel1,im_val_cut10_400-V-6mm-4000x07,im_val_cut10_400-V-6mm-4000x07_1_3.png,0,0,0.011673,train,256,/content/drive/MyDrive/phase11-data/data/Steel1/images/im_val_cut10_400-V-6mm-4000x07_1_3.png,/content/drive/MyDrive/phase11-persistent/gt_boundaries/Steel1/im_val_cut10_400-V-6mm-4000x07_1_3.png,0,0,256,256,0,0
Steel1/im_val_cut10_400-V-6mm-4000x07_1_6/x0_y0,Steel1,im_val_cut10_400-V-6mm-4000x07,im_val_cut10_400-V-6mm-4000x07_1_6.png,0,0,0.042953,train,256,/content/drive/MyDrive/phase11-data/data/Steel1/images/im_val_cut10_400-V-6mm-4000x07_1_6.png,/content/drive/MyDrive/phase11-persistent/gt_boundaries/Steel1/im_val_cut10_400-V-6mm-4000x07_1_6.png,0,0,256,256,0,0
Steel1/im_val_cut10_400-V-6mm-4000x07_2_1/x0_y0,Steel1,im_val_cut10_400-V-6mm-4000x07,im_val_cut10_400-V-6mm-4000x07_2_1.png,0,0,0.072525,train,256,/content/drive/MyDrive/phase11-data/data/Steel1/images/im_val_cut10_400-V-6mm-4000x07_2_1.png,/content/drive/MyDrive/phase11-persistent/gt_boundaries/Steel1/im_val_cut10_400-V-6mm-4000x07_2_1.png,0,0,256,256,0,0
Steel1/im_val_cut10_400-V-6mm-4000x07_2_2/x0_y0,Steel1,im_val_cut10_400-V-6mm-4000x07,im_val_cut10_400-V-6mm-4000x07_2_2.png,0,0,0.047394,train,256,/content/drive/MyDrive/phase11-data/data/Steel1/images/im_val_cut10_400-V-6mm-4000x07_2_2.png,/content/drive/MyDrive/phase11-persistent/gt_boundaries/Steel1/im_val_cut10_400-V-6mm-4000x07_2_2.png,0,0,256,256,0,0
Steel1/im_val_cut10_400-V-6mm-4000x07_2_4/x0_y0,Steel1,im_val_cut10_400-V-6mm-4000x07,im_val_cut10_400-V-6mm-4000x07_2_4.png,0,0,0.03685,train,256,/content/drive/MyDrive/phase11-data/data/Steel1/images/im_val_cut10_400-V-6mm-4000x07_2_4.png,/content/drive/MyDrive/phase11-persistent/gt_boundaries/Steel1/im_val_cut10_400-V-6mm-4000x07_2_4.png,0,0,256,256,0,0
Steel1/im_val_cut10_400-V-6mm-4000x07_2_6/x0_y0,Steel1,im_val_cut10_400-V-6mm-4000x07,im_val_cut10_400-V-6mm-4000x07_2_6.png,0,0,0.033249,train,256,/content/drive/MyDrive/phase11-data/data/Steel1/images/im_val_cut10_400-V-6mm-4000x07_2_6.png,/content/drive/MyDrive/phase11-persistent/gt_boundaries/Steel1/im_val_cut10_400-V-6mm-4000x07_2_6.png,0,0,256,256,0,0
Steel1/im_val_cut10_400-V-6mm-4000x07_3_1/x0_y0,Steel1,im_val_cut10_400-V-6mm-4000x07,im_val_cut10_400-V-6mm-4000x07_3_1.png,0,0,0.044098,train,256,/content/drive/MyDrive/phase11-data/data/Steel1/images/im_val_cut10_400-V-6mm-4000x07_3_1.png,/content/drive/MyDrive/phase11-persistent/gt_boundaries/Steel1/im_val_cut10_400-V-6mm-4000x07_3_1.png,0,0,256,256,0,0
Steel1/im_val_cut10_400-V-6mm-4000x07_3_2/x0_y0,Steel1,im_val_cut10_400-V-6mm-4000x07,im_val_cut10_400-V-6mm-4000x07_3_2.png,0,0,0.068817,train,256,/content/drive/MyDrive/phase11-data/data/Steel1/images/im_val_cut10_400-V-6mm-4000x07_3_2.png,/content/drive/MyDrive/phase11-persistent/gt_boundaries/Steel1/im_val_cut10_400-V-6mm-4000x07_3_2.png,0,0,256,256,0,0
Steel1/im_val_cut10_400-V-6mm-4000x07_3_3/x0_y0,Steel1,im_val_cut10_400-V-6mm-4000x07,im_val_cut10_400-V-6mm-4000x07_3_3.png,0,0,0.070038,train,256,/content/drive/MyDrive/phase11-data/data/Steel1/images/im_val_cut10_400-V-6mm-4000x07_3_3.png,/content/drive/MyDrive/phase11-persistent/gt_boundaries/Steel1/im_val_cut10_400-V-6mm-4000x07_3_3.png,0,0,256,256,0,0
Steel1/im_val_cut10_400-V-6mm-4000x07_3_4/x0_y0,Steel1,im_val_cut10_400-V-6mm-4000x07,im_val_cut10_400-V-6mm-4000x07_3_4.png,0,0,0.016586,train,256,/content/drive/MyDrive/phase11-data/data/Steel1/images/im_val_cut10_400-V-6mm-4000x07_3_4.png,/content/drive/MyDrive/phase11-persistent/gt_boundaries/Steel1/im_val_cut10_400-V-6mm-4000x07_3_4.png,0,0,256,256,0,0
Steel1/im_val_cut10_400-V-6mm-4000x07_3_5/x0_y0,Steel1,im_val_cut10_400-V-6mm-4000x07,im_val_cut10_400-V-6mm-4000x07_3_5.png,0,0,0.024887,train,256,/content/drive/MyDrive/phase11-data/data/Steel1/images/im_val_cut10_400-V-6mm-4000x07_3_5.png,/content/drive/MyDrive/phase11-persistent/gt_boundaries/Steel1/im_val_cut10_400-V-6mm-4000x07_3_5.png,0,0,256,256,0,0
Steel1/im_val_cut10_400-V-6mm-4000x07_3_6/x0_y0,Steel1,im_val_cut10_400-V-6mm-4000x07,im_val_cut10_400-V-6mm-4000x07_3_6.png,0,0,0.013412,train,256,/content/drive/MyDrive/phase11-data/data/Steel1/images/im_val_cut10_400-V-6mm-4000x07_3_6.png,/content/drive/MyDrive/phase11-persistent/gt_boundaries/Steel1/im_val_cut10_400-V-6mm-4000x07_3_6.png,0,0,256,256,0,0
Steel1/im_val_cut10_400-V-6mm-4000x07_4_1/x0_y0,Steel1,im_val_cut10_400-V-6mm-4000x07,im_val_cut10_400-V-6mm-4000x07_4_1.png,0,0,0.051041,train,256,/content/drive/MyDrive/phase11-data/data/Steel1/images/im_val_cut10_400-V-6mm-4000x07_4_1.png,/content/drive/MyDrive/phase11-persistent/gt_boundaries/Steel1/im_val_cut10_400-V-6mm-4000x07_4_1.png,0,0,256,256,0,0
Steel1/im_val_cut10_400-V-6mm-4000x07_4_2/x0_y0,Steel1,im_val_cut10_400-V-6mm-4000x07,im_val_cut10_400-V-6mm-4000x07_4_2.png,0,0,0.089523,train,256,/content/drive/MyDrive/phase11-data/data/Steel1/images/im_val_cut10_400-V-6mm-4000x07_4_2.png,/content/drive/MyDrive/phase11-persistent/gt_boundaries/Steel1/im_val_cut10_400-V-6mm-4000x07_4_2.png,0,0,256,256,0,0
Steel1/im_val_cut10_400-V-6mm-4000x07_4_3/x0_y0,Steel1,im_val_cut10_400-V-6mm-4000x07,im_val_cut10_400-V-6mm-4000x07_4_3.png,0,0,0.062103,train,256,/content/drive/MyDrive/phase11-data/data/Steel1/images/im_val_cut10_400-V-6mm-4000x07_4_3.png,/content/drive/MyDrive/phase11-persistent/gt_boundaries/Steel1/im_val_cut10_400-V-6mm-4000x07_4_3.png,0,0,256,256,0,0
Steel1/im_val_cut10_400-V-6mm-4000x07_4_4/x0_y0,Steel1,im_val_cut10_400-V-6mm-4000x07,im_val_cut10_400-V-6mm-4000x07_4_4.png,0,0,0.079697,train,256,/content/drive/MyDrive/phase11-data/data/Steel1/images/im_val_cut10_400-V-6mm-4000x07_4_4.png,/content/drive/MyDrive/phase11-persistent/gt_boundaries/Steel1/im_val_cut10_400-V-6mm-4000x07_4_4.png,0,0,256,256,0,0
Steel1/im_val_cut10_400-V-6mm-4000x07_4_5/x0_y0,Steel1,im_val_cut10_400-V-6mm-4000x07,im_val_cut10_400-V-6mm-4000x07_4_5.png,0,0,0.085861,train,256,/content/drive/MyDrive/phase11-data/data/Steel1/images/im_val_cut10_400-V-6mm-4000x07_4_5.png,/content/drive/MyDrive/phase11-persistent/gt_boundaries/Steel1/im_val_cut10_400-V-6mm-4000x07_4_5.png,0,0,256,256,0,0
Steel1/im_val_cut10_400-V-6mm-4000x07_4_6/x0_y0,Steel1,im_val_cut10_400-V-6mm-4000x07,im_val_cut10_400-V-6mm-4000x07_4_6.png,0,0,0.042953,train,256,/content/drive/MyDrive/phase11-data/data/Steel1/images/im_val_cut10_400-V-6mm-4000x07_4_6.png,/content/drive/MyDrive/phase11-persistent/gt_boundaries/Steel1/im_val_cut10_400-V-6mm-4000x07_4_6.png,0,0,256,256,0,0
Steel1/im_val_cut10_400-V-6mm-4000x07_5_1/x0_y0,Steel1,im_val_cut10_400-V-6mm-4000x07,im_val_cut10_400-V-6mm-4000x07_5_1.png,0,0,0.08844,train,256,/content/drive/MyDrive/phase11-data/data/Steel1/images/im_val_cut10_400-V-6mm-4000x07_5_1.png,/content/drive/MyDrive/phase11-persistent/gt_boundaries/Steel1/im_val_cut10_400-V-6mm-4000x07_5_1.png,0,0,256,256,0,0
Steel1/im_val_cut10_400-V-6mm-4000x07_5_2/x0_y0,Steel1,im_val_cut10_400-V-6mm-4000x07,im_val_cut10_400-V-6mm-4000x07_5_2.png,0,0,0.113998,train,256,/content/drive/MyDrive/phase11-data/data/Steel1/images/im_val_cut10_400-V-6mm-4000x07_5_2.png,/content/drive/MyDrive/phase11-persistent/gt_boundaries/Steel1/im_val_cut10_400-V-6mm-4000x07_5_2.png,0,0,256,256,0,0
Steel1/im_val_cut10_400-V-6mm-4000x07_5_3/x0_y0,Steel1,im_val_cut10_400-V-6mm-4000x07,im_val_cut10_400-V-6mm-4000x07_5_3.png,0,0,0.140274,train,256,/content/drive/MyDrive/phase11-data/data/Steel1/images/im_val_cut10_400-V-6mm-4000x07_5_3.png,/content/drive/MyDrive/phase11-persistent/gt_boundaries/Steel1/im_val_cut10_400-V-6mm-4000x07_5_3.png,0,0,256,256,0,0
Steel1/im_val_cut10_400-V-6mm-4000x07_5_4/x0_y0,Steel1,im_val_cut10_400-V-6mm-4000x07,im_val_cut10_400-V-6mm-4000x07_5_4.png,0,0,0.109497,train,256,/content/drive/MyDrive/phase11-data/data/Steel1/images/im_val_cut10_400-V-6mm-4000x07_5_4.png,/content/drive/MyDrive/phase11-persistent/gt_boundaries/Steel1/im_val_cut10_400-V-6mm-4000x07_5_4.png,0,0,256,256,0,0
Steel1/im_val_cut10_400-V-6mm-4000x07_5_5/x0_y0,Steel1,im_val_cut10_400-V-6mm-4000x07,im_val_cut10_400-V-6mm-4000x07_5_5.png,0,0,0.104172,train,256,/content/drive/MyDrive/phase11-data/data/Steel1/images/im_val_cut10_400-V-6mm-4000x07_5_5.png,/content/drive/MyDrive/phase11-persistent/gt_boundaries/Steel1/im_val_cut10_400-V-6mm-4000x07_5_5.png,0,0,256,256,0,0
Steel1/im_val_cut10_400-V-6mm-4000x07_5_6/x0_y0,Steel1,im_val_cut10_400-V-6mm-4000x07,im_val_cut10_400-V-6mm-4000x07_5_6.png,0,0,0.052429,train,256,/content/drive/MyDrive/phase11-data/data/Steel1/images/im_val_cut10_400-V-6mm-4000x07_5_6.png,/content/drive/MyDrive/phase11-persistent/gt_boundaries/Steel1/im_val_cut10_400-V-6mm-4000x07_5_6.png,0,0,256,256,0,0
Steel1/im_val_cut10_400-V-6mm-4000x07_6_1/x0_y0,Steel1,im_val_cut10_400-V-6mm-4000x07,im_val_cut10_400-V-6mm-4000x07_6_1.png,0,0,0.03183,train,256,/content/drive/MyDrive/phase11-data/data/Steel1/images/im_val_cut10_400-V-6mm-4000x07_6_1.png,/content/drive/MyDrive/phase11-persistent/gt_boundaries/Steel1/im_val_cut10_400-V-6mm-4000x07_6_1.png,0,0,256,256,0,0
Steel1/im_val_cut10_400-V-6mm-4000x07_6_2/x0_y0,Steel1,im_val_cut10_400-V-6mm-4000x07,im_val_cut10_400-V-6mm-4000x07_6_2.png,0,0,0.045212,train,256,/content/drive/MyDrive/phase11-data/data/Steel1/images/im_val_cut10_400-V-6mm-4000x07_6_2.png,/content/drive/MyDrive/phase11-persistent/gt_boundaries/Steel1/im_val_cut10_400-V-6mm-4000x07_6_2.png,0,0,256,256,0,0
Steel1/im_val_cut10_400-V-6mm-4000x07_6_3/x0_y0,Steel1,im_val_cut10_400-V-6mm-4000x07,im_val_cut10_400-V-6mm-4000x07_6_3.png,0,0,0.05101,train,256,/content/drive/MyDrive/phase11-data/data/Steel1/images/im_val_cut10_400-V-6mm-4000x07_6_3.png,/content/drive/MyDrive/phase11-persistent/gt_boundaries/Steel1/im_val_cut10_400-V-6mm-4000x07_6_3.png,0,0,256,256,0,0
Steel1/im_val_cut10_400-V-6mm-4000x07_6_4/x0_y0,Steel1,im_val_cut10_400-V-6mm-4000x07,im_val_cut10_400-V-6mm-4000x07_6_4.png,0,0,0.124466,train,256,/content/drive/MyDrive/phase11-data/data/Steel1/images/im_val_cut10_400-V-6mm-4000x07_6_4.png,/content/drive/MyDrive/phase11-persistent/gt_boundaries/Steel1/im_val_cut10_400-V-6mm-4000x07_6_4.png,0,0,256,256,0,0
Steel1/im_val_cut10_400-V-6mm-4000x07_6_5/x0_y0,Steel1,im_val_cut10_400-V-6mm-4000x07,im_val_cut10_400-V-6mm-4000x07_6_5.png,0,0,0.095657,train,256,/content/drive/MyDrive/phase11-data/data/Steel1/images/im_val_cut10_400-V-6mm-4000x07_6_5.png,/content/drive/MyDrive/phase11-persistent/gt_boundaries/Steel1/im_val_cut10_400-V-6mm-4000x07_6_5.png,0,0,256,256,0,0
Steel1/im_val_cut10_400-V-6mm-4000x07_6_6/x0_y0,Steel1,im_val_cut10_400-V-6mm-4000x07,im_val_cut10_400-V-6mm-4000x07_6_6.png,0,0,0.104904,train,256,/content/drive/MyDrive/phase11-data/data/Steel1/images/im_val_cut10_400-V-6mm-4000x07_6_6.png,/content/drive/MyDrive/phase11-persistent/gt_boundaries/Steel1/im_val_cut10_400-V-6mm-4000x07_6_6.png,0,0,256,256,0,0
Steel1/im_val_cut10_400-V-6mm-4000x07_7_1/x0_y0,Steel1,im_val_cut10_400-V-6mm-4000x07,im_val_cut10_400-V-6mm-4000x07_7_1.png,0,0,0.09137,train,256,/content/drive/MyDrive/phase11-data/data/Steel1/images/im_val_cut10_400-V-6mm-4000x07_7_1.png,/content/drive/MyDrive/phase11-persistent/gt_boundaries/Steel1/im_val_cut10_400-V-6mm-4000x07_7_1.png,0,0,256,256,0,0
Steel1/im_val_cut10_400-V-6mm-4000x07_7_2/x0_y0,Steel1,im_val_cut10_400-V-6mm-4000x07,im_val_cut10_400-V-6mm-4000x07_7_2.png,0,0,0.060455,train,256,/content/drive/MyDrive/phase11-data/data/Steel1/images/im_val_cut10_400-V-6mm-4000x07_7_2.png,/content/drive/MyDrive/phase11-persistent/gt_boundaries/Steel1/im_val_cut10_400-V-6mm-4000x07_7_2.png,0,0,256,256,0,0
Steel1/im_val_cut10_400-V-6mm-4000x07_7_3/x0_y0,Steel1,im_val_cut10_400-V-6mm-4000x07,im_val_cut10_400-V-6mm-4000x07_7_3.png,0,0,0.094131,train,256,/content/drive/MyDrive/phase11-data/data/Steel1/images/im_val_cut10_400-V-6mm-4000x07_7_3.png,/content/drive/MyDrive/phase11-persistent/gt_boundaries/Steel1/im_val_cut10_400-V-6mm-4000x07_7_3.png,0,0,256,256,0,0
Steel1/im_val_cut10_400-V-6mm-4000x07_7_4/x0_y0,Steel1,im_val_cut10_400-V-6mm-4000x07,im_val_cut10_400-V-6mm-4000x07_7_4.png,0,0,0.087769,train,256,/content/drive/MyDrive/phase11-data/data/Steel1/images/im_val_cut10_400-V-6mm-4000x07_7_4.png,/content/drive/MyDrive/phase11-persistent/gt_boundaries/Steel1/im_val_cut10_400-V-6mm-4000x07_7_4.png,0,0,256,256,0,0
Steel1/im_val_cut10_400-V-6mm-4000x07_7_5/x0_y0,Steel1,im_val_cut10_400-V-6mm-4000x07,im_val_cut10_400-V-6mm-4000x07_7_5.png,0,0,0.10025,train,256,/content/drive/MyDrive/phase11-data/data/Steel1/images/im_val_cut10_400-V-6mm-4000x07_7_5.png,/content/drive/MyDrive/phase11-persistent/gt_boundaries/Steel1/im_val_cut10_400-V-6mm-4000x07_7_5.png,0,0,256,256,0,0
Steel1/im_val_cut10_400-V-6mm-4000x07_7_6/x0_y0,Steel1,im_val_cut10_400-V-6mm-4000x07,im_val_cut10_400-V-6mm-4000x07_7_6.png,0,0,0.068909,train,256,/content/drive/MyDrive/phase11-data/data/Steel1/images/im_val_cut10_400-V-6mm-4000x07_7_6.png,/content/drive/MyDrive/phase11-persistent/gt_boundaries/Steel1/im_val_cut10_400-V-6mm-4000x07_7_6.png,0,0,256,256,0,0
Steel1/im_val_cut10_400-V-6mm-4000x07_8_1/x0_y0,Steel1,im_val_cut10_400-V-6mm-4000x07,im_val_cut10_400-V-6mm-4000x07_8_1.png,0,0,0.111923,train,256,/content/drive/MyDrive/phase11-data/data/Steel1/images/im_val_cut10_400-V-6mm-4000x07_8_1.png,/content/drive/MyDrive/phase11-persistent/gt_boundaries/Steel1/im_val_cut10_400-V-6mm-4000x07_8_1.png,0,0,256,256,0,0
Steel1/im_val_cut10_400-V-6mm-4000x07_8_2/x0_y0,Steel1,im_val_cut10_400-V-6mm-4000x07,im_val_cut10_400-V-6mm-4000x07_8_2.png,0,0,0.09198,train,256,/content/drive/MyDrive/phase11-data/data/Steel1/images/im_val_cut10_400-V-6mm-4000x07_8_2.png,/content/drive/MyDrive/phase11-persistent/gt_boundaries/Steel1/im_val_cut10_400-V-6mm-4000x07_8_2.png,0,0,256,256,0,0
Steel1/im_val_cut10_400-V-6mm-4000x07_8_3/x0_y0,Steel1,im_val_cut10_400-V-6mm-4000x07,im_val_cut10_400-V-6mm-4000x07_8_3.png,0,0,0.101456,train,256,/content/drive/MyDrive/phase11-data/data/Steel1/images/im_val_cut10_400-V-6mm-4000x07_8_3.png,/content/drive/MyDrive/phase11-persistent/gt_boundaries/Steel1/im_val_cut10_400-V-6mm-4000x07_8_3.png,0,0,256,256,0,0
Steel1/im_val_cut10_400-V-6mm-4000x07_8_4/x0_y0,Steel1,im_val_cut10_400-V-6mm-4000x07,im_val_cut10_400-V-6mm-4000x07_8_4.png,0,0,0.111526,train,256,/content/drive/MyDrive/phase11-data/data/Steel1/images/im_val_cut10_400-V-6mm-4000x07_8_4.png,/content/drive/MyDrive/phase11-persistent/gt_boundaries/Steel1/im_val_cut10_400-V-6mm-4000x07_8_4.png,0,0,256,256,0,0
Steel1/im_val_cut10_400-V-6mm-4000x07_8_5/x0_y0,Steel1,im_val_cut10_400-V-6mm-4000x07,im_val_cut10_400-V-6mm-4000x07_8_5.png,0,0,0.078598,train,256,/content/drive/MyDrive/phase11-data/data/Steel1/images/im_val_cut10_400-V-6mm-4000x07_8_5.png,/content/drive/MyDrive/phase11-persistent/gt_boundaries/Steel1/im_val_cut10_400-V-6mm-4000x07_8_5.png,0,0,256,256,0,0
Steel1/im_val_cut10_400-V-6mm-4000x07_8_6/x0_y0,Steel1,im_val_cut10_400-V-6mm-4000x07,im_val_cut10_400-V-6mm-4000x07_8_6.png,0,0,0.084,train,256,/content/drive/MyDrive/phase11-data/data/Steel1/images/im_val_cut10_400-V-6mm-4000x07_8_6.png,/content/drive/MyDrive/phase11-persistent/gt_boundaries/Steel1/im_val_cut10_400-V-6mm-4000x07_8_6.png,0,0,256,256,0,0
Steel1/im_val_cut10_400-V-9mm-4000x10_1_1/x0_y0,Steel1,im_val_cut10_400-V-9mm-4000x10,im_val_cut10_400-V-9mm-4000x10_1_1.png,0,0,0.108231,train,256,/content/drive/MyDrive/phase11-data/data/Steel1/images/im_val_cut10_400-V-9mm-4000x10_1_1.png,/content/drive/MyDrive/phase11-persistent/gt_boundaries/Steel1/im_val_cut10_400-V-9mm-4000x10_1_1.png,0,0,256,256,0,0
Steel1/im_val_cut10_400-V-9mm-4000x10_1_2/x0_y0,Steel1,im_val_cut10_400-V-9mm-4000x10,im_val_cut10_400-V-9mm-4000x10_1_2.png,0,0,0.091034,train,256,/content/drive/MyDrive/phase11-data/data/Steel1/images/im_val_cut10_400-V-9mm-4000x10_1_2.png,/content/drive/MyDrive/phase11-persistent/gt_boundaries/Steel1/im_val_cut10_400-V-9mm-4000x10_1_2.png,0,0,256,256,0,0
Steel1/im_val_cut10_400-V-9mm-4000x10_1_3/x0_y0,Steel1,im_val_cut10_400-V-9mm-4000x10,im_val_cut10_400-V-9mm-4000x10_1_3.png,0,0,0.104065,train,256,/content/drive/MyDrive/phase11-data/data/Steel1/images/im_val_cut10_400-V-9mm-4000x10_1_3.png,/content/drive/MyDrive/phase11-persistent/gt_boundaries/Steel1/im_val_cut10_400-V-9mm-4000x10_1_3.png,0,0,256,256,0,0
Steel1/im_val_cut10_400-V-9mm-4000x10_1_4/x0_y0,Steel1,im_val_cut10_400-V-9mm-4000x10,im_val_cut10_400-V-9mm-4000x10_1_4.png,0,0,0.070923,train,256,/content/drive/MyDrive/phase11-data/data/Steel1/images/im_val_cut10_400-V-9mm-4000x10_1_4.png,/content/drive/MyDrive/phase11-persistent/gt_boundaries/Steel1/im_val_cut10_400-V-9mm-4000x10_1_4.png,0,0,256,256,0,0
Steel1/im_val_cut10_400-V-9mm-4000x10_1_5/x0_y0,Steel1,im_val_cut10_400-V-9mm-4000x10,im_val_cut10_400-V-9mm-4000x10_1_5.png,0,0,0.140686,train,256,/content/drive/MyDrive/phase11-data/data/Steel1/images/im_val_cut10_400-V-9mm-4000x10_1_5.png,/content/drive/MyDrive/phase11-persistent/gt_boundaries/Steel1/im_val_cut10_400-V-9mm-4000x10_1_5.png,0,0,256,256,0,0
Steel1/im_val_cut10_400-V-9mm-4000x10_1_6/x0_y0,Steel1,im_val_cut10_400-V-9mm-4000x10,im_val_cut10_400-V-9mm-4000x10_1_6.png,0,0,0.126724,train,256,/content/drive/MyDrive/phase11-data/data/Steel1/images/im_val_cut10_400-V-9mm-4000x10_1_6.png,/content/drive/MyDrive/phase11-persistent/gt_boundaries/Steel1/im_val_cut10_400-V-9mm-4000x10_1_6.png,0,0,256,256,0,0
Steel1/im_val_cut10_400-V-9mm-4000x10_2_1/x0_y0,Steel1,im_val_cut10_400-V-9mm-4000x10,im_val_cut10_400-V-9mm-4000x10_2_1.png,0,0,0.120331,train,256,/content/drive/MyDrive/phase11-data/data/Steel1/images/im_val_cut10_400-V-9mm-4000x10_2_1.png,/content/drive/MyDrive/phase11-persistent/gt_boundaries/Steel1/im_val_cut10_400-V-9mm-4000x10_2_1.png,0,0,256,256,0,0
Steel1/im_val_cut10_400-V-9mm-4000x10_2_2/x0_y0,Steel1,im_val_cut10_400-V-9mm-4000x10,im_val_cut10_400-V-9mm-4000x10_2_2.png,0,0,0.115707,train,256,/content/drive/MyDrive/phase11-data/data/Steel1/images/im_val_cut10_400-V-9mm-4000x10_2_2.png,/content/drive/MyDrive/phase11-persistent/gt_boundaries/Steel1/im_val_cut10_400-V-9mm-4000x10_2_2.png,0,0,256,256,0,0
Steel1/im_val_cut10_400-V-9mm-4000x10_2_3/x0_y0,Steel1,im_val_cut10_400-V-9mm-4000x10,im_val_cut10_400-V-9mm-4000x10_2_3.png,0,0,0.124512,train,256,/content/drive/MyDrive/phase11-data/data/Steel1/images/im_val_cut10_400-V-9mm-4000x10_2_3.png,/content/drive/MyDrive/phase11-persistent/gt_boundaries/Steel1/im_val_cut10_400-V-9mm-4000x10_2_3.png,0,0,256,256,0,0
Steel1/im_val_cut10_400-V-9mm-4000x10_2_4/x0_y0,Steel1,im_val_cut10_400-V-9mm-4000x10,im_val_cut10_400-V-9mm-4000x10_2_4.png,0,0,0.10817,train,256,/content/drive/MyDrive/phase11-data/data/Steel1/images/im_val_cut10_400-V-9mm-4000x10_2_4.png,/content/drive/MyDrive/phase11-persistent/gt_boundaries/Steel1/im_val_cut10_400-V-9mm-4000x10_2_4.png,0,0,256,256,0,0
Steel1/im_val_cut10_400-V-9mm-4000x10_2_5/x0_y0,Steel1,im_val_cut10_400-V-9mm-4000x10,im_val_cut10_400-V-9mm-4000x10_2_5.png,0,0,0.15004,train,256,/content/drive/MyDrive/phase11-data/data/Steel1/images/im_val_cut10_400-V-9mm-4000x10_2_5.png,/content/drive/MyDrive/phase11-persistent/gt_boundaries/Steel1/im_val_cut10_400-V-9mm-4000x10_2_5.png,0,0,256,256,0,0
Steel1/im_val_cut10_400-V-9mm-4000x10_2_6/x0_y0,Steel1,im_val_cut10_400-V-9mm-4000x10,im_val_cut10_400-V-9mm-4000x10_2_6.png,0,0,0.146561,train,256,/content/drive/MyDrive/phase11-data/data/Steel1/images/im_val_cut10_400-V-9mm-4000x10_2_6.png,/content/drive/MyDrive/phase11-persistent/gt_boundaries/Steel1/im_val_cut10_400-V-9mm-4000x10_2_6.png,0,0,256,256,0,0
Steel1/im_val_cut10_400-V-9mm-4000x10_3_1/x0_y0,Steel1,im_val_cut10_400-V-9mm-4000x10,im_val_cut10_400-V-9mm-4000x10_3_1.png,0,0,0.093353,train,256,/content/drive/MyDrive/phase11-data/data/Steel1/images/im_val_cut10_400-V-9mm-4000x10_3_1.png,/content/drive/MyDrive/phase11-persistent/gt_boundaries/Steel1/im_val_cut10_400-V-9mm-4000x10_3_1.png,0,0,256,256,0,0
Steel1/im_val_cut10_400-V-9mm-4000x10_3_2/x0_y0,Steel1,im_val_cut10_400-V-9mm-4000x10,im_val_cut10_400-V-9mm-4000x10_3_2.png,0,0,0.110245,train,256,/content/drive/MyDrive/phase11-data/data/Steel1/images/im_val_cut10_400-V-9mm-4000x10_3_2.png,/content/drive/MyDrive/phase11-persistent/gt_boundaries/Steel1/im_val_cut10_400-V-9mm-4000x10_3_2.png,0,0,256,256,0,0
Steel1/im_val_cut10_400-V-9mm-4000x10_3_3/x0_y0,Steel1,im_val_cut10_400-V-9mm-4000x10,im_val_cut10_400-V-9mm-4000x10_3_3.png,0,0,0.145096,train,256,/content/drive/MyDrive/phase11-data/data/Steel1/images/im_val_cut10_400-V-9mm-4000x10_3_3.png,/content/drive/MyDrive/phase11-persistent/gt_boundaries/Steel1/im_val_cut10_400-V-9mm-4000x10_3_3.png,0,0,256,256,0,0
Steel1/im_val_cut10_400-V-9mm-4000x10_3_4/x0_y0,Steel1,im_val_cut10_400-V-9mm-4000x10,im_val_cut10_400-V-9mm-4000x10_3_4.png,0,0,0.087616,train,256,/content/drive/MyDrive/phase11-data/data/Steel1/images/im_val_cut10_400-V-9mm-4000x10_3_4.png,/content/drive/MyDrive/phase11-persistent/gt_boundaries/Steel1/im_val_cut10_400-V-9mm-4000x10_3_4.png,0,0,256,256,0,0
Steel1/im_val_cut10_400-V-9mm-4000x10_3_5/x0_y0,Steel1,im_val_cut10_400-V-9mm-4000x10,im_val_cut10_400-V-9mm-4000x10_3_5.png,0,0,0.147751,train,256,/content/drive/MyDrive/phase11-data/data/Steel1/images/im_val_cut10_400-V-9mm-4000x10_3_5.png,/content/drive/MyDrive/phase11-persistent/gt_boundaries/Steel1/im_val_cut10_400-V-9mm-4000x10_3_5.png,0,0,256,256,0,0
Steel1/im_val_cut10_400-V-9mm-4000x10_3_6/x0_y0,Steel1,im_val_cut10_400-V-9mm-4000x10,im_val_cut10_400-V-9mm-4000x10_3_6.png,0,0,0.142288,train,256,/content/drive/MyDrive/phase11-data/data/Steel1/images/im_val_cut10_400-V-9mm-4000x10_3_6.png,/content/drive/MyDrive/phase11-persistent/gt_boundaries/Steel1/im_val_cut10_400-V-9mm-4000x10_3_6.png,0,0,256,256,0,0
Steel1/im_val_cut10_400-V-9mm-4000x10_4_1/x0_y0,Steel1,im_val_cut10_400-V-9mm-4000x10,im_val_cut10_400-V-9mm-4000x10_4_1.png,0,0,0.120529,train,256,/content/drive/MyDrive/phase11-data/data/Steel1/images/im_val_cut10_400-V-9mm-4000x10_4_1.png,/content/drive/MyDrive/phase11-persistent/gt_boundaries/Steel1/im_val_cut10_400-V-9mm-4000x10_4_1.png,0,0,256,256,0,0
Steel1/im_val_cut10_400-V-9mm-4000x10_4_2/x0_y0,Steel1,im_val_cut10_400-V-9mm-4000x10,im_val_cut10_400-V-9mm-4000x10_4_2.png,0,0,0.124359,train,256,/content/drive/MyDrive/phase11-data/data/Steel1/images/im_val_cut10_400-V-9mm-4000x10_4_2.png,/content/drive/MyDrive/phase11-persistent/gt_boundaries/Steel1/im_val_cut10_400-V-9mm-4000x10_4_2.png,0,0,256,256,0,0
Steel1/im_val_cut10_400-V-9mm-4000x10_4_3/x0_y0,Steel1,im_val_cut10_400-V-9mm-4000x10,im_val_cut10_400-V-9mm-4000x10_4_3.png,0,0,0.098557,train,256,/content/drive/MyDrive/phase11-data/data/Steel1/images/im_val_cut10_400-V-9mm-4000x10_4_3.png,/content/drive/MyDrive/phase11-persistent/gt_boundaries/Steel1/im_val_cut10_400-V-9mm-4000x10_4_3.png,0,0,256,256,0,0
Steel1/im_val_cut10_400-V-9mm-4000x10_4_4/x0_y0,Steel1,im_val_cut10_400-V-9mm-4000x10,im_val_cut10_400-V-9mm-4000x10_4_4.png,0,0,0.064392,train,256,/content/drive/MyDrive/phase11-data/data/Steel1/images/im_val_cut10_400-V-9mm-4000x10_4_4.png,/content/drive/MyDrive/phase11-persistent/gt_boundaries/Steel1/im_val_cut10_400-V-9mm-4000x10_4_4.png,0,0,256,256,0,0
Steel1/im_val_cut10_400-V-9mm-4000x10_4_5/x0_y0,Steel1,im_val_cut10_400-V-9mm-4000x10,im_val_cut10_400-V-9mm-4000x10_4_5.png,0,0,0.152634,train,256,/content/drive/MyDrive/phase11-data/data/Steel1/images/im_val_cut10_400-V-9mm-4000x10_4_5.png,/content/drive/MyDrive/phase11-persistent/gt_boundaries/Steel1/im_val_cut10_400-V-9mm-4000x10_4_5.png,0,0,256,256,0,0
Steel1/im_val_cut10_400-V-9mm-4000x10_4_6/x0_y0,Steel1,im_val_cut10_400-V-9mm-4000x10,im_val_cut10_400-V-9mm-4000x10_4_6.png,0,0,0.132507,train,256,/content/drive/MyDrive/phase11-data/data/Steel1/images/im_val_cut10_400-V-9mm-4000x10_4_6.png,/content/drive/MyDrive/phase11-persistent/gt_boundaries/Steel1/im_val_cut10_400-V-9mm-4000x10_4_6.png,0,0,256,256,0,0
Steel1/im_val_cut10_400-V-9mm-4000x10_5_1/x0_y0,Steel1,im_val_cut10_400-V-9mm-4000x10,im_val_cut10_400-V-9mm-4000x10_5_1.png,0,0,0.117371,train,256,/content/drive/MyDrive/phase11-data/data/Steel1/images/im_val_cut10_400-V-9mm-4000x10_5_1.png,/content/drive/MyDrive/phase11-persistent/gt_boundaries/Steel1/im_val_cut10_400-V-9mm-4000x10_5_1.png,0,0,256,256,0,0
Steel1/im_val_cut10_400-V-9mm-4000x10_5_2/x0_y0,Steel1,im_val_cut10_400-V-9mm-4000x10,im_val_cut10_400-V-9mm-4000x10_5_2.png,0,0,0.118866,train,256,/content/drive/MyDrive/phase11-data/data/Steel1/images/im_val_cut10_400-V-9mm-4000x10_5_2.png,/content/drive/MyDrive/phase11-persistent/gt_boundaries/Steel1/im_val_cut10_400-V-9mm-4000x10_5_2.png,0,0,256,256,0,0
Steel1/im_val_cut10_400-V-9mm-4000x10_5_3/x0_y0,Steel1,im_val_cut10_400-V-9mm-4000x10,im_val_cut10_400-V-9mm-4000x10_5_3.png,0,0,0.116501,train,256,/content/drive/MyDrive/phase11-data/data/Steel1/images/im_val_cut10_400-V-9mm-4000x10_5_3.png,/content/drive/MyDrive/phase11-persistent/gt_boundaries/Steel1/im_val_cut10_400-V-9mm-4000x10_5_3.png,0,0,256,256,0,0
Steel1/im_val_cut10_400-V-9mm-4000x10_5_4/x0_y0,Steel1,im_val_cut10_400-V-9mm-4000x10,im_val_cut10_400-V-9mm-4000x10_5_4.png,0,0,0.133179,train,256,/content/drive/MyDrive/phase11-data/data/Steel1/images/im_val_cut10_400-V-9mm-4000x10_5_4.png,/content/drive/MyDrive/phase11-persistent/gt_boundaries/Steel1/im_val_cut10_400-V-9mm-4000x10_5_4.png,0,0,256,256,0,0
Steel1/im_val_cut10_400-V-9mm-4000x10_5_5/x0_y0,Steel1,im_val_cut10_400-V-9mm-4000x10,im_val_cut10_400-V-9mm-4000x10_5_5.png,0,0,0.116882,train,256,/content/drive/MyDrive/phase11-data/data/Steel1/images/im_val_cut10_400-V-9mm-4000x10_5_5.png,/content/drive/MyDrive/phase11-persistent/gt_boundaries/Steel1/im_val_cut10_400-V-9mm-4000x10_5_5.png,0,0,256,256,0,0
Steel1/im_val_cut10_400-V-9mm-4000x10_5_6/x0_y0,Steel1,im_val_cut10_400-V-9mm-4000x10,im_val_cut10_400-V-9mm-4000x10_5_6.png,0,0,0.110992,train,256,/content/drive/MyDrive/phase11-data/data/Steel1/images/im_val_cut10_400-V-9mm-4000x10_5_6.png,/content/drive/MyDrive/phase11-persistent/gt_boundaries/Steel1/im_val_cut10_400-V-9mm-4000x10_5_6.png,0,0,256,256,0,0
Steel1/im_val_cut10_400-V-9mm-4000x10_6_1/x0_y0,Steel1,im_val_cut10_400-V-9mm-4000x10,im_val_cut10_400-V-9mm-4000x10_6_1.png,0,0,0.167755,train,256,/content/drive/MyDrive/phase11-data/data/Steel1/images/im_val_cut10_400-V-9mm-4000x10_6_1.png,/content/drive/MyDrive/phase11-persistent/gt_boundaries/Steel1/im_val_cut10_400-V-9mm-4000x10_6_1.png,0,0,256,256,0,0
Steel1/im_val_cut10_400-V-9mm-4000x10_6_2/x0_y0,Steel1,im_val_cut10_400-V-9mm-4000x10,im_val_cut10_400-V-9mm-4000x10_6_2.png,0,0,0.13414,train,256,/content/drive/MyDrive/phase11-data/data/Steel1/images/im_val_cut10_400-V-9mm-4000x10_6_2.png,/content/drive/MyDrive/phase11-persistent/gt_boundaries/Steel1/im_val_cut10_400-V-9mm-4000x10_6_2.png,0,0,256,256,0,0
Steel1/im_val_cut10_400-V-9mm-4000x10_6_3/x0_y0,Steel1,im_val_cut10_400-V-9mm-4000x10,im_val_cut10_400-V-9mm-4000x10_6_3.png,0,0,0.130005,train,256,/content/drive/MyDrive/phase11-data/data/Steel1/images/im_val_cut10_400-V-9mm-4000x10_6_3.png,/content/drive/MyDrive/phase11-persistent/gt_boundaries/Steel1/im_val_cut10_400-V-9mm-4000x10_6_3.png,0,0,256,256,0,0
Steel1/im_val_cut10_400-V-9mm-4000x10_6_4/x0_y0,Steel1,im_val_cut10_400-V-9mm-4000x10,im_val_cut10_400-V-9mm-4000x10_6_4.png,0,0,0.137238,train,256,/content/drive/MyDrive/phase11-data/data/Steel1/images/im_val_cut10_400-V-9mm-4000x10_6_4.png,/content/drive/MyDrive/phase11-persistent/gt_boundaries/Steel1/im_val_cut10_400-V-9mm-4000x10_6_4.png,0,0,256,256,0,0
Steel1/im_val_cut10_400-V-9mm-4000x10_6_5/x0_y0,Steel1,im_val_cut10_400-V-9mm-4000x10,im_val_cut10_400-V-9mm-4000x10_6_5.png,0,0,0.083572,train,256,/content/drive/MyDrive/phase11-data/data/Steel1/images/im_val_cut10_400-V-9mm-4000x10_6_5.png,/content/drive/MyDrive/phase11-persistent/gt_boundaries/Steel1/im_val_cut10_400-V-9mm-4000x10_6_5.png,0,0,256,256,0,0
Steel1/im_val_cut10_400-V-9mm-4000x10_6_6/x0_y0,Steel1,im_val_cut10_400-V-9mm-4000x10,im_val_cut10_400-V-9mm-4000x10_6_6.png,0,0,0.104156,train,256,/content/drive/MyDrive/phase11-data/data/Steel1/images/im_val_cut10_400-V-9mm-4000x10_6_6.png,/content/drive/MyDrive/phase11-persistent/gt_boundaries/Steel1/im_val_cut10_400-V-9mm-4000x10_6_6.png,0,0,256,256,0,0
Steel1/im_val_cut10_400-V-9mm-4000x10_7_1/x0_y0,Steel1,im_val_cut10_400-V-9mm-4000x10,im_val_cut10_400-V-9mm-4000x10_7_1.png,0,0,0.121445,train,256,/content/drive/MyDrive/phase11-data/data/Steel1/images/im_val_cut10_400-V-9mm-4000x10_7_1.png,/content/drive/MyDrive/phase11-persistent/gt_boundaries/Steel1/im_val_cut10_400-V-9mm-4000x10_7_1.png,0,0,256,256,0,0
Steel1/im_val_cut10_400-V-9mm-4000x10_7_2/x0_y0,Steel1,im_val_cut10_400-V-9mm-4000x10,im_val_cut10_400-V-9mm-4000x10_7_2.png,0,0,0.138489,train,256,/content/drive/MyDrive/phase11-data/data/Steel1/images/im_val_cut10_400-V-9mm-4000x10_7_2.png,/content/drive/MyDrive/phase11-persistent/gt_boundaries/Steel1/im_val_cut10_400-V-9mm-4000x10_7_2.png,0,0,256,256,0,0
Steel1/im_val_cut10_400-V-9mm-4000x10_7_3/x0_y0,Steel1,im_val_cut10_400-V-9mm-4000x10,im_val_cut10_400-V-9mm-4000x10_7_3.png,0,0,0.076767,train,256,/content/drive/MyDrive/phase11-data/data/Steel1/images/im_val_cut10_400-V-9mm-4000x10_7_3.png,/content/drive/MyDrive/phase11-persistent/gt_boundaries/Steel1/im_val_cut10_400-V-9mm-4000x10_7_3.png,0,0,256,256,0,0
Steel1/im_val_cut10_400-V-9mm-4000x10_7_4/x0_y0,Steel1,im_val_cut10_400-V-9mm-4000x10,im_val_cut10_400-V-9mm-4000x10_7_4.png,0,0,0.074966,train,256,/content/drive/MyDrive/phase11-data/data/Steel1/images/im_val_cut10_400-V-9mm-4000x10_7_4.png,/content/drive/MyDrive/phase11-persistent/gt_boundaries/Steel1/im_val_cut10_400-V-9mm-4000x10_7_4.png,0,0,256,256,0,0
Steel1/im_val_cut10_400-V-9mm-4000x10_7_5/x0_y0,Steel1,im_val_cut10_400-V-9mm-4000x10,im_val_cut10_400-V-9mm-4000x10_7_5.png,0,0,0.094894,train,256,/content/drive/MyDrive/phase11-data/data/Steel1/images/im_val_cut10_400-V-9mm-4000x10_7_5.png,/content/drive/MyDrive/phase11-persistent/gt_boundaries/Steel1/im_val_cut10_400-V-9mm-4000x10_7_5.png,0,0,256,256,0,0
Steel1/im_val_cut10_400-V-9mm-4000x10_7_6/x0_y0,Steel1,im_val_cut10_400-V-9mm-4000x10,im_val_cut10_400-V-9mm-4000x10_7_6.png,0,0,0.096146,train,256,/content/drive/MyDrive/phase11-data/data/Steel1/images/im_val_cut10_400-V-9mm-4000x10_7_6.png,/content/drive/MyDrive/phase11-persistent/gt_boundaries/Steel1/im_val_cut10_400-V-9mm-4000x10_7_6.png,0,0,256,256,0,0
Steel1/im_val_cut10_400-V-9mm-4000x10_8_1/x0_y0,Steel1,im_val_cut10_400-V-9mm-4000x10,im_val_cut10_400-V-9mm-4000x10_8_1.png,0,0,0.086166,train,256,/content/drive/MyDrive/phase11-data/data/Steel1/images/im_val_cut10_400-V-9mm-4000x10_8_1.png,/content/drive/MyDrive/phase11-persistent/gt_boundaries/Steel1/im_val_cut10_400-V-9mm-4000x10_8_1.png,0,0,256,256,0,0
Steel1/im_val_cut10_400-V-9mm-4000x10_8_2/x0_y0,Steel1,im_val_cut10_400-V-9mm-4000x10,im_val_cut10_400-V-9mm-4000x10_8_2.png,0,0,0.141403,train,256,/content/drive/MyDrive/phase11-data/data/Steel1/images/im_val_cut10_400-V-9mm-4000x10_8_2.png,/content/drive/MyDrive/phase11-persistent/gt_boundaries/Steel1/im_val_cut10_400-V-9mm-4000x10_8_2.png,0,0,256,256,0,0
Steel1/im_val_cut10_400-V-9mm-4000x10_8_3/x0_y0,Steel1,im_val_cut10_400-V-9mm-4000x10,im_val_cut10_400-V-9mm-4000x10_8_3.png,0,0,0.012192,train,256,/content/drive/MyDrive/phase11-data/data/Steel1/images/im_val_cut10_400-V-9mm-4000x10_8_3.png,/content/drive/MyDrive/phase11-persistent/gt_boundaries/Steel1/im_val_cut10_400-V-9mm-4000x10_8_3.png,0,0,256,256,0,0
Steel1/im_val_cut10_400-V-9mm-4000x10_8_4/x0_y0,Steel1,im_val_cut10_400-V-9mm-4000x10,im_val_cut10_400-V-9mm-4000x10_8_4.png,0,0,0.132568,train,256,/content/drive/MyDrive/phase11-data/data/Steel1/images/im_val_cut10_400-V-9mm-4000x10_8_4.png,/content/drive/MyDrive/phase11-persistent/gt_boundaries/Steel1/im_val_cut10_400-V-9mm-4000x10_8_4.png,0,0,256,256,0,0
Steel1/im_val_cut10_400-V-9mm-4000x10_8_5/x0_y0,Steel1,im_val_cut10_400-V-9mm-4000x10,im_val_cut10_400-V-9mm-4000x10_8_5.png,0,0,0.086716,train,256,/content/drive/MyDrive/phase11-data/data/Steel1/images/im_val_cut10_400-V-9mm-4000x10_8_5.png,/content/drive/MyDrive/phase11-persistent/gt_boundaries/Steel1/im_val_cut10_400-V-9mm-4000x10_8_5.png,0,0,256,256,0,0
Steel1/im_val_cut10_400-V-9mm-4000x10_8_6/x0_y0,Steel1,im_val_cut10_400-V-9mm-4000x10,im_val_cut10_400-V-9mm-4000x10_8_6.png,0,0,0.098541,train,256,/content/drive/MyDrive/phase11-data/data/Steel1/images/im_val_cut10_400-V-9mm-4000x10_8_6.png,/content/drive/MyDrive/phase11-persistent/gt_boundaries/Steel1/im_val_cut10_400-V-9mm-4000x10_8_6.png,0,0,256,256,0,0
Steel1/im_val_cut10_400-V-9mm-4000x11_1_1/x0_y0,Steel1,im_val_cut10_400-V-9mm-4000x11,im_val_cut10_400-V-9mm-4000x11_1_1.png,0,0,0.113815,val,256,/content/drive/MyDrive/phase11-data/data/Steel1/images/im_val_cut10_400-V-9mm-4000x11_1_1.png,/content/drive/MyDrive/phase11-persistent/gt_boundaries/Steel1/im_val_cut10_400-V-9mm-4000x11_1_1.png,0,0,256,256,0,0
Steel1/im_val_cut10_400-V-9mm-4000x11_1_2/x0_y0,Steel1,im_val_cut10_400-V-9mm-4000x11,im_val_cut10_400-V-9mm-4000x11_1_2.png,0,0,0.137848,val,256,/content/drive/MyDrive/phase11-data/data/Steel1/images/im_val_cut10_400-V-9mm-4000x11_1_2.png,/content/drive/MyDrive/phase11-persistent/gt_boundaries/Steel1/im_val_cut10_400-V-9mm-4000x11_1_2.png,0,0,256,256,0,0
Steel1/im_val_cut10_400-V-9mm-4000x11_1_3/x0_y0,Steel1,im_val_cut10_400-V-9mm-4000x11,im_val_cut10_400-V-9mm-4000x11_1_3.png,0,0,0.141815,val,256,/content/drive/MyDrive/phase11-data/data/Steel1/images/im_val_cut10_400-V-9mm-4000x11_1_3.png,/content/drive/MyDrive/phase11-persistent/gt_boundaries/Steel1/im_val_cut10_400-V-9mm-4000x11_1_3.png,0,0,256,256,0,0
Steel1/im_val_cut10_400-V-9mm-4000x11_1_4/x0_y0,Steel1,im_val_cut10_400-V-9mm-4000x11,im_val_cut10_400-V-9mm-4000x11_1_4.png,0,0,0.12178,val,256,/content/drive/MyDrive/phase11-data/data/Steel1/images/im_val_cut10_400-V-9mm-4000x11_1_4.png,/content/drive/MyDrive/phase11-persistent/gt_boundaries/Steel1/im_val_cut10_400-V-9mm-4000x11_1_4.png,0,0,256,256,0,0
Steel1/im_val_cut10_400-V-9mm-4000x11_1_5/x0_y0,Steel1,im_val_cut10_400-V-9mm-4000x11,im_val_cut10_400-V-9mm-4000x11_1_5.png,0,0,0.176636,val,256,/content/drive/MyDrive/phase11-data/data/Steel1/images/im_val_cut10_400-V-9mm-4000x11_1_5.png,/content/drive/MyDrive/phase11-persistent/gt_boundaries/Steel1/im_val_cut10_400-V-9mm-4000x11_1_5.png,0,0,256,256,0,0
Steel1/im_val_cut10_400-V-9mm-4000x11_1_6/x0_y0,Steel1,im_val_cut10_400-V-9mm-4000x11,im_val_cut10_400-V-9mm-4000x11_1_6.png,0,0,0.102859,val,256,/content/drive/MyDrive/phase11-data/data/Steel1/images/im_val_cut10_400-V-9mm-4000x11_1_6.png,/content/drive/MyDrive/phase11-persistent/gt_boundaries/Steel1/im_val_cut10_400-V-9mm-4000x11_1_6.png,0,0,256,256,0,0
Steel1/im_val_cut10_400-V-9mm-4000x11_2_1/x0_y0,Steel1,im_val_cut10_400-V-9mm-4000x11,im_val_cut10_400-V-9mm-4000x11_2_1.png,0,0,0.132019,val,256,/content/drive/MyDrive/phase11-data/data/Steel1/images/im_val_cut10_400-V-9mm-4000x11_2_1.png,/content/drive/MyDrive/phase11-persistent/gt_boundaries/Steel1/im_val_cut10_400-V-9mm-4000x11_2_1.png,0,0,256,256,0,0
Steel1/im_val_cut10_400-V-9mm-4000x11_2_2/x0_y0,Steel1,im_val_cut10_400-V-9mm-4000x11,im_val_cut10_400-V-9mm-4000x11_2_2.png,0,0,0.109039,val,256,/content/drive/MyDrive/phase11-data/data/Steel1/images/im_val_cut10_400-V-9mm-4000x11_2_2.png,/content/drive/MyDrive/phase11-persistent/gt_boundaries/Steel1/im_val_cut10_400-V-9mm-4000x11_2_2.png,0,0,256,256,0,0
Steel1/im_val_cut10_400-V-9mm-4000x11_2_3/x0_y0,Steel1,im_val_cut10_400-V-9mm-4000x11,im_val_cut10_400-V-9mm-4000x11_2_3.png,0,0,0.11084,val,256,/content/drive/MyDrive/phase11-data/data/Steel1/images/im_val_cut10_400-V-9mm-4000x11_2_3.png,/content/drive/MyDrive/phase11-persistent/gt_boundaries/Steel1/im_val_cut10_400-V-9mm-4000x11_2_3.png,0,0,256,256,0,0
Steel1/im_val_cut10_400-V-9mm-4000x11_2_4/x0_y0,Steel1,im_val_cut10_400-V-9mm-4000x11,im_val_cut10_400-V-9mm-4000x11_2_4.png,0,0,0.13649,val,256,/content/drive/MyDrive/phase11-data/data/Steel1/images/im_val_cut10_400-V-9mm-4000x11_2_4.png,/content/drive/MyDrive/phase11-persistent/gt_boundaries/Steel1/im_val_cut10_400-V-9mm-4000x11_2_4.png,0,0,256,256,0,0
Steel1/im_val_cut10_400-V-9mm-4000x11_2_5/x0_y0,Steel1,im_val_cut10_400-V-9mm-4000x11,im_val_cut10_400-V-9mm-4000x11_2_5.png,0,0,0.121933,val,256,/content/drive/MyDrive/phase11-data/data/Steel1/images/im_val_cut10_400-V-9mm-4000x11_2_5.png,/content/drive/MyDrive/phase11-persistent/gt_boundaries/Steel1/im_val_cut10_400-V-9mm-4000x11_2_5.png,0,0,256,256,0,0
Steel1/im_val_cut10_400-V-9mm-4000x11_2_6/x0_y0,Steel1,im_val_cut10_400-V-9mm-4000x11,im_val_cut10_400-V-9mm-4000x11_2_6.png,0,0,0.087875,val,256,/content/drive/MyDrive/phase11-data/data/Steel1/images/im_val_cut10_400-V-9mm-4000x11_2_6.png,/content/drive/MyDrive/phase11-persistent/gt_boundaries/Steel1/im_val_cut10_400-V-9mm-4000x11_2_6.png,0,0,256,256,0,0
Steel1/im_val_cut10_400-V-9mm-4000x11_3_1/x0_y0,Steel1,im_val_cut10_400-V-9mm-4000x11,im_val_cut10_400-V-9mm-4000x11_3_1.png,0,0,0.1026,val,256,/content/drive/MyDrive/phase11-data/data/Steel1/images/im_val_cut10_400-V-9mm-4000x11_3_1.png,/content/drive/MyDrive/phase11-persistent/gt_boundaries/Steel1/im_val_cut10_400-V-9mm-4000x11_3_1.png,0,0,256,256,0,0
Steel1/im_val_cut10_400-V-9mm-4000x11_3_2/x0_y0,Steel1,im_val_cut10_400-V-9mm-4000x11,im_val_cut10_400-V-9mm-4000x11_3_2.png,0,0,0.030457,val,256,/content/drive/MyDrive/phase11-data/data/Steel1/images/im_val_cut10_400-V-9mm-4000x11_3_2.png,/content/drive/MyDrive/phase11-persistent/gt_boundaries/Steel1/im_val_cut10_400-V-9mm-4000x11_3_2.png,0,0,256,256,0,0
Steel1/im_val_cut10_400-V-9mm-4000x11_3_3/x0_y0,Steel1,im_val_cut10_400-V-9mm-4000x11,im_val_cut10_400-V-9mm-4000x11_3_3.png,0,0,0.063156,val,256,/content/drive/MyDrive/phase11-data/data/Steel1/images/im_val_cut10_400-V-9mm-4000x11_3_3.png,/content/drive/MyDrive/phase11-persistent/gt_boundaries/Steel1/im_val_cut10_400-V-9mm-4000x11_3_3.png,0,0,256,256,0,0
Steel1/im_val_cut10_400-V-9mm-4000x11_3_4/x0_y0,Steel1,im_val_cut10_400-V-9mm-4000x11,im_val_cut10_400-V-9mm-4000x11_3_4.png,0,0,0.106689,val,256,/content/drive/MyDrive/phase11-data/data/Steel1/images/im_val_cut10_400-V-9mm-4000x11_3_4.png,/content/drive/MyDrive/phase11-persistent/gt_boundaries/Steel1/im_val_cut10_400-V-9mm-4000x11_3_4.png,0,0,256,256,0,0
Steel1/im_val_cut10_400-V-9mm-4000x11_3_5/x0_y0,Steel1,im_val_cut10_400-V-9mm-4000x11,im_val_cut10_400-V-9mm-4000x11_3_5.png,0,0,0.097336,val,256,/content/drive/MyDrive/phase11-data/data/Steel1/images/im_val_cut10_400-V-9mm-4000x11_3_5.png,/content/drive/MyDrive/phase11-persistent/gt_boundaries/Steel1/im_val_cut10_400-V-9mm-4000x11_3_5.png,0,0,256,256,0,0
Steel1/im_val_cut10_400-V-9mm-4000x11_3_6/x0_y0,Steel1,im_val_cut10_400-V-9mm-4000x11,im_val_cut10_400-V-9mm-4000x11_3_6.png,0,0,0.111847,val,256,/content/drive/MyDrive/phase11-data/data/Steel1/images/im_val_cut10_400-V-9mm-4000x11_3_6.png,/content/drive/MyDrive/phase11-persistent/gt_boundaries/Steel1/im_val_cut10_400-V-9mm-4000x11_3_6.png,0,0,256,256,0,0
Steel1/im_val_cut10_400-V-9mm-4000x11_4_1/x0_y0,Steel1,im_val_cut10_400-V-9mm-4000x11,im_val_cut10_400-V-9mm-4000x11_4_1.png,0,0,0.12645,val,256,/content/drive/MyDrive/phase11-data/data/Steel1/images/im_val_cut10_400-V-9mm-4000x11_4_1.png,/content/drive/MyDrive/phase11-persistent/gt_boundaries/Steel1/im_val_cut10_400-V-9mm-4000x11_4_1.png,0,0,256,256,0,0
Steel1/im_val_cut10_400-V-9mm-4000x11_4_2/x0_y0,Steel1,im_val_cut10_400-V-9mm-4000x11,im_val_cut10_400-V-9mm-4000x11_4_2.png,0,0,0.081894,val,256,/content/drive/MyDrive/phase11-data/data/Steel1/images/im_val_cut10_400-V-9mm-4000x11_4_2.png,/content/drive/MyDrive/phase11-persistent/gt_boundaries/Steel1/im_val_cut10_400-V-9mm-4000x11_4_2.png,0,0,256,256,0,0
Steel1/im_val_cut10_400-V-9mm-4000x11_4_3/x0_y0,Steel1,im_val_cut10_400-V-9mm-4000x11,im_val_cut10_400-V-9mm-4000x11_4_3.png,0,0,0.119217,val,256,/content/drive/MyDrive/phase11-data/data/Steel1/images/im_val_cut10_400-V-9mm-4000x11_4_3.png,/content/drive/MyDrive/phase11-persistent/gt_boundaries/Steel1/im_val_cut10_400-V-9mm-4000x11_4_3.png,0,0,256,256,0,0
Steel1/im_val_cut10_400-V-9mm-4000x11_4_4/x0_y0,Steel1,im_val_cut10_400-V-9mm-4000x11,im_val_cut10_400-V-9mm-4000x11_4_4.png,0,0,0.091843,val,256,/content/drive/MyDrive/phase11-data/data/Steel1/images/im_val_cut10_400-V-9mm-4000x11_4_4.png,/content/drive/MyDrive/phase11-persistent/gt_boundaries/Steel1/im_val_cut10_400-V-9mm-4000x11_4_4.png,0,0,256,256,0,0
Steel1/im_val_cut10_400-V-9mm-4000x11_4_5/x0_y0,Steel1,im_val_cut10_400-V-9mm-4000x11,im_val_cut10_400-V-9mm-4000x11_4_5.png,0,0,0.114807,val,256,/content/drive/MyDrive/phase11-data/data/Steel1/images/im_val_cut10_400-V-9mm-4000x11_4_5.png,/content/drive/MyDrive/phase11-persistent/gt_boundaries/Steel1/im_val_cut10_400-V-9mm-4000x11_4_5.png,0,0,256,256,0,0
Steel1/im_val_cut10_400-V-9mm-4000x11_4_6/x0_y0,Steel1,im_val_cut10_400-V-9mm-4000x11,im_val_cut10_400-V-9mm-4000x11_4_6.png,0,0,0.095108,val,256,/content/drive/MyDrive/phase11-data/data/Steel1/images/im_val_cut10_400-V-9mm-4000x11_4_6.png,/content/drive/MyDrive/phase11-persistent/gt_boundaries/Steel1/im_val_cut10_400-V-9mm-4000x11_4_6.png,0,0,256,256,0,0
Steel1/im_val_cut10_400-V-9mm-4000x11_5_1/x0_y0,Steel1,im_val_cut10_400-V-9mm-4000x11,im_val_cut10_400-V-9mm-4000x11_5_1.png,0,0,0.162781,val,256,/content/drive/MyDrive/phase11-data/data/Steel1/images/im_val_cut10_400-V-9mm-4000x11_5_1.png,/content/drive/MyDrive/phase11-persistent/gt_boundaries/Steel1/im_val_cut10_400-V-9mm-4000x11_5_1.png,0,0,256,256,0,0
Steel1/im_val_cut10_400-V-9mm-4000x11_5_2/x0_y0,Steel1,im_val_cut10_400-V-9mm-4000x11,im_val_cut10_400-V-9mm-4000x11_5_2.png,0,0,0.075851,val,256,/content/drive/MyDrive/phase11-data/data/Steel1/images/im_val_cut10_400-V-9mm-4000x11_5_2.png,/content/drive/MyDrive/phase11-persistent/gt_boundaries/Steel1/im_val_cut10_400-V-9mm-4000x11_5_2.png,0,0,256,256,0,0
Steel1/im_val_cut10_400-V-9mm-4000x11_5_3/x0_y0,Steel1,im_val_cut10_400-V-9mm-4000x11,im_val_cut10_400-V-9mm-4000x11_5_3.png,0,0,0.123398,val,256,/content/drive/MyDrive/phase11-data/data/Steel1/images/im_val_cut10_400-V-9mm-4000x11_5_3.png,/content/drive/MyDrive/phase11-persistent/gt_boundaries/Steel1/im_val_cut10_400-V-9mm-4000x11_5_3.png,0,0,256,256,0,0
Steel1/im_val_cut10_400-V-9mm-4000x11_5_4/x0_y0,Steel1,im_val_cut10_400-V-9mm-4000x11,im_val_cut10_400-V-9mm-4000x11_5_4.png,0,0,0.109253,val,256,/content/drive/MyDrive/phase11-data/data/Steel1/images/im_val_cut10_400-V-9mm-4000x11_5_4.png,/content/drive/MyDrive/phase11-persistent/gt_boundaries/Steel1/im_val_cut10_400-V-9mm-4000x11_5_4.png,0,0,256,256,0,0
Steel1/im_val_cut10_400-V-9mm-4000x11_5_5/x0_y0,Steel1,im_val_cut10_400-V-9mm-4000x11,im_val_cut10_400-V-9mm-4000x11_5_5.png,0,0,0.07695,val,256,/content/drive/MyDrive/phase11-data/data/Steel1/images/im_val_cut10_400-V-9mm-4000x11_5_5.png,/content/drive/MyDrive/phase11-persistent/gt_boundaries/Steel1/im_val_cut10_400-V-9mm-4000x11_5_5.png,0,0,256,256,0,0
Steel1/im_val_cut10_400-V-9mm-4000x11_5_6/x0_y0,Steel1,im_val_cut10_400-V-9mm-4000x11,im_val_cut10_400-V-9mm-4000x11_5_6.png,0,0,0.135941,val,256,/content/drive/MyDrive/phase11-data/data/Steel1/images/im_val_cut10_400-V-9mm-4000x11_5_6.png,/content/drive/MyDrive/phase11-persistent/gt_boundaries/Steel1/im_val_cut10_400-V-9mm-4000x11_5_6.png,0,0,256,256,0,0
Steel1/im_val_cut10_400-V-9mm-4000x11_6_1/x0_y0,Steel1,im_val_cut10_400-V-9mm-4000x11,im_val_cut10_400-V-9mm-4000x11_6_1.png,0,0,0.093384,val,256,/content/drive/MyDrive/phase11-data/data/Steel1/images/im_val_cut10_400-V-9mm-4000x11_6_1.png,/content/drive/MyDrive/phase11-persistent/gt_boundaries/Steel1/im_val_cut10_400-V-9mm-4000x11_6_1.png,0,0,256,256,0,0
Steel1/im_val_cut10_400-V-9mm-4000x11_6_2/x0_y0,Steel1,im_val_cut10_400-V-9mm-4000x11,im_val_cut10_400-V-9mm-4000x11_6_2.png,0,0,0.12204,val,256,/content/drive/MyDrive/phase11-data/data/Steel1/images/im_val_cut10_400-V-9mm-4000x11_6_2.png,/content/drive/MyDrive/phase11-persistent/gt_boundaries/Steel1/im_val_cut10_400-V-9mm-4000x11_6_2.png,0,0,256,256,0,0
Steel1/im_val_cut10_400-V-9mm-4000x11_6_3/x0_y0,Steel1,im_val_cut10_400-V-9mm-4000x11,im_val_cut10_400-V-9mm-4000x11_6_3.png,0,0,0.140503,val,256,/content/drive/MyDrive/phase11-data/data/Steel1/images/im_val_cut10_400-V-9mm-4000x11_6_3.png,/content/drive/MyDrive/phase11-persistent/gt_boundaries/Steel1/im_val_cut10_400-V-9mm-4000x11_6_3.png,0,0,256,256,0,0
Steel1/im_val_cut10_400-V-9mm-4000x11_6_4/x0_y0,Steel1,im_val_cut10_400-V-9mm-4000x11,im_val_cut10_400-V-9mm-4000x11_6_4.png,0,0,0.079895,val,256,/content/drive/MyDrive/phase11-data/data/Steel1/images/im_val_cut10_400-V-9mm-4000x11_6_4.png,/content/drive/MyDrive/phase11-persistent/gt_boundaries/Steel1/im_val_cut10_400-V-9mm-4000x11_6_4.png,0,0,256,256,0,0
Steel1/im_val_cut10_400-V-9mm-4000x11_6_5/x0_y0,Steel1,im_val_cut10_400-V-9mm-4000x11,im_val_cut10_400-V-9mm-4000x11_6_5.png,0,0,0.157089,val,256,/content/drive/MyDrive/phase11-data/data/Steel1/images/im_val_cut10_400-V-9mm-4000x11_6_5.png,/content/drive/MyDrive/phase11-persistent/gt_boundaries/Steel1/im_val_cut10_400-V-9mm-4000x11_6_5.png,0,0,256,256,0,0
Steel1/im_val_cut10_400-V-9mm-4000x11_6_6/x0_y0,Steel1,im_val_cut10_400-V-9mm-4000x11,im_val_cut10_400-V-9mm-4000x11_6_6.png,0,0,0.099457,val,256,/content/drive/MyDrive/phase11-data/data/Steel1/images/im_val_cut10_400-V-9mm-4000x11_6_6.png,/content/drive/MyDrive/phase11-persistent/gt_boundaries/Steel1/im_val_cut10_400-V-9mm-4000x11_6_6.png,0,0,256,256,0,0
Steel1/im_val_cut10_400-V-9mm-4000x11_7_1/x0_y0,Steel1,im_val_cut10_400-V-9mm-4000x11,im_val_cut10_400-V-9mm-4000x11_7_1.png,0,0,0.144394,val,256,/content/drive/MyDrive/phase11-data/data/Steel1/images/im_val_cut10_400-V-9mm-4000x11_7_1.png,/content/drive/MyDrive/phase11-persistent/gt_boundaries/Steel1/im_val_cut10_400-V-9mm-4000x11_7_1.png,0,0,256,256,0,0
Steel1/im_val_cut10_400-V-9mm-4000x11_7_2/x0_y0,Steel1,im_val_cut10_400-V-9mm-4000x11,im_val_cut10_400-V-9mm-4000x11_7_2.png,0,0,0.121933,val,256,/content/drive/MyDrive/phase11-data/data/Steel1/images/im_val_cut10_400-V-9mm-4000x11_7_2.png,/content/drive/MyDrive/phase11-persistent/gt_boundaries/Steel1/im_val_cut10_400-V-9mm-4000x11_7_2.png,0,0,256,256,0,0
Steel1/im_val_cut10_400-V-9mm-4000x11_7_3/x0_y0,Steel1,im_val_cut10_400-V-9mm-4000x11,im_val_cut10_400-V-9mm-4000x11_7_3.png,0,0,0.075455,val,256,/content/drive/MyDrive/phase11-data/data/Steel1/images/im_val_cut10_400-V-9mm-4000x11_7_3.png,/content/drive/MyDrive/phase11-persistent/gt_boundaries/Steel1/im_val_cut10_400-V-9mm-4000x11_7_3.png,0,0,256,256,0,0
Steel1/im_val_cut10_400-V-9mm-4000x11_7_4/x0_y0,Steel1,im_val_cut10_400-V-9mm-4000x11,im_val_cut10_400-V-9mm-4000x11_7_4.png,0,0,0.100113,val,256,/content/drive/MyDrive/phase11-data/data/Steel1/images/im_val_cut10_400-V-9mm-4000x11_7_4.png,/content/drive/MyDrive/phase11-persistent/gt_boundaries/Steel1/im_val_cut10_400-V-9mm-4000x11_7_4.png,0,0,256,256,0,0
Steel1/im_val_cut10_400-V-9mm-4000x11_7_5/x0_y0,Steel1,im_val_cut10_400-V-9mm-4000x11,im_val_cut10_400-V-9mm-4000x11_7_5.png,0,0,0.151917,val,256,/content/drive/MyDrive/phase11-data/data/Steel1/images/im_val_cut10_400-V-9mm-4000x11_7_5.png,/content/drive/MyDrive/phase11-persistent/gt_boundaries/Steel1/im_val_cut10_400-V-9mm-4000x11_7_5.png,0,0,256,256,0,0
Steel1/im_val_cut10_400-V-9mm-4000x11_7_6/x0_y0,Steel1,im_val_cut10_400-V-9mm-4000x11,im_val_cut10_400-V-9mm-4000x11_7_6.png,0,0,0.119278,val,256,/content/drive/MyDrive/phase11-data/data/Steel1/images/im_val_cut10_400-V-9mm-4000x11_7_6.png,/content/drive/MyDrive/phase11-persistent/gt_boundaries/Steel1/im_val_cut10_400-V-9mm-4000x11_7_6.png,0,0,256,256,0,0
Steel1/im_val_cut10_400-V-9mm-4000x11_8_1/x0_y0,Steel1,im_val_cut10_400-V-9mm-4000x11,im_val_cut10_400-V-9mm-4000x11_8_1.png,0,0,0.131989,val,256,/content/drive/MyDrive/phase11-data/data/Steel1/images/im_val_cut10_400-V-9mm-4000x11_8_1.png,/content/drive/MyDrive/phase11-persistent/gt_boundaries/Steel1/im_val_cut10_400-V-9mm-4000x11_8_1.png,0,0,256,256,0,0
Steel1/im_val_cut10_400-V-9mm-4000x11_8_2/x0_y0,Steel1,im_val_cut10_400-V-9mm-4000x11,im_val_cut10_400-V-9mm-4000x11_8_2.png,0,0,0.140808,val,256,/content/drive/MyDrive/phase11-data/data/Steel1/images/im_val_cut10_400-V-9mm-4000x11_8_2.png,/content/drive/MyDrive/phase11-persistent/gt_boundaries/Steel1/im_val_cut10_400-V-9mm-4000x11_8_2.png,0,0,256,256,0,0
Steel1/im_val_cut10_400-V-9mm-4000x11_8_3/x0_y0,Steel1,im_val_cut10_400-V-9mm-4000x11,im_val_cut10_400-V-9mm-4000x11_8_3.png,0,0,0.13298,val,256,/content/drive/MyDrive/phase11-data/data/Steel1/images/im_val_cut10_400-V-9mm-4000x11_8_3.png,/content/drive/MyDrive/phase11-persistent/gt_boundaries/Steel1/im_val_cut10_400-V-9mm-4000x11_8_3.png,0,0,256,256,0,0
Steel1/im_val_cut10_400-V-9mm-4000x11_8_4/x0_y0,Steel1,im_val_cut10_400-V-9mm-4000x11,im_val_cut10_400-V-9mm-4000x11_8_4.png,0,0,0.136612,val,256,/content/drive/MyDrive/phase11-data/data/Steel1/images/im_val_cut10_400-V-9mm-4000x11_8_4.png,/content/drive/MyDrive/phase11-persistent/gt_boundaries/Steel1/im_val_cut10_400-V-9mm-4000x11_8_4.png,0,0,256,256,0,0
Steel1/im_val_cut10_400-V-9mm-4000x11_8_5/x0_y0,Steel1,im_val_cut10_400-V-9mm-4000x11,im_val_cut10_400-V-9mm-4000x11_8_5.png,0,0,0.147583,val,256,/content/drive/MyDrive/phase11-data/data/Steel1/images/im_val_cut10_400-V-9mm-4000x11_8_5.png,/content/drive/MyDrive/phase11-persistent/gt_boundaries/Steel1/im_val_cut10_400-V-9mm-4000x11_8_5.png,0,0,256,256,0,0
Steel1/im_val_cut10_400-V-9mm-4000x11_8_6/x0_y0,Steel1,im_val_cut10_400-V-9mm-4000x11,im_val_cut10_400-V-9mm-4000x11_8_6.png,0,0,0.121765,val,256,/content/drive/MyDrive/phase11-data/data/Steel1/images/im_val_cut10_400-V-9mm-4000x11_8_6.png,/content/drive/MyDrive/phase11-persistent/gt_boundaries/Steel1/im_val_cut10_400-V-9mm-4000x11_8_6.png,0,0,256,256,0,0
Steel2/87431041_tile_0_0/x0_y0,Steel2,87431041,87431041_tile_0_0.png,0,0,0.198364,val,256,/content/drive/MyDrive/phase11-data/data/Steel2/images/87431041_tile_0_0.png,/content/drive/MyDrive/phase11-persistent/gt_boundaries/Steel2/87431041_tile_0_0.png,0,0,256,256,0,0
Steel2/87431041_tile_0_1024/x0_y0,Steel2,87431041,87431041_tile_0_1024.png,0,0,0.194443,val,256,/content/drive/MyDrive/phase11-data/data/Steel2/images/87431041_tile_0_1024.png,/content/drive/MyDrive/phase11-persistent/gt_boundaries/Steel2/87431041_tile_0_1024.png,0,0,256,256,0,0
Steel2/87431041_tile_0_1280/x0_y0,Steel2,87431041,87431041_tile_0_1280.png,0,0,0.193954,val,256,/content/drive/MyDrive/phase11-data/data/Steel2/images/87431041_tile_0_1280.png,/content/drive/MyDrive/phase11-persistent/gt_boundaries/Steel2/87431041_tile_0_1280.png,0,0,256,256,0,0
Steel2/87431041_tile_0_1536/x0_y0,Steel2,87431041,87431041_tile_0_1536.png,0,0,0.236801,val,256,/content/drive/MyDrive/phase11-data/data/Steel2/images/87431041_tile_0_1536.png,/content/drive/MyDrive/phase11-persistent/gt_boundaries/Steel2/87431041_tile_0_1536.png,0,0,256,256,0,0
Steel2/87431041_tile_0_1792/x0_y0,Steel2,87431041,87431041_tile_0_1792.png,0,0,0.275711,val,256,/content/drive/MyDrive/phase11-data/data/Steel2/images/87431041_tile_0_1792.png,/content/drive/MyDrive/phase11-persistent/gt_boundaries/Steel2/87431041_tile_0_1792.png,0,0,256,256,0,0
Steel2/87431041_tile_0_2048/x0_y0,Steel2,87431041,87431041_tile_0_2048.png,0,0,0.268509,val,256,/content/drive/MyDrive/phase11-data/data/Steel2/images/87431041_tile_0_2048.png,/content/drive/MyDrive/phase11-persistent/gt_boundaries/Steel2/87431041_tile_0_2048.png,0,0,256,256,0,0
Steel2/87431041_tile_0_256/x0_y0,Steel2,87431041,87431041_tile_0_256.png,0,0,0.11647,val,256,/content/drive/MyDrive/phase11-data/data/Steel2/images/87431041_tile_0_256.png,/content/drive/MyDrive/phase11-persistent/gt_boundaries/Steel2/87431041_tile_0_256.png,0,0,256,256,0,0
Steel2/87431041_tile_0_512/x0_y0,Steel2,87431041,87431041_tile_0_512.png,0,0,0.237366,val,256,/content/drive/MyDrive/phase11-data/data/Steel2/images/87431041_tile_0_512.png,/content/drive/MyDrive/phase11-persistent/gt_boundaries/Steel2/87431041_tile_0_512.png,0,0,256,256,0,0
Steel2/87431041_tile_0_768/x0_y0,Steel2,87431041,87431041_tile_0_768.png,0,0,0.197083,val,256,/content/drive/MyDrive/phase11-data/data/Steel2/images/87431041_tile_0_768.png,/content/drive/MyDrive/phase11-persistent/gt_boundaries/Steel2/87431041_tile_0_768.png,0,0,256,256,0,0
Steel2/87431041_tile_1024_0/x0_y0,Steel2,87431041,87431041_tile_1024_0.png,0,0,0.291306,val,256,/content/drive/MyDrive/phase11-data/data/Steel2/images/87431041_tile_1024_0.png,/content/drive/MyDrive/phase11-persistent/gt_boundaries/Steel2/87431041_tile_1024_0.png,0,0,256,256,0,0
Steel2/87431041_tile_1024_1024/x0_y0,Steel2,87431041,87431041_tile_1024_1024.png,0,0,0.220703,val,256,/content/drive/MyDrive/phase11-data/data/Steel2/images/87431041_tile_1024_1024.png,/content/drive/MyDrive/phase11-persistent/gt_boundaries/Steel2/87431041_tile_1024_1024.png,0,0,256,256,0,0
Steel2/87431041_tile_1024_1280/x0_y0,Steel2,87431041,87431041_tile_1024_1280.png,0,0,0.258057,val,256,/content/drive/MyDrive/phase11-data/data/Steel2/images/87431041_tile_1024_1280.png,/content/drive/MyDrive/phase11-persistent/gt_boundaries/Steel2/87431041_tile_1024_1280.png,0,0,256,256,0,0
Steel2/87431041_tile_1024_1536/x0_y0,Steel2,87431041,87431041_tile_1024_1536.png,0,0,0.26828,val,256,/content/drive/MyDrive/phase11-data/data/Steel2/images/87431041_tile_1024_1536.png,/content/drive/MyDrive/phase11-persistent/gt_boundaries/Steel2/87431041_tile_1024_1536.png,0,0,256,256,0,0
Steel2/87431041_tile_1024_1792/x0_y0,Steel2,87431041,87431041_tile_1024_1792.png,0,0,0.247787,val,256,/content/drive/MyDrive/phase11-data/data/Steel2/images/87431041_tile_1024_1792.png,/content/drive/MyDrive/phase11-persistent/gt_boundaries/Steel2/87431041_tile_1024_1792.png,0,0,256,256,0,0
Steel2/87431041_tile_1024_2048/x0_y0,Steel2,87431041,87431041_tile_1024_2048.png,0,0,0.309128,val,256,/content/drive/MyDrive/phase11-data/data/Steel2/images/87431041_tile_1024_2048.png,/content/drive/MyDrive/phase11-persistent/gt_boundaries/Steel2/87431041_tile_1024_2048.png,0,0,256,256,0,0
Steel2/87431041_tile_1024_256/x0_y0,Steel2,87431041,87431041_tile_1024_256.png,0,0,0.30925,val,256,/content/drive/MyDrive/phase11-data/data/Steel2/images/87431041_tile_1024_256.png,/content/drive/MyDrive/phase11-persistent/gt_boundaries/Steel2/87431041_tile_1024_256.png,0,0,256,256,0,0
Steel2/87431041_tile_1024_512/x0_y0,Steel2,87431041,87431041_tile_1024_512.png,0,0,0.267395,val,256,/content/drive/MyDrive/phase11-data/data/Steel2/images/87431041_tile_1024_512.png,/content/drive/MyDrive/phase11-persistent/gt_boundaries/Steel2/87431041_tile_1024_512.png,0,0,256,256,0,0
Steel2/87431041_tile_1024_768/x0_y0,Steel2,87431041,87431041_tile_1024_768.png,0,0,0.238525,val,256,/content/drive/MyDrive/phase11-data/data/Steel2/images/87431041_tile_1024_768.png,/content/drive/MyDrive/phase11-persistent/gt_boundaries/Steel2/87431041_tile_1024_768.png,0,0,256,256,0,0
Steel2/87431041_tile_1280_0/x0_y0,Steel2,87431041,87431041_tile_1280_0.png,0,0,0.325653,val,256,/content/drive/MyDrive/phase11-data/data/Steel2/images/87431041_tile_1280_0.png,/content/drive/MyDrive/phase11-persistent/gt_boundaries/Steel2/87431041_tile_1280_0.png,0,0,256,256,0,0
Steel2/87431041_tile_1280_1024/x0_y0,Steel2,87431041,87431041_tile_1280_1024.png,0,0,0.173141,val,256,/content/drive/MyDrive/phase11-data/data/Steel2/images/87431041_tile_1280_1024.png,/content/drive/MyDrive/phase11-persistent/gt_boundaries/Steel2/87431041_tile_1280_1024.png,0,0,256,256,0,0
Steel2/87431041_tile_1280_1280/x0_y0,Steel2,87431041,87431041_tile_1280_1280.png,0,0,0.231842,val,256,/content/drive/MyDrive/phase11-data/data/Steel2/images/87431041_tile_1280_1280.png,/content/drive/MyDrive/phase11-persistent/gt_boundaries/Steel2/87431041_tile_1280_1280.png,0,0,256,256,0,0
Steel2/87431041_tile_1280_1536/x0_y0,Steel2,87431041,87431041_tile_1280_1536.png,0,0,0.227524,val,256,/content/drive/MyDrive/phase11-data/data/Steel2/images/87431041_tile_1280_1536.png,/content/drive/MyDrive/phase11-persistent/gt_boundaries/Steel2/87431041_tile_1280_1536.png,0,0,256,256,0,0
Steel2/87431041_tile_1280_1792/x0_y0,Steel2,87431041,87431041_tile_1280_1792.png,0,0,0.252563,val,256,/content/drive/MyDrive/phase11-data/data/Steel2/images/87431041_tile_1280_1792.png,/content/drive/MyDrive/phase11-persistent/gt_boundaries/Steel2/87431041_tile_1280_1792.png,0,0,256,256,0,0
Steel2/87431041_tile_1280_2048/x0_y0,Steel2,87431041,87431041_tile_1280_2048.png,0,0,0.361221,val,256,/content/drive/MyDrive/phase11-data/data/Steel2/images/87431041_tile_1280_2048.png,/content/drive/MyDrive/phase11-persistent/gt_boundaries/Steel2/87431041_tile_1280_2048.png,0,0,256,256,0,0
Steel2/87431041_tile_1280_256/x0_y0,Steel2,87431041,87431041_tile_1280_256.png,0,0,0.240936,val,256,/content/drive/MyDrive/phase11-data/data/Steel2/images/87431041_tile_1280_256.png,/content/drive/MyDrive/phase11-persistent/gt_boundaries/Steel2/87431041_tile_1280_256.png,0,0,256,256,0,0
Steel2/87431041_tile_1280_512/x0_y0,Steel2,87431041,87431041_tile_1280_512.png,0,0,0.256454,val,256,/content/drive/MyDrive/phase11-data/data/Steel2/images/87431041_tile_1280_512.png,/content/drive/MyDrive/phase11-persistent/gt_boundaries/Steel2/87431041_tile_1280_512.png,0,0,256,256,0,0
Steel2/87431041_tile_1280_768/x0_y0,Steel2,87431041,87431041_tile_1280_768.png,0,0,0.243851,val,256,/content/drive/MyDrive/phase11-data/data/Steel2/images/87431041_tile_1280_768.png,/content/drive/MyDrive/phase11-persistent/gt_boundaries/Steel2/87431041_tile_1280_768.png,0,0,256,256,0,0
Steel2/87431041_tile_1536_0/x0_y0,Steel2,87431041,87431041_tile_1536_0.png,0,0,0.323792,val,256,/content/drive/MyDrive/phase11-data/data/Steel2/images/87431041_tile_1536_0.png,/content/drive/MyDrive/phase11-persistent/gt_boundaries/Steel2/87431041_tile_1536_0.png,0,0,256,256,0,0
Steel2/87431041_tile_1536_1024/x0_y0,Steel2,87431041,87431041_tile_1536_1024.png,0,0,0.210953,val,256,/content/drive/MyDrive/phase11-data/data/Steel2/images/87431041_tile_1536_1024.png,/content/drive/MyDrive/phase11-persistent/gt_boundaries/Steel2/87431041_tile_1536_1024.png,0,0,256,256,0,0
Steel2/87431041_tile_1536_1280/x0_y0,Steel2,87431041,87431041_tile_1536_1280.png,0,0,0.240799,val,256,/content/drive/MyDrive/phase11-data/data/Steel2/images/87431041_tile_1536_1280.png,/content/drive/MyDrive/phase11-persistent/gt_boundaries/Steel2/87431041_tile_1536_1280.png,0,0,256,256,0,0
Steel2/87431041_tile_1536_1536/x0_y0,Steel2,87431041,87431041_tile_1536_1536.png,0,0,0.286499,val,256,/content/drive/MyDrive/phase11-data/data/Steel2/images/87431041_tile_1536_1536.png,/content/drive/MyDrive/phase11-persistent/gt_boundaries/Steel2/87431041_tile_1536_1536.png,0,0,256,256,0,0
Steel2/87431041_tile_1536_1792/x0_y0,Steel2,87431041,87431041_tile_1536_1792.png,0,0,0.310883,val,256,/content/drive/MyDrive/phase11-data/data/Steel2/images/87431041_tile_1536_1792.png,/content/drive/MyDrive/phase11-persistent/gt_boundaries/Steel2/87431041_tile_1536_1792.png,0,0,256,256,0,0
Steel2/87431041_tile_1536_2048/x0_y0,Steel2,87431041,87431041_tile_1536_2048.png,0,0,0.305847,val,256,/content/drive/MyDrive/phase11-data/data/Steel2/images/87431041_tile_1536_2048.png,/content/drive/MyDrive/phase11-persistent/gt_boundaries/Steel2/87431041_tile_1536_2048.png,0,0,256,256,0,0
Steel2/87431041_tile_1536_256/x0_y0,Steel2,87431041,87431041_tile_1536_256.png,0,0,0.256165,val,256,/content/drive/MyDrive/phase11-data/data/Steel2/images/87431041_tile_1536_256.png,/content/drive/MyDrive/phase11-persistent/gt_boundaries/Steel2/87431041_tile_1536_256.png,0,0,256,256,0,0
Steel2/87431041_tile_1536_512/x0_y0,Steel2,87431041,87431041_tile_1536_512.png,0,0,0.227341,val,256,/content/drive/MyDrive/phase11-data/data/Steel2/images/87431041_tile_1536_512.png,/content/drive/MyDrive/phase11-persistent/gt_boundaries/Steel2/87431041_tile_1536_512.png,0,0,256,256,0,0
Steel2/87431041_tile_1536_768/x0_y0,Steel2,87431041,87431041_tile_1536_768.png,0,0,0.250519,val,256,/content/drive/MyDrive/phase11-data/data/Steel2/images/87431041_tile_1536_768.png,/content/drive/MyDrive/phase11-persistent/gt_boundaries/Steel2/87431041_tile_1536_768.png,0,0,256,256,0,0
Steel2/87431041_tile_1792_0/x0_y0,Steel2,87431041,87431041_tile_1792_0.png,0,0,0.336395,val,256,/content/drive/MyDrive/phase11-data/data/Steel2/images/87431041_tile_1792_0.png,/content/drive/MyDrive/phase11-persistent/gt_boundaries/Steel2/87431041_tile_1792_0.png,0,0,256,256,0,0
Steel2/87431041_tile_1792_1024/x0_y0,Steel2,87431041,87431041_tile_1792_1024.png,0,0,0.170624,val,256,/content/drive/MyDrive/phase11-data/data/Steel2/images/87431041_tile_1792_1024.png,/content/drive/MyDrive/phase11-persistent/gt_boundaries/Steel2/87431041_tile_1792_1024.png,0,0,256,256,0,0
Steel2/87431041_tile_1792_1280/x0_y0,Steel2,87431041,87431041_tile_1792_1280.png,0,0,0.205063,val,256,/content/drive/MyDrive/phase11-data/data/Steel2/images/87431041_tile_1792_1280.png,/content/drive/MyDrive/phase11-persistent/gt_boundaries/Steel2/87431041_tile_1792_1280.png,0,0,256,256,0,0
Steel2/87431041_tile_1792_1536/x0_y0,Steel2,87431041,87431041_tile_1792_1536.png,0,0,0.304001,val,256,/content/drive/MyDrive/phase11-data/data/Steel2/images/87431041_tile_1792_1536.png,/content/drive/MyDrive/phase11-persistent/gt_boundaries/Steel2/87431041_tile_1792_1536.png,0,0,256,256,0,0
Steel2/87431041_tile_1792_1792/x0_y0,Steel2,87431041,87431041_tile_1792_1792.png,0,0,0.293335,val,256,/content/drive/MyDrive/phase11-data/data/Steel2/images/87431041_tile_1792_1792.png,/content/drive/MyDrive/phase11-persistent/gt_boundaries/Steel2/87431041_tile_1792_1792.png,0,0,256,256,0,0
Steel2/87431041_tile_1792_2048/x0_y0,Steel2,87431041,87431041_tile_1792_2048.png,0,0,0.315369,val,256,/content/drive/MyDrive/phase11-data/data/Steel2/images/87431041_tile_1792_2048.png,/content/drive/MyDrive/phase11-persistent/gt_boundaries/Steel2/87431041_tile_1792_2048.png,0,0,256,256,0,0
Steel2/87431041_tile_1792_256/x0_y0,Steel2,87431041,87431041_tile_1792_256.png,0,0,0.306519,val,256,/content/drive/MyDrive/phase11-data/data/Steel2/images/87431041_tile_1792_256.png,/content/drive/MyDrive/phase11-persistent/gt_boundaries/Steel2/87431041_tile_1792_256.png,0,0,256,256,0,0
Steel2/87431041_tile_1792_512/x0_y0,Steel2,87431041,87431041_tile_1792_512.png,0,0,0.275558,val,256,/content/drive/MyDrive/phase11-data/data/Steel2/images/87431041_tile_1792_512.png,/content/drive/MyDrive/phase11-persistent/gt_boundaries/Steel2/87431041_tile_1792_512.png,0,0,256,256,0,0
Steel2/87431041_tile_1792_768/x0_y0,Steel2,87431041,87431041_tile_1792_768.png,0,0,0.249237,val,256,/content/drive/MyDrive/phase11-data/data/Steel2/images/87431041_tile_1792_768.png,/content/drive/MyDrive/phase11-persistent/gt_boundaries/Steel2/87431041_tile_1792_768.png,0,0,256,256,0,0
Steel2/87431041_tile_2048_0/x0_y0,Steel2,87431041,87431041_tile_2048_0.png,0,0,0.36348,val,256,/content/drive/MyDrive/phase11-data/data/Steel2/images/87431041_tile_2048_0.png,/content/drive/MyDrive/phase11-persistent/gt_boundaries/Steel2/87431041_tile_2048_0.png,0,0,256,256,0,0
Steel2/87431041_tile_2048_1024/x0_y0,Steel2,87431041,87431041_tile_2048_1024.png,0,0,0.294678,val,256,/content/drive/MyDrive/phase11-data/data/Steel2/images/87431041_tile_2048_1024.png,/content/drive/MyDrive/phase11-persistent/gt_boundaries/Steel2/87431041_tile_2048_1024.png,0,0,256,256,0,0
Steel2/87431041_tile_2048_1280/x0_y0,Steel2,87431041,87431041_tile_2048_1280.png,0,0,0.309631,val,256,/content/drive/MyDrive/phase11-data/data/Steel2/images/87431041_tile_2048_1280.png,/content/drive/MyDrive/phase11-persistent/gt_boundaries/Steel2/87431041_tile_2048_1280.png,0,0,256,256,0,0
Steel2/87431041_tile_2048_1536/x0_y0,Steel2,87431041,87431041_tile_2048_1536.png,0,0,0.276474,val,256,/content/drive/MyDrive/phase11-data/data/Steel2/images/87431041_tile_2048_1536.png,/content/drive/MyDrive/phase11-persistent/gt_boundaries/Steel2/87431041_tile_2048_1536.png,0,0,256,256,0,0
Steel2/87431041_tile_2048_1792/x0_y0,Steel2,87431041,87431041_tile_2048_1792.png,0,0,0.334702,val,256,/content/drive/MyDrive/phase11-data/data/Steel2/images/87431041_tile_2048_1792.png,/content/drive/MyDrive/phase11-persistent/gt_boundaries/Steel2/87431041_tile_2048_1792.png,0,0,256,256,0,0
Steel2/87431041_tile_2048_2048/x0_y0,Steel2,87431041,87431041_tile_2048_2048.png,0,0,0.329269,val,256,/content/drive/MyDrive/phase11-data/data/Steel2/images/87431041_tile_2048_2048.png,/content/drive/MyDrive/phase11-persistent/gt_boundaries/Steel2/87431041_tile_2048_2048.png,0,0,256,256,0,0
Steel2/87431041_tile_2048_256/x0_y0,Steel2,87431041,87431041_tile_2048_256.png,0,0,0.293076,val,256,/content/drive/MyDrive/phase11-data/data/Steel2/images/87431041_tile_2048_256.png,/content/drive/MyDrive/phase11-persistent/gt_boundaries/Steel2/87431041_tile_2048_256.png,0,0,256,256,0,0
Steel2/87431041_tile_2048_512/x0_y0,Steel2,87431041,87431041_tile_2048_512.png,0,0,0.340454,val,256,/content/drive/MyDrive/phase11-data/data/Steel2/images/87431041_tile_2048_512.png,/content/drive/MyDrive/phase11-persistent/gt_boundaries/Steel2/87431041_tile_2048_512.png,0,0,256,256,0,0
Steel2/87431041_tile_2048_768/x0_y0,Steel2,87431041,87431041_tile_2048_768.png,0,0,0.233353,val,256,/content/drive/MyDrive/phase11-data/data/Steel2/images/87431041_tile_2048_768.png,/content/drive/MyDrive/phase11-persistent/gt_boundaries/Steel2/87431041_tile_2048_768.png,0,0,256,256,0,0
Steel2/87431041_tile_2304_0/x0_y0,Steel2,87431041,87431041_tile_2304_0.png,0,0,0.342621,val,256,/content/drive/MyDrive/phase11-data/data/Steel2/images/87431041_tile_2304_0.png,/content/drive/MyDrive/phase11-persistent/gt_boundaries/Steel2/87431041_tile_2304_0.png,0,0,256,256,0,0
Steel2/87431041_tile_2304_1024/x0_y0,Steel2,87431041,87431041_tile_2304_1024.png,0,0,0.334106,val,256,/content/drive/MyDrive/phase11-data/data/Steel2/images/87431041_tile_2304_1024.png,/content/drive/MyDrive/phase11-persistent/gt_boundaries/Steel2/87431041_tile_2304_1024.png,0,0,256,256,0,0
Steel2/87431041_tile_2304_1280/x0_y0,Steel2,87431041,87431041_tile_2304_1280.png,0,0,0.325104,val,256,/content/drive/MyDrive/phase11-data/data/Steel2/images/87431041_tile_2304_1280.png,/content/drive/MyDrive/phase11-persistent/gt_boundaries/Steel2/87431041_tile_2304_1280.png,0,0,256,256,0,0
Steel2/87431041_tile_2304_1536/x0_y0,Steel2,87431041,87431041_tile_2304_1536.png,0,0,0.356918,val,256,/content/drive/MyDrive/phase11-data/data/Steel2/images/87431041_tile_2304_1536.png,/content/drive/MyDrive/phase11-persistent/gt_boundaries/Steel2/87431041_tile_2304_1536.png,0,0,256,256,0,0
Steel2/87431041_tile_2304_1792/x0_y0,Steel2,87431041,87431041_tile_2304_1792.png,0,0,0.345779,val,256,/content/drive/MyDrive/phase11-data/data/Steel2/images/87431041_tile_2304_1792.png,/content/drive/MyDrive/phase11-persistent/gt_boundaries/Steel2/87431041_tile_2304_1792.png,0,0,256,256,0,0
Steel2/87431041_tile_2304_2048/x0_y0,Steel2,87431041,87431041_tile_2304_2048.png,0,0,0.333267,val,256,/content/drive/MyDrive/phase11-data/data/Steel2/images/87431041_tile_2304_2048.png,/content/drive/MyDrive/phase11-persistent/gt_boundaries/Steel2/87431041_tile_2304_2048.png,0,0,256,256,0,0
Steel2/87431041_tile_2304_256/x0_y0,Steel2,87431041,87431041_tile_2304_256.png,0,0,0.345245,val,256,/content/drive/MyDrive/phase11-data/data/Steel2/images/87431041_tile_2304_256.png,/content/drive/MyDrive/phase11-persistent/gt_boundaries/Steel2/87431041_tile_2304_256.png,0,0,256,256,0,0
Steel2/87431041_tile_2304_512/x0_y0,Steel2,87431041,87431041_tile_2304_512.png,0,0,0.300369,val,256,/content/drive/MyDrive/phase11-data/data/Steel2/images/87431041_tile_2304_512.png,/content/drive/MyDrive/phase11-persistent/gt_boundaries/Steel2/87431041_tile_2304_512.png,0,0,256,256,0,0
Steel2/87431041_tile_2304_768/x0_y0,Steel2,87431041,87431041_tile_2304_768.png,0,0,0.293076,val,256,/content/drive/MyDrive/phase11-data/data/Steel2/images/87431041_tile_2304_768.png,/content/drive/MyDrive/phase11-persistent/gt_boundaries/Steel2/87431041_tile_2304_768.png,0,0,256,256,0,0
Steel2/87431041_tile_2560_0/x0_y0,Steel2,87431041,87431041_tile_2560_0.png,0,0,0.331833,val,256,/content/drive/MyDrive/phase11-data/data/Steel2/images/87431041_tile_2560_0.png,/content/drive/MyDrive/phase11-persistent/gt_boundaries/Steel2/87431041_tile_2560_0.png,0,0,256,256,0,0
Steel2/87431041_tile_2560_1024/x0_y0,Steel2,87431041,87431041_tile_2560_1024.png,0,0,0.290405,val,256,/content/drive/MyDrive/phase11-data/data/Steel2/images/87431041_tile_2560_1024.png,/content/drive/MyDrive/phase11-persistent/gt_boundaries/Steel2/87431041_tile_2560_1024.png,0,0,256,256,0,0
Steel2/87431041_tile_2560_1280/x0_y0,Steel2,87431041,87431041_tile_2560_1280.png,0,0,0.330566,val,256,/content/drive/MyDrive/phase11-data/data/Steel2/images/87431041_tile_2560_1280.png,/content/drive/MyDrive/phase11-persistent/gt_boundaries/Steel2/87431041_tile_2560_1280.png,0,0,256,256,0,0
Steel2/87431041_tile_2560_1536/x0_y0,Steel2,87431041,87431041_tile_2560_1536.png,0,0,0.324097,val,256,/content/drive/MyDrive/phase11-data/data/Steel2/images/87431041_tile_2560_1536.png,/content/drive/MyDrive/phase11-persistent/gt_boundaries/Steel2/87431041_tile_2560_1536.png,0,0,256,256,0,0
Steel2/87431041_tile_2560_1792/x0_y0,Steel2,87431041,87431041_tile_2560_1792.png,0,0,0.355743,val,256,/content/drive/MyDrive/phase11-data/data/Steel2/images/87431041_tile_2560_1792.png,/content/drive/MyDrive/phase11-persistent/gt_boundaries/Steel2/87431041_tile_2560_1792.png,0,0,256,256,0,0
Steel2/87431041_tile_2560_2048/x0_y0,Steel2,87431041,87431041_tile_2560_2048.png,0,0,0.370697,val,256,/content/drive/MyDrive/phase11-data/data/Steel2/images/87431041_tile_2560_2048.png,/content/drive/MyDrive/phase11-persistent/gt_boundaries/Steel2/87431041_tile_2560_2048.png,0,0,256,256,0,0
Steel2/87431041_tile_2560_256/x0_y0,Steel2,87431041,87431041_tile_2560_256.png,0,0,0.330017,val,256,/content/drive/MyDrive/phase11-data/data/Steel2/images/87431041_tile_2560_256.png,/content/drive/MyDrive/phase11-persistent/gt_boundaries/Steel2/87431041_tile_2560_256.png,0,0,256,256,0,0
Steel2/87431041_tile_2560_512/x0_y0,Steel2,87431041,87431041_tile_2560_512.png,0,0,0.331375,val,256,/content/drive/MyDrive/phase11-data/data/Steel2/images/87431041_tile_2560_512.png,/content/drive/MyDrive/phase11-persistent/gt_boundaries/Steel2/87431041_tile_2560_512.png,0,0,256,256,0,0
Steel2/87431041_tile_2560_768/x0_y0,Steel2,87431041,87431041_tile_2560_768.png,0,0,0.319962,val,256,/content/drive/MyDrive/phase11-data/data/Steel2/images/87431041_tile_2560_768.png,/content/drive/MyDrive/phase11-persistent/gt_boundaries/Steel2/87431041_tile_2560_768.png,0,0,256,256,0,0
Steel2/87431041_tile_256_0/x0_y0,Steel2,87431041,87431041_tile_256_0.png,0,0,0.210434,val,256,/content/drive/MyDrive/phase11-data/data/Steel2/images/87431041_tile_256_0.png,/content/drive/MyDrive/phase11-persistent/gt_boundaries/Steel2/87431041_tile_256_0.png,0,0,256,256,0,0
Steel2/87431041_tile_256_1024/x0_y0,Steel2,87431041,87431041_tile_256_1024.png,0,0,0.19101,val,256,/content/drive/MyDrive/phase11-data/data/Steel2/images/87431041_tile_256_1024.png,/content/drive/MyDrive/phase11-persistent/gt_boundaries/Steel2/87431041_tile_256_1024.png,0,0,256,256,0,0
Steel2/87431041_tile_256_1280/x0_y0,Steel2,87431041,87431041_tile_256_1280.png,0,0,0.263382,val,256,/content/drive/MyDrive/phase11-data/data/Steel2/images/87431041_tile_256_1280.png,/content/drive/MyDrive/phase11-persistent/gt_boundaries/Steel2/87431041_tile_256_1280.png,0,0,256,256,0,0
Steel2/87431041_tile_256_1536/x0_y0,Steel2,87431041,87431041_tile_256_1536.png,0,0,0.231918,val,256,/content/drive/MyDrive/phase11-data/data/Steel2/images/87431041_tile_256_1536.png,/content/drive/MyDrive/phase11-persistent/gt_boundaries/Steel2/87431041_tile_256_1536.png,0,0,256,256,0,0
Steel2/87431041_tile_256_1792/x0_y0,Steel2,87431041,87431041_tile_256_1792.png,0,0,0.259232,val,256,/content/drive/MyDrive/phase11-data/data/Steel2/images/87431041_tile_256_1792.png,/content/drive/MyDrive/phase11-persistent/gt_boundaries/Steel2/87431041_tile_256_1792.png,0,0,256,256,0,0
Steel2/87431041_tile_256_2048/x0_y0,Steel2,87431041,87431041_tile_256_2048.png,0,0,0.268661,val,256,/content/drive/MyDrive/phase11-data/data/Steel2/images/87431041_tile_256_2048.png,/content/drive/MyDrive/phase11-persistent/gt_boundaries/Steel2/87431041_tile_256_2048.png,0,0,256,256,0,0
Steel2/87431041_tile_256_256/x0_y0,Steel2,87431041,87431041_tile_256_256.png,0,0,0.186066,val,256,/content/drive/MyDrive/phase11-data/data/Steel2/images/87431041_tile_256_256.png,/content/drive/MyDrive/phase11-persistent/gt_boundaries/Steel2/87431041_tile_256_256.png,0,0,256,256,0,0
Steel2/87431041_tile_256_512/x0_y0,Steel2,87431041,87431041_tile_256_512.png,0,0,0.234924,val,256,/content/drive/MyDrive/phase11-data/data/Steel2/images/87431041_tile_256_512.png,/content/drive/MyDrive/phase11-persistent/gt_boundaries/Steel2/87431041_tile_256_512.png,0,0,256,256,0,0
Steel2/87431041_tile_256_768/x0_y0,Steel2,87431041,87431041_tile_256_768.png,0,0,0.238831,val,256,/content/drive/MyDrive/phase11-data/data/Steel2/images/87431041_tile_256_768.png,/content/drive/MyDrive/phase11-persistent/gt_boundaries/Steel2/87431041_tile_256_768.png,0,0,256,256,0,0
Steel2/87431041_tile_2816_0/x0_y0,Steel2,87431041,87431041_tile_2816_0.png,0,0,0.307022,val,256,/content/drive/MyDrive/phase11-data/data/Steel2/images/87431041_tile_2816_0.png,/content/drive/MyDrive/phase11-persistent/gt_boundaries/Steel2/87431041_tile_2816_0.png,0,0,256,256,0,0
Steel2/87431041_tile_2816_1024/x0_y0,Steel2,87431041,87431041_tile_2816_1024.png,0,0,0.312378,val,256,/content/drive/MyDrive/phase11-data/data/Steel2/images/87431041_tile_2816_1024.png,/content/drive/MyDrive/phase11-persistent/gt_boundaries/Steel2/87431041_tile_2816_1024.png,0,0,256,256,0,0
Steel2/87431041_tile_2816_1280/x0_y0,Steel2,87431041,87431041_tile_2816_1280.png,0,0,0.328217,val,256,/content/drive/MyDrive/phase11-data/data/Steel2/images/87431041_tile_2816_1280.png,/content/drive/MyDrive/phase11-persistent/gt_boundaries/Steel2/87431041_tile_2816_1280.png,0,0,256,256,0,0
Steel2/87431041_tile_2816_1536/x0_y0,Steel2,87431041,87431041_tile_2816_1536.png,0,0,0.315247,val,256,/content/drive/MyDrive/phase11-data/data/Steel2/images/87431041_tile_2816_1536.png,/content/drive/MyDrive/phase11-persistent/gt_boundaries/Steel2/87431041_tile_2816_1536.png,0,0,256,256,0,0
Steel2/87431041_tile_2816_1792/x0_y0,Steel2,87431041,87431041_tile_2816_1792.png,0,0,0.35582,val,256,/content/drive/MyDrive/phase11-data/data/Steel2/images/87431041_tile_2816_1792.png,/content/drive/MyDrive/phase11-persistent/gt_boundaries/Steel2/87431041_tile_2816_1792.png,0,0,256,256,0,0
Steel2/87431041_tile_2816_2048/x0_y0,Steel2,87431041,87431041_tile_2816_2048.png,0,0,0.350861,val,256,/content/drive/MyDrive/phase11-data/data/Steel2/images/87431041_tile_2816_2048.png,/content/drive/MyDrive/phase11-persistent/gt_boundaries/Steel2/87431041_tile_2816_2048.png,0,0,256,256,0,0
Steel2/87431041_tile_2816_256/x0_y0,Steel2,87431041,87431041_tile_2816_256.png,0,0,0.323227,val,256,/content/drive/MyDrive/phase11-data/data/Steel2/images/87431041_tile_2816_256.png,/content/drive/MyDrive/phase11-persistent/gt_boundaries/Steel2/87431041_tile_2816_256.png,0,0,256,256,0,0
Steel2/87431041_tile_2816_512/x0_y0,Steel2,87431041,87431041_tile_2816_512.png,0,0,0.324356,val,256,/content/drive/MyDrive/phase11-data/data/Steel2/images/87431041_tile_2816_512.png,/content/drive/MyDrive/phase11-persistent/gt_boundaries/Steel2/87431041_tile_2816_512.png,0,0,256,256,0,0
Steel2/87431041_tile_2816_768/x0_y0,Steel2,87431041,87431041_tile_2816_768.png,0,0,0.358521,val,256,/content/drive/MyDrive/phase11-data/data/Steel2/images/87431041_tile_2816_768.png,/content/drive/MyDrive/phase11-persistent/gt_boundaries/Steel2/87431041_tile_2816_768.png,0,0,256,256,0,0
Steel2/87431041_tile_3072_0/x0_y0,Steel2,87431041,87431041_tile_3072_0.png,0,0,0.33432,val,256,/content/drive/MyDrive/phase11-data/data/Steel2/images/87431041_tile_3072_0.png,/content/drive/MyDrive/phase11-persistent/gt_boundaries/Steel2/87431041_tile_3072_0.png,0,0,256,256,0,0
Steel2/87431041_tile_3072_1024/x0_y0,Steel2,87431041,87431041_tile_3072_1024.png,0,0,0.321564,val,256,/content/drive/MyDrive/phase11-data/data/Steel2/images/87431041_tile_3072_1024.png,/content/drive/MyDrive/phase11-persistent/gt_boundaries/Steel2/87431041_tile_3072_1024.png,0,0,256,256,0,0
Steel2/87431041_tile_3072_1280/x0_y0,Steel2,87431041,87431041_tile_3072_1280.png,0,0,0.31279,val,256,/content/drive/MyDrive/phase11-data/data/Steel2/images/87431041_tile_3072_1280.png,/content/drive/MyDrive/phase11-persistent/gt_boundaries/Steel2/87431041_tile_3072_1280.png,0,0,256,256,0,0
Steel2/87431041_tile_3072_1536/x0_y0,Steel2,87431041,87431041_tile_3072_1536.png,0,0,0.296158,val,256,/content/drive/MyDrive/phase11-data/data/Steel2/images/87431041_tile_3072_1536.png,/content/drive/MyDrive/phase11-persistent/gt_boundaries/Steel2/87431041_tile_3072_1536.png,0,0,256,256,0,0
Steel2/87431041_tile_3072_1792/x0_y0,Steel2,87431041,87431041_tile_3072_1792.png,0,0,0.326309,val,256,/content/drive/MyDrive/phase11-data/data/Steel2/images/87431041_tile_3072_1792.png,/content/drive/MyDrive/phase11-persistent/gt_boundaries/Steel2/87431041_tile_3072_1792.png,0,0,256,256,0,0
Steel2/87431041_tile_3072_2048/x0_y0,Steel2,87431041,87431041_tile_3072_2048.png,0,0,0.309235,val,256,/content/drive/MyDrive/phase11-data/data/Steel2/images/87431041_tile_3072_2048.png,/content/drive/MyDrive/phase11-persistent/gt_boundaries/Steel2/87431041_tile_3072_2048.png,0,0,256,256,0,0
Steel2/87431041_tile_3072_256/x0_y0,Steel2,87431041,87431041_tile_3072_256.png,0,0,0.309708,val,256,/content/drive/MyDrive/phase11-data/data/Steel2/images/87431041_tile_3072_256.png,/content/drive/MyDrive/phase11-persistent/gt_boundaries/Steel2/87431041_tile_3072_256.png,0,0,256,256,0,0
Steel2/87431041_tile_3072_512/x0_y0,Steel2,87431041,87431041_tile_3072_512.png,0,0,0.298996,val,256,/content/drive/MyDrive/phase11-data/data/Steel2/images/87431041_tile_3072_512.png,/content/drive/MyDrive/phase11-persistent/gt_boundaries/Steel2/87431041_tile_3072_512.png,0,0,256,256,0,0
Steel2/87431041_tile_3072_768/x0_y0,Steel2,87431041,87431041_tile_3072_768.png,0,0,0.337143,val,256,/content/drive/MyDrive/phase11-data/data/Steel2/images/87431041_tile_3072_768.png,/content/drive/MyDrive/phase11-persistent/gt_boundaries/Steel2/87431041_tile_3072_768.png,0,0,256,256,0,0
Steel2/87431041_tile_3328_0/x0_y0,Steel2,87431041,87431041_tile_3328_0.png,0,0,0.16629,val,256,/content/drive/MyDrive/phase11-data/data/Steel2/images/87431041_tile_3328_0.png,/content/drive/MyDrive/phase11-persistent/gt_boundaries/Steel2/87431041_tile_3328_0.png,0,0,256,256,0,0
Steel2/87431041_tile_3328_1024/x0_y0,Steel2,87431041,87431041_tile_3328_1024.png,0,0,0.191452,val,256,/content/drive/MyDrive/phase11-data/data/Steel2/images/87431041_tile_3328_1024.png,/content/drive/MyDrive/phase11-persistent/gt_boundaries/Steel2/87431041_tile_3328_1024.png,0,0,256,256,0,0
Steel2/87431041_tile_3328_1280/x0_y0,Steel2,87431041,87431041_tile_3328_1280.png,0,0,0.15416,val,256,/content/drive/MyDrive/phase11-data/data/Steel2/images/87431041_tile_3328_1280.png,/content/drive/MyDrive/phase11-persistent/gt_boundaries/Steel2/87431041_tile_3328_1280.png,0,0,256,256,0,0
Steel2/87431041_tile_3328_1536/x0_y0,Steel2,87431041,87431041_tile_3328_1536.png,0,0,0.166458,val,256,/content/drive/MyDrive/phase11-data/data/Steel2/images/87431041_tile_3328_1536.png,/content/drive/MyDrive/phase11-persistent/gt_boundaries/Steel2/87431041_tile_3328_1536.png,0,0,256,256,0,0
Steel2/87431041_tile_3328_1792/x0_y0,Steel2,87431041,87431041_tile_3328_1792.png,0,0,0.159271,val,256,/content/drive/MyDrive/phase11-data/data/Steel2/images/87431041_tile_3328_1792.png,/content/drive/MyDrive/phase11-persistent/gt_boundaries/Steel2/87431041_tile_3328_1792.png,0,0,256,256,0,0
Steel2/87431041_tile_3328_2048/x0_y0,Steel2,87431041,87431041_tile_3328_2048.png,0,0,0.194946,val,256,/content/drive/MyDrive/phase11-data/data/Steel2/images/87431041_tile_3328_2048.png,/content/drive/MyDrive/phase11-persistent/gt_boundaries/Steel2/87431041_tile_3328_2048.png,0,0,256,256,0,0
Steel2/87431041_tile_3328_256/x0_y0,Steel2,87431041,87431041_tile_3328_256.png,0,0,0.161346,val,256,/content/drive/MyDrive/phase11-data/data/Steel2/images/87431041_tile_3328_256.png,/content/drive/MyDrive/phase11-persistent/gt_boundaries/Steel2/87431041_tile_3328_256.png,0,0,256,256,0,0
Steel2/87431041_tile_3328_512/x0_y0,Steel2,87431041,87431041_tile_3328_512.png,0,0,0.190567,val,256,/content/drive/MyDrive/phase11-data/data/Steel2/images/87431041_tile_3328_512.png,/content/drive/MyDrive/phase11-persistent/gt_boundaries/Steel2/87431041_tile_3328_512.png,0,0,256,256,0,0
Steel2/87431041_tile_3328_768/x0_y0,Steel2,87431041,87431041_tile_3328_768.png,0,0,0.186249,val,256,/content/drive/MyDrive/phase11-data/data/Steel2/images/87431041_tile_3328_768.png,/content/drive/MyDrive/phase11-persistent/gt_boundaries/Steel2/87431041_tile_3328_768.png,0,0,256,256,0,0
Steel2/87431041_tile_512_0/x0_y0,Steel2,87431041,87431041_tile_512_0.png,0,0,0.293198,val,256,/content/drive/MyDrive/phase11-data/data/Steel2/images/87431041_tile_512_0.png,/content/drive/MyDrive/phase11-persistent/gt_boundaries/Steel2/87431041_tile_512_0.png,0,0,256,256,0,0
Steel2/87431041_tile_512_1024/x0_y0,Steel2,87431041,87431041_tile_512_1024.png,0,0,0.171967,val,256,/content/drive/MyDrive/phase11-data/data/Steel2/images/87431041_tile_512_1024.png,/content/drive/MyDrive/phase11-persistent/gt_boundaries/Steel2/87431041_tile_512_1024.png,0,0,256,256,0,0
Steel2/87431041_tile_512_1280/x0_y0,Steel2,87431041,87431041_tile_512_1280.png,0,0,0.197861,val,256,/content/drive/MyDrive/phase11-data/data/Steel2/images/87431041_tile_512_1280.png,/content/drive/MyDrive/phase11-persistent/gt_boundaries/Steel2/87431041_tile_512_1280.png,0,0,256,256,0,0
Steel2/87431041_tile_512_1536/x0_y0,Steel2,87431041,87431041_tile_512_1536.png,0,0,0.282761,val,256,/content/drive/MyDrive/phase11-data/data/Steel2/images/87431041_tile_512_1536.png,/content/drive/MyDrive/phase11-persistent/gt_boundaries/Steel2/87431041_tile_512_1536.png,0,0,256,256,0,0
Steel2/87431041_tile_512_1792/x0_y0,Steel2,87431041,87431041_tile_512_1792.png,0,0,0.300552,val,256,/content/drive/MyDrive/phase11-data/data/Steel2/images/87431041_tile_512_1792.png,/content/drive/MyDrive/phase11-persistent/gt_boundaries/Steel2/87431041_tile_512_1792.png,0,0,256,256,0,0
Steel2/87431041_tile_512_2048/x0_y0,Steel2,87431041,87431041_tile_512_2048.png,0,0,0.259781,val,256,/content/drive/MyDrive/phase11-data/data/Steel2/images/87431041_tile_512_2048.png,/content/drive/MyDrive/phase11-persistent/gt_boundaries/Steel2/87431041_tile_512_2048.png,0,0,256,256,0,0
Steel2/87431041_tile_512_256/x0_y0,Steel2,87431041,87431041_tile_512_256.png,0,0,0.215332,val,256,/content/drive/MyDrive/phase11-data/data/Steel2/images/87431041_tile_512_256.png,/content/drive/MyDrive/phase11-persistent/gt_boundaries/Steel2/87431041_tile_512_256.png,0,0,256,256,0,0
Steel2/87431041_tile_512_512/x0_y0,Steel2,87431041,87431041_tile_512_512.png,0,0,0.244354,val,256,/content/drive/MyDrive/phase11-data/data/Steel2/images/87431041_tile_512_512.png,/content/drive/MyDrive/phase11-persistent/gt_boundaries/Steel2/87431041_tile_512_512.png,0,0,256,256,0,0
Steel2/87431041_tile_512_768/x0_y0,Steel2,87431041,87431041_tile_512_768.png,0,0,0.190155,val,256,/content/drive/MyDrive/phase11-data/data/Steel2/images/87431041_tile_512_768.png,/content/drive/MyDrive/phase11-persistent/gt_boundaries/Steel2/87431041_tile_512_768.png,0,0,256,256,0,0
Steel2/87431041_tile_768_0/x0_y0,Steel2,87431041,87431041_tile_768_0.png,0,0,0.279068,val,256,/content/drive/MyDrive/phase11-data/data/Steel2/images/87431041_tile_768_0.png,/content/drive/MyDrive/phase11-persistent/gt_boundaries/Steel2/87431041_tile_768_0.png,0,0,256,256,0,0
Steel2/87431041_tile_768_1024/x0_y0,Steel2,87431041,87431041_tile_768_1024.png,0,0,0.205887,val,256,/content/drive/MyDrive/phase11-data/data/Steel2/images/87431041_tile_768_1024.png,/content/drive/MyDrive/phase11-persistent/gt_boundaries/Steel2/87431041_tile_768_1024.png,0,0,256,256,0,0
Steel2/87431041_tile_768_1280/x0_y0,Steel2,87431041,87431041_tile_768_1280.png,0,0,0.235931,val,256,/content/drive/MyDrive/phase11-data/data/Steel2/images/87431041_tile_768_1280.png,/content/drive/MyDrive/phase11-persistent/gt_boundaries/Steel2/87431041_tile_768_1280.png,0,0,256,256,0,0
Steel2/87431041_tile_768_1536/x0_y0,Steel2,87431041,87431041_tile_768_1536.png,0,0,0.2332,val,256,/content/drive/MyDrive/phase11-data/data/Steel2/images/87431041_tile_768_1536.png,/content/drive/MyDrive/phase11-persistent/gt_boundaries/Steel2/87431041_tile_768_1536.png,0,0,256,256,0,0
Steel2/87431041_tile_768_1792/x0_y0,Steel2,87431041,87431041_tile_768_1792.png,0,0,0.294495,val,256,/content/drive/MyDrive/phase11-data/data/Steel2/images/87431041_tile_768_1792.png,/content/drive/MyDrive/phase11-persistent/gt_boundaries/Steel2/87431041_tile_768_1792.png,0,0,256,256,0,0
Steel2/87431041_tile_768_2048/x0_y0,Steel2,87431041,87431041_tile_768_2048.png,0,0,0.30452,val,256,/content/drive/MyDrive/phase11-data/data/Steel2/images/87431041_tile_768_2048.png,/content/drive/MyDrive/phase11-persistent/gt_boundaries/Steel2/87431041_tile_768_2048.png,0,0,256,256,0,0
Steel2/87431041_tile_768_256/x0_y0,Steel2,87431041,87431041_tile_768_256.png,0,0,0.254013,val,256,/content/drive/MyDrive/phase11-data/data/Steel2/images/87431041_tile_768_256.png,/content/drive/MyDrive/phase11-persistent/gt_boundaries/Steel2/87431041_tile_768_256.png,0,0,256,256,0,0
Steel2/87431041_tile_768_512/x0_y0,Steel2,87431041,87431041_tile_768_512.png,0,0,0.255508,val,256,/content/drive/MyDrive/phase11-data/data/Steel2/images/87431041_tile_768_512.png,/content/drive/MyDrive/phase11-persistent/gt_boundaries/Steel2/87431041_tile_768_512.png,0,0,256,256,0,0
Steel2/87431041_tile_768_768/x0_y0,Steel2,87431041,87431041_tile_768_768.png,0,0,0.198547,val,256,/content/drive/MyDrive/phase11-data/data/Steel2/images/87431041_tile_768_768.png,/content/drive/MyDrive/phase11-persistent/gt_boundaries/Steel2/87431041_tile_768_768.png,0,0,256,256,0,0
Steel2/87440491_tile_0_0/x0_y0,Steel2,87440491,87440491_tile_0_0.png,0,0,0.19577,train,256,/content/drive/MyDrive/phase11-data/data/Steel2/images/87440491_tile_0_0.png,/content/drive/MyDrive/phase11-persistent/gt_boundaries/Steel2/87440491_tile_0_0.png,0,0,256,256,0,0
Steel2/87440491_tile_0_1024/x0_y0,Steel2,87440491,87440491_tile_0_1024.png,0,0,0.217575,train,256,/content/drive/MyDrive/phase11-data/data/Steel2/images/87440491_tile_0_1024.png,/content/drive/MyDrive/phase11-persistent/gt_boundaries/Steel2/87440491_tile_0_1024.png,0,0,256,256,0,0
Steel2/87440491_tile_0_1280/x0_y0,Steel2,87440491,87440491_tile_0_1280.png,0,0,0.21106,train,256,/content/drive/MyDrive/phase11-data/data/Steel2/images/87440491_tile_0_1280.png,/content/drive/MyDrive/phase11-persistent/gt_boundaries/Steel2/87440491_tile_0_1280.png,0,0,256,256,0,0
Steel2/87440491_tile_0_1536/x0_y0,Steel2,87440491,87440491_tile_0_1536.png,0,0,0.212906,train,256,/content/drive/MyDrive/phase11-data/data/Steel2/images/87440491_tile_0_1536.png,/content/drive/MyDrive/phase11-persistent/gt_boundaries/Steel2/87440491_tile_0_1536.png,0,0,256,256,0,0
Steel2/87440491_tile_0_1792/x0_y0,Steel2,87440491,87440491_tile_0_1792.png,0,0,0.244034,train,256,/content/drive/MyDrive/phase11-data/data/Steel2/images/87440491_tile_0_1792.png,/content/drive/MyDrive/phase11-persistent/gt_boundaries/Steel2/87440491_tile_0_1792.png,0,0,256,256,0,0
Steel2/87440491_tile_0_2048/x0_y0,Steel2,87440491,87440491_tile_0_2048.png,0,0,0.324066,train,256,/content/drive/MyDrive/phase11-data/data/Steel2/images/87440491_tile_0_2048.png,/content/drive/MyDrive/phase11-persistent/gt_boundaries/Steel2/87440491_tile_0_2048.png,0,0,256,256,0,0
Steel2/87440491_tile_0_256/x0_y0,Steel2,87440491,87440491_tile_0_256.png,0,0,0.159103,train,256,/content/drive/MyDrive/phase11-data/data/Steel2/images/87440491_tile_0_256.png,/content/drive/MyDrive/phase11-persistent/gt_boundaries/Steel2/87440491_tile_0_256.png,0,0,256,256,0,0
Steel2/87440491_tile_0_512/x0_y0,Steel2,87440491,87440491_tile_0_512.png,0,0,0.172043,train,256,/content/drive/MyDrive/phase11-data/data/Steel2/images/87440491_tile_0_512.png,/content/drive/MyDrive/phase11-persistent/gt_boundaries/Steel2/87440491_tile_0_512.png,0,0,256,256,0,0
Steel2/87440491_tile_0_768/x0_y0,Steel2,87440491,87440491_tile_0_768.png,0,0,0.162643,train,256,/content/drive/MyDrive/phase11-data/data/Steel2/images/87440491_tile_0_768.png,/content/drive/MyDrive/phase11-persistent/gt_boundaries/Steel2/87440491_tile_0_768.png,0,0,256,256,0,0
Steel2/87440491_tile_1024_0/x0_y0,Steel2,87440491,87440491_tile_1024_0.png,0,0,0.211304,train,256,/content/drive/MyDrive/phase11-data/data/Steel2/images/87440491_tile_1024_0.png,/content/drive/MyDrive/phase11-persistent/gt_boundaries/Steel2/87440491_tile_1024_0.png,0,0,256,256,0,0
Steel2/87440491_tile_1024_1024/x0_y0,Steel2,87440491,87440491_tile_1024_1024.png,0,0,0.128098,train,256,/content/drive/MyDrive/phase11-data/data/Steel2/images/87440491_tile_1024_1024.png,/content/drive/MyDrive/phase11-persistent/gt_boundaries/Steel2/87440491_tile_1024_1024.png,0,0,256,256,0,0
Steel2/87440491_tile_1024_1280/x0_y0,Steel2,87440491,87440491_tile_1024_1280.png,0,0,0.085114,train,256,/content/drive/MyDrive/phase11-data/data/Steel2/images/87440491_tile_1024_1280.png,/content/drive/MyDrive/phase11-persistent/gt_boundaries/Steel2/87440491_tile_1024_1280.png,0,0,256,256,0,0
Steel2/87440491_tile_1024_1536/x0_y0,Steel2,87440491,87440491_tile_1024_1536.png,0,0,0.178345,train,256,/content/drive/MyDrive/phase11-data/data/Steel2/images/87440491_tile_1024_1536.png,/content/drive/MyDrive/phase11-persistent/gt_boundaries/Steel2/87440491_tile_1024_1536.png,0,0,256,256,0,0
Steel2/87440491_tile_1024_1792/x0_y0,Steel2,87440491,87440491_tile_1024_1792.png,0,0,0.246506,train,256,/content/drive/MyDrive/phase11-data/data/Steel2/images/87440491_tile_1024_1792.png,/content/drive/MyDrive/phase11-persistent/gt_boundaries/Steel2/87440491_tile_1024_1792.png,0,0,256,256,0,0
Steel2/87440491_tile_1024_2048/x0_y0,Steel2,87440491,87440491_tile_1024_2048.png,0,0,0.303421,train,256,/content/drive/MyDrive/phase11-data/data/Steel2/images/87440491_tile_1024_2048.png,/content/drive/MyDrive/phase11-persistent/gt_boundaries/Steel2/87440491_tile_1024_2048.png,0,0,256,256,0,0
Steel2/87440491_tile_1024_256/x0_y0,Steel2,87440491,87440491_tile_1024_256.png,0,0,0.15332,train,256,/content/drive/MyDrive/phase11-data/data/Steel2/images/87440491_tile_1024_256.png,/content/drive/MyDrive/phase11-persistent/gt_boundaries/Steel2/87440491_tile_1024_256.png,0,0,256,256,0,0
Steel2/87440491_tile_1024_512/x0_y0,Steel2,87440491,87440491_tile_1024_512.png,0,0,0.120621,train,256,/content/drive/MyDrive/phase11-data/data/Steel2/images/87440491_tile_1024_512.png,/content/drive/MyDrive/phase11-persistent/gt_boundaries/Steel2/87440491_tile_1024_512.png,0,0,256,256,0,0
Steel2/87440491_tile_1024_768/x0_y0,Steel2,87440491,87440491_tile_1024_768.png,0,0,0.100632,train,256,/content/drive/MyDrive/phase11-data/data/Steel2/images/87440491_tile_1024_768.png,/content/drive/MyDrive/phase11-persistent/gt_boundaries/Steel2/87440491_tile_1024_768.png,0,0,256,256,0,0
Steel2/87440491_tile_1280_0/x0_y0,Steel2,87440491,87440491_tile_1280_0.png,0,0,0.188492,train,256,/content/drive/MyDrive/phase11-data/data/Steel2/images/87440491_tile_1280_0.png,/content/drive/MyDrive/phase11-persistent/gt_boundaries/Steel2/87440491_tile_1280_0.png,0,0,256,256,0,0
Steel2/87440491_tile_1280_1024/x0_y0,Steel2,87440491,87440491_tile_1280_1024.png,0,0,0.077209,train,256,/content/drive/MyDrive/phase11-data/data/Steel2/images/87440491_tile_1280_1024.png,/content/drive/MyDrive/phase11-persistent/gt_boundaries/Steel2/87440491_tile_1280_1024.png,0,0,256,256,0,0
Steel2/87440491_tile_1280_1280/x0_y0,Steel2,87440491,87440491_tile_1280_1280.png,0,0,0.08783,train,256,/content/drive/MyDrive/phase11-data/data/Steel2/images/87440491_tile_1280_1280.png,/content/drive/MyDrive/phase11-persistent/gt_boundaries/Steel2/87440491_tile_1280_1280.png,0,0,256,256,0,0
Steel2/87440491_tile_1280_1536/x0_y0,Steel2,87440491,87440491_tile_1280_1536.png,0,0,0.155075,train,256,/content/drive/MyDrive/phase11-data/data/Steel2/images/87440491_tile_1280_1536.png,/content/drive/MyDrive/phase11-persistent/gt_boundaries/Steel2/87440491_tile_1280_1536.png,0,0,256,256,0,0
Steel2/87440491_tile_1280_1792/x0_y0,Steel2,87440491,87440491_tile_1280_1792.png,0,0,0.272018,train,256,/content/drive/MyDrive/phase11-data/data/Steel2/images/87440491_tile_1280_1792.png,/content/drive/MyDrive/phase11-persistent/gt_boundaries/Steel2/87440491_tile_1280_1792.png,0,0,256,256,0,0
Steel2/87440491_tile_1280_2048/x0_y0,Steel2,87440491,87440491_tile_1280_2048.png,0,0,0.302261,train,256,/content/drive/MyDrive/phase11-data/data/Steel2/images/87440491_tile_1280_2048.png,/content/drive/MyDrive/phase11-persistent/gt_boundaries/Steel2/87440491_tile_1280_2048.png,0,0,256,256,0,0
Steel2/87440491_tile_1280_256/x0_y0,Steel2,87440491,87440491_tile_1280_256.png,0,0,0.161652,train,256,/content/drive/MyDrive/phase11-data/data/Steel2/images/87440491_tile_1280_256.png,/content/drive/MyDrive/phase11-persistent/gt_boundaries/Steel2/87440491_tile_1280_256.png,0,0,256,256,0,0
Steel2/87440491_tile_1280_512/x0_y0,Steel2,87440491,87440491_tile_1280_512.png,0,0,0.117371,train,256,/content/drive/MyDrive/phase11-data/data/Steel2/images/87440491_tile_1280_512.png,/content/drive/MyDrive/phase11-persistent/gt_boundaries/Steel2/87440491_tile_1280_512.png,0,0,256,256,0,0
Steel2/87440491_tile_1280_768/x0_y0,Steel2,87440491,87440491_tile_1280_768.png,0,0,0.060501,train,256,/content/drive/MyDrive/phase11-data/data/Steel2/images/87440491_tile_1280_768.png,/content/drive/MyDrive/phase11-persistent/gt_boundaries/Steel2/87440491_tile_1280_768.png,0,0,256,256,0,0
Steel2/87440491_tile_1536_0/x0_y0,Steel2,87440491,87440491_tile_1536_0.png,0,0,0.192474,train,256,/content/drive/MyDrive/phase11-data/data/Steel2/images/87440491_tile_1536_0.png,/content/drive/MyDrive/phase11-persistent/gt_boundaries/Steel2/87440491_tile_1536_0.png,0,0,256,256,0,0
Steel2/87440491_tile_1536_1024/x0_y0,Steel2,87440491,87440491_tile_1536_1024.png,0,0,0.041336,train,256,/content/drive/MyDrive/phase11-data/data/Steel2/images/87440491_tile_1536_1024.png,/content/drive/MyDrive/phase11-persistent/gt_boundaries/Steel2/87440491_tile_1536_1024.png,0,0,256,256,0,0
Steel2/87440491_tile_1536_1280/x0_y0,Steel2,87440491,87440491_tile_1536_1280.png,0,0,0.101913,train,256,/content/drive/MyDrive/phase11-data/data/Steel2/images/87440491_tile_1536_1280.png,/content/drive/MyDrive/phase11-persistent/gt_boundaries/Steel2/87440491_tile_1536_1280.png,0,0,256,256,0,0
Steel2/87440491_tile_1536_1536/x0_y0,Steel2,87440491,87440491_tile_1536_1536.png,0,0,0.121414,train,256,/content/drive/MyDrive/phase11-data/data/Steel2/images/87440491_tile_1536_1536.png,/content/drive/MyDrive/phase11-persistent/gt_boundaries/Steel2/87440491_tile_1536_1536.png,0,0,256,256,0,0
Steel2/87440491_tile_1536_1792/x0_y0,Steel2,87440491,87440491_tile_1536_1792.png,0,0,0.271164,train,256,/content/drive/MyDrive/phase11-data/data/Steel2/images/87440491_tile_1536_1792.png,/content/drive/MyDrive/phase11-persistent/gt_boundaries/Steel2/87440491_tile_1536_1792.png,0,0,256,256,0,0
Steel2/87440491_tile_1536_2048/x0_y0,Steel2,87440491,87440491_tile_1536_2048.png,0,0,0.336456,train,256,/content/drive/MyDrive/phase11-data/data/Steel2/images/87440491_tile_1536_2048.png,/content/drive/MyDrive/phase11-persistent/gt_boundaries/Steel2/87440491_tile_1536_2048.png,0,0,256,256,0,0
Steel2/87440491_tile_1536_256/x0_y0,Steel2,87440491,87440491_tile_1536_256.png,0,0,0.175598,train,256,/content/drive/MyDrive/phase11-data/data/Steel2/images/87440491_tile_1536_256.png,/content/drive/MyDrive/phase11-persistent/gt_boundaries/Steel2/87440491_tile_1536_256.png,0,0,256,256,0,0
Steel2/87440491_tile_1536_512/x0_y0,Steel2,87440491,87440491_tile_1536_512.png,0,0,0.083969,train,256,/content/drive/MyDrive/phase11-data/data/Steel2/images/87440491_tile_1536_512.png,/content/drive/MyDrive/phase11-persistent/gt_boundaries/Steel2/87440491_tile_1536_512.png,0,0,256,256,0,0
Steel2/87440491_tile_1536_768/x0_y0,Steel2,87440491,87440491_tile_1536_768.png,0,0,0.066711,train,256,/content/drive/MyDrive/phase11-data/data/Steel2/images/87440491_tile_1536_768.png,/content/drive/MyDrive/phase11-persistent/gt_boundaries/Steel2/87440491_tile_1536_768.png,0,0,256,256,0,0
Steel2/87440491_tile_1792_0/x0_y0,Steel2,87440491,87440491_tile_1792_0.png,0,0,0.266327,train,256,/content/drive/MyDrive/phase11-data/data/Steel2/images/87440491_tile_1792_0.png,/content/drive/MyDrive/phase11-persistent/gt_boundaries/Steel2/87440491_tile_1792_0.png,0,0,256,256,0,0
Steel2/87440491_tile_1792_1024/x0_y0,Steel2,87440491,87440491_tile_1792_1024.png,0,0,0.050934,train,256,/content/drive/MyDrive/phase11-data/data/Steel2/images/87440491_tile_1792_1024.png,/content/drive/MyDrive/phase11-persistent/gt_boundaries/Steel2/87440491_tile_1792_1024.png,0,0,256,256,0,0
Steel2/87440491_tile_1792_1280/x0_y0,Steel2,87440491,87440491_tile_1792_1280.png,0,0,0.118027,train,256,/content/drive/MyDrive/phase11-data/data/Steel2/images/87440491_tile_1792_1280.png,/content/drive/MyDrive/phase11-persistent/gt_boundaries/Steel2/87440491_tile_1792_1280.png,0,0,256,256,0,0
Steel2/87440491_tile_1792_1536/x0_y0,Steel2,87440491,87440491_tile_1792_1536.png,0,0,0.17215,train,256,/content/drive/MyDrive/phase11-data/data/Steel2/images/87440491_tile_1792_1536.png,/content/drive/MyDrive/phase11-persistent/gt_boundaries/Steel2/87440491_tile_1792_1536.png,0,0,256,256,0,0
Steel2/87440491_tile_1792_1792/x0_y0,Steel2,87440491,87440491_tile_1792_1792.png,0,0,0.28093,train,256,/content/drive/MyDrive/phase11-data/data/Steel2/images/87440491_tile_1792_1792.png,/content/drive/MyDrive/phase11-persistent/gt_boundaries/Steel2/87440491_tile_1792_1792.png,0,0,256,256,0,0
Steel2/87440491_tile_1792_2048/x0_y0,Steel2,87440491,87440491_tile_1792_2048.png,0,0,0.286407,train,256,/content/drive/MyDrive/phase11-data/data/Steel2/images/87440491_tile_1792_2048.png,/content/drive/MyDrive/phase11-persistent/gt_boundaries/Steel2/87440491_tile_1792_2048.png,0,0,256,256,0,0
Steel2/87440491_tile_1792_256/x0_y0,Steel2,87440491,87440491_tile_1792_256.png,0,0,0.186615,train,256,/content/drive/MyDrive/phase11-data/data/Steel2/images/87440491_tile_1792_256.png,/content/drive/MyDrive/phase11-persistent/gt_boundaries/Steel2/87440491_tile_1792_256.png,0,0,256,256,0,0
Steel2/87440491_tile_1792_512/x0_y0,Steel2,87440491,87440491_tile_1792_512.png,0,0,0.154205,train,256,/content/drive/MyDrive/phase11-data/data/Steel2/images/87440491_tile_1792_512.png,/content/drive/MyDrive/phase11-persistent/gt_boundaries/Steel2/87440491_tile_1792_512.png,0,0,256,256,0,0
Steel2/87440491_tile_1792_768/x0_y0,Steel2,87440491,87440491_tile_1792_768.png,0,0,0.096817,train,256,/content/drive/MyDrive/phase11-data/data/Steel2/images/87440491_tile_1792_768.png,/content/drive/MyDrive/phase11-persistent/gt_boundaries/Steel2/87440491_tile_1792_768.png,0,0,256,256,0,0
Steel2/87440491_tile_2048_0/x0_y0,Steel2,87440491,87440491_tile_2048_0.png,0,0,0.254547,train,256,/content/drive/MyDrive/phase11-data/data/Steel2/images/87440491_tile_2048_0.png,/content/drive/MyDrive/phase11-persistent/gt_boundaries/Steel2/87440491_tile_2048_0.png,0,0,256,256,0,0
Steel2/87440491_tile_2048_1024/x0_y0,Steel2,87440491,87440491_tile_2048_1024.png,0,0,0.184814,train,256,/content/drive/MyDrive/phase11-data/data/Steel2/images/87440491_tile_2048_1024.png,/content/drive/MyDrive/phase11-persistent/gt_boundaries/Steel2/87440491_tile_2048_1024.png,0,0,256,256,0,0
Steel2/87440491_tile_2048_1280/x0_y0,Steel2,87440491,87440491_tile_2048_1280.png,0,0,0.16626,train,256,/content/drive/MyDrive/phase11-data/data/Steel2/images/87440491_tile_2048_1280.png,/content/drive/MyDrive/phase11-persistent/gt_boundaries/Steel2/87440491_tile_2048_1280.png,0,0,256,256,0,0
Steel2/87440491_tile_2048_1536/x0_y0,Steel2,87440491,87440491_tile_2048_1536.png,0,0,0.174591,train,256,/content/drive/MyDrive/phase11-data/data/Steel2/images/87440491_tile_2048_1536.png,/content/drive/MyDrive/phase11-persistent/gt_boundaries/Steel2/87440491_tile_2048_1536.png,0,0,256,256,0,0
Steel2/87440491_tile_2048_1792/x0_y0,Steel2,87440491,87440491_tile_2048_1792.png,0,0,0.258026,train,256,/content/drive/MyDrive/phase11-data/data/Steel2/images/87440491_tile_2048_1792.png,/content/drive/MyDrive/phase11-persistent/gt_boundaries/Steel2/87440491_tile_2048_1792.png,0,0,256,256,0,0
Steel2/87440491_tile_2048_2048/x0_y0,Steel2,87440491,87440491_tile_2048_2048.png,0,0,0.328461,train,256,/content/drive/MyDrive/phase11-data/data/Steel2/images/87440491_tile_2048_2048.png,/content/drive/MyDrive/phase11-persistent/gt_boundaries/Steel2/87440491_tile_2048_2048.png,0,0,256,256,0,0
Steel2/87440491_tile_2048_256/x0_y0,Steel2,87440491,87440491_tile_2048_256.png,0,0,0.285156,train,256,/content/drive/MyDrive/phase11-data/data/Steel2/images/87440491_tile_2048_256.png,/content/drive/MyDrive/phase11-persistent/gt_boundaries/Steel2/87440491_tile_2048_256.png,0,0,256,256,0,0
Steel2/87440491_tile_2048_512/x0_y0,Steel2,87440491,87440491_tile_2048_512.png,0,0,0.259079,train,256,/content/drive/MyDrive/phase11-data/data/Steel2/images/87440491_tile_2048_512.png,/content/drive/MyDrive/phase11-persistent/gt_boundaries/Steel2/87440491_tile_2048_512.png,0,0,256,256,0,0
Steel2/87440491_tile_2048_768/x0_y0,Steel2,87440491,87440491_tile_2048_768.png,0,0,0.168304,train,256,/content/drive/MyDrive/phase11-data/data/Steel2/images/87440491_tile_2048_768.png,/content/drive/MyDrive/phase11-persistent/gt_boundaries/Steel2/87440491_tile_2048_768.png,0,0,256,256,0,0
Steel2/87440491_tile_2304_0/x0_y0,Steel2,87440491,87440491_tile_2304_0.png,0,0,0.242081,train,256,/content/drive/MyDrive/phase11-data/data/Steel2/images/87440491_tile_2304_0.png,/content/drive/MyDrive/phase11-persistent/gt_boundaries/Steel2/87440491_tile_2304_0.png,0,0,256,256,0,0
Steel2/87440491_tile_2304_1024/x0_y0,Steel2,87440491,87440491_tile_2304_1024.png,0,0,0.266342,train,256,/content/drive/MyDrive/phase11-data/data/Steel2/images/87440491_tile_2304_1024.png,/content/drive/MyDrive/phase11-persistent/gt_boundaries/Steel2/87440491_tile_2304_1024.png,0,0,256,256,0,0
Steel2/87440491_tile_2304_1280/x0_y0,Steel2,87440491,87440491_tile_2304_1280.png,0,0,0.24968,train,256,/content/drive/MyDrive/phase11-data/data/Steel2/images/87440491_tile_2304_1280.png,/content/drive/MyDrive/phase11-persistent/gt_boundaries/Steel2/87440491_tile_2304_1280.png,0,0,256,256,0,0
Steel2/87440491_tile_2304_1536/x0_y0,Steel2,87440491,87440491_tile_2304_1536.png,0,0,0.303619,train,256,/content/drive/MyDrive/phase11-data/data/Steel2/images/87440491_tile_2304_1536.png,/content/drive/MyDrive/phase11-persistent/gt_boundaries/Steel2/87440491_tile_2304_1536.png,0,0,256,256,0,0
Steel2/87440491_tile_2304_1792/x0_y0,Steel2,87440491,87440491_tile_2304_1792.png,0,0,0.298477,train,256,/content/drive/MyDrive/phase11-data/data/Steel2/images/87440491_tile_2304_1792.png,/content/drive/MyDrive/phase11-persistent/gt_boundaries/Steel2/87440491_tile_2304_1792.png,0,0,256,256,0,0
Steel2/87440491_tile_2304_2048/x0_y0,Steel2,87440491,87440491_tile_2304_2048.png,0,0,0.320923,train,256,/content/drive/MyDrive/phase11-data/data/Steel2/images/87440491_tile_2304_2048.png,/content/drive/MyDrive/phase11-persistent/gt_boundaries/Steel2/87440491_tile_2304_2048.png,0,0,256,256,0,0
Steel2/87440491_tile_2304_256/x0_y0,Steel2,87440491,87440491_tile_2304_256.png,0,0,0.26152,train,256,/content/drive/MyDrive/phase11-data/data/Steel2/images/87440491_tile_2304_256.png,/content/drive/MyDrive/phase11-persistent/gt_boundaries/Steel2/87440491_tile_2304_256.png,0,0,256,256,0,0
Steel2/87440491_tile_2304_512/x0_y0,Steel2,87440491,87440491_tile_2304_512.png,0,0,0.248199,train,256,/content/drive/MyDrive/phase11-data/data/Steel2/images/87440491_tile_2304_512.png,/content/drive/MyDrive/phase11-persistent/gt_boundaries/Steel2/87440491_tile_2304_512.png,0,0,256,256,0,0
Steel2/87440491_tile_2304_768/x0_y0,Steel2,87440491,87440491_tile_2304_768.png,0,0,0.175766,train,256,/content/drive/MyDrive/phase11-data/data/Steel2/images/87440491_tile_2304_768.png,/content/drive/MyDrive/phase11-persistent/gt_boundaries/Steel2/87440491_tile_2304_768.png,0,0,256,256,0,0
Steel2/87440491_tile_2560_0/x0_y0,Steel2,87440491,87440491_tile_2560_0.png,0,0,0.306808,train,256,/content/drive/MyDrive/phase11-data/data/Steel2/images/87440491_tile_2560_0.png,/content/drive/MyDrive/phase11-persistent/gt_boundaries/Steel2/87440491_tile_2560_0.png,0,0,256,256,0,0
Steel2/87440491_tile_2560_1024/x0_y0,Steel2,87440491,87440491_tile_2560_1024.png,0,0,0.300827,train,256,/content/drive/MyDrive/phase11-data/data/Steel2/images/87440491_tile_2560_1024.png,/content/drive/MyDrive/phase11-persistent/gt_boundaries/Steel2/87440491_tile_2560_1024.png,0,0,256,256,0,0
Steel2/87440491_tile_2560_1280/x0_y0,Steel2,87440491,87440491_tile_2560_1280.png,0,0,0.338272,train,256,/content/drive/MyDrive/phase11-data/data/Steel2/images/87440491_tile_2560_1280.png,/content/drive/MyDrive/phase11-persistent/gt_boundaries/Steel2/87440491_tile_2560_1280.png,0,0,256,256,0,0
Steel2/87440491_tile_2560_1536/x0_y0,Steel2,87440491,87440491_tile_2560_1536.png,0,0,0.331451,train,256,/content/drive/MyDrive/phase11-data/data/Steel2/images/87440491_tile_2560_1536.png,/content/drive/MyDrive/phase11-persistent/gt_boundaries/Steel2/87440491_tile_2560_1536.png,0,0,256,256,0,0
Steel2/87440491_tile_2560_1792/x0_y0,Steel2,87440491,87440491_tile_2560_1792.png,0,0,0.295166,train,256,/content/drive/MyDrive/phase11-data/data/Steel2/images/87440491_tile_2560_1792.png,/content/drive/MyDrive/phase11-persistent/gt_boundaries/Steel2/87440491_tile_2560_1792.png,0,0,256,256,0,0
Steel2/87440491_tile_2560_2048/x0_y0,Steel2,87440491,87440491_tile_2560_2048.png,0,0,0.328995,train,256,/content/drive/MyDrive/phase11-data/data/Steel2/images/87440491_tile_2560_2048.png,/content/drive/MyDrive/phase11-persistent/gt_boundaries/Steel2/87440491_tile_2560_2048.png,0,0,256,256,0,0
Steel2/87440491_tile_2560_256/x0_y0,Steel2,87440491,87440491_tile_2560_256.png,0,0,0.30249,train,256,/content/drive/MyDrive/phase11-data/data/Steel2/images/87440491_tile_2560_256.png,/content/drive/MyDrive/phase11-persistent/gt_boundaries/Steel2/87440491_tile_2560_256.png,0,0,256,256,0,0
Steel2/87440491_tile_2560_512/x0_y0,Steel2,87440491,87440491_tile_2560_512.png,0,0,0.323288,train,256,/content/drive/MyDrive/phase11-data/data/Steel2/images/87440491_tile_2560_512.png,/content/drive/MyDrive/phase11-persistent/gt_boundaries/Steel2/87440491_tile_2560_512.png,0,0,256,256,0,0
Steel2/87440491_tile_2560_768/x0_y0,Steel2,87440491,87440491_tile_2560_768.png,0,0,0.285355,train,256,/content/drive/MyDrive/phase11-data/data/Steel2/images/87440491_tile_2560_768.png,/content/drive/MyDrive/phase11-persistent/gt_boundaries/Steel2/87440491_tile_2560_768.png,0,0,256,256,0,0
Steel2/87440491_tile_256_0/x0_y0,Steel2,87440491,87440491_tile_256_0.png,0,0,0.167908,train,256,/content/drive/MyDrive/phase11-data/data/Steel2/images/87440491_tile_256_0.png,/content/drive/MyDrive/phase11-persistent/gt_boundaries/Steel2/87440491_tile_256_0.png,0,0,256,256,0,0
Steel2/87440491_tile_256_1024/x0_y0,Steel2,87440491,87440491_tile_256_1024.png,0,0,0.197327,train,256,/content/drive/MyDrive/phase11-data/data/Steel2/images/87440491_tile_256_1024.png,/content/drive/MyDrive/phase11-persistent/gt_boundaries/Steel2/87440491_tile_256_1024.png,0,0,256,256,0,0
Steel2/87440491_tile_256_1280/x0_y0,Steel2,87440491,87440491_tile_256_1280.png,0,0,0.245926,train,256,/content/drive/MyDrive/phase11-data/data/Steel2/images/87440491_tile_256_1280.png,/content/drive/MyDrive/phase11-persistent/gt_boundaries/Steel2/87440491_tile_256_1280.png,0,0,256,256,0,0
Steel2/87440491_tile_256_1536/x0_y0,Steel2,87440491,87440491_tile_256_1536.png,0,0,0.222321,train,256,/content/drive/MyDrive/phase11-data/data/Steel2/images/87440491_tile_256_1536.png,/content/drive/MyDrive/phase11-persistent/gt_boundaries/Steel2/87440491_tile_256_1536.png,0,0,256,256,0,0
Steel2/87440491_tile_256_1792/x0_y0,Steel2,87440491,87440491_tile_256_1792.png,0,0,0.2155,train,256,/content/drive/MyDrive/phase11-data/data/Steel2/images/87440491_tile_256_1792.png,/content/drive/MyDrive/phase11-persistent/gt_boundaries/Steel2/87440491_tile_256_1792.png,0,0,256,256,0,0
Steel2/87440491_tile_256_2048/x0_y0,Steel2,87440491,87440491_tile_256_2048.png,0,0,0.311829,train,256,/content/drive/MyDrive/phase11-data/data/Steel2/images/87440491_tile_256_2048.png,/content/drive/MyDrive/phase11-persistent/gt_boundaries/Steel2/87440491_tile_256_2048.png,0,0,256,256,0,0
Steel2/87440491_tile_256_256/x0_y0,Steel2,87440491,87440491_tile_256_256.png,0,0,0.181503,train,256,/content/drive/MyDrive/phase11-data/data/Steel2/images/87440491_tile_256_256.png,/content/drive/MyDrive/phase11-persistent/gt_boundaries/Steel2/87440491_tile_256_256.png,0,0,256,256,0,0
Steel2/87440491_tile_256_512/x0_y0,Steel2,87440491,87440491_tile_256_512.png,0,0,0.127899,train,256,/content/drive/MyDrive/phase11-data/data/Steel2/images/87440491_tile_256_512.png,/content/drive/MyDrive/phase11-persistent/gt_boundaries/Steel2/87440491_tile_256_512.png,0,0,256,256,0,0
Steel2/87440491_tile_256_768/x0_y0,Steel2,87440491,87440491_tile_256_768.png,0,0,0.192932,train,256,/content/drive/MyDrive/phase11-data/data/Steel2/images/87440491_tile_256_768.png,/content/drive/MyDrive/phase11-persistent/gt_boundaries/Steel2/87440491_tile_256_768.png,0,0,256,256,0,0
Steel2/87440491_tile_2816_0/x0_y0,Steel2,87440491,87440491_tile_2816_0.png,0,0,0.28421,train,256,/content/drive/MyDrive/phase11-data/data/Steel2/images/87440491_tile_2816_0.png,/content/drive/MyDrive/phase11-persistent/gt_boundaries/Steel2/87440491_tile_2816_0.png,0,0,256,256,0,0
Steel2/87440491_tile_2816_1024/x0_y0,Steel2,87440491,87440491_tile_2816_1024.png,0,0,0.361267,train,256,/content/drive/MyDrive/phase11-data/data/Steel2/images/87440491_tile_2816_1024.png,/content/drive/MyDrive/phase11-persistent/gt_boundaries/Steel2/87440491_tile_2816_1024.png,0,0,256,256,0,0
Steel2/87440491_tile_2816_1280/x0_y0,Steel2,87440491,87440491_tile_2816_1280.png,0,0,0.32077,train,256,/content/drive/MyDrive/phase11-data/data/Steel2/images/87440491_tile_2816_1280.png,/content/drive/MyDrive/phase11-persistent/gt_boundaries/Steel2/87440491_tile_2816_1280.png,0,0,256,256,0,0
Steel2/87440491_tile_2816_1536/x0_y0,Steel2,87440491,87440491_tile_2816_1536.png,0,0,0.338379,train,256,/content/drive/MyDrive/phase11-data/data/Steel2/images/87440491_tile_2816_1536.png,/content/drive/MyDrive/phase11-persistent/gt_boundaries/Steel2/87440491_tile_2816_1536.png,0,0,256,256,0,0
Steel2/87440491_tile_2816_1792/x0_y0,Steel2,87440491,87440491_tile_2816_1792.png,0,0,0.347809,train,256,/content/drive/MyDrive/phase11-data/data/Steel2/images/87440491_tile_2816_1792.png,/content/drive/MyDrive/phase11-persistent/gt_boundaries/Steel2/87440491_tile_2816_1792.png,0,0,256,256,0,0
Steel2/87440491_tile_2816_2048/x0_y0,Steel2,87440491,87440491_tile_2816_2048.png,0,0,0.299881,train,256,/content/drive/MyDrive/phase11-data/data/Steel2/images/87440491_tile_2816_2048.png,/content/drive/MyDrive/phase11-persistent/gt_boundaries/Steel2/87440491_tile_2816_2048.png,0,0,256,256,0,0
Steel2/87440491_tile_2816_256/x0_y0,Steel2,87440491,87440491_tile_2816_256.png,0,0,0.321091,train,256,/content/drive/MyDrive/phase11-data/data/Steel2/images/87440491_tile_2816_256.png,/content/drive/MyDrive/phase11-persistent/gt_boundaries/Steel2/87440491_tile_2816_256.png,0,0,256,256,0,0
Steel2/87440491_tile_2816_512/x0_y0,Steel2,87440491,87440491_tile_2816_512.png,0,0,0.305283,train,256,/content/drive/MyDrive/phase11-data/data/Steel2/images/87440491_tile_2816_512.png,/content/drive/MyDrive/phase11-persistent/gt_boundaries/Steel2/87440491_tile_2816_512.png,0,0,256,256,0,0
Steel2/87440491_tile_2816_768/x0_y0,Steel2,87440491,87440491_tile_2816_768.png,0,0,0.328369,train,256,/content/drive/MyDrive/phase11-data/data/Steel2/images/87440491_tile_2816_768.png,/content/drive/MyDrive/phase11-persistent/gt_boundaries/Steel2/87440491_tile_2816_768.png,0,0,256,256,0,0
Steel2/87440491_tile_3072_0/x0_y0,Steel2,87440491,87440491_tile_3072_0.png,0,0,0.292648,train,256,/content/drive/MyDrive/phase11-data/data/Steel2/images/87440491_tile_3072_0.png,/content/drive/MyDrive/phase11-persistent/gt_boundaries/Steel2/87440491_tile_3072_0.png,0,0,256,256,0,0
Steel2/87440491_tile_3072_1024/x0_y0,Steel2,87440491,87440491_tile_3072_1024.png,0,0,0.301163,train,256,/content/drive/MyDrive/phase11-data/data/Steel2/images/87440491_tile_3072_1024.png,/content/drive/MyDrive/phase11-persistent/gt_boundaries/Steel2/87440491_tile_3072_1024.png,0,0,256,256,0,0
Steel2/87440491_tile_3072_1280/x0_y0,Steel2,87440491,87440491_tile_3072_1280.png,0,0,0.335266,train,256,/content/drive/MyDrive/phase11-data/data/Steel2/images/87440491_tile_3072_1280.png,/content/drive/MyDrive/phase11-persistent/gt_boundaries/Steel2/87440491_tile_3072_1280.png,0,0,256,256,0,0
Steel2/87440491_tile_3072_1536/x0_y0,Steel2,87440491,87440491_tile_3072_1536.png,0,0,0.334808,train,256,/content/drive/MyDrive/phase11-data/data/Steel2/images/87440491_tile_3072_1536.png,/content/drive/MyDrive/phase11-persistent/gt_boundaries/Steel2/87440491_tile_3072_1536.png,0,0,256,256,0,0
Steel2/87440491_tile_3072_1792/x0_y0,Steel2,87440491,87440491_tile_3072_1792.png,0,0,0.307037,train,256,/content/drive/MyDrive/phase11-data/data/Steel2/images/87440491_tile_3072_1792.png,/content/drive/MyDrive/phase11-persistent/gt_boundaries/Steel2/87440491_tile_3072_1792.png,0,0,256,256,0,0
Steel2/87440491_tile_3072_2048/x0_y0,Steel2,87440491,87440491_tile_3072_2048.png,0,0,0.317291,train,256,/content/drive/MyDrive/phase11-data/data/Steel2/images/87440491_tile_3072_2048.png,/content/drive/MyDrive/phase11-persistent/gt_boundaries/Steel2/87440491_tile_3072_2048.png,0,0,256,256,0,0
Steel2/87440491_tile_3072_256/x0_y0,Steel2,87440491,87440491_tile_3072_256.png,0,0,0.318176,train,256,/content/drive/MyDrive/phase11-data/data/Steel2/images/87440491_tile_3072_256.png,/content/drive/MyDrive/phase11-persistent/gt_boundaries/Steel2/87440491_tile_3072_256.png,0,0,256,256,0,0
Steel2/87440491_tile_3072_512/x0_y0,Steel2,87440491,87440491_tile_3072_512.png,0,0,0.312576,train,256,/content/drive/MyDrive/phase11-data/data/Steel2/images/87440491_tile_3072_512.png,/content/drive/MyDrive/phase11-persistent/gt_boundaries/Steel2/87440491_tile_3072_512.png,0,0,256,256,0,0
Steel2/87440491_tile_3072_768/x0_y0,Steel2,87440491,87440491_tile_3072_768.png,0,0,0.329575,train,256,/content/drive/MyDrive/phase11-data/data/Steel2/images/87440491_tile_3072_768.png,/content/drive/MyDrive/phase11-persistent/gt_boundaries/Steel2/87440491_tile_3072_768.png,0,0,256,256,0,0
Steel2/87440491_tile_3328_0/x0_y0,Steel2,87440491,87440491_tile_3328_0.png,0,0,0.168396,train,256,/content/drive/MyDrive/phase11-data/data/Steel2/images/87440491_tile_3328_0.png,/content/drive/MyDrive/phase11-persistent/gt_boundaries/Steel2/87440491_tile_3328_0.png,0,0,256,256,0,0
Steel2/87440491_tile_3328_1024/x0_y0,Steel2,87440491,87440491_tile_3328_1024.png,0,0,0.162018,train,256,/content/drive/MyDrive/phase11-data/data/Steel2/images/87440491_tile_3328_1024.png,/content/drive/MyDrive/phase11-persistent/gt_boundaries/Steel2/87440491_tile_3328_1024.png,0,0,256,256,0,0
Steel2/87440491_tile_3328_1280/x0_y0,Steel2,87440491,87440491_tile_3328_1280.png,0,0,0.164581,train,256,/content/drive/MyDrive/phase11-data/data/Steel2/images/87440491_tile_3328_1280.png,/content/drive/MyDrive/phase11-persistent/gt_boundaries/Steel2/87440491_tile_3328_1280.png,0,0,256,256,0,0
Steel2/87440491_tile_3328_1536/x0_y0,Steel2,87440491,87440491_tile_3328_1536.png,0,0,0.170517,train,256,/content/drive/MyDrive/phase11-data/data/Steel2/images/87440491_tile_3328_1536.png,/content/drive/MyDrive/phase11-persistent/gt_boundaries/Steel2/87440491_tile_3328_1536.png,0,0,256,256,0,0
Steel2/87440491_tile_3328_1792/x0_y0,Steel2,87440491,87440491_tile_3328_1792.png,0,0,0.166809,train,256,/content/drive/MyDrive/phase11-data/data/Steel2/images/87440491_tile_3328_1792.png,/content/drive/MyDrive/phase11-persistent/gt_boundaries/Steel2/87440491_tile_3328_1792.png,0,0,256,256,0,0
Steel2/87440491_tile_3328_2048/x0_y0,Steel2,87440491,87440491_tile_3328_2048.png,0,0,0.172302,train,256,/content/drive/MyDrive/phase11-data/data/Steel2/images/87440491_tile_3328_2048.png,/content/drive/MyDrive/phase11-persistent/gt_boundaries/Steel2/87440491_tile_3328_2048.png,0,0,256,256,0,0
Steel2/87440491_tile_3328_256/x0_y0,Steel2,87440491,87440491_tile_3328_256.png,0,0,0.169601,train,256,/content/drive/MyDrive/phase11-data/data/Steel2/images/87440491_tile_3328_256.png,/content/drive/MyDrive/phase11-persistent/gt_boundaries/Steel2/87440491_tile_3328_256.png,0,0,256,256,0,0
Steel2/87440491_tile_3328_512/x0_y0,Steel2,87440491,87440491_tile_3328_512.png,0,0,0.171768,train,256,/content/drive/MyDrive/phase11-data/data/Steel2/images/87440491_tile_3328_512.png,/content/drive/MyDrive/phase11-persistent/gt_boundaries/Steel2/87440491_tile_3328_512.png,0,0,256,256,0,0
Steel2/87440491_tile_3328_768/x0_y0,Steel2,87440491,87440491_tile_3328_768.png,0,0,0.159744,train,256,/content/drive/MyDrive/phase11-data/data/Steel2/images/87440491_tile_3328_768.png,/content/drive/MyDrive/phase11-persistent/gt_boundaries/Steel2/87440491_tile_3328_768.png,0,0,256,256,0,0
Steel2/87440491_tile_512_0/x0_y0,Steel2,87440491,87440491_tile_512_0.png,0,0,0.172821,train,256,/content/drive/MyDrive/phase11-data/data/Steel2/images/87440491_tile_512_0.png,/content/drive/MyDrive/phase11-persistent/gt_boundaries/Steel2/87440491_tile_512_0.png,0,0,256,256,0,0
Steel2/87440491_tile_512_1024/x0_y0,Steel2,87440491,87440491_tile_512_1024.png,0,0,0.198029,train,256,/content/drive/MyDrive/phase11-data/data/Steel2/images/87440491_tile_512_1024.png,/content/drive/MyDrive/phase11-persistent/gt_boundaries/Steel2/87440491_tile_512_1024.png,0,0,256,256,0,0
Steel2/87440491_tile_512_1280/x0_y0,Steel2,87440491,87440491_tile_512_1280.png,0,0,0.157639,train,256,/content/drive/MyDrive/phase11-data/data/Steel2/images/87440491_tile_512_1280.png,/content/drive/MyDrive/phase11-persistent/gt_boundaries/Steel2/87440491_tile_512_1280.png,0,0,256,256,0,0
Steel2/87440491_tile_512_1536/x0_y0,Steel2,87440491,87440491_tile_512_1536.png,0,0,0.204987,train,256,/content/drive/MyDrive/phase11-data/data/Steel2/images/87440491_tile_512_1536.png,/content/drive/MyDrive/phase11-persistent/gt_boundaries/Steel2/87440491_tile_512_1536.png,0,0,256,256,0,0
Steel2/87440491_tile_512_1792/x0_y0,Steel2,87440491,87440491_tile_512_1792.png,0,0,0.242798,train,256,/content/drive/MyDrive/phase11-data/data/Steel2/images/87440491_tile_512_1792.png,/content/drive/MyDrive/phase11-persistent/gt_boundaries/Steel2/87440491_tile_512_1792.png,0,0,256,256,0,0
Steel2/87440491_tile_512_2048/x0_y0,Steel2,87440491,87440491_tile_512_2048.png,0,0,0.330414,train,256,/content/drive/MyDrive/phase11-data/data/Steel2/images/87440491_tile_512_2048.png,/content/drive/MyDrive/phase11-persistent/gt_boundaries/Steel2/87440491_tile_512_2048.png,0,0,256,256,0,0
Steel2/87440491_tile_512_256/x0_y0,Steel2,87440491,87440491_tile_512_256.png,0,0,0.145355,train,256,/content/drive/MyDrive/phase11-data/data/Steel2/images/87440491_tile_512_256.png,/content/drive/MyDrive/phase11-persistent/gt_boundaries/Steel2/87440491_tile_512_256.png,0,0,256,256,0,0
Steel2/87440491_tile_512_512/x0_y0,Steel2,87440491,87440491_tile_512_512.png,0,0,0.118454,train,256,/content/drive/MyDrive/phase11-data/data/Steel2/images/87440491_tile_512_512.png,/content/drive/MyDrive/phase11-persistent/gt_boundaries/Steel2/87440491_tile_512_512.png,0,0,256,256,0,0
Steel2/87440491_tile_512_768/x0_y0,Steel2,87440491,87440491_tile_512_768.png,0,0,0.139603,train,256,/content/drive/MyDrive/phase11-data/data/Steel2/images/87440491_tile_512_768.png,/content/drive/MyDrive/phase11-persistent/gt_boundaries/Steel2/87440491_tile_512_768.png,0,0,256,256,0,0
Steel2/87440491_tile_768_0/x0_y0,Steel2,87440491,87440491_tile_768_0.png,0,0,0.207855,train,256,/content/drive/MyDrive/phase11-data/data/Steel2/images/87440491_tile_768_0.png,/content/drive/MyDrive/phase11-persistent/gt_boundaries/Steel2/87440491_tile_768_0.png,0,0,256,256,0,0
Steel2/87440491_tile_768_1024/x0_y0,Steel2,87440491,87440491_tile_768_1024.png,0,0,0.148193,train,256,/content/drive/MyDrive/phase11-data/data/Steel2/images/87440491_tile_768_1024.png,/content/drive/MyDrive/phase11-persistent/gt_boundaries/Steel2/87440491_tile_768_1024.png,0,0,256,256,0,0
Steel2/87440491_tile_768_1280/x0_y0,Steel2,87440491,87440491_tile_768_1280.png,0,0,0.151154,train,256,/content/drive/MyDrive/phase11-data/data/Steel2/images/87440491_tile_768_1280.png,/content/drive/MyDrive/phase11-persistent/gt_boundaries/Steel2/87440491_tile_768_1280.png,0,0,256,256,0,0
Steel2/87440491_tile_768_1536/x0_y0,Steel2,87440491,87440491_tile_768_1536.png,0,0,0.168579,train,256,/content/drive/MyDrive/phase11-data/data/Steel2/images/87440491_tile_768_1536.png,/content/drive/MyDrive/phase11-persistent/gt_boundaries/Steel2/87440491_tile_768_1536.png,0,0,256,256,0,0
Steel2/87440491_tile_768_1792/x0_y0,Steel2,87440491,87440491_tile_768_1792.png,0,0,0.238541,train,256,/content/drive/MyDrive/phase11-data/data/Steel2/images/87440491_tile_768_1792.png,/content/drive/MyDrive/phase11-persistent/gt_boundaries/Steel2/87440491_tile_768_1792.png,0,0,256,256,0,0
Steel2/87440491_tile_768_2048/x0_y0,Steel2,87440491,87440491_tile_768_2048.png,0,0,0.32045,train,256,/content/drive/MyDrive/phase11-data/data/Steel2/images/87440491_tile_768_2048.png,/content/drive/MyDrive/phase11-persistent/gt_boundaries/Steel2/87440491_tile_768_2048.png,0,0,256,256,0,0
Steel2/87440491_tile_768_256/x0_y0,Steel2,87440491,87440491_tile_768_256.png,0,0,0.182037,train,256,/content/drive/MyDrive/phase11-data/data/Steel2/images/87440491_tile_768_256.png,/content/drive/MyDrive/phase11-persistent/gt_boundaries/Steel2/87440491_tile_768_256.png,0,0,256,256,0,0
Steel2/87440491_tile_768_512/x0_y0,Steel2,87440491,87440491_tile_768_512.png,0,0,0.143173,train,256,/content/drive/MyDrive/phase11-data/data/Steel2/images/87440491_tile_768_512.png,/content/drive/MyDrive/phase11-persistent/gt_boundaries/Steel2/87440491_tile_768_512.png,0,0,256,256,0,0
Steel2/87440491_tile_768_768/x0_y0,Steel2,87440491,87440491_tile_768_768.png,0,0,0.126526,train,256,/content/drive/MyDrive/phase11-data/data/Steel2/images/87440491_tile_768_768.png,/content/drive/MyDrive/phase11-persistent/gt_boundaries/Steel2/87440491_tile_768_768.png,0,0,256,256,0,0
Steel2/87450661_tile_0_0/x0_y0,Steel2,87450661,87450661_tile_0_0.png,0,0,0.205231,train,256,/content/drive/MyDrive/phase11-data/data/Steel2/images/87450661_tile_0_0.png,/content/drive/MyDrive/phase11-persistent/gt_boundaries/Steel2/87450661_tile_0_0.png,0,0,256,256,0,0
Steel2/87450661_tile_0_1024/x0_y0,Steel2,87450661,87450661_tile_0_1024.png,0,0,0.215958,train,256,/content/drive/MyDrive/phase11-data/data/Steel2/images/87450661_tile_0_1024.png,/content/drive/MyDrive/phase11-persistent/gt_boundaries/Steel2/87450661_tile_0_1024.png,0,0,256,256,0,0
Steel2/87450661_tile_0_1280/x0_y0,Steel2,87450661,87450661_tile_0_1280.png,0,0,0.269699,train,256,/content/drive/MyDrive/phase11-data/data/Steel2/images/87450661_tile_0_1280.png,/content/drive/MyDrive/phase11-persistent/gt_boundaries/Steel2/87450661_tile_0_1280.png,0,0,256,256,0,0
Steel2/87450661_tile_0_1536/x0_y0,Steel2,87450661,87450661_tile_0_1536.png,0,0,0.215881,train,256,/content/drive/MyDrive/phase11-data/data/Steel2/images/87450661_tile_0_1536.png,/content/drive/MyDrive/phase11-persistent/gt_boundaries/Steel2/87450661_tile_0_1536.png,0,0,256,256,0,0
Steel2/87450661_tile_0_1792/x0_y0,Steel2,87450661,87450661_tile_0_1792.png,0,0,0.255356,train,256,/content/drive/MyDrive/phase11-data/data/Steel2/images/87450661_tile_0_1792.png,/content/drive/MyDrive/phase11-persistent/gt_boundaries/Steel2/87450661_tile_0_1792.png,0,0,256,256,0,0
Steel2/87450661_tile_0_2048/x0_y0,Steel2,87450661,87450661_tile_0_2048.png,0,0,0.287445,train,256,/content/drive/MyDrive/phase11-data/data/Steel2/images/87450661_tile_0_2048.png,/content/drive/MyDrive/phase11-persistent/gt_boundaries/Steel2/87450661_tile_0_2048.png,0,0,256,256,0,0
Steel2/87450661_tile_0_256/x0_y0,Steel2,87450661,87450661_tile_0_256.png,0,0,0.211731,train,256,/content/drive/MyDrive/phase11-data/data/Steel2/images/87450661_tile_0_256.png,/content/drive/MyDrive/phase11-persistent/gt_boundaries/Steel2/87450661_tile_0_256.png,0,0,256,256,0,0
Steel2/87450661_tile_0_512/x0_y0,Steel2,87450661,87450661_tile_0_512.png,0,0,0.228531,train,256,/content/drive/MyDrive/phase11-data/data/Steel2/images/87450661_tile_0_512.png,/content/drive/MyDrive/phase11-persistent/gt_boundaries/Steel2/87450661_tile_0_512.png,0,0,256,256,0,0
Steel2/87450661_tile_0_768/x0_y0,Steel2,87450661,87450661_tile_0_768.png,0,0,0.270737,train,256,/content/drive/MyDrive/phase11-data/data/Steel2/images/87450661_tile_0_768.png,/content/drive/MyDrive/phase11-persistent/gt_boundaries/Steel2/87450661_tile_0_768.png,0,0,256,256,0,0
Steel2/87450661_tile_1024_0/x0_y0,Steel2,87450661,87450661_tile_1024_0.png,0,0,0.311249,train,256,/content/drive/MyDrive/phase11-data/data/Steel2/images/87450661_tile_1024_0.png,/content/drive/MyDrive/phase11-persistent/gt_boundaries/Steel2/87450661_tile_1024_0.png,0,0,256,256,0,0
Steel2/87450661_tile_1024_1024/x0_y0,Steel2,87450661,87450661_tile_1024_1024.png,0,0,0.206161,train,256,/content/drive/MyDrive/phase11-data/data/Steel2/images/87450661_tile_1024_1024.png,/content/drive/MyDrive/phase11-persistent/gt_boundaries/Steel2/87450661_tile_1024_1024.png,0,0,256,256,0,0
Steel2/87450661_tile_1024_1280/x0_y0,Steel2,87450661,87450661_tile_1024_1280.png,0,0,0.213562,train,256,/content/drive/MyDrive/phase11-data/data/Steel2/images/87450661_tile_1024_1280.png,/content/drive/MyDrive/phase11-persistent/gt_boundaries/Steel2/87450661_tile_1024_1280.png,0,0,256,256,0,0
Steel2/87450661_tile_1024_1536/x0_y0,Steel2,87450661,87450661_tile_1024_1536.png,0,0,0.296509,train,256,/content/drive/MyDrive/phase11-data/data/Steel2/images/87450661_tile_1024_1536.png,/content/drive/MyDrive/phase11-persistent/gt_boundaries/Steel2/87450661_tile_1024_1536.png,0,0,256,256,0,0
Steel2/87450661_tile_1024_1792/x0_y0,Steel2,87450661,87450661_tile_1024_1792.png,0,0,0.280289,train,256,/content/drive/MyDrive/phase11-data/data/Steel2/images/87450661_tile_1024_1792.png,/content/drive/MyDrive/phase11-persistent/gt_boundaries/Steel2/87450661_tile_1024_1792.png,0,0,256,256,0,0
Steel2/87450661_tile_1024_2048/x0_y0,Steel2,87450661,87450661_tile_1024_2048.png,0,0,0.288727,train,256,/content/drive/MyDrive/phase11-data/data/Steel2/images/87450661_tile_1024_2048.png,/content/drive/MyDrive/phase11-persistent/gt_boundaries/Steel2/87450661_tile_1024_2048.png,0,0,256,256,0,0
Steel2/87450661_tile_1024_256/x0_y0,Steel2,87450661,87450661_tile_1024_256.png,0,0,0.220413,train,256,/content/drive/MyDrive/phase11-data/data/Steel2/images/87450661_tile_1024_256.png,/content/drive/MyDrive/phase11-persistent/gt_boundaries/Steel2/87450661_tile_1024_256.png,0,0,256,256,0,0
Steel2/87450661_tile_1024_512/x0_y0,Steel2,87450661,87450661_tile_1024_512.png,0,0,0.197144,train,256,/content/drive/MyDrive/phase11-data/data/Steel2/images/87450661_tile_1024_512.png,/content/drive/MyDrive/phase11-persistent/gt_boundaries/Steel2/87450661_tile_1024_512.png,0,0,256,256,0,0
Steel2/87450661_tile_1024_768/x0_y0,Steel2,87450661,87450661_tile_1024_768.png,0,0,0.185196,train,256,/content/drive/MyDrive/phase11-data/data/Steel2/images/87450661_tile_1024_768.png,/content/drive/MyDrive/phase11-persistent/gt_boundaries/Steel2/87450661_tile_1024_768.png,0,0,256,256,0,0
Steel2/87450661_tile_1280_0/x0_y0,Steel2,87450661,87450661_tile_1280_0.png,0,0,0.27565,train,256,/content/drive/MyDrive/phase11-data/data/Steel2/images/87450661_tile_1280_0.png,/content/drive/MyDrive/phase11-persistent/gt_boundaries/Steel2/87450661_tile_1280_0.png,0,0,256,256,0,0
Steel2/87450661_tile_1280_1024/x0_y0,Steel2,87450661,87450661_tile_1280_1024.png,0,0,0.158676,train,256,/content/drive/MyDrive/phase11-data/data/Steel2/images/87450661_tile_1280_1024.png,/content/drive/MyDrive/phase11-persistent/gt_boundaries/Steel2/87450661_tile_1280_1024.png,0,0,256,256,0,0
Steel2/87450661_tile_1280_1280/x0_y0,Steel2,87450661,87450661_tile_1280_1280.png,0,0,0.194885,train,256,/content/drive/MyDrive/phase11-data/data/Steel2/images/87450661_tile_1280_1280.png,/content/drive/MyDrive/phase11-persistent/gt_boundaries/Steel2/87450661_tile_1280_1280.png,0,0,256,256,0,0
Steel2/87450661_tile_1280_1536/x0_y0,Steel2,87450661,87450661_tile_1280_1536.png,0,0,0.223373,train,256,/content/drive/MyDrive/phase11-data/data/Steel2/images/87450661_tile_1280_1536.png,/content/drive/MyDrive/phase11-persistent/gt_boundaries/Steel2/87450661_tile_1280_1536.png,0,0,256,256,0,0
Steel2/87450661_tile_1280_1792/x0_y0,Steel2,87450661,87450661_tile_1280_1792.png,0,0,0.365433,train,256,/content/drive/MyDrive/phase11-data/data/Steel2/images/87450661_tile_1280_1792.png,/content/drive/MyDrive/phase11-persistent/gt_boundaries/Steel2/87450661_tile_1280_1792.png,0,0,256,256,0,0
Steel2/87450661_tile_1280_2048/x0_y0,Steel2,87450661,87450661_tile_1280_2048.png,0,0,0.299118,train,256,/content/drive/MyDrive/phase11-data/data/Steel2/images/87450661_tile_1280_2048.png,/content/drive/MyDrive/phase11-persistent/gt_boundaries/Steel2/87450661_tile_1280_2048.png,0,0,256,256,0,0
Steel2/87450661_tile_1280_256/x0_y0,Steel2,87450661,87450661_tile_1280_256.png,0,0,0.226318,train,256,/content/drive/MyDrive/phase11-data/data/Steel2/images/87450661_tile_1280_256.png,/content/drive/MyDrive/phase11-persistent/gt_boundaries/Steel2/87450661_tile_1280_256.png,0,0,256,256,0,0
Steel2/87450661_tile_1280_512/x0_y0,Steel2,87450661,87450661_tile_1280_512.png,0,0,0.246826,train,256,/content/drive/MyDrive/phase11-data/data/Steel2/images/87450661_tile_1280_512.png,/content/drive/MyDrive/phase11-persistent/gt_boundaries/Steel2/87450661_tile_1280_512.png,0,0,256,256,0,0
Steel2/87450661_tile_1280_768/x0_y0,Steel2,87450661,87450661_tile_1280_768.png,0,0,0.194138,train,256,/content/drive/MyDrive/phase11-data/data/Steel2/images/87450661_tile_1280_768.png,/content/drive/MyDrive/phase11-persistent/gt_boundaries/Steel2/87450661_tile_1280_768.png,0,0,256,256,0,0
Steel2/87450661_tile_1536_0/x0_y0,Steel2,87450661,87450661_tile_1536_0.png,0,0,0.294159,train,256,/content/drive/MyDrive/phase11-data/data/Steel2/images/87450661_tile_1536_0.png,/content/drive/MyDrive/phase11-persistent/gt_boundaries/Steel2/87450661_tile_1536_0.png,0,0,256,256,0,0
Steel2/87450661_tile_1536_1024/x0_y0,Steel2,87450661,87450661_tile_1536_1024.png,0,0,0.102921,train,256,/content/drive/MyDrive/phase11-data/data/Steel2/images/87450661_tile_1536_1024.png,/content/drive/MyDrive/phase11-persistent/gt_boundaries/Steel2/87450661_tile_1536_1024.png,0,0,256,256,0,0
Steel2/87450661_tile_1536_1280/x0_y0,Steel2,87450661,87450661_tile_1536_1280.png,0,0,0.1306,train,256,/content/drive/MyDrive/phase11-data/data/Steel2/images/87450661_tile_1536_1280.png,/content/drive/MyDrive/phase11-persistent/gt_boundaries/Steel2/87450661_tile_1536_1280.png,0,0,256,256,0,0
Steel2/87450661_tile_1536_1536/x0_y0,Steel2,87450661,87450661_tile_1536_1536.png,0,0,0.214432,train,256,/content/drive/MyDrive/phase11-data/data/Steel2/images/87450661_tile_1536_1536.png,/content/drive/MyDrive/phase11-persistent/gt_boundaries/Steel2/87450661_tile_1536_1536.png,0,0,256,256,0,0
Steel2/87450661_tile_1536_1792/x0_y0,Steel2,87450661,87450661_tile_1536_1792.png,0,0,0.30188,train,256,/content/drive/MyDrive/phase11-data/data/Steel2/images/87450661_tile_1536_1792.png,/content/drive/MyDrive/phase11-persistent/gt_boundaries/Steel2/87450661_tile_1536_1792.png,0,0,256,256,0,0
Steel2/87450661_tile_1536_2048/x0_y0,Steel2,87450661,87450661_tile_1536_2048.png,0,0,0.308243,train,256,/content/drive/MyDrive/phase11-data/data/Steel2/images/87450661_tile_1536_2048.png,/content/drive/MyDrive/phase11-persistent/gt_boundaries/Steel2/87450661_tile_1536_2048.png,0,0,256,256,0,0
Steel2/87450661_tile_1536_256/x0_y0,Steel2,87450661,87450661_tile_1536_256.png,0,0,0.275406,train,256,/content/drive/MyDrive/phase11-data/data/Steel2/images/87450661_tile_1536_256.png,/content/drive/MyDrive/phase11-persistent/gt_boundaries/Steel2/87450661_tile_1536_256.png,0,0,256,256,0,0
Steel2/87450661_tile_1536_512/x0_y0,Steel2,87450661,87450661_tile_1536_512.png,0,0,0.156677,train,256,/content/drive/MyDrive/phase11-data/data/Steel2/images/87450661_tile_1536_512.png,/content/drive/MyDrive/phase11-persistent/gt_boundaries/Steel2/87450661_tile_1536_512.png,0,0,256,256,0,0
Steel2/87450661_tile_1536_768/x0_y0,Steel2,87450661,87450661_tile_1536_768.png,0,0,0.202087,train,256,/content/drive/MyDrive/phase11-data/data/Steel2/images/87450661_tile_1536_768.png,/content/drive/MyDrive/phase11-persistent/gt_boundaries/Steel2/87450661_tile_1536_768.png,0,0,256,256,0,0
Steel2/87450661_tile_1792_0/x0_y0,Steel2,87450661,87450661_tile_1792_0.png,0,0,0.313004,train,256,/content/drive/MyDrive/phase11-data/data/Steel2/images/87450661_tile_1792_0.png,/content/drive/MyDrive/phase11-persistent/gt_boundaries/Steel2/87450661_tile_1792_0.png,0,0,256,256,0,0
Steel2/87450661_tile_1792_1024/x0_y0,Steel2,87450661,87450661_tile_1792_1024.png,0,0,0.142456,train,256,/content/drive/MyDrive/phase11-data/data/Steel2/images/87450661_tile_1792_1024.png,/content/drive/MyDrive/phase11-persistent/gt_boundaries/Steel2/87450661_tile_1792_1024.png,0,0,256,256,0,0
Steel2/87450661_tile_1792_1280/x0_y0,Steel2,87450661,87450661_tile_1792_1280.png,0,0,0.150497,train,256,/content/drive/MyDrive/phase11-data/data/Steel2/images/87450661_tile_1792_1280.png,/content/drive/MyDrive/phase11-persistent/gt_boundaries/Steel2/87450661_tile_1792_1280.png,0,0,256,256,0,0
Steel2/87450661_tile_1792_1536/x0_y0,Steel2,87450661,87450661_tile_1792_1536.png,0,0,0.214706,train,256,/content/drive/MyDrive/phase11-data/data/Steel2/images/87450661_tile_1792_1536.png,/content/drive/MyDrive/phase11-persistent/gt_boundaries/Steel2/87450661_tile_1792_1536.png,0,0,256,256,0,0
Steel2/87450661_tile_1792_1792/x0_y0,Steel2,87450661,87450661_tile_1792_1792.png,0,0,0.305725,train,256,/content/drive/MyDrive/phase11-data/data/Steel2/images/87450661_tile_1792_1792.png,/content/drive/MyDrive/phase11-persistent/gt_boundaries/Steel2/87450661_tile_1792_1792.png,0,0,256,256,0,0
Steel2/87450661_tile_1792_2048/x0_y0,Steel2,87450661,87450661_tile_1792_2048.png,0,0,0.363297,train,256,/content/drive/MyDrive/phase11-data/data/Steel2/images/87450661_tile_1792_2048.png,/content/drive/MyDrive/phase11-persistent/gt_boundaries/Steel2/87450661_tile_1792_2048.png,0,0,256,256,0,0
Steel2/87450661_tile_1792_256/x0_y0,Steel2,87450661,87450661_tile_1792_256.png,0,0,0.314209,train,256,/content/drive/MyDrive/phase11-data/data/Steel2/images/87450661_tile_1792_256.png,/content/drive/MyDrive/phase11-persistent/gt_boundaries/Steel2/87450661_tile_1792_256.png,0,0,256,256,0,0
Steel2/87450661_tile_1792_512/x0_y0,Steel2,87450661,87450661_tile_1792_512.png,0,0,0.291092,train,256,/content/drive/MyDrive/phase11-data/data/Steel2/images/87450661_tile_1792_512.png,/content/drive/MyDrive/phase11-persistent/gt_boundaries/Steel2/87450661_tile_1792_512.png,0,0,256,256,0,0
Steel2/87450661_tile_1792_768/x0_y0,Steel2,87450661,87450661_tile_1792_768.png,0,0,0.228546,train,256,/content/drive/MyDrive/phase11-data/data/Steel2/images/87450661_tile_1792_768.png,/content/drive/MyDrive/phase11-persistent/gt_boundaries/Steel2/87450661_tile_1792_768.png,0,0,256,256,0,0
Steel2/87450661_tile_2048_0/x0_y0,Steel2,87450661,87450661_tile_2048_0.png,0,0,0.287552,train,256,/content/drive/MyDrive/phase11-data/data/Steel2/images/87450661_tile_2048_0.png,/content/drive/MyDrive/phase11-persistent/gt_boundaries/Steel2/87450661_tile_2048_0.png,0,0,256,256,0,0
Steel2/87450661_tile_2048_1024/x0_y0,Steel2,87450661,87450661_tile_2048_1024.png,0,0,0.243225,train,256,/content/drive/MyDrive/phase11-data/data/Steel2/images/87450661_tile_2048_1024.png,/content/drive/MyDrive/phase11-persistent/gt_boundaries/Steel2/87450661_tile_2048_1024.png,0,0,256,256,0,0
Steel2/87450661_tile_2048_1280/x0_y0,Steel2,87450661,87450661_tile_2048_1280.png,0,0,0.230972,train,256,/content/drive/MyDrive/phase11-data/data/Steel2/images/87450661_tile_2048_1280.png,/content/drive/MyDrive/phase11-persistent/gt_boundaries/Steel2/87450661_tile_2048_1280.png,0,0,256,256,0,0
Steel2/87450661_tile_2048_1536/x0_y0,Steel2,87450661,87450661_tile_2048_1536.png,0,0,0.290146,train,256,/content/drive/MyDrive/phase11-data/data/Steel2/images/87450661_tile_2048_1536.png,/content/drive/MyDrive/phase11-persistent/gt_boundaries/Steel2/87450661_tile_2048_1536.png,0,0,256,256,0,0
Steel2/87450661_tile_2048_1792/x0_y0,Steel2,87450661,87450661_tile_2048_1792.png,0,0,0.296692,train,256,/content/drive/MyDrive/phase11-data/data/Steel2/images/87450661_tile_2048_1792.png,/content/drive/MyDrive/phase11-persistent/gt_boundaries/Steel2/87450661_tile_2048_1792.png,0,0,256,256,0,0
Steel2/87450661_tile_2048_2048/x0_y0,Steel2,87450661,87450661_tile_2048_2048.png,0,0,0.406738,train,256,/content/drive/MyDrive/phase11-data/data/Steel2/images/87450661_tile_2048_2048.png,/content/drive/MyDrive/phase11-persistent/gt_boundaries/Steel2/87450661_tile_2048_2048.png,0,0,256,256,0,0
Steel2/87450661_tile_2048_256/x0_y0,Steel2,87450661,87450661_tile_2048_256.png,0,0,0.360718,train,256,/content/drive/MyDrive/phase11-data/data/Steel2/images/87450661_tile_2048_256.png,/content/drive/MyDrive/phase11-persistent/gt_boundaries/Steel2/87450661_tile_2048_256.png,0,0,256,256,0,0
Steel2/87450661_tile_2048_512/x0_y0,Steel2,87450661,87450661_tile_2048_512.png,0,0,0.303802,train,256,/content/drive/MyDrive/phase11-data/data/Steel2/images/87450661_tile_2048_512.png,/content/drive/MyDrive/phase11-persistent/gt_boundaries/Steel2/87450661_tile_2048_512.png,0,0,256,256,0,0
Steel2/87450661_tile_2048_768/x0_y0,Steel2,87450661,87450661_tile_2048_768.png,0,0,0.254028,train,256,/content/drive/MyDrive/phase11-data/data/Steel2/images/87450661_tile_2048_768.png,/content/drive/MyDrive/phase11-persistent/gt_boundaries/Steel2/87450661_tile_2048_768.png,0,0,256,256,0,0
Steel2/87450661_tile_2304_0/x0_y0,Steel2,87450661,87450661_tile_2304_0.png,0,0,0.34462,train,256,/content/drive/MyDrive/phase11-data/data/Steel2/images/87450661_tile_2304_0.png,/content/drive/MyDrive/phase11-persistent/gt_boundaries/Steel2/87450661_tile_2304_0.png,0,0,256,256,0,0
Steel2/87450661_tile_2304_1024/x0_y0,Steel2,87450661,87450661_tile_2304_1024.png,0,0,0.297195,train,256,/content/drive/MyDrive/phase11-data/data/Steel2/images/87450661_tile_2304_1024.png,/content/drive/MyDrive/phase11-persistent/gt_boundaries/Steel2/87450661_tile_2304_1024.png,0,0,256,256,0,0
Steel2/87450661_tile_2304_1280/x0_y0,Steel2,87450661,87450661_tile_2304_1280.png,0,0,0.33519,train,256,/content/drive/MyDrive/phase11-data/data/Steel2/images/87450661_tile_2304_1280.png,/content/drive/MyDrive/phase11-persistent/gt_boundaries/Steel2/87450661_tile_2304_1280.png,0,0,256,256,0,0
Steel2/87450661_tile_2304_1536/x0_y0,Steel2,87450661,87450661_tile_2304_1536.png,0,0,0.34491,train,256,/content/drive/MyDrive/phase11-data/data/Steel2/images/87450661_tile_2304_1536.png,/content/drive/MyDrive/phase11-persistent/gt_boundaries/Steel2/87450661_tile_2304_1536.png,0,0,256,256,0,0
Steel2/87450661_tile_2304_1792/x0_y0,Steel2,87450661,87450661_tile_2304_1792.png,0,0,0.331818,train,256,/content/drive/MyDrive/phase11-data/data/Steel2/images/87450661_tile_2304_1792.png,/content/drive/MyDrive/phase11-persistent/gt_boundaries/Steel2/87450661_tile_2304_1792.png,0,0,256,256,0,0
Steel2/87450661_tile_2304_2048/x0_y0,Steel2,87450661,87450661_tile_2304_2048.png,0,0,0.369583,train,256,/content/drive/MyDrive/phase11-data/data/Steel2/images/87450661_tile_2304_2048.png,/content/drive/MyDrive/phase11-persistent/gt_boundaries/Steel2/87450661_tile_2304_2048.png,0,0,256,256,0,0
Steel2/87450661_tile_2304_256/x0_y0,Steel2,87450661,87450661_tile_2304_256.png,0,0,0.360474,train,256,/content/drive/MyDrive/phase11-data/data/Steel2/images/87450661_tile_2304_256.png,/content/drive/MyDrive/phase11-persistent/gt_boundaries/Steel2/87450661_tile_2304_256.png,0,0,256,256,0,0
Steel2/87450661_tile_2304_512/x0_y0,Steel2,87450661,87450661_tile_2304_512.png,0,0,0.351654,train,256,/content/drive/MyDrive/phase11-data/data/Steel2/images/87450661_tile_2304_512.png,/content/drive/MyDrive/phase11-persistent/gt_boundaries/Steel2/87450661_tile_2304_512.png,0,0,256,256,0,0
Steel2/87450661_tile_2304_768/x0_y0,Steel2,87450661,87450661_tile_2304_768.png,0,0,0.335648,train,256,/content/drive/MyDrive/phase11-data/data/Steel2/images/87450661_tile_2304_768.png,/content/drive/MyDrive/phase11-persistent/gt_boundaries/Steel2/87450661_tile_2304_768.png,0,0,256,256,0,0
Steel2/87450661_tile_2560_0/x0_y0,Steel2,87450661,87450661_tile_2560_0.png,0,0,0.343658,train,256,/content/drive/MyDrive/phase11-data/data/Steel2/images/87450661_tile_2560_0.png,/content/drive/MyDrive/phase11-persistent/gt_boundaries/Steel2/87450661_tile_2560_0.png,0,0,256,256,0,0
Steel2/87450661_tile_2560_1024/x0_y0,Steel2,87450661,87450661_tile_2560_1024.png,0,0,0.365753,train,256,/content/drive/MyDrive/phase11-data/data/Steel2/images/87450661_tile_2560_1024.png,/content/drive/MyDrive/phase11-persistent/gt_boundaries/Steel2/87450661_tile_2560_1024.png,0,0,256,256,0,0
Steel2/87450661_tile_2560_1280/x0_y0,Steel2,87450661,87450661_tile_2560_1280.png,0,0,0.395828,train,256,/content/drive/MyDrive/phase11-data/data/Steel2/images/87450661_tile_2560_1280.png,/content/drive/MyDrive/phase11-persistent/gt_boundaries/Steel2/87450661_tile_2560_1280.png,0,0,256,256,0,0
Steel2/87450661_tile_2560_1536/x0_y0,Steel2,87450661,87450661_tile_2560_1536.png,0,0,0.395432,train,256,/content/drive/MyDrive/phase11-data/data/Steel2/images/87450661_tile_2560_1536.png,/content/drive/MyDrive/phase11-persistent/gt_boundaries/Steel2/87450661_tile_2560_1536.png,0,0,256,256,0,0
Steel2/87450661_tile_2560_1792/x0_y0,Steel2,87450661,87450661_tile_2560_1792.png,0,0,0.391891,train,256,/content/drive/MyDrive/phase11-data/data/Steel2/images/87450661_tile_2560_1792.png,/content/drive/MyDrive/phase11-persistent/gt_boundaries/Steel2/87450661_tile_2560_1792.png,0,0,256,256,0,0
Steel2/87450661_tile_2560_2048/x0_y0,Steel2,87450661,87450661_tile_2560_2048.png,0,0,0.381561,train,256,/content/drive/MyDrive/phase11-data/data/Steel2/images/87450661_tile_2560_2048.png,/content/drive/MyDrive/phase11-persistent/gt_boundaries/Steel2/87450661_tile_2560_2048.png,0,0,256,256,0,0
Steel2/87450661_tile_2560_256/x0_y0,Steel2,87450661,87450661_tile_2560_256.png,0,0,0.365234,train,256,/content/drive/MyDrive/phase11-data/data/Steel2/images/87450661_tile_2560_256.png,/content/drive/MyDrive/phase11-persistent/gt_boundaries/Steel2/87450661_tile_2560_256.png,0,0,256,256,0,0
Steel2/87450661_tile_2560_512/x0_y0,Steel2,87450661,87450661_tile_2560_512.png,0,0,0.407898,train,256,/content/drive/MyDrive/phase11-data/data/Steel2/images/87450661_tile_2560_512.png,/content/drive/MyDrive/phase11-persistent/gt_boundaries/Steel2/87450661_tile_2560_512.png,0,0,256,256,0,0
Steel2/87450661_tile_2560_768/x0_y0,Steel2,87450661,87450661_tile_2560_768.png,0,0,0.381622,train,256,/content/drive/MyDrive/phase11-data/data/Steel2/images/87450661_tile_2560_768.png,/content/drive/MyDrive/phase11-persistent/gt_boundaries/Steel2/87450661_tile_2560_768.png,0,0,256,256,0,0
Steel2/87450661_tile_256_0/x0_y0,Steel2,87450661,87450661_tile_256_0.png,0,0,0.233353,train,256,/content/drive/MyDrive/phase11-data/data/Steel2/images/87450661_tile_256_0.png,/content/drive/MyDrive/phase11-persistent/gt_boundaries/Steel2/87450661_tile_256_0.png,0,0,256,256,0,0
Steel2/87450661_tile_256_1024/x0_y0,Steel2,87450661,87450661_tile_256_1024.png,0,0,0.243622,train,256,/content/drive/MyDrive/phase11-data/data/Steel2/images/87450661_tile_256_1024.png,/content/drive/MyDrive/phase11-persistent/gt_boundaries/Steel2/87450661_tile_256_1024.png,0,0,256,256,0,0
Steel2/87450661_tile_256_1280/x0_y0,Steel2,87450661,87450661_tile_256_1280.png,0,0,0.242874,train,256,/content/drive/MyDrive/phase11-data/data/Steel2/images/87450661_tile_256_1280.png,/content/drive/MyDrive/phase11-persistent/gt_boundaries/Steel2/87450661_tile_256_1280.png,0,0,256,256,0,0
Steel2/87450661_tile_256_1536/x0_y0,Steel2,87450661,87450661_tile_256_1536.png,0,0,0.219818,train,256,/content/drive/MyDrive/phase11-data/data/Steel2/images/87450661_tile_256_1536.png,/content/drive/MyDrive/phase11-persistent/gt_boundaries/Steel2/87450661_tile_256_1536.png,0,0,256,256,0,0
Steel2/87450661_tile_256_1792/x0_y0,Steel2,87450661,87450661_tile_256_1792.png,0,0,0.263367,train,256,/content/drive/MyDrive/phase11-data/data/Steel2/images/87450661_tile_256_1792.png,/content/drive/MyDrive/phase11-persistent/gt_boundaries/Steel2/87450661_tile_256_1792.png,0,0,256,256,0,0
Steel2/87450661_tile_256_2048/x0_y0,Steel2,87450661,87450661_tile_256_2048.png,0,0,0.291397,train,256,/content/drive/MyDrive/phase11-data/data/Steel2/images/87450661_tile_256_2048.png,/content/drive/MyDrive/phase11-persistent/gt_boundaries/Steel2/87450661_tile_256_2048.png,0,0,256,256,0,0
Steel2/87450661_tile_256_256/x0_y0,Steel2,87450661,87450661_tile_256_256.png,0,0,0.219589,train,256,/content/drive/MyDrive/phase11-data/data/Steel2/images/87450661_tile_256_256.png,/content/drive/MyDrive/phase11-persistent/gt_boundaries/Steel2/87450661_tile_256_256.png,0,0,256,256,0,0
Steel2/87450661_tile_256_512/x0_y0,Steel2,87450661,87450661_tile_256_512.png,0,0,0.224777,train,256,/content/drive/MyDrive/phase11-data/data/Steel2/images/87450661_tile_256_512.png,/content/drive/MyDrive/phase11-persistent/gt_boundaries/Steel2/87450661_tile_256_512.png,0,0,256,256,0,0
Steel2/87450661_tile_256_768/x0_y0,Steel2,87450661,87450661_tile_256_768.png,0,0,0.253113,train,256,/content/drive/MyDrive/phase11-data/data/Steel2/images/87450661_tile_256_768.png,/content/drive/MyDrive/phase11-persistent/gt_boundaries/Steel2/87450661_tile_256_768.png,0,0,256,256,0,0
Steel2/87450661_tile_2816_0/x0_y0,Steel2,87450661,87450661_tile_2816_0.png,0,0,0.342499,train,256,/content/drive/MyDrive/phase11-data/data/Steel2/images/87450661_tile_2816_0.png,/content/drive/MyDrive/phase11-persistent/gt_boundaries/Steel2/87450661_tile_2816_0.png,0,0,256,256,0,0
Steel2/87450661_tile_2816_1024/x0_y0,Steel2,87450661,87450661_tile_2816_1024.png,0,0,0.403015,train,256,/content/drive/MyDrive/phase11-data/data/Steel2/images/87450661_tile_2816_1024.png,/content/drive/MyDrive/phase11-persistent/gt_boundaries/Steel2/87450661_tile_2816_1024.png,0,0,256,256,0,0
Steel2/87450661_tile_2816_1280/x0_y0,Steel2,87450661,87450661_tile_2816_1280.png,0,0,0.363098,train,256,/content/drive/MyDrive/phase11-data/data/Steel2/images/87450661_tile_2816_1280.png,/content/drive/MyDrive/phase11-persistent/gt_boundaries/Steel2/87450661_tile_2816_1280.png,0,0,256,256,0,0
Steel2/87450661_tile_2816_1536/x0_y0,Steel2,87450661,87450661_tile_2816_1536.png,0,0,0.402115,train,256,/content/drive/MyDrive/phase11-data/data/Steel2/images/87450661_tile_2816_1536.png,/content/drive/MyDrive/phase11-persistent/gt_boundaries/Steel2/87450661_tile_2816_1536.png,0,0,256,256,0,0
Steel2/87450661_tile_2816_1792/x0_y0,Steel2,87450661,87450661_tile_2816_1792.png,0,0,0.38504,train,256,/content/drive/MyDrive/phase11-data/data/Steel2/images/87450661_tile_2816_1792.png,/content/drive/MyDrive/phase11-persistent/gt_boundaries/Steel2/87450661_tile_2816_1792.png,0,0,256,256,0,0
Steel2/87450661_tile_2816_2048/x0_y0,Steel2,87450661,87450661_tile_2816_2048.png,0,0,0.376785,train,256,/content/drive/MyDrive/phase11-data/data/Steel2/images/87450661_tile_2816_2048.png,/content/drive/MyDrive/phase11-persistent/gt_boundaries/Steel2/87450661_tile_2816_2048.png,0,0,256,256,0,0
Steel2/87450661_tile_2816_256/x0_y0,Steel2,87450661,87450661_tile_2816_256.png,0,0,0.359756,train,256,/content/drive/MyDrive/phase11-data/data/Steel2/images/87450661_tile_2816_256.png,/content/drive/MyDrive/phase11-persistent/gt_boundaries/Steel2/87450661_tile_2816_256.png,0,0,256,256,0,0
Steel2/87450661_tile_2816_512/x0_y0,Steel2,87450661,87450661_tile_2816_512.png,0,0,0.336624,train,256,/content/drive/MyDrive/phase11-data/data/Steel2/images/87450661_tile_2816_512.png,/content/drive/MyDrive/phase11-persistent/gt_boundaries/Steel2/87450661_tile_2816_512.png,0,0,256,256,0,0
Steel2/87450661_tile_2816_768/x0_y0,Steel2,87450661,87450661_tile_2816_768.png,0,0,0.420181,train,256,/content/drive/MyDrive/phase11-data/data/Steel2/images/87450661_tile_2816_768.png,/content/drive/MyDrive/phase11-persistent/gt_boundaries/Steel2/87450661_tile_2816_768.png,0,0,256,256,0,0
Steel2/87450661_tile_3072_0/x0_y0,Steel2,87450661,87450661_tile_3072_0.png,0,0,0.301514,train,256,/content/drive/MyDrive/phase11-data/data/Steel2/images/87450661_tile_3072_0.png,/content/drive/MyDrive/phase11-persistent/gt_boundaries/Steel2/87450661_tile_3072_0.png,0,0,256,256,0,0
Steel2/87450661_tile_3072_1024/x0_y0,Steel2,87450661,87450661_tile_3072_1024.png,0,0,0.356323,train,256,/content/drive/MyDrive/phase11-data/data/Steel2/images/87450661_tile_3072_1024.png,/content/drive/MyDrive/phase11-persistent/gt_boundaries/Steel2/87450661_tile_3072_1024.png,0,0,256,256,0,0
Steel2/87450661_tile_3072_1280/x0_y0,Steel2,87450661,87450661_tile_3072_1280.png,0,0,0.413956,train,256,/content/drive/MyDrive/phase11-data/data/Steel2/images/87450661_tile_3072_1280.png,/content/drive/MyDrive/phase11-persistent/gt_boundaries/Steel2/87450661_tile_3072_1280.png,0,0,256,256,0,0
Steel2/87450661_tile_3072_1536/x0_y0,Steel2,87450661,87450661_tile_3072_1536.png,0,0,0.361008,train,256,/content/drive/MyDrive/phase11-data/data/Steel2/images/87450661_tile_3072_1536.png,/content/drive/MyDrive/phase11-persistent/gt_boundaries/Steel2/87450661_tile_3072_1536.png,0,0,256,256,0,0
Steel2/87450661_tile_3072_1792/x0_y0,Steel2,87450661,87450661_tile_3072_1792.png,0,0,0.351395,train,256,/content/drive/MyDrive/phase11-data/data/Steel2/images/87450661_tile_3072_1792.png,/content/drive/MyDrive/phase11-persistent/gt_boundaries/Steel2/87450661_tile_3072_1792.png,0,0,256,256,0,0
Steel2/87450661_tile_3072_2048/x0_y0,Steel2,87450661,87450661_tile_3072_2048.png,0,0,0.354462,train,256,/content/drive/MyDrive/phase11-data/data/Steel2/images/87450661_tile_3072_2048.png,/content/drive/MyDrive/phase11-persistent/gt_boundaries/Steel2/87450661_tile_3072_2048.png,0,0,256,256,0,0
Steel2/87450661_tile_3072_256/x0_y0,Steel2,87450661,87450661_tile_3072_256.png,0,0,0.339264,train,256,/content/drive/MyDrive/phase11-data/data/Steel2/images/87450661_tile_3072_256.png,/content/drive/MyDrive/phase11-persistent/gt_boundaries/Steel2/87450661_tile_3072_256.png,0,0,256,256,0,0
Steel2/87450661_tile_3072_512/x0_y0,Steel2,87450661,87450661_tile_3072_512.png,0,0,0.364212,train,256,/content/drive/MyDrive/phase11-data/data/Steel2/images/87450661_tile_3072_512.png,/content/drive/MyDrive/phase11-persistent/gt_boundaries/Steel2/87450661_tile_3072_512.png,0,0,256,256,0,0
Steel2/87450661_tile_3072_768/x0_y0,Steel2,87450661,87450661_tile_3072_768.png,0,0,0.393921,train,256,/content/drive/MyDrive/phase11-data/data/Steel2/images/87450661_tile_3072_768.png,/content/drive/MyDrive/phase11-persistent/gt_boundaries/Steel2/87450661_tile_3072_768.png,0,0,256,256,0,0
Steel2/87450661_tile_3328_0/x0_y0,Steel2,87450661,87450661_tile_3328_0.png,0,0,0.180771,train,256,/content/drive/MyDrive/phase11-data/data/Steel2/images/87450661_tile_3328_0.png,/content/drive/MyDrive/phase11-persistent/gt_boundaries/Steel2/87450661_tile_3328_0.png,0,0,256,256,0,0
Steel2/87450661_tile_3328_1024/x0_y0,Steel2,87450661,87450661_tile_3328_1024.png,0,0,0.19519,train,256,/content/drive/MyDrive/phase11-data/data/Steel2/images/87450661_tile_3328_1024.png,/content/drive/MyDrive/phase11-persistent/gt_boundaries/Steel2/87450661_tile_3328_1024.png,0,0,256,256,0,0
Steel2/87450661_tile_3328_1280/x0_y0,Steel2,87450661,87450661_tile_3328_1280.png,0,0,0.193878,train,256,/content/drive/MyDrive/phase11-data/data/Steel2/images/87450661_tile_3328_1280.png,/content/drive/MyDrive/phase11-persistent/gt_boundaries/Steel2/87450661_tile_3328_1280.png,0,0,256,256,0,0
Steel2/87450661_tile_3328_1536/x0_y0,Steel2,87450661,87450661_tile_3328_1536.png,0,0,0.18428,train,256,/content/drive/MyDrive/phase11-data/data/Steel2/images/87450661_tile_3328_1536.png,/content/drive/MyDrive/phase11-persistent/gt_boundaries/Steel2/87450661_tile_3328_1536.png,0,0,256,256,0,0
Steel2/87450661_tile_3328_1792/x0_y0,Steel2,87450661,87450661_tile_3328_1792.png,0,0,0.165237,train,256,/content/drive/MyDrive/phase11-data/data/Steel2/images/87450661_tile_3328_1792.png,/content/drive/MyDrive/phase11-persistent/gt_boundaries/Steel2/87450661_tile_3328_1792.png,0,0,256,256,0,0
Steel2/87450661_tile_3328_2048/x0_y0,Steel2,87450661,87450661_tile_3328_2048.png,0,0,0.179932,train,256,/content/drive/MyDrive/phase11-data/data/Steel2/images/87450661_tile_3328_2048.png,/content/drive/MyDrive/phase11-persistent/gt_boundaries/Steel2/87450661_tile_3328_2048.png,0,0,256,256,0,0
Steel2/87450661_tile_3328_256/x0_y0,Steel2,87450661,87450661_tile_3328_256.png,0,0,0.185974,train,256,/content/drive/MyDrive/phase11-data/data/Steel2/images/87450661_tile_3328_256.png,/content/drive/MyDrive/phase11-persistent/gt_boundaries/Steel2/87450661_tile_3328_256.png,0,0,256,256,0,0
Steel2/87450661_tile_3328_512/x0_y0,Steel2,87450661,87450661_tile_3328_512.png,0,0,0.199692,train,256,/content/drive/MyDrive/phase11-data/data/Steel2/images/87450661_tile_3328_512.png,/content/drive/MyDrive/phase11-persistent/gt_boundaries/Steel2/87450661_tile_3328_512.png,0,0,256,256,0,0
Steel2/87450661_tile_3328_768/x0_y0,Steel2,87450661,87450661_tile_3328_768.png,0,0,0.189468,train,256,/content/drive/MyDrive/phase11-data/data/Steel2/images/87450661_tile_3328_768.png,/content/drive/MyDrive/phase11-persistent/gt_boundaries/Steel2/87450661_tile_3328_768.png,0,0,256,256,0,0
Steel2/87450661_tile_512_0/x0_y0,Steel2,87450661,87450661_tile_512_0.png,0,0,0.285141,train,256,/content/drive/MyDrive/phase11-data/data/Steel2/images/87450661_tile_512_0.png,/content/drive/MyDrive/phase11-persistent/gt_boundaries/Steel2/87450661_tile_512_0.png,0,0,256,256,0,0
Steel2/87450661_tile_512_1024/x0_y0,Steel2,87450661,87450661_tile_512_1024.png,0,0,0.287964,train,256,/content/drive/MyDrive/phase11-data/data/Steel2/images/87450661_tile_512_1024.png,/content/drive/MyDrive/phase11-persistent/gt_boundaries/Steel2/87450661_tile_512_1024.png,0,0,256,256,0,0
Steel2/87450661_tile_512_1280/x0_y0,Steel2,87450661,87450661_tile_512_1280.png,0,0,0.246399,train,256,/content/drive/MyDrive/phase11-data/data/Steel2/images/87450661_tile_512_1280.png,/content/drive/MyDrive/phase11-persistent/gt_boundaries/Steel2/87450661_tile_512_1280.png,0,0,256,256,0,0
Steel2/87450661_tile_512_1536/x0_y0,Steel2,87450661,87450661_tile_512_1536.png,0,0,0.268204,train,256,/content/drive/MyDrive/phase11-data/data/Steel2/images/87450661_tile_512_1536.png,/content/drive/MyDrive/phase11-persistent/gt_boundaries/Steel2/87450661_tile_512_1536.png,0,0,256,256,0,0
Steel2/87450661_tile_512_1792/x0_y0,Steel2,87450661,87450661_tile_512_1792.png,0,0,0.258316,train,256,/content/drive/MyDrive/phase11-data/data/Steel2/images/87450661_tile_512_1792.png,/content/drive/MyDrive/phase11-persistent/gt_boundaries/Steel2/87450661_tile_512_1792.png,0,0,256,256,0,0
Steel2/87450661_tile_512_2048/x0_y0,Steel2,87450661,87450661_tile_512_2048.png,0,0,0.307541,train,256,/content/drive/MyDrive/phase11-data/data/Steel2/images/87450661_tile_512_2048.png,/content/drive/MyDrive/phase11-persistent/gt_boundaries/Steel2/87450661_tile_512_2048.png,0,0,256,256,0,0
Steel2/87450661_tile_512_256/x0_y0,Steel2,87450661,87450661_tile_512_256.png,0,0,0.278015,train,256,/content/drive/MyDrive/phase11-data/data/Steel2/images/87450661_tile_512_256.png,/content/drive/MyDrive/phase11-persistent/gt_boundaries/Steel2/87450661_tile_512_256.png,0,0,256,256,0,0
Steel2/87450661_tile_512_512/x0_y0,Steel2,87450661,87450661_tile_512_512.png,0,0,0.238953,train,256,/content/drive/MyDrive/phase11-data/data/Steel2/images/87450661_tile_512_512.png,/content/drive/MyDrive/phase11-persistent/gt_boundaries/Steel2/87450661_tile_512_512.png,0,0,256,256,0,0
Steel2/87450661_tile_512_768/x0_y0,Steel2,87450661,87450661_tile_512_768.png,0,0,0.269272,train,256,/content/drive/MyDrive/phase11-data/data/Steel2/images/87450661_tile_512_768.png,/content/drive/MyDrive/phase11-persistent/gt_boundaries/Steel2/87450661_tile_512_768.png,0,0,256,256,0,0
Steel2/87450661_tile_768_0/x0_y0,Steel2,87450661,87450661_tile_768_0.png,0,0,0.280548,train,256,/content/drive/MyDrive/phase11-data/data/Steel2/images/87450661_tile_768_0.png,/content/drive/MyDrive/phase11-persistent/gt_boundaries/Steel2/87450661_tile_768_0.png,0,0,256,256,0,0
Steel2/87450661_tile_768_1024/x0_y0,Steel2,87450661,87450661_tile_768_1024.png,0,0,0.27565,train,256,/content/drive/MyDrive/phase11-data/data/Steel2/images/87450661_tile_768_1024.png,/content/drive/MyDrive/phase11-persistent/gt_boundaries/Steel2/87450661_tile_768_1024.png,0,0,256,256,0,0
Steel2/87450661_tile_768_1280/x0_y0,Steel2,87450661,87450661_tile_768_1280.png,0,0,0.278305,train,256,/content/drive/MyDrive/phase11-data/data/Steel2/images/87450661_tile_768_1280.png,/content/drive/MyDrive/phase11-persistent/gt_boundaries/Steel2/87450661_tile_768_1280.png,0,0,256,256,0,0
Steel2/87450661_tile_768_1536/x0_y0,Steel2,87450661,87450661_tile_768_1536.png,0,0,0.261673,train,256,/content/drive/MyDrive/phase11-data/data/Steel2/images/87450661_tile_768_1536.png,/content/drive/MyDrive/phase11-persistent/gt_boundaries/Steel2/87450661_tile_768_1536.png,0,0,256,256,0,0
Steel2/87450661_tile_768_1792/x0_y0,Steel2,87450661,87450661_tile_768_1792.png,0,0,0.284225,train,256,/content/drive/MyDrive/phase11-data/data/Steel2/images/87450661_tile_768_1792.png,/content/drive/MyDrive/phase11-persistent/gt_boundaries/Steel2/87450661_tile_768_1792.png,0,0,256,256,0,0
Steel2/87450661_tile_768_2048/x0_y0,Steel2,87450661,87450661_tile_768_2048.png,0,0,0.272202,train,256,/content/drive/MyDrive/phase11-data/data/Steel2/images/87450661_tile_768_2048.png,/content/drive/MyDrive/phase11-persistent/gt_boundaries/Steel2/87450661_tile_768_2048.png,0,0,256,256,0,0
Steel2/87450661_tile_768_256/x0_y0,Steel2,87450661,87450661_tile_768_256.png,0,0,0.289337,train,256,/content/drive/MyDrive/phase11-data/data/Steel2/images/87450661_tile_768_256.png,/content/drive/MyDrive/phase11-persistent/gt_boundaries/Steel2/87450661_tile_768_256.png,0,0,256,256,0,0
Steel2/87450661_tile_768_512/x0_y0,Steel2,87450661,87450661_tile_768_512.png,0,0,0.288269,train,256,/content/drive/MyDrive/phase11-data/data/Steel2/images/87450661_tile_768_512.png,/content/drive/MyDrive/phase11-persistent/gt_boundaries/Steel2/87450661_tile_768_512.png,0,0,256,256,0,0
Steel2/87450661_tile_768_768/x0_y0,Steel2,87450661,87450661_tile_768_768.png,0,0,0.227432,train,256,/content/drive/MyDrive/phase11-data/data/Steel2/images/87450661_tile_768_768.png,/content/drive/MyDrive/phase11-persistent/gt_boundaries/Steel2/87450661_tile_768_768.png,0,0,256,256,0,0
