tile_id,dataset,parent_id,source_image,x,y,boundary_fraction,split,patch,image_path,gt_path,crop_left,crop_top,crop_width,crop_height,pad_right,pad_bottom
Steel1/im_val_cut10-400-01-H-12mm-4000x14_1_1/x0_y0,Steel1,im_val_cut10-400-01-H-12mm-4000x14,im_val_cut10-400-01-H-12mm-4000x14_1_1.png,0,0,0.089813,train,256,/content/drive/MyDrive/phase11-data/data/Steel1/images/im_val_cut10-400-01-H-12mm-4000x14_1_1.png,/content/drive/MyDrive/phase11-persistent/gt_boundaries/Steel1/im_val_cut10-400-01-H-12mm-4000x14_1_1.png,0,0,256,256,0,0
Steel1/im_val_cut10-400-01-H-12mm-4000x14_1_2/x0_y0,Steel1,im_val_cut10-400-01-H-12mm-4000x14,im_val_cut10-400-01-H-12mm-4000x14_1_2.png,0,0,0.091293,train,256,/content/drive/MyDrive/phase11-data/data/Steel1/images/im_val_cut10-400-01-H-12mm-4000x14_1_2.png,/content/drive/MyDrive/phase11-persistent/gt_boundaries/Steel1/im_val_cut10-400-01-H-12mm-4000x14_1_2.png,0,0,256,256,0,0
Steel1/im_val_cut10-400-01-H-12mm-4000x14_1_3/x0_y0,Steel1,im_val_cut10-400-01-H-12mm-4000x14,im_val_cut10-400-01-H-12mm-4000x14_1_3.png,0,0,0.080597,train,256,/content/drive/MyDrive/phase11-data/data/Steel1/images/im_val_cut10-400-01-H-12mm-4000x14_1_3.png,/content/drive/MyDrive/phase11-persistent/gt_boundaries/Steel1/im_val_cut10-400-01-H-12mm-4000x14_1_3.png,0,0,256,256,0,0
Steel1/im_val_cut10-400-01-H-12mm-4000x14_1_4/x0_y0,Steel1,im_val_cut10-400-01-H-12mm-4000x14,im_val_cut10-400-01-H-12mm-4000x14_1_4.png,0,0,0.088516,train,256,/content/drive/MyDrive/phase11-data/data/Steel1/images/im_val_cut10-400-01-H-12mm-4000x14_1_4.png,/content/drive/MyDrive/phase11-persistent/gt_boundaries/Steel1/im_val_cut10-400-01-H-12mm-4000x14_1_4.png,0,0,256,256,0,0
Steel1/im_val_cut10-400-01-H-12mm-4000x14_1_5/x0_y0,Steel1,im_val_cut10-400-01-H-12mm-4000x14,im_val_cut10-400-01-H-12mm-4000x14_1_5.png,0,0,0.098175,train,256,/content/drive/MyDrive/phase11-data/data/Steel1/images/im_val_cut10-400-01-H-12mm-4000x14_1_5.png,/content/drive/MyDrive/phase11-persistent/gt_boundaries/Steel1/im_val_cut10-400-01-H-12mm-4000x14_1_5.png,0,0,256,256,0,0
Steel1/im_val_cut10-400-01-H-12mm-4000x14_1_6/x0_y0,Steel1,im_val_cut10-400-01-H-12mm-4000x14,im_val_cut10-400-01-H-12mm-4000x14_1_6.png,0,0,0.106491,train,256,/content/drive/MyDrive/phase11-data/data/Steel1/images/im_val_cut10-400-01-H-12mm-4000x14_1_6.png,/content/drive/MyDrive/phase11-persistent/gt_boundaries/Steel1/im_val_cut10-400-01-H-12mm-4000x14_1_6.png,0,0,256,256,0,0
Steel1/im_val_cut10-400-01-H-12mm-4000x14_2_1/x0_y0,Steel1,im_val_cut10-400-01-H-12mm-4000x14,im_val_cut10-400-01-H-12mm-4000x14_2_1.png,0,0,0.113556,train,256,/content/drive/MyDrive/phase11-data/data/Steel1/images/im_val_cut10-400-01-H-12mm-4000x14_2_1.png,/content/drive/MyDrive/phase11-persistent/gt_boundaries/Steel1/im_val_cut10-400-01-H-12mm-4000x14_2_1.png,0,0,256,256,0,0
Steel1/im_val_cut10-400-01-H-12mm-4000x14_2_2/x0_y0,Steel1,im_val_cut10-400-01-H-12mm-4000x14,im_val_cut10-400-01-H-12mm-4000x14_2_2.png,0,0,0.108505,train,256,/content/drive/MyDrive/phase11-data/data/Steel1/images/im_val_cut10-400-01-H-12mm-4000x14_2_2.png,/content/drive/MyDrive/phase11-persistent/gt_boundaries/Steel1/im_val_cut10-400-01-H-12mm-4000x14_2_2.png,0,0,256,256,0,0
Steel1/im_val_cut10-400-01-H-12mm-4000x14_2_3/x0_y0,Steel1,im_val_cut10-400-01-H-12mm-4000x14,im_val_cut10-400-01-H-12mm-4000x14_2_3.png,0,0,0.126633,train,256,/content/drive/MyDrive/phase11-data/data/Steel1/images/im_val_cut10-400-01-H-12mm-4000x14_2_3.png,/content/drive/MyDrive/phase11-persistent/gt_boundaries/Steel1/im_val_cut10-400-01-H-12mm-4000x14_2_3.png,0,0,256,256,0,0
Steel1/im_val_cut10-400-01-H-12mm-4000x14_2_4/x0_y0,Steel1,im_val_cut10-400-01-H-12mm-4000x14,im_val_cut10-400-01-H-12mm-4000x14_2_4.png,0,0,0.103378,train,256,/content/drive/MyDrive/phase11-data/data/Steel1/images/im_val_cut10-400-01-H-12mm-4000x14_2_4.png,/content/drive/MyDrive/phase11-persistent/gt_boundaries/Steel1/im_val_cut10-400-01-H-12mm-4000x14_2_4.png,0,0,256,256,0,0
Steel1/im_val_cut10-400-01-H-12mm-4000x14_2_5/x0_y0,Steel1,im_val_cut10-400-01-H-12mm-4000x14,im_val_cut10-400-01-H-12mm-4000x14_2_5.png,0,0,0.105865,train,256,/content/drive/MyDrive/phase11-data/data/Steel1/images/im_val_cut10-400-01-H-12mm-4000x14_2_5.png,/content/drive/MyDrive/phase11-persistent/gt_boundaries/Steel1/im_val_cut10-400-01-H-12mm-4000x14_2_5.png,0,0,256,256,0,0
Steel1/im_val_cut10-400-01-H-12mm-4000x14_2_6/x0_y0,Steel1,im_val_cut10-400-01-H-12mm-4000x14,im_val_cut10-400-01-H-12mm-4000x14_2_6.png,0,0,0.111511,train,256,/content/drive/MyDrive/phase11-data/data/Steel1/images/im_val_cut10-400-01-H-12mm-4000x14_2_6.png,/content/drive/MyDrive/phase11-persistent/gt_boundaries/Steel1/im_val_cut10-400-01-H-12mm-4000x14_2_6.png,0,0,256,256,0,0
Steel1/im_val_cut10-400-01-H-12mm-4000x14_3_1/x0_y0,Steel1,im_val_cut10-400-01-H-12mm-4000x14,im_val_cut10-400-01-H-12mm-4000x14_3_1.png,0,0,0.147385,train,256,/content/drive/MyDrive/phase11-data/data/Steel1/images/im_val_cut10-400-01-H-12mm-4000x14_3_1.png,/content/drive/MyDrive/phase11-persistent/gt_boundaries/Steel1/im_val_cut10-400-01-H-12mm-4000x14_3_1.png,0,0,256,256,0,0
Steel1/im_val_cut10-400-01-H-12mm-4000x14_3_2/x0_y0,Steel1,im_val_cut10-400-01-H-12mm-4000x14,im_val_cut10-400-01-H-12mm-4000x14_3_2.png,0,0,0.096741,train,256,/content/drive/MyDrive/phase11-data/data/Steel1/images/im_val_cut10-400-01-H-12mm-4000x14_3_2.png,/content/drive/MyDrive/phase11-persistent/gt_boundaries/Steel1/im_val_cut10-400-01-H-12mm-4000x14_3_2.png,0,0,256,256,0,0
Steel1/im_val_cut10-400-01-H-12mm-4000x14_3_3/x0_y0,Steel1,im_val_cut10-400-01-H-12mm-4000x14,im_val_cut10-400-01-H-12mm-4000x14_3_3.png,0,0,0.092606,train,256,/content/drive/MyDrive/phase11-data/data/Steel1/images/im_val_cut10-400-01-H-12mm-4000x14_3_3.png,/content/drive/MyDrive/phase11-persistent/gt_boundaries/Steel1/im_val_cut10-400-01-H-12mm-4000x14_3_3.png,0,0,256,256,0,0
Steel1/im_val_cut10-400-01-H-12mm-4000x14_3_4/x0_y0,Steel1,im_val_cut10-400-01-H-12mm-4000x14,im_val_cut10-400-01-H-12mm-4000x14_3_4.png,0,0,0.081146,train,256,/content/drive/MyDrive/phase11-data/data/Steel1/images/im_val_cut10-400-01-H-12mm-4000x14_3_4.png,/content/drive/MyDrive/phase11-persistent/gt_boundaries/Steel1/im_val_cut10-400-01-H-12mm-4000x14_3_4.png,0,0,256,256,0,0
Steel1/im_val_cut10-400-01-H-12mm-4000x14_3_5/x0_y0,Steel1,im_val_cut10-400-01-H-12mm-4000x14,im_val_cut10-400-01-H-12mm-4000x14_3_5.png,0,0,0.13121,train,256,/content/drive/MyDrive/phase11-data/data/Steel1/images/im_val_cut10-400-01-H-12mm-4000x14_3_5.png,/content/drive/MyDrive/phase11-persistent/gt_boundaries/Steel1/im_val_cut10-400-01-H-12mm-4000x14_3_5.png,0,0,256,256,0,0
Steel1/im_val_cut10-400-01-H-12mm-4000x14_3_6/x0_y0,Steel1,im_val_cut10-400-01-H-12mm-4000x14,im_val_cut10-400-01-H-12mm-4000x14_3_6.png,0,0,0.052414,train,256,/content/drive/MyDrive/phase11-data/data/Steel1/images/im_val_cut10-400-01-H-12mm-4000x14_3_6.png,/content/drive/MyDrive/phase11-persistent/gt_boundaries/Steel1/im_val_cut10-400-01-H-12mm-4000x14_3_6.png,0,0,256,256,0,0
Steel1/im_val_cut10-400-01-H-12mm-4000x14_4_1/x0_y0,Steel1,im_val_cut10-400-01-H-12mm-4000x14,im_val_cut10-400-01-H-12mm-4000x14_4_1.png,0,0,0.101166,train,256,/content/drive/MyDrive/phase11-data/data/Steel1/images/im_val_cut10-400-01-H-12mm-4000x14_4_1.png,/content/drive/MyDrive/phase11-persistent/gt_boundaries/Steel1/im_val_cut10-400-01-H-12mm-4000x14_4_1.png,0,0,256,256,0,0
Steel1/im_val_cut10-400-01-H-12mm-4000x14_4_2/x0_y0,Steel1,im_val_cut10-400-01-H-12mm-4000x14,im_val_cut10-400-01-H-12mm-4000x14_4_2.png,0,0,0.137009,train,256,/content/drive/MyDrive/phase11-data/data/Steel1/images/im_val_cut10-400-01-H-12mm-4000x14_4_2.png,/content/drive/MyDrive/phase11-persistent/gt_boundaries/Steel1/im_val_cut10-400-01-H-12mm-4000x14_4_2.png,0,0,256,256,0,0
Steel1/im_val_cut10-400-01-H-12mm-4000x14_4_3/x0_y0,Steel1,im_val_cut10-400-01-H-12mm-4000x14,im_val_cut10-400-01-H-12mm-4000x14_4_3.png,0,0,0.0952,train,256,/content/drive/MyDrive/phase11-data/data/Steel1/images/im_val_cut10-400-01-H-12mm-4000x14_4_3.png,/content/drive/MyDrive/phase11-persistent/gt_boundaries/Steel1/im_val_cut10-400-01-H-12mm-4000x14_4_3.png,0,0,256,256,0,0
Steel1/im_val_cut10-400-01-H-12mm-4000x14_4_4/x0_y0,Steel1,im_val_cut10-400-01-H-12mm-4000x14,im_val_cut10-400-01-H-12mm-4000x14_4_4.png,0,0,0.086685,train,256,/content/drive/MyDrive/phase11-data/data/Steel1/images/im_val_cut10-400-01-H-12mm-4000x14_4_4.png,/content/drive/MyDrive/phase11-persistent/gt_boundaries/Steel1/im_val_cut10-400-01-H-12mm-4000x14_4_4.png,0,0,256,256,0,0
Steel1/im_val_cut10-400-01-H-12mm-4000x14_4_5/x0_y0,Steel1,im_val_cut10-400-01-H-12mm-4000x14,im_val_cut10-400-01-H-12mm-4000x14_4_5.png,0,0,0.126083,train,256,/content/drive/MyDrive/phase11-data/data/Steel1/images/im_val_cut10-400-01-H-12mm-4000x14_4_5.png,/content/drive/MyDrive/phase11-persistent/gt_boundaries/Steel1/im_val_cut10-400-01-H-12mm-4000x14_4_5.png,0,0,256,256,0,0
Steel1/im_val_cut10-400-01-H-12mm-4000x14_4_6/x0_y0,Steel1,im_val_cut10-400-01-H-12mm-4000x14,im_val_cut10-400-01-H-12mm-4000x14_4_6.png,0,0,0.070801,train,256,/content/drive/MyDrive/phase11-data/data/Steel1/images/im_val_cut10-400-01-H-12mm-4000x14_4_6.png,/content/drive/MyDrive/phase11-persistent/gt_boundaries/Steel1/im_val_cut10-400-01-H-12mm-4000x14_4_6.png,0,0,256,256,0,0
Steel1/im_val_cut10-400-01-H-12mm-4000x14_5_1/x0_y0,Steel1,im_val_cut10-400-01-H-12mm-4000x14,im_val_cut10-400-01-H-12mm-4000x14_5_1.png,0,0,0.088776,train,256,/content/drive/MyDrive/phase11-data/data/Steel1/images/im_val_cut10-400-01-H-12mm-4000x14_5_1.png,/content/drive/MyDrive/phase11-persistent/gt_boundaries/Steel1/im_val_cut10-400-01-H-12mm-4000x14_5_1.png,0,0,256,256,0,0
Steel1/im_val_cut10-400-01-H-12mm-4000x14_5_2/x0_y0,Steel1,im_val_cut10-400-01-H-12mm-4000x14,im_val_cut10-400-01-H-12mm-4000x14_5_2.png,0,0,0.110809,train,256,/content/drive/MyDrive/phase11-data/data/Steel1/images/im_val_cut10-400-01-H-12mm-4000x14_5_2.png,/content/drive/MyDrive/phase11-persistent/gt_boundaries/Steel1/im_val_cut10-400-01-H-12mm-4000x14_5_2.png,0,0,256,256,0,0
Steel1/im_val_cut10-400-01-H-12mm-4000x14_5_3/x0_y0,Steel1,im_val_cut10-400-01-H-12mm-4000x14,im_val_cut10-400-01-H-12mm-4000x14_5_3.png,0,0,0.144867,train,256,/content/drive/MyDrive/phase11-data/data/Steel1/images/im_val_cut10-400-01-H-12mm-4000x14_5_3.png,/content/drive/MyDrive/phase11-persistent/gt_boundaries/Steel1/im_val_cut10-400-01-H-12mm-4000x14_5_3.png,0,0,256,256,0,0
Steel1/im_val_cut10-400-01-H-12mm-4000x14_5_4/x0_y0,Steel1,im_val_cut10-400-01-H-12mm-4000x14,im_val_cut10-400-01-H-12mm-4000x14_5_4.png,0,0,0.131821,train,256,/content/drive/MyDrive/phase11-data/data/Steel1/images/im_val_cut10-400-01-H-12mm-4000x14_5_4.png,/content/drive/MyDrive/phase11-persistent/gt_boundaries/Steel1/im_val_cut10-400-01-H-12mm-4000x14_5_4.png,0,0,256,256,0,0
Steel1/im_val_cut10-400-01-H-12mm-4000x14_5_5/x0_y0,Steel1,im_val_cut10-400-01-H-12mm-4000x14,im_val_cut10-400-01-H-12mm-4000x14_5_5.png,0,0,0.069992,train,256,/content/drive/MyDrive/phase11-data/data/Steel1/images/im_val_cut10-400-01-H-12mm-4000x14_5_5.png,/content/drive/MyDrive/phase11-persistent/gt_boundaries/Steel1/im_val_cut10-400-01-H-12mm-4000x14_5_5.png,0,0,256,256,0,0
Steel1/im_val_cut10-400-01-H-12mm-4000x14_5_6/x0_y0,Steel1,im_val_cut10-400-01-H-12mm-4000x14,im_val_cut10-400-01-H-12mm-4000x14_5_6.png,0,0,0.079254,train,256,/content/drive/MyDrive/phase11-data/data/Steel1/images/im_val_cut10-400-01-H-12mm-4000x14_5_6.png,/content/drive/MyDrive/phase11-persistent/gt_boundaries/Steel1/im_val_cut10-400-01-H-12mm-4000x14_5_6.png,0,0,256,256,0,0
Steel1/im_val_cut10-400-01-H-12mm-4000x14_6_1/x0_y0,Steel1,im_val_cut10-400-01-H-12mm-4000x14,im_val_cut10-400-01-H-12mm-4000x14_6_1.png,0,0,0.080276,train,256,/content/drive/MyDrive/phase11-data/data/Steel1/images/im_val_cut10-400-01-H-12mm-4000x14_6_1.png,/content/drive/MyDrive/phase11-persistent/gt_boundaries/Steel1/im_val_cut10-400-01-H-12mm-4000x14_6_1.png,0,0,256,256,0,0
Steel1/im_val_cut10-400-01-H-12mm-4000x14_6_2/x0_y0,Steel1,im_val_cut10-400-01-H-12mm-4000x14,im_val_cut10-400-01-H-12mm-4000x14_6_2.png,0,0,0.084991,train,256,/content/drive/MyDrive/phase11-data/data/Steel1/images/im_val_cut10-400-01-H-12mm-4000x14_6_2.png,/content/drive/MyDrive/phase11-persistent/gt_boundaries/Steel1/im_val_cut10-400-01-H-12mm-4000x14_6_2.png,0,0,256,256,0,0
Steel1/im_val_cut10-400-01-H-12mm-4000x14_6_3/x0_y0,Steel1,im_val_cut10-400-01-H-12mm-4000x14,im_val_cut10-400-01-H-12mm-4000x14_6_3.png,0,0,0.112198,train,256,/content/drive/MyDrive/phase11-data/data/Steel1/images/im_val_cut10-400-01-H-12mm-4000x14_6_3.png,/content/drive/MyDrive/phase11-persistent/gt_boundaries/Steel1/im_val_cut10-400-01-H-12mm-4000x14_6_3.png,0,0,256,256,0,0
Steel1/im_val_cut10-400-01-H-12mm-4000x14_6_4/x0_y0,Steel1,im_val_cut10-400-01-H-12mm-4000x14,im_val_cut10-400-01-H-12mm-4000x14_6_4.png,0,0,0.081268,train,256,/content/drive/MyDrive/phase11-data/data/Steel1/images/im_val_cut10-400-01-H-12mm-4000x14_6_4.png,/content/drive/MyDrive/phase11-persistent/gt_boundaries/Steel1/im_val_cut10-400-01-H-12mm-4000x14_6_4.png,0,0,256,256,0,0
Steel1/im_val_cut10-400-01-H-12mm-4000x14_6_5/x0_y0,Steel1,im_val_cut10-400-01-H-12mm-4000x14,im_val_cut10-400-01-H-12mm-4000x14_6_5.png,0,0,0.091034,train,256,/content/drive/MyDrive/phase11-data/data/Steel1/images/im_val_cut10-400-01-H-12mm-4000x14_6_5.png,/content/drive/MyDrive/phase11-persistent/gt_boundaries/Steel1/im_val_cut10-400-01-H-12mm-4000x14_6_5.png,0,0,256,256,0,0
Steel1/im_val_cut10-400-01-H-12mm-4000x14_6_6/x0_y0,Steel1,im_val_cut10-400-01-H-12mm-4000x14,im_val_cut10-400-01-H-12mm-4000x14_6_6.png,0,0,0.10231,train,256,/content/drive/MyDrive/phase11-data/data/Steel1/images/im_val_cut10-400-01-H-12mm-4000x14_6_6.png,/content/drive/MyDrive/phase11-persistent/gt_boundaries/Steel1/im_val_cut10-400-01-H-12mm-4000x14_6_6.png,0,0,256,256,0,0
Steel1/im_val_cut10-400-01-H-12mm-4000x14_7_2/x0_y0,Steel1,im_val_cut10-400-01-H-12mm-4000x14,im_val_cut10-400-01-H-12mm-4000x14_7_2.png,0,0,0.094452,train,256,/content/drive/MyDrive/phase11-data/data/Steel1/images/im_val_cut10-400-01-H-12mm-4000x14_7_2.png,/content/drive/MyDrive/phase11-persistent/gt_boundaries/Steel1/im_val_cut10-400-01-H-12mm-4000x14_7_2.png,0,0,256,256,0,0
Steel1/im_val_cut10-400-01-H-12mm-4000x14_7_3/x0_y0,Steel1,im_val_cut10-400-01-H-12mm-4000x14,im_val_cut10-400-01-H-12mm-4000x14_7_3.png,0,0,0.10112,train,256,/content/drive/MyDrive/phase11-data/data/Steel1/images/im_val_cut10-400-01-H-12mm-4000x14_7_3.png,/content/drive/MyDrive/phase11-persistent/gt_boundaries/Steel1/im_val_cut10-400-01-H-12mm-4000x14_7_3.png,0,0,256,256,0,0
Steel1/im_val_cut10-400-01-H-12mm-4000x14_7_4/x0_y0,Steel1,im_val_cut10-400-01-H-12mm-4000x14,im_val_cut10-400-01-H-12mm-4000x14_7_4.png,0,0,0.093018,train,256,/content/drive/MyDrive/phase11-data/data/Steel1/images/im_val_cut10-400-01-H-12mm-4000x14_7_4.png,/content/drive/MyDrive/phase11-persistent/gt_boundaries/Steel1/im_val_cut10-400-01-H-12mm-4000x14_7_4.png,0,0,256,256,0,0
Steel1/im_val_cut10-400-01-H-12mm-4000x14_7_5/x0_y0,Steel1,im_val_cut10-400-01-H-12mm-4000x14,im_val_cut10-400-01-H-12mm-4000x14_7_5.png,0,0,0.074112,train,256,/content/drive/MyDrive/phase11-data/data/Steel1/images/im_val_cut10-400-01-H-12mm-4000x14_7_5.png,/content/drive/MyDrive/phase11-persistent/gt_boundaries/Steel1/im_val_cut10-400-01-H-12mm-4000x14_7_5.png,0,0,256,256,0,0
Steel1/im_val_cut10-400-01-H-12mm-4000x14_7_6/x0_y0,Steel1,im_val_cut10-400-01-H-12mm-4000x14,im_val_cut10-400-01-H-12mm-4000x14_7_6.png,0,0,0.075073,train,256,/content/drive/MyDrive/phase11-data/data/Steel1/images/im_val_cut10-400-01-H-12mm-4000x14_7_6.png,/content/drive/MyDrive/phase11-persistent/gt_boundaries/Steel1/im_val_cut10-400-01-H-12mm-4000x14_7_6.png,0,0,256,256,0,0
Steel1/im_val_cut10-400-01-H-12mm-4000x14_8_1/x0_y0,Steel1,im_val_cut10-400-01-H-12mm-4000x14,im_val_cut10-400-01-H-12mm-4000x14_8_1.png,0,0,0.021988,train,256,/content/drive/MyDrive/phase11-data/data/Steel1/images/im_val_cut10-400-01-H-12mm-4000x14_8_1.png,/content/drive/MyDrive/phase11-persistent/gt_boundaries/Steel1/im_val_cut10-400-01-H-12mm-4000x14_8_1.png,0,0,256,256,0,0
Steel1/im_val_cut10-400-01-H-12mm-4000x14_8_2/x0_y0,Steel1,im_val_cut10-400-01-H-12mm-4000x14,im_val_cut10-400-01-H-12mm-4000x14_8_2.png,0,0,0.085953,train,256,/content/drive/MyDrive/phase11-data/data/Steel1/images/im_val_cut10-400-01-H-12mm-4000x14_8_2.png,/content/drive/MyDrive/phase11-persistent/gt_boundaries/Steel1/im_val_cut10-400-01-H-12mm-4000x14_8_2.png,0,0,256,256,0,0
Steel1/im_val_cut10-400-01-H-12mm-4000x14_8_3/x0_y0,Steel1,im_val_cut10-400-01-H-12mm-4000x14,im_val_cut10-400-01-H-12mm-4000x14_8_3.png,0,0,0.095474,train,256,/content/drive/MyDrive/phase11-data/data/Steel1/images/im_val_cut10-400-01-H-12mm-4000x14_8_3.png,/content/drive/MyDrive/phase11-persistent/gt_boundaries/Steel1/im_val_cut10-400-01-H-12mm-4000x14_8_3.png,0,0,256,256,0,0
Steel1/im_val_cut10-400-01-H-12mm-4000x14_8_4/x0_y0,Steel1,im_val_cut10-400-01-H-12mm-4000x14,im_val_cut10-400-01-H-12mm-4000x14_8_4.png,0,0,0.063339,train,256,/content/drive/MyDrive/phase11-data/data/Steel1/images/im_val_cut10-400-01-H-12mm-4000x14_8_4.png,/content/drive/MyDrive/phase11-persistent/gt_boundaries/Steel1/im_val_cut10-400-01-H-12mm-4000x14_8_4.png,0,0,256,256,0,0
Steel1/im_val_cut10-400-01-H-12mm-4000x14_8_5/x0_y0,Steel1,im_val_cut10-400-01-H-12mm-4000x14,im_val_cut10-400-01-H-12mm-4000x14_8_5.png,0,0,0.078323,train,256,/content/drive/MyDrive/phase11-data/data/Steel1/images/im_val_cut10-400-01-H-12mm-4000x14_8_5.png,/content/drive/MyDrive/phase11-persistent/gt_boundaries/Steel1/im_val_cut10-400-01-H-12mm-4000x14_8_5.png,0,0,256,256,0,0
Steel1/im_val_cut10-400-01-H-12mm-4000x14_8_6/x0_y0,Steel1,im_val_cut10-400-01-H-12mm-4000x14,im_val_cut10-400-01-H-12mm-4000x14_8_6.png,0,0,0.094955,train,256,/content/drive/MyDrive/phase11-data/data/Steel1/images/im_val_cut10-400-01-H-12mm-4000x14_8_6.png,/content/drive/MyDrive/phase11-persistent/gt_boundaries/Steel1/im_val_cut10-400-01-H-12mm-4000x14_8_6.png,0,0,256,256,0,0
Steel1/im_val_cut10-400-01-H-9mm-4000x10_1_1/x0_y0,Steel1,im_val_cut10-400-01-H-9mm-4000x10,im_val_cut10-400-01-H-9mm-4000x10_1_1.png,0,0,0.02536,train,256,/content/drive/MyDrive/phase11-data/data/Steel1/images/im_val_cut10-400-01-H-9mm-4000x10_1_1.png,/content/drive/MyDrive/phase11-persistent/gt_boundaries/Steel1/im_val_cut10-400-01-H-9mm-4000x10_1_1.png,0,0,256,256,0,0
Steel1/im_val_cut10-400-01-H-9mm-4000x10_1_2/x0_y0,Steel1,im_val_cut10-400-01-H-9mm-4000x10,im_val_cut10-400-01-H-9mm-4000x10_1_2.png,0,0,0.074829,train,256,/content/drive/MyDrive/phase11-data/data/Steel1/images/im_val_cut10-400-01-H-9mm-4000x10_1_2.png,/content/drive/MyDrive/phase11-persistent/gt_boundaries/Steel1/im_val_cut10-400-01-H-9mm-4000x10_1_2.png,0,0,256,256,0,0
Steel1/im_val_cut10-400-01-H-9mm-4000x10_1_3/x0_y0,Steel1,im_val_cut10-400-01-H-9mm-4000x10,im_val_cut10-400-01-H-9mm-4000x10_1_3.png,0,0,0.094223,train,256,/content/drive/MyDrive/phase11-data/data/Steel1/images/im_val_cut10-400-01-H-9mm-4000x10_1_3.png,/content/drive/MyDrive/phase11-persistent/gt_boundaries/Steel1/im_val_cut10-400-01-H-9mm-4000x10_1_3.png,0,0,256,256,0,0
Steel1/im_val_cut10-400-01-H-9mm-4000x10_1_4/x0_y0,Steel1,im_val_cut10-400-01-H-9mm-4000x10,im_val_cut10-400-01-H-9mm-4000x10_1_4.png,0,0,0.066147,train,256,/content/drive/MyDrive/phase11-data/data/Steel1/images/im_val_cut10-400-01-H-9mm-4000x10_1_4.png,/content/drive/MyDrive/phase11-persistent/gt_boundaries/Steel1/im_val_cut10-400-01-H-9mm-4000x10_1_4.png,0,0,256,256,0,0
Steel1/im_val_cut10-400-01-H-9mm-4000x10_1_5/x0_y0,Steel1,im_val_cut10-400-01-H-9mm-4000x10,im_val_cut10-400-01-H-9mm-4000x10_1_5.png,0,0,0.080276,train,256,/content/drive/MyDrive/phase11-data/data/Steel1/images/im_val_cut10-400-01-H-9mm-4000x10_1_5.png,/content/drive/MyDrive/phase11-persistent/gt_boundaries/Steel1/im_val_cut10-400-01-H-9mm-4000x10_1_5.png,0,0,256,256,0,0
Steel1/im_val_cut10-400-01-H-9mm-4000x10_1_6/x0_y0,Steel1,im_val_cut10-400-01-H-9mm-4000x10,im_val_cut10-400-01-H-9mm-4000x10_1_6.png,0,0,0.03595,train,256,/content/drive/MyDrive/phase11-data/data/Steel1/images/im_val_cut10-400-01-H-9mm-4000x10_1_6.png,/content/drive/MyDrive/phase11-persistent/gt_boundaries/Steel1/im_val_cut10-400-01-H-9mm-4000x10_1_6.png,0,0,256,256,0,0
Steel1/im_val_cut10-400-01-H-9mm-4000x10_2_1/x0_y0,Steel1,im_val_cut10-400-01-H-9mm-4000x10,im_val_cut10-400-01-H-9mm-4000x10_2_1.png,0,0,0.084152,train,256,/content/drive/MyDrive/phase11-data/data/Steel1/images/im_val_cut10-400-01-H-9mm-4000x10_2_1.png,/content/drive/MyDrive/phase11-persistent/gt_boundaries/Steel1/im_val_cut10-400-01-H-9mm-4000x10_2_1.png,0,0,256,256,0,0
Steel1/im_val_cut10-400-01-H-9mm-4000x10_2_2/x0_y0,Steel1,im_val_cut10-400-01-H-9mm-4000x10,im_val_cut10-400-01-H-9mm-4000x10_2_2.png,0,0,0.073654,train,256,/content/drive/MyDrive/phase11-data/data/Steel1/images/im_val_cut10-400-01-H-9mm-4000x10_2_2.png,/content/drive/MyDrive/phase11-persistent/gt_boundaries/Steel1/im_val_cut10-400-01-H-9mm-4000x10_2_2.png,0,0,256,256,0,0
Steel1/im_val_cut10-400-01-H-9mm-4000x10_2_3/x0_y0,Steel1,im_val_cut10-400-01-H-9mm-4000x10,im_val_cut10-400-01-H-9mm-4000x10_2_3.png,0,0,0.096649,train,256,/content/drive/MyDrive/phase11-data/data/Steel1/images/im_val_cut10-400-01-H-9mm-4000x10_2_3.png,/content/drive/MyDrive/phase11-persistent/gt_boundaries/Steel1/im_val_cut10-400-01-H-9mm-4000x10_2_3.png,0,0,256,256,0,0
Steel1/im_val_cut10-400-01-H-9mm-4000x10_2_4/x0_y0,Steel1,im_val_cut10-400-01-H-9mm-4000x10,im_val_cut10-400-01-H-9mm-4000x10_2_4.png,0,0,0.057739,train,256,/content/drive/MyDrive/phase11-data/data/Steel1/images/im_val_cut10-400-01-H-9mm-4000x10_2_4.png,/content/drive/MyDrive/phase11-persistent/gt_boundaries/Steel1/im_val_cut10-400-01-H-9mm-4000x10_2_4.png,0,0,256,256,0,0
Steel1/im_val_cut10-400-01-H-9mm-4000x10_2_5/x0_y0,Steel1,im_val_cut10-400-01-H-9mm-4000x10,im_val_cut10-400-01-H-9mm-4000x10_2_5.png,0,0,0.036636,train,256,/content/drive/MyDrive/phase11-data/data/Steel1/images/im_val_cut10-400-01-H-9mm-4000x10_2_5.png,/content/drive/MyDrive/phase11-persistent/gt_boundaries/Steel1/im_val_cut10-400-01-H-9mm-4000x10_2_5.png,0,0,256,256,0,0
Steel1/im_val_cut10-400-01-H-9mm-4000x10_2_6/x0_y0,Steel1,im_val_cut10-400-01-H-9mm-4000x10,im_val_cut10-400-01-H-9mm-4000x10_2_6.png,0,0,0.031723,train,256,/content/drive/MyDrive/phase11-data/data/Steel1/images/im_val_cut10-400-01-H-9mm-4000x10_2_6.png,/content/drive/MyDrive/phase11-persistent/gt_boundaries/Steel1/im_val_cut10-400-01-H-9mm-4000x10_2_6.png,0,0,256,256,0,0
Steel1/im_val_cut10-400-01-H-9mm-4000x10_3_1/x0_y0,Steel1,im_val_cut10-400-01-H-9mm-4000x10,im_val_cut10-400-01-H-9mm-4000x10_3_1.png,0,0,0.066635,train,256,/content/drive/MyDrive/phase11-data/data/Steel1/images/im_val_cut10-400-01-H-9mm-4000x10_3_1.png,/content/drive/MyDrive/phase11-persistent/gt_boundaries/Steel1/im_val_cut10-400-01-H-9mm-4000x10_3_1.png,0,0,256,256,0,0
Steel1/im_val_cut10-400-01-H-9mm-4000x10_3_2/x0_y0,Steel1,im_val_cut10-400-01-H-9mm-4000x10,im_val_cut10-400-01-H-9mm-4000x10_3_2.png,0,0,0.091599,train,256,/content/drive/MyDrive/phase11-data/data/Steel1/images/im_val_cut10-400-01-H-9mm-4000x10_3_2.png,/content/drive/MyDrive/phase11-persistent/gt_boundaries/Steel1/im_val_cut10-400-01-H-9mm-4000x10_3_2.png,0,0,256,256,0,0
Steel1/im_val_cut10-400-01-H-9mm-4000x10_3_3/x0_y0,Steel1,im_val_cut10-400-01-H-9mm-4000x10,im_val_cut10-400-01-H-9mm-4000x10_3_3.png,0,0,0.032242,train,256,/content/drive/MyDrive/phase11-data/data/Steel1/images/im_val_cut10-400-01-H-9mm-4000x10_3_3.png,/content/drive/MyDrive/phase11-persistent/gt_boundaries/Steel1/im_val_cut10-400-01-H-9mm-4000x10_3_3.png,0,0,256,256,0,0
Steel1/im_val_cut10-400-01-H-9mm-4000x10_3_4/x0_y0,Steel1,im_val_cut10-400-01-H-9mm-4000x10,im_val_cut10-400-01-H-9mm-4000x10_3_4.png,0,0,0.087006,train,256,/content/drive/MyDrive/phase11-data/data/Steel1/images/im_val_cut10-400-01-H-9mm-4000x10_3_4.png,/content/drive/MyDrive/phase11-persistent/gt_boundaries/Steel1/im_val_cut10-400-01-H-9mm-4000x10_3_4.png,0,0,256,256,0,0
Steel1/im_val_cut10-400-01-H-9mm-4000x10_3_5/x0_y0,Steel1,im_val_cut10-400-01-H-9mm-4000x10,im_val_cut10-400-01-H-9mm-4000x10_3_5.png,0,0,0.063232,train,256,/content/drive/MyDrive/phase11-data/data/Steel1/images/im_val_cut10-400-01-H-9mm-4000x10_3_5.png,/content/drive/MyDrive/phase11-persistent/gt_boundaries/Steel1/im_val_cut10-400-01-H-9mm-4000x10_3_5.png,0,0,256,256,0,0
Steel1/im_val_cut10-400-01-H-9mm-4000x10_3_6/x0_y0,Steel1,im_val_cut10-400-01-H-9mm-4000x10,im_val_cut10-400-01-H-9mm-4000x10_3_6.png,0,0,0.065582,train,256,/content/drive/MyDrive/phase11-data/data/Steel1/images/im_val_cut10-400-01-H-9mm-4000x10_3_6.png,/content/drive/MyDrive/phase11-persistent/gt_boundaries/Steel1/im_val_cut10-400-01-H-9mm-4000x10_3_6.png,0,0,256,256,0,0
Steel1/im_val_cut10-400-01-H-9mm-4000x10_4_1/x0_y0,Steel1,im_val_cut10-400-01-H-9mm-4000x10,im_val_cut10-400-01-H-9mm-4000x10_4_1.png,0,0,0.078949,train,256,/content/drive/MyDrive/phase11-data/data/Steel1/images/im_val_cut10-400-01-H-9mm-4000x10_4_1.png,/content/drive/MyDrive/phase11-persistent/gt_boundaries/Steel1/im_val_cut10-400-01-H-9mm-4000x10_4_1.png,0,0,256,256,0,0
Steel1/im_val_cut10-400-01-H-9mm-4000x10_4_2/x0_y0,Steel1,im_val_cut10-400-01-H-9mm-4000x10,im_val_cut10-400-01-H-9mm-4000x10_4_2.png,0,0,0.103851,train,256,/content/drive/MyDrive/phase11-data/data/Steel1/images/im_val_cut10-400-01-H-9mm-4000x10_4_2.png,/content/drive/MyDrive/phase11-persistent/gt_boundaries/Steel1/im_val_cut10-400-01-H-9mm-4000x10_4_2.png,0,0,256,256,0,0
Steel1/im_val_cut10-400-01-H-9mm-4000x10_4_3/x0_y0,Steel1,im_val_cut10-400-01-H-9mm-4000x10,im_val_cut10-400-01-H-9mm-4000x10_4_3.png,0,0,0.04007,train,256,/content/drive/MyDrive/phase11-data/data/Steel1/images/im_val_cut10-400-01-H-9mm-4000x10_4_3.png,/content/drive/MyDrive/phase11-persistent/gt_boundaries/Steel1/im_val_cut10-400-01-H-9mm-4000x10_4_3.png,0,0,256,256,0,0
Steel1/im_val_cut10-400-01-H-9mm-4000x10_4_4/x0_y0,Steel1,im_val_cut10-400-01-H-9mm-4000x10,im_val_cut10-400-01-H-9mm-4000x10_4_4.png,0,0,0.089615,train,256,/content/drive/MyDrive/phase11-data/data/Steel1/images/im_val_cut10-400-01-H-9mm-4000x10_4_4.png,/content/drive/MyDrive/phase11-persistent/gt_boundaries/Steel1/im_val_cut10-400-01-H-9mm-4000x10_4_4.png,0,0,256,256,0,0
Steel1/im_val_cut10-400-01-H-9mm-4000x10_4_5/x0_y0,Steel1,im_val_cut10-400-01-H-9mm-4000x10,im_val_cut10-400-01-H-9mm-4000x10_4_5.png,0,0,0.014328,train,256,/content/drive/MyDrive/phase11-data/data/Steel1/images/im_val_cut10-400-01-H-9mm-4000x10_4_5.png,/content/drive/MyDrive/phase11-persistent/gt_boundaries/Steel1/im_val_cut10-400-01-H-9mm-4000x10_4_5.png,0,0,256,256,0,0
Steel1/im_val_cut10-400-01-H-9mm-4000x10_4_6/x0_y0,Steel1,im_val_cut10-400-01-H-9mm-4000x10,im_val_cut10-400-01-H-9mm-4000x10_4_6.png,0,0,0.023483,train,256,/content/drive/MyDrive/phase11-data/data/Steel1/images/im_val_cut10-400-01-H-9mm-4000x10_4_6.png,/content/drive/MyDrive/phase11-persistent/gt_boundaries/Steel1/im_val_cut10-400-01-H-9mm-4000x10_4_6.png,0,0,256,256,0,0
Steel1/im_val_cut10-400-01-H-9mm-4000x10_5_1/x0_y0,Steel1,im_val_cut10-400-01-H-9mm-4000x10,im_val_cut10-400-01-H-9mm-4000x10_5_1.png,0,0,0.098785,train,256,/content/drive/MyDrive/phase11-data/data/Steel1/images/im_val_cut10-400-01-H-9mm-4000x10_5_1.png,/content/drive/MyDrive/phase11-persistent/gt_boundaries/Steel1/im_val_cut10-400-01-H-9mm-4000x10_5_1.png,0,0,256,256,0,0
Steel1/im_val_cut10-400-01-H-9mm-4000x10_5_2/x0_y0,Steel1,im_val_cut10-400-01-H-9mm-4000x10,im_val_cut10-400-01-H-9mm-4000x10_5_2.png,0,0,0.06163,train,256,/content/drive/MyDrive/phase11-data/data/Steel1/images/im_val_cut10-400-01-H-9mm-4000x10_5_2.png,/content/drive/MyDrive/phase11-persistent/gt_boundaries/Steel1/im_val_cut10-400-01-H-9mm-4000x10_5_2.png,0,0,256,256,0,0
Steel1/im_val_cut10-400-01-H-9mm-4000x10_5_3/x0_y0,Steel1,im_val_cut10-400-01-H-9mm-4000x10,im_val_cut10-400-01-H-9mm-4000x10_5_3.png,0,0,0.106934,train,256,/content/drive/MyDrive/phase11-data/data/Steel1/images/im_val_cut10-400-01-H-9mm-4000x10_5_3.png,/content/drive/MyDrive/phase11-persistent/gt_boundaries/Steel1/im_val_cut10-400-01-H-9mm-4000x10_5_3.png,0,0,256,256,0,0
Steel1/im_val_cut10-400-01-H-9mm-4000x10_5_4/x0_y0,Steel1,im_val_cut10-400-01-H-9mm-4000x10,im_val_cut10-400-01-H-9mm-4000x10_5_4.png,0,0,0.114502,train,256,/content/drive/MyDrive/phase11-data/data/Steel1/images/im_val_cut10-400-01-H-9mm-4000x10_5_4.png,/content/drive/MyDrive/phase11-persistent/gt_boundaries/Steel1/im_val_cut10-400-01-H-9mm-4000x10_5_4.png,0,0,256,256,0,0
Steel1/im_val_cut10-400-01-H-9mm-4000x10_5_5/x0_y0,Steel1,im_val_cut10-400-01-H-9mm-4000x10,im_val_cut10-400-01-H-9mm-4000x10_5_5.png,0,0,0.060898,train,256,/content/drive/MyDrive/phase11-data/data/Steel1/images/im_val_cut10-400-01-H-9mm-4000x10_5_5.png,/content/drive/MyDrive/phase11-persistent/gt_boundaries/Steel1/im_val_cut10-400-01-H-9mm-4000x10_5_5.png,0,0,256,256,0,0
Steel1/im_val_cut10-400-01-H-9mm-4000x10_5_6/x0_y0,Steel1,im_val_cut10-400-01-H-9mm-4000x10,im_val_cut10-400-01-H-9mm-4000x10_5_6.png,0,0,0.054016,train,256,/content/drive/MyDrive/phase11-data/data/Steel1/images/im_val_cut10-400-01-H-9mm-4000x10_5_6.png,/content/drive/MyDrive/phase11-persistent/gt_boundaries/Steel1/im_val_cut10-400-01-H-9mm-4000x10_5_6.png,0,0,256,256,0,0
Steel1/im_val_cut10-400-01-H-9mm-4000x10_6_1/x0_y0,Steel1,im_val_cut10-400-01-H-9mm-4000x10,im_val_cut10-400-01-H-9mm-4000x10_6_1.png,0,0,0.105911,train,256,/content/drive/MyDrive/phase11-data/data/Steel1/images/im_val_cut10-400-01-H-9mm-4000x10_6_1.png,/content/drive/MyDrive/phase11-persistent/gt_boundaries/Steel1/im_val_cut10-400-01-H-9mm-4000x10_6_1.png,0,0,256,256,0,0
Steel1/im_val_cut10-400-01-H-9mm-4000x10_6_2/x0_y0,Steel1,im_val_cut10-400-01-H-9mm-4000x10,im_val_cut10-400-01-H-9mm-4000x10_6_2.png,0,0,0.084961,train,256,/content/drive/MyDrive/phase11-data/data/Steel1/images/im_val_cut10-400-01-H-9mm-4000x10_6_2.png,/content/drive/MyDrive/phase11-persistent/gt_boundaries/Steel1/im_val_cut10-400-01-H-9mm-4000x10_6_2.png,0,0,256,256,0,0
Steel1/im_val_cut10-400-01-H-9mm-4000x10_6_3/x0_y0,Steel1,im_val_cut10-400-01-H-9mm-4000x10,im_val_cut10-400-01-H-9mm-4000x10_6_3.png,0,0,0.06636,train,256,/content/drive/MyDrive/phase11-data/data/Steel1/images/im_val_cut10-400-01-H-9mm-4000x10_6_3.png,/content/drive/MyDrive/phase11-persistent/gt_boundaries/Steel1/im_val_cut10-400-01-H-9mm-4000x10_6_3.png,0,0,256,256,0,0
Steel1/im_val_cut10-400-01-H-9mm-4000x10_6_4/x0_y0,Steel1,im_val_cut10-400-01-H-9mm-4000x10,im_val_cut10-400-01-H-9mm-4000x10_6_4.png,0,0,0.108658,train,256,/content/drive/MyDrive/phase11-data/data/Steel1/images/im_val_cut10-400-01-H-9mm-4000x10_6_4.png,/content/drive/MyDrive/phase11-persistent/gt_boundaries/Steel1/im_val_cut10-400-01-H-9mm-4000x10_6_4.png,0,0,256,256,0,0
Steel1/im_val_cut10-400-01-H-9mm-4000x10_6_5/x0_y0,Steel1,im_val_cut10-400-01-H-9mm-4000x10,im_val_cut10-400-01-H-9mm-4000x10_6_5.png,0,0,0.038391,train,256,/content/drive/MyDrive/phase11-data/data/Steel1/images/im_val_cut10-400-01-H-9mm-4000x10_6_5.png,/content/drive/MyDrive/phase11-persistent/gt_boundaries/Steel1/im_val_cut10-400-01-H-9mm-4000x10_6_5.png,0,0,256,256,0,0
Steel1/im_val_cut10-400-01-H-9mm-4000x10_6_6/x0_y0,Steel1,im_val_cut10-400-01-H-9mm-4000x10,im_val_cut10-400-01-H-9mm-4000x10_6_6.png,0,0,0.085831,train,256,/content/drive/MyDrive/phase11-data/data/Steel1/images/im_val_cut10-400-01-H-9mm-4000x10_6_6.png,/content/drive/MyDrive/phase11-persistent/gt_boundaries/Steel1/im_val_cut10-400-01-H-9mm-4000x10_6_6.png,0,0,256,256,0,0
Steel1/im_val_cut10-400-01-H-9mm-4000x10_7_1/x0_y0,Steel1,im_val_cut10-400-01-H-9mm-4000x10,im_val_cut10-400-01-H-9mm-4000x10_7_1.png,0,0,0.093445,train,256,/content/drive/MyDrive/phase11-data/data/Steel1/images/im_val_cut10-400-01-H-9mm-4000x10_7_1.png,/content/drive/MyDrive/phase11-persistent/gt_boundaries/Steel1/im_val_cut10-400-01-H-9mm-4000x10_7_1.png,0,0,256,256,0,0
Steel1/im_val_cut10-400-01-H-9mm-4000x10_7_2/x0_y0,Steel1,im_val_cut10-400-01-H-9mm-4000x10,im_val_cut10-400-01-H-9mm-4000x10_7_2.png,0,0,0.09433,train,256,/content/drive/MyDrive/phase11-data/data/Steel1/images/im_val_cut10-400-01-H-9mm-4000x10_7_2.png,/content/drive/MyDrive/phase11-persistent/gt_boundaries/Steel1/im_val_cut10-400-01-H-9mm-4000x10_7_2.png,0,0,256,256,0,0
Steel1/im_val_cut10-400-01-H-9mm-4000x10_7_3/x0_y0,Steel1,im_val_cut10-400-01-H-9mm-4000x10,im_val_cut10-400-01-H-9mm-4000x10_7_3.png,0,0,0.07106,train,256,/content/drive/MyDrive/phase11-data/data/Steel1/images/im_val_cut10-400-01-H-9mm-4000x10_7_3.png,/content/drive/MyDrive/phase11-persistent/gt_boundaries/Steel1/im_val_cut10-400-01-H-9mm-4000x10_7_3.png,0,0,256,256,0,0
Steel1/im_val_cut10-400-01-H-9mm-4000x10_7_4/x0_y0,Steel1,im_val_cut10-400-01-H-9mm-4000x10,im_val_cut10-400-01-H-9mm-4000x10_7_4.png,0,0,0.080215,train,256,/content/drive/MyDrive/phase11-data/data/Steel1/images/im_val_cut10-400-01-H-9mm-4000x10_7_4.png,/content/drive/MyDrive/phase11-persistent/gt_boundaries/Steel1/im_val_cut10-400-01-H-9mm-4000x10_7_4.png,0,0,256,256,0,0
Steel1/im_val_cut10-400-01-H-9mm-4000x10_7_5/x0_y0,Steel1,im_val_cut10-400-01-H-9mm-4000x10,im_val_cut10-400-01-H-9mm-4000x10_7_5.png,0,0,0.062027,train,256,/content/drive/MyDrive/phase11-data/data/Steel1/images/im_val_cut10-400-01-H-9mm-4000x10_7_5.png,/content/drive/MyDrive/phase11-persistent/gt_boundaries/Steel1/im_val_cut10-400-01-H-9mm-4000x10_7_5.png,0,0,256,256,0,0
Steel1/im_val_cut10-400-01-H-9mm-4000x10_7_6/x0_y0,Steel1,im_val_cut10-400-01-H-9mm-4000x10,im_val_cut10-400-01-H-9mm-4000x10_7_6.png,0,0,0.042068,train,256,/content/drive/MyDrive/phase11-data/data/Steel1/images/im_val_cut10-400-01-H-9mm-4000x10_7_6.png,/content/drive/MyDrive/phase11-persistent/gt_boundaries/Steel1/im_val_cut10-400-01-H-9mm-4000x10_7_6.png,0,0,256,256,0,0
Steel1/im_val_cut10-400-01-H-9mm-4000x10_8_1/x0_y0,Steel1,im_val_cut10-400-01-H-9mm-4000x10,im_val_cut10-400-01-H-9mm-4000x10_8_1.png,0,0,0.077911,train,256,/content/drive/MyDrive/phase11-data/data/Steel1/images/im_val_cut10-400-01-H-9mm-4000x10_8_1.png,/content/drive/MyDrive/phase11-persistent/gt_boundaries/Steel1/im_val_cut10-400-01-H-9mm-4000x10_8_1.png,0,0,256,256,0,0
Steel1/im_val_cut10-400-01-H-9mm-4000x10_8_2/x0_y0,Steel1,im_val_cut10-400-01-H-9mm-4000x10,im_val_cut10-400-01-H-9mm-4000x10_8_2.png,0,0,0.124588,train,256,/content/drive/MyDrive/phase11-data/data/Steel1/images/im_val_cut10-400-01-H-9mm-4000x10_8_2.png,/content/drive/MyDrive/phase11-persistent/gt_boundaries/Steel1/im_val_cut10-400-01-H-9mm-4000x10_8_2.png,0,0,256,256,0,0
Steel1/im_val_cut10-400-01-H-9mm-4000x10_8_3/x0_y0,Steel1,im_val_cut10-400-01-H-9mm-4000x10,im_val_cut10-400-01-H-9mm-4000x10_8_3.png,0,0,0.099167,train,256,/content/drive/MyDrive/phase11-data/data/Steel1/images/im_val_cut10-400-01-H-9mm-4000x10_8_3.png,/content/drive/MyDrive/phase11-persistent/gt_boundaries/Steel1/im_val_cut10-400-01-H-9mm-4000x10_8_3.png,0,0,256,256,0,0
Steel1/im_val_cut10-400-01-H-9mm-4000x10_8_4/x0_y0,Steel1,im_val_cut10-400-01-H-9mm-4000x10,im_val_cut10-400-01-H-9mm-4000x10_8_4.png,0,0,0.085266,train,256,/content/drive/MyDrive/phase11-data/data/Steel1/images/im_val_cut10-400-01-H-9mm-4000x10_8_4.png,/content/drive/MyDrive/phase11-persistent/gt_boundaries/Steel1/im_val_cut10-400-01-H-9mm-4000x10_8_4.png,0,0,256,256,0,0
Steel1/im_val_cut10-400-01-H-9mm-4000x10_8_5/x0_y0,Steel1,im_val_cut10-400-01-H-9mm-4000x10,im_val_cut10-400-01-H-9mm-4000x10_8_5.png,0,0,0.070068,train,256,/content/drive/MyDrive/phase11-data/data/Steel1/images/im_val_cut10-400-01-H-9mm-4000x10_8_5.png,/content/drive/MyDrive/phase11-persistent/gt_boundaries/Steel1/im_val_cut10-400-01-H-9mm-4000x10_8_5.png,0,0,256,256,0,0
Steel1/im_val_cut10-400-01-H-9mm-4000x10_8_6/x0_y0,Steel1,im_val_cut10-400-01-H-9mm-4000x10,im_val_cut10-400-01-H-9mm-4000x10_8_6.png,0,0,0.066666,train,256,/content/drive/MyDrive/phase11-data/data/Steel1/images/im_val_cut10-400-01-H-9mm-4000x10_8_6.png,/content/drive/MyDrive/phase11-persistent/gt_boundaries/Steel1/im_val_cut10-400-01-H-9mm-4000x10_8_6.png,0,0,256,256,0,0
Steel1/im_val_cut10-400-01-H-9mm-4000x12_1_1/x0_y0,Steel1,im_val_cut10-400-01-H-9mm-4000x12,im_val_cut10-400-01-H-9mm-4000x12_1_1.png,0,0,0.088516,train,256,/content/drive/MyDrive/phase11-data/data/Steel1/images/im_val_cut10-400-01-H-9mm-4000x12_1_1.png,/content/drive/MyDrive/phase11-persistent/gt_boundaries/Steel1/im_val_cut10-400-01-H-9mm-4000x12_1_1.png,0,0,256,256,0,0
Steel1/im_val_cut10-400-01-H-9mm-4000x12_1_2/x0_y0,Steel1,im_val_cut10-400-01-H-9mm-4000x12,im_val_cut10-400-01-H-9mm-4000x12_1_2.png,0,0,0.112793,train,256,/content/drive/MyDrive/phase11-data/data/Steel1/images/im_val_cut10-400-01-H-9mm-4000x12_1_2.png,/content/drive/MyDrive/phase11-persistent/gt_boundaries/Steel1/im_val_cut10-400-01-H-9mm-4000x12_1_2.png,0,0,256,256,0,0
Steel1/im_val_cut10-400-01-H-9mm-4000x12_1_3/x0_y0,Steel1,im_val_cut10-400-01-H-9mm-4000x12,im_val_cut10-400-01-H-9mm-4000x12_1_3.png,0,0,0.08284,train,256,/content/drive/MyDrive/phase11-data/data/Steel1/images/im_val_cut10-400-01-H-9mm-4000x12_1_3.png,/content/drive/MyDrive/phase11-persistent/gt_boundaries/Steel1/im_val_cut10-400-01-H-9mm-4000x12_1_3.png,0,0,256,256,0,0
Steel1/im_val_cut10-400-01-H-9mm-4000x12_1_4/x0_y0,Steel1,im_val_cut10-400-01-H-9mm-4000x12,im_val_cut10-400-01-H-9mm-4000x12_1_4.png,0,0,0.109314,train,256,/content/drive/MyDrive/phase11-data/data/Steel1/images/im_val_cut10-400-01-H-9mm-4000x12_1_4.png,/content/drive/MyDrive/phase11-persistent/gt_boundaries/Steel1/im_val_cut10-400-01-H-9mm-4000x12_1_4.png,0,0,256,256,0,0
Steel1/im_val_cut10-400-01-H-9mm-4000x12_1_5/x0_y0,Steel1,im_val_cut10-400-01-H-9mm-4000x12,im_val_cut10-400-01-H-9mm-4000x12_1_5.png,0,0,0.099213,train,256,/content/drive/MyDrive/phase11-data/data/Steel1/images/im_val_cut10-400-01-H-9mm-4000x12_1_5.png,/content/drive/MyDrive/phase11-persistent/gt_boundaries/Steel1/im_val_cut10-400-01-H-9mm-4000x12_1_5.png,0,0,256,256,0,0
Steel1/im_val_cut10-400-01-H-9mm-4000x12_1_6/x0_y0,Steel1,im_val_cut10-400-01-H-9mm-4000x12,im_val_cut10-400-01-H-9mm-4000x12_1_6.png,0,0,0.079895,train,256,/content/drive/MyDrive/phase11-data/data/Steel1/images/im_val_cut10-400-01-H-9mm-4000x12_1_6.png,/content/drive/MyDrive/phase11-persistent/gt_boundaries/Steel1/im_val_cut10-400-01-H-9mm-4000x12_1_6.png,0,0,256,256,0,0
Steel1/im_val_cut10-400-01-H-9mm-4000x12_2_1/x0_y0,Steel1,im_val_cut10-400-01-H-9mm-4000x12,im_val_cut10-400-01-H-9mm-4000x12_2_1.png,0,0,0.058044,train,256,/content/drive/MyDrive/phase11-data/data/Steel1/images/im_val_cut10-400-01-H-9mm-4000x12_2_1.png,/content/drive/MyDrive/phase11-persistent/gt_boundaries/Steel1/im_val_cut10-400-01-H-9mm-4000x12_2_1.png,0,0,256,256,0,0
Steel1/im_val_cut10-400-01-H-9mm-4000x12_2_2/x0_y0,Steel1,im_val_cut10-400-01-H-9mm-4000x12,im_val_cut10-400-01-H-9mm-4000x12_2_2.png,0,0,0.063095,train,256,/content/drive/MyDrive/phase11-data/data/Steel1/images/im_val_cut10-400-01-H-9mm-4000x12_2_2.png,/content/drive/MyDrive/phase11-persistent/gt_boundaries/Steel1/im_val_cut10-400-01-H-9mm-4000x12_2_2.png,0,0,256,256,0,0
Steel1/im_val_cut10-400-01-H-9mm-4000x12_2_3/x0_y0,Steel1,im_val_cut10-400-01-H-9mm-4000x12,im_val_cut10-400-01-H-9mm-4000x12_2_3.png,0,0,0.094711,train,256,/content/drive/MyDrive/phase11-data/data/Steel1/images/im_val_cut10-400-01-H-9mm-4000x12_2_3.png,/content/drive/MyDrive/phase11-persistent/gt_boundaries/Steel1/im_val_cut10-400-01-H-9mm-4000x12_2_3.png,0,0,256,256,0,0
Steel1/im_val_cut10-400-01-H-9mm-4000x12_2_4/x0_y0,Steel1,im_val_cut10-400-01-H-9mm-4000x12,im_val_cut10-400-01-H-9mm-4000x12_2_4.png,0,0,0.072159,train,256,/content/drive/MyDrive/phase11-data/data/Steel1/images/im_val_cut10-400-01-H-9mm-4000x12_2_4.png,/content/drive/MyDrive/phase11-persistent/gt_boundaries/Steel1/im_val_cut10-400-01-H-9mm-4000x12_2_4.png,0,0,256,256,0,0
Steel1/im_val_cut10-400-01-H-9mm-4000x12_2_5/x0_y0,Steel1,im_val_cut10-400-01-H-9mm-4000x12,im_val_cut10-400-01-H-9mm-4000x12_2_5.png,0,0,0.120605,train,256,/content/drive/MyDrive/phase11-data/data/Steel1/images/im_val_cut10-400-01-H-9mm-4000x12_2_5.png,/content/drive/MyDrive/phase11-persistent/gt_boundaries/Steel1/im_val_cut10-400-01-H-9mm-4000x12_2_5.png,0,0,256,256,0,0
Steel1/im_val_cut10-400-01-H-9mm-4000x12_2_6/x0_y0,Steel1,im_val_cut10-400-01-H-9mm-4000x12,im_val_cut10-400-01-H-9mm-4000x12_2_6.png,0,0,0.10112,train,256,/content/drive/MyDrive/phase11-data/data/Steel1/images/im_val_cut10-400-01-H-9mm-4000x12_2_6.png,/content/drive/MyDrive/phase11-persistent/gt_boundaries/Steel1/im_val_cut10-400-01-H-9mm-4000x12_2_6.png,0,0,256,256,0,0
Steel1/im_val_cut10-400-01-H-9mm-4000x12_3_1/x0_y0,Steel1,im_val_cut10-400-01-H-9mm-4000x12,im_val_cut10-400-01-H-9mm-4000x12_3_1.png,0,0,0.109192,train,256,/content/drive/MyDrive/phase11-data/data/Steel1/images/im_val_cut10-400-01-H-9mm-4000x12_3_1.png,/content/drive/MyDrive/phase11-persistent/gt_boundaries/Steel1/im_val_cut10-400-01-H-9mm-4000x12_3_1.png,0,0,256,256,0,0
Steel1/im_val_cut10-400-01-H-9mm-4000x12_3_2/x0_y0,Steel1,im_val_cut10-400-01-H-9mm-4000x12,im_val_cut10-400-01-H-9mm-4000x12_3_2.png,0,0,0.102768,train,256,/content/drive/MyDrive/phase11-data/data/Steel1/images/im_val_cut10-400-01-H-9mm-4000x12_3_2.png,/content/drive/MyDrive/phase11-persistent/gt_boundaries/Steel1/im_val_cut10-400-01-H-9mm-4000x12_3_2.png,0,0,256,256,0,0
Steel1/im_val_cut10-400-01-H-9mm-4000x12_3_3/x0_y0,Steel1,im_val_cut10-400-01-H-9mm-4000x12,im_val_cut10-400-01-H-9mm-4000x12_3_3.png,0,0,0.128311,train,256,/content/drive/MyDrive/phase11-data/data/Steel1/images/im_val_cut10-400-01-H-9mm-4000x12_3_3.png,/content/drive/MyDrive/phase11-persistent/gt_boundaries/Steel1/im_val_cut10-400-01-H-9mm-4000x12_3_3.png,0,0,256,256,0,0
Steel1/im_val_cut10-400-01-H-9mm-4000x12_3_4/x0_y0,Steel1,im_val_cut10-400-01-H-9mm-4000x12,im_val_cut10-400-01-H-9mm-4000x12_3_4.png,0,0,0.061264,train,256,/content/drive/MyDrive/phase11-data/data/Steel1/images/im_val_cut10-400-01-H-9mm-4000x12_3_4.png,/content/drive/MyDrive/phase11-persistent/gt_boundaries/Steel1/im_val_cut10-400-01-H-9mm-4000x12_3_4.png,0,0,256,256,0,0
Steel1/im_val_cut10-400-01-H-9mm-4000x12_3_5/x0_y0,Steel1,im_val_cut10-400-01-H-9mm-4000x12,im_val_cut10-400-01-H-9mm-4000x12_3_5.png,0,0,0.078735,train,256,/content/drive/MyDrive/phase11-data/data/Steel1/images/im_val_cut10-400-01-H-9mm-4000x12_3_5.png,/content/drive/MyDrive/phase11-persistent/gt_boundaries/Steel1/im_val_cut10-400-01-H-9mm-4000x12_3_5.png,0,0,256,256,0,0
Steel1/im_val_cut10-400-01-H-9mm-4000x12_3_6/x0_y0,Steel1,im_val_cut10-400-01-H-9mm-4000x12,im_val_cut10-400-01-H-9mm-4000x12_3_6.png,0,0,0.127197,train,256,/content/drive/MyDrive/phase11-data/data/Steel1/images/im_val_cut10-400-01-H-9mm-4000x12_3_6.png,/content/drive/MyDrive/phase11-persistent/gt_boundaries/Steel1/im_val_cut10-400-01-H-9mm-4000x12_3_6.png,0,0,256,256,0,0
Steel1/im_val_cut10-400-01-H-9mm-4000x12_4_1/x0_y0,Steel1,im_val_cut10-400-01-H-9mm-4000x12,im_val_cut10-400-01-H-9mm-4000x12_4_1.png,0,0,0.097427,train,256,/content/drive/MyDrive/phase11-data/data/Steel1/images/im_val_cut10-400-01-H-9mm-4000x12_4_1.png,/content/drive/MyDrive/phase11-persistent/gt_boundaries/Steel1/im_val_cut10-400-01-H-9mm-4000x12_4_1.png,0,0,256,256,0,0
Steel1/im_val_cut10-400-01-H-9mm-4000x12_4_2/x0_y0,Steel1,im_val_cut10-400-01-H-9mm-4000x12,im_val_cut10-400-01-H-9mm-4000x12_4_2.png,0,0,0.096909,train,256,/content/drive/MyDrive/phase11-data/data/Steel1/images/im_val_cut10-400-01-H-9mm-4000x12_4_2.png,/content/drive/MyDrive/phase11-persistent/gt_boundaries/Steel1/im_val_cut10-400-01-H-9mm-4000x12_4_2.png,0,0,256,256,0,0
Steel1/im_val_cut10-400-01-H-9mm-4000x12_4_3/x0_y0,Steel1,im_val_cut10-400-01-H-9mm-4000x12,im_val_cut10-400-01-H-9mm-4000x12_4_3.png,0,0,0.087769,train,256,/content/drive/MyDrive/phase11-data/data/Steel1/images/im_val_cut10-400-01-H-9mm-4000x12_4_3.png,/content/drive/MyDrive/phase11-persistent/gt_boundaries/Steel1/im_val_cut10-400-01-H-9mm-4000x12_4_3.png,0,0,256,256,0,0
Steel1/im_val_cut10-400-01-H-9mm-4000x12_4_4/x0_y0,Steel1,im_val_cut10-400-01-H-9mm-4000x12,im_val_cut10-400-01-H-9mm-4000x12_4_4.png,0,0,0.092682,train,256,/content/drive/MyDrive/phase11-data/data/Steel1/images/im_val_cut10-400-01-H-9mm-4000x12_4_4.png,/content/drive/MyDrive/phase11-persistent/gt_boundaries/Steel1/im_val_cut10-400-01-H-9mm-4000x12_4_4.png,0,0,256,256,0,0
Steel1/im_val_cut10-400-01-H-9mm-4000x12_4_5/x0_y0,Steel1,im_val_cut10-400-01-H-9mm-4000x12,im_val_cut10-400-01-H-9mm-4000x12_4_5.png,0,0,0.09726,train,256,/content/drive/MyDrive/phase11-data/data/Steel1/images/im_val_cut10-400-01-H-9mm-4000x12_4_5.png,/content/drive/MyDrive/phase11-persistent/gt_boundaries/Steel1/im_val_cut10-400-01-H-9mm-4000x12_4_5.png,0,0,256,256,0,0
Steel1/im_val_cut10-400-01-H-9mm-4000x12_4_6/x0_y0,Steel1,im_val_cut10-400-01-H-9mm-4000x12,im_val_cut10-400-01-H-9mm-4000x12_4_6.png,0,0,0.085358,train,256,/content/drive/MyDrive/phase11-data/data/Steel1/images/im_val_cut10-400-01-H-9mm-4000x12_4_6.png,/content/drive/MyDrive/phase11-persistent/gt_boundaries/Steel1/im_val_cut10-400-01-H-9mm-4000x12_4_6.png,0,0,256,256,0,0
Steel1/im_val_cut10-400-01-H-9mm-4000x12_5_1/x0_y0,Steel1,im_val_cut10-400-01-H-9mm-4000x12,im_val_cut10-400-01-H-9mm-4000x12_5_1.png,0,0,0.103073,train,256,/content/drive/MyDrive/phase11-data/data/Steel1/images/im_val_cut10-400-01-H-9mm-4000x12_5_1.png,/content/drive/MyDrive/phase11-persistent/gt_boundaries/Steel1/im_val_cut10-400-01-H-9mm-4000x12_5_1.png,0,0,256,256,0,0
Steel1/im_val_cut10-400-01-H-9mm-4000x12_5_2/x0_y0,Steel1,im_val_cut10-400-01-H-9mm-4000x12,im_val_cut10-400-01-H-9mm-4000x12_5_2.png,0,0,0.113113,train,256,/content/drive/MyDrive/phase11-data/data/Steel1/images/im_val_cut10-400-01-H-9mm-4000x12_5_2.png,/content/drive/MyDrive/phase11-persistent/gt_boundaries/Steel1/im_val_cut10-400-01-H-9mm-4000x12_5_2.png,0,0,256,256,0,0
Steel1/im_val_cut10-400-01-H-9mm-4000x12_5_3/x0_y0,Steel1,im_val_cut10-400-01-H-9mm-4000x12,im_val_cut10-400-01-H-9mm-4000x12_5_3.png,0,0,0.043274,train,256,/content/drive/MyDrive/phase11-data/data/Steel1/images/im_val_cut10-400-01-H-9mm-4000x12_5_3.png,/content/drive/MyDrive/phase11-persistent/gt_boundaries/Steel1/im_val_cut10-400-01-H-9mm-4000x12_5_3.png,0,0,256,256,0,0
Steel1/im_val_cut10-400-01-H-9mm-4000x12_5_4/x0_y0,Steel1,im_val_cut10-400-01-H-9mm-4000x12,im_val_cut10-400-01-H-9mm-4000x12_5_4.png,0,0,0.082718,train,256,/content/drive/MyDrive/phase11-data/data/Steel1/images/im_val_cut10-400-01-H-9mm-4000x12_5_4.png,/content/drive/MyDrive/phase11-persistent/gt_boundaries/Steel1/im_val_cut10-400-01-H-9mm-4000x12_5_4.png,0,0,256,256,0,0
Steel1/im_val_cut10-400-01-H-9mm-4000x12_5_5/x0_y0,Steel1,im_val_cut10-400-01-H-9mm-4000x12,im_val_cut10-400-01-H-9mm-4000x12_5_5.png,0,0,0.057922,train,256,/content/drive/MyDrive/phase11-data/data/Steel1/images/im_val_cut10-400-01-H-9mm-4000x12_5_5.png,/content/drive/MyDrive/phase11-persistent/gt_boundaries/Steel1/im_val_cut10-400-01-H-9mm-4000x12_5_5.png,0,0,256,256,0,0
Steel1/im_val_cut10-400-01-H-9mm-4000x12_5_6/x0_y0,Steel1,im_val_cut10-400-01-H-9mm-4000x12,im_val_cut10-400-01-H-9mm-4000x12_5_6.png,0,0,0.108109,train,256,/content/drive/MyDrive/phase11-data/data/Steel1/images/im_val_cut10-400-01-H-9mm-4000x12_5_6.png,/content/drive/MyDrive/phase11-persistent/gt_boundaries/Steel1/im_val_cut10-400-01-H-9mm-4000x12_5_6.png,0,0,256,256,0,0
Steel1/im_val_cut10-400-01-H-9mm-4000x12_6_1/x0_y0,Steel1,im_val_cut10-400-01-H-9mm-4000x12,im_val_cut10-400-01-H-9mm-4000x12_6_1.png,0,0,0.061707,train,256,/content/drive/MyDrive/phase11-data/data/Steel1/images/im_val_cut10-400-01-H-9mm-4000x12_6_1.png,/content/drive/MyDrive/phase11-persistent/gt_boundaries/Steel1/im_val_cut10-400-01-H-9mm-4000x12_6_1.png,0,0,256,256,0,0
Steel1/im_val_cut10-400-01-H-9mm-4000x12_6_2/x0_y0,Steel1,im_val_cut10-400-01-H-9mm-4000x12,im_val_cut10-400-01-H-9mm-4000x12_6_2.png,0,0,0.050842,train,256,/content/drive/MyDrive/phase11-data/data/Steel1/images/im_val_cut10-400-01-H-9mm-4000x12_6_2.png,/content/drive/MyDrive/phase11-persistent/gt_boundaries/Steel1/im_val_cut10-400-01-H-9mm-4000x12_6_2.png,0,0,256,256,0,0
Steel1/im_val_cut10-400-01-H-9mm-4000x12_6_3/x0_y0,Steel1,im_val_cut10-400-01-H-9mm-4000x12,im_val_cut10-400-01-H-9mm-4000x12_6_3.png,0,0,0.060745,train,256,/content/drive/MyDrive/phase11-data/data/Steel1/images/im_val_cut10-400-01-H-9mm-4000x12_6_3.png,/content/drive/MyDrive/phase11-persistent/gt_boundaries/Steel1/im_val_cut10-400-01-H-9mm-4000x12_6_3.png,0,0,256,256,0,0
Steel1/im_val_cut10-400-01-H-9mm-4000x12_6_4/x0_y0,Steel1,im_val_cut10-400-01-H-9mm-4000x12,im_val_cut10-400-01-H-9mm-4000x12_6_4.png,0,0,0.090347,train,256,/content/drive/MyDrive/phase11-data/data/Steel1/images/im_val_cut10-400-01-H-9mm-4000x12_6_4.png,/content/drive/MyDrive/phase11-persistent/gt_boundaries/Steel1/im_val_cut10-400-01-H-9mm-4000x12_6_4.png,0,0,256,256,0,0
Steel1/im_val_cut10-400-01-H-9mm-4000x12_6_5/x0_y0,Steel1,im_val_cut10-400-01-H-9mm-4000x12,im_val_cut10-400-01-H-9mm-4000x12_6_5.png,0,0,0.113144,train,256,/content/drive/MyDrive/phase11-data/data/Steel1/images/im_val_cut10-400-01-H-9mm-4000x12_6_5.png,/content/drive/MyDrive/phase11-persistent/gt_boundaries/Steel1/im_val_cut10-400-01-H-9mm-4000x12_6_5.png,0,0,256,256,0,0
Steel1/im_val_cut10-400-01-H-9mm-4000x12_6_6/x0_y0,Steel1,im_val_cut10-400-01-H-9mm-4000x12,im_val_cut10-400-01-H-9mm-4000x12_6_6.png,0,0,0.054337,train,256,/content/drive/MyDrive/phase11-data/data/Steel1/images/im_val_cut10-400-01-H-9mm-4000x12_6_6.png,/content/drive/MyDrive/phase11-persistent/gt_boundaries/Steel1/im_val_cut10-400-01-H-9mm-4000x12_6_6.png,0,0,256,256,0,0
Steel1/im_val_cut10-400-01-H-9mm-4000x12_7_1/x0_y0,Steel1,im_val_cut10-400-01-H-9mm-4000x12,im_val_cut10-400-01-H-9mm-4000x12_7_1.png,0,0,0.07373,train,256,/content/drive/MyDrive/phase11-data/data/Steel1/images/im_val_cut10-400-01-H-9mm-4000x12_7_1.png,/content/drive/MyDrive/phase11-persistent/gt_boundaries/Steel1/im_val_cut10-400-01-H-9mm-4000x12_7_1.png,0,0,256,256,0,0
Steel1/im_val_cut10-400-01-H-9mm-4000x12_7_2/x0_y0,Steel1,im_val_cut10-400-01-H-9mm-4000x12,im_val_cut10-400-01-H-9mm-4000x12_7_2.png,0,0,0.048111,train,256,/content/drive/MyDrive/phase11-data/data/Steel1/images/im_val_cut10-400-01-H-9mm-4000x12_7_2.png,/content/drive/MyDrive/phase11-persistent/gt_boundaries/Steel1/im_val_cut10-400-01-H-9mm-4000x12_7_2.png,0,0,256,256,0,0
Steel1/im_val_cut10-400-01-H-9mm-4000x12_7_3/x0_y0,Steel1,im_val_cut10-400-01-H-9mm-4000x12,im_val_cut10-400-01-H-9mm-4000x12_7_3.png,0,0,0.058762,train,256,/content/drive/MyDrive/phase11-data/data/Steel1/images/im_val_cut10-400-01-H-9mm-4000x12_7_3.png,/content/drive/MyDrive/phase11-persistent/gt_boundaries/Steel1/im_val_cut10-400-01-H-9mm-4000x12_7_3.png,0,0,256,256,0,0
Steel1/im_val_cut10-400-01-H-9mm-4000x12_7_4/x0_y0,Steel1,im_val_cut10-400-01-H-9mm-4000x12,im_val_cut10-400-01-H-9mm-4000x12_7_4.png,0,0,0.130432,train,256,/content/drive/MyDrive/phase11-data/data/Steel1/images/im_val_cut10-400-01-H-9mm-4000x12_7_4.png,/content/drive/MyDrive/phase11-persistent/gt_boundaries/Steel1/im_val_cut10-400-01-H-9mm-4000x12_7_4.png,0,0,256,256,0,0
Steel1/im_val_cut10-400-01-H-9mm-4000x12_7_5/x0_y0,Steel1,im_val_cut10-400-01-H-9mm-4000x12,im_val_cut10-400-01-H-9mm-4000x12_7_5.png,0,0,0.111588,train,256,/content/drive/MyDrive/phase11-data/data/Steel1/images/im_val_cut10-400-01-H-9mm-4000x12_7_5.png,/content/drive/MyDrive/phase11-persistent/gt_boundaries/Steel1/im_val_cut10-400-01-H-9mm-4000x12_7_5.png,0,0,256,256,0,0
Steel1/im_val_cut10-400-01-H-9mm-4000x12_7_6/x0_y0,Steel1,im_val_cut10-400-01-H-9mm-4000x12,im_val_cut10-400-01-H-9mm-4000x12_7_6.png,0,0,0.067291,train,256,/content/drive/MyDrive/phase11-data/data/Steel1/images/im_val_cut10-400-01-H-9mm-4000x12_7_6.png,/content/drive/MyDrive/phase11-persistent/gt_boundaries/Steel1/im_val_cut10-400-01-H-9mm-4000x12_7_6.png,0,0,256,256,0,0
Steel1/im_val_cut10-400-01-H-9mm-4000x12_8_1/x0_y0,Steel1,im_val_cut10-400-01-H-9mm-4000x12,im_val_cut10-400-01-H-9mm-4000x12_8_1.png,0,0,0.089172,train,256,/content/drive/MyDrive/phase11-data/data/Steel1/images/im_val_cut10-400-01-H-9mm-4000x12_8_1.png,/content/drive/MyDrive/phase11-persistent/gt_boundaries/Steel1/im_val_cut10-400-01-H-9mm-4000x12_8_1.png,0,0,256,256,0,0
Steel1/im_val_cut10-400-01-H-9mm-4000x12_8_2/x0_y0,Steel1,im_val_cut10-400-01-H-9mm-4000x12,im_val_cut10-400-01-H-9mm-4000x12_8_2.png,0,0,0.067902,train,256,/content/drive/MyDrive/phase11-data/data/Steel1/images/im_val_cut10-400-01-H-9mm-4000x12_8_2.png,/content/drive/MyDrive/phase11-persistent/gt_boundaries/Steel1/im_val_cut10-400-01-H-9mm-4000x12_8_2.png,0,0,256,256,0,0
Steel1/im_val_cut10-400-01-H-9mm-4000x12_8_3/x0_y0,Steel1,im_val_cut10-400-01-H-9mm-4000x12,im_val_cut10-400-01-H-9mm-4000x12_8_3.png,0,0,0.087967,train,256,/content/drive/MyDrive/phase11-data/data/Steel1/images/im_val_cut10-400-01-H-9mm-4000x12_8_3.png,/content/drive/MyDrive/phase11-persistent/gt_boundaries/Steel1/im_val_cut10-400-01-H-9mm-4000x12_8_3.png,0,0,256,256,0,0
Steel1/im_val_cut10-400-01-H-9mm-4000x12_8_4/x0_y0,Steel1,im_val_cut10-400-01-H-9mm-4000x12,im_val_cut10-400-01-H-9mm-4000x12_8_4.png,0,0,0.094635,train,256,/content/drive/MyDrive/phase11-data/data/Steel1/images/im_val_cut10-400-01-H-9mm-4000x12_8_4.png,/content/drive/MyDrive/phase11-persistent/gt_boundaries/Steel1/im_val_cut10-400-01-H-9mm-4000x12_8_4.png,0,0,256,256,0,0
Steel1/im_val_cut10-400-01-H-9mm-4000x12_8_5/x0_y0,Steel1,im_val_cut10-400-01-H-9mm-4000x12,im_val_cut10-400-01-H-9mm-4000x12_8_5.png,0,0,0.129562,train,256,/content/drive/MyDrive/phase11-data/data/Steel1/images/im_val_cut10-400-01-H-9mm-4000x12_8_5.png,/content/drive/MyDrive/phase11-persistent/gt_boundaries/Steel1/im_val_cut10-400-01-H-9mm-4000x12_8_5.png,0,0,256,256,0,0
Steel1/im_val_cut10-400-01-H-9mm-4000x12_8_6/x0_y0,Steel1,im_val_cut10-400-01-H-9mm-4000x12,im_val_cut10-400-01-H-9mm-4000x12_8_6.png,0,0,0.050049,train,256,/content/drive/MyDrive/phase11-data/data/Steel1/images/im_val_cut10-400-01-H-9mm-4000x12_8_6.png,/content/drive/MyDrive/phase11-persistent/gt_boundaries/Steel1/im_val_cut10-400-01-H-9mm-4000x12_8_6.png,0,0,256,256,0,0
Steel1/im_val_cut10-400-01-V-12mm-4000x16_1_1/x0_y0,Steel1,im_val_cut10-400-01-V-12mm-4000x16,im_val_cut10-400-01-V-12mm-4000x16_1_1.png,0,0,0.082611,train,256,/content/drive/MyDrive/phase11-data/data/Steel1/images/im_val_cut10-400-01-V-12mm-4000x16_1_1.png,/content/drive/MyDrive/phase11-persistent/gt_boundaries/Steel1/im_val_cut10-400-01-V-12mm-4000x16_1_1.png,0,0,256,256,0,0
Steel1/im_val_cut10-400-01-V-12mm-4000x16_1_2/x0_y0,Steel1,im_val_cut10-400-01-V-12mm-4000x16,im_val_cut10-400-01-V-12mm-4000x16_1_2.png,0,0,0.092636,train,256,/content/drive/MyDrive/phase11-data/data/Steel1/images/im_val_cut10-400-01-V-12mm-4000x16_1_2.png,/content/drive/MyDrive/phase11-persistent/gt_boundaries/Steel1/im_val_cut10-400-01-V-12mm-4000x16_1_2.png,0,0,256,256,0,0
Steel1/im_val_cut10-400-01-V-12mm-4000x16_1_3/x0_y0,Steel1,im_val_cut10-400-01-V-12mm-4000x16,im_val_cut10-400-01-V-12mm-4000x16_1_3.png,0,0,0.044479,train,256,/content/drive/MyDrive/phase11-data/data/Steel1/images/im_val_cut10-400-01-V-12mm-4000x16_1_3.png,/content/drive/MyDrive/phase11-persistent/gt_boundaries/Steel1/im_val_cut10-400-01-V-12mm-4000x16_1_3.png,0,0,256,256,0,0
Steel1/im_val_cut10-400-01-V-12mm-4000x16_1_4/x0_y0,Steel1,im_val_cut10-400-01-V-12mm-4000x16,im_val_cut10-400-01-V-12mm-4000x16_1_4.png,0,0,0.083511,train,256,/content/drive/MyDrive/phase11-data/data/Steel1/images/im_val_cut10-400-01-V-12mm-4000x16_1_4.png,/content/drive/MyDrive/phase11-persistent/gt_boundaries/Steel1/im_val_cut10-400-01-V-12mm-4000x16_1_4.png,0,0,256,256,0,0
Steel1/im_val_cut10-400-01-V-12mm-4000x16_1_5/x0_y0,Steel1,im_val_cut10-400-01-V-12mm-4000x16,im_val_cut10-400-01-V-12mm-4000x16_1_5.png,0,0,0.062256,train,256,/content/drive/MyDrive/phase11-data/data/Steel1/images/im_val_cut10-400-01-V-12mm-4000x16_1_5.png,/content/drive/MyDrive/phase11-persistent/gt_boundaries/Steel1/im_val_cut10-400-01-V-12mm-4000x16_1_5.png,0,0,256,256,0,0
Steel1/im_val_cut10-400-01-V-12mm-4000x16_1_6/x0_y0,Steel1,im_val_cut10-400-01-V-12mm-4000x16,im_val_cut10-400-01-V-12mm-4000x16_1_6.png,0,0,0.096268,train,256,/content/drive/MyDrive/phase11-data/data/Steel1/images/im_val_cut10-400-01-V-12mm-4000x16_1_6.png,/content/drive/MyDrive/phase11-persistent/gt_boundaries/Steel1/im_val_cut10-400-01-V-12mm-4000x16_1_6.png,0,0,256,256,0,0
Steel1/im_val_cut10-400-01-V-12mm-4000x16_2_1/x0_y0,Steel1,im_val_cut10-400-01-V-12mm-4000x16,im_val_cut10-400-01-V-12mm-4000x16_2_1.png,0,0,0.096512,train,256,/content/drive/MyDrive/phase11-data/data/Steel1/images/im_val_cut10-400-01-V-12mm-4000x16_2_1.png,/content/drive/MyDrive/phase11-persistent/gt_boundaries/Steel1/im_val_cut10-400-01-V-12mm-4000x16_2_1.png,0,0,256,256,0,0
Steel1/im_val_cut10-400-01-V-12mm-4000x16_2_2/x0_y0,Steel1,im_val_cut10-400-01-V-12mm-4000x16,im_val_cut10-400-01-V-12mm-4000x16_2_2.png,0,0,0.112427,train,256,/content/drive/MyDrive/phase11-data/data/Steel1/images/im_val_cut10-400-01-V-12mm-4000x16_2_2.png,/content/drive/MyDrive/phase11-persistent/gt_boundaries/Steel1/im_val_cut10-400-01-V-12mm-4000x16_2_2.png,0,0,256,256,0,0
Steel1/im_val_cut10-400-01-V-12mm-4000x16_2_3/x0_y0,Steel1,im_val_cut10-400-01-V-12mm-4000x16,im_val_cut10-400-01-V-12mm-4000x16_2_3.png,0,0,0.048019,train,256,/content/drive/MyDrive/phase11-data/data/Steel1/images/im_val_cut10-400-01-V-12mm-4000x16_2_3.png,/content/drive/MyDrive/phase11-persistent/gt_boundaries/Steel1/im_val_cut10-400-01-V-12mm-4000x16_2_3.png,0,0,256,256,0,0
Steel1/im_val_cut10-400-01-V-12mm-4000x16_2_4/x0_y0,Steel1,im_val_cut10-400-01-V-12mm-4000x16,im_val_cut10-400-01-V-12mm-4000x16_2_4.png,0,0,0.046387,train,256,/content/drive/MyDrive/phase11-data/data/Steel1/images/im_val_cut10-400-01-V-12mm-4000x16_2_4.png,/content/drive/MyDrive/phase11-persistent/gt_boundaries/Steel1/im_val_cut10-400-01-V-12mm-4000x16_2_4.png,0,0,256,256,0,0
Steel1/im_val_cut10-400-01-V-12mm-4000x16_2_5/x0_y0,Steel1,im_val_cut10-400-01-V-12mm-4000x16,im_val_cut10-400-01-V-12mm-4000x16_2_5.png,0,0,0.035751,train,256,/content/drive/MyDrive/phase11-data/data/Steel1/images/im_val_cut10-400-01-V-12mm-4000x16_2_5.png,/content/drive/MyDrive/phase11-persistent/gt_boundaries/Steel1/im_val_cut10-400-01-V-12mm-4000x16_2_5.png,0,0,256,256,0,0
Steel1/im_val_cut10-400-01-V-12mm-4000x16_2_6/x0_y0,Steel1,im_val_cut10-400-01-V-12mm-4000x16,im_val_cut10-400-01-V-12mm-4000x16_2_6.png,0,0,0.106369,train,256,/content/drive/MyDrive/phase11-data/data/Steel1/images/im_val_cut10-400-01-V-12mm-4000x16_2_6.png,/content/drive/MyDrive/phase11-persistent/gt_boundaries/Steel1/im_val_cut10-400-01-V-12mm-4000x16_2_6.png,0,0,256,256,0,0
Steel1/im_val_cut10-400-01-V-12mm-4000x16_3_1/x0_y0,Steel1,im_val_cut10-400-01-V-12mm-4000x16,im_val_cut10-400-01-V-12mm-4000x16_3_1.png,0,0,0.103348,train,256,/content/drive/MyDrive/phase11-data/data/Steel1/images/im_val_cut10-400-01-V-12mm-4000x16_3_1.png,/content/drive/MyDrive/phase11-persistent/gt_boundaries/Steel1/im_val_cut10-400-01-V-12mm-4000x16_3_1.png,0,0,256,256,0,0
Steel1/im_val_cut10-400-01-V-12mm-4000x16_3_2/x0_y0,Steel1,im_val_cut10-400-01-V-12mm-4000x16,im_val_cut10-400-01-V-12mm-4000x16_3_2.png,0,0,0.115067,train,256,/content/drive/MyDrive/phase11-data/data/Steel1/images/im_val_cut10-400-01-V-12mm-4000x16_3_2.png,/content/drive/MyDrive/phase11-persistent/gt_boundaries/Steel1/im_val_cut10-400-01-V-12mm-4000x16_3_2.png,0,0,256,256,0,0
Steel1/im_val_cut10-400-01-V-12mm-4000x16_3_3/x0_y0,Steel1,im_val_cut10-400-01-V-12mm-4000x16,im_val_cut10-400-01-V-12mm-4000x16_3_3.png,0,0,0.09671,train,256,/content/drive/MyDrive/phase11-data/data/Steel1/images/im_val_cut10-400-01-V-12mm-4000x16_3_3.png,/content/drive/MyDrive/phase11-persistent/gt_boundaries/Steel1/im_val_cut10-400-01-V-12mm-4000x16_3_3.png,0,0,256,256,0,0
Steel1/im_val_cut10-400-01-V-12mm-4000x16_3_4/x0_y0,Steel1,im_val_cut10-400-01-V-12mm-4000x16,im_val_cut10-400-01-V-12mm-4000x16_3_4.png,0,0,0.07428,train,256,/content/drive/MyDrive/phase11-data/data/Steel1/images/im_val_cut10-400-01-V-12mm-4000x16_3_4.png,/content/drive/MyDrive/phase11-persistent/gt_boundaries/Steel1/im_val_cut10-400-01-V-12mm-4000x16_3_4.png,0,0,256,256,0,0
Steel1/im_val_cut10-400-01-V-12mm-4000x16_3_5/x0_y0,Steel1,im_val_cut10-400-01-V-12mm-4000x16,im_val_cut10-400-01-V-12mm-4000x16_3_5.png,0,0,0.07225,train,256,/content/drive/MyDrive/phase11-data/data/Steel1/images/im_val_cut10-400-01-V-12mm-4000x16_3_5.png,/content/drive/MyDrive/phase11-persistent/gt_boundaries/Steel1/im_val_cut10-400-01-V-12mm-4000x16_3_5.png,0,0,256,256,0,0
Steel1/im_val_cut10-400-01-V-12mm-4000x16_3_6/x0_y0,Steel1,im_val_cut10-400-01-V-12mm-4000x16,im_val_cut10-400-01-V-12mm-4000x16_3_6.png,0,0,0.08844,train,256,/content/drive/MyDrive/phase11-data/data/Steel1/images/im_val_cut10-400-01-V-12mm-4000x16_3_6.png,/content/drive/MyDrive/phase11-persistent/gt_boundaries/Steel1/im_val_cut10-400-01-V-12mm-4000x16_3_6.png,0,0,256,256,0,0
Steel1/im_val_cut10-400-01-V-12mm-4000x16_4_1/x0_y0,Steel1,im_val_cut10-400-01-V-12mm-4000x16,im_val_cut10-400-01-V-12mm-4000x16_4_1.png,0,0,0.129105,train,256,/content/drive/MyDrive/phase11-data/data/Steel1/images/im_val_cut10-400-01-V-12mm-4000x16_4_1.png,/content/drive/MyDrive/phase11-persistent/gt_boundaries/Steel1/im_val_cut10-400-01-V-12mm-4000x16_4_1.png,0,0,256,256,0,0
Steel1/im_val_cut10-400-01-V-12mm-4000x16_4_2/x0_y0,Steel1,im_val_cut10-400-01-V-12mm-4000x16,im_val_cut10-400-01-V-12mm-4000x16_4_2.png,0,0,0.12825,train,256,/content/drive/MyDrive/phase11-data/data/Steel1/images/im_val_cut10-400-01-V-12mm-4000x16_4_2.png,/content/drive/MyDrive/phase11-persistent/gt_boundaries/Steel1/im_val_cut10-400-01-V-12mm-4000x16_4_2.png,0,0,256,256,0,0
Steel1/im_val_cut10-400-01-V-12mm-4000x16_4_3/x0_y0,Steel1,im_val_cut10-400-01-V-12mm-4000x16,im_val_cut10-400-01-V-12mm-4000x16_4_3.png,0,0,0.162598,train,256,/content/drive/MyDrive/phase11-data/data/Steel1/images/im_val_cut10-400-01-V-12mm-4000x16_4_3.png,/content/drive/MyDrive/phase11-persistent/gt_boundaries/Steel1/im_val_cut10-400-01-V-12mm-4000x16_4_3.png,0,0,256,256,0,0
Steel1/im_val_cut10-400-01-V-12mm-4000x16_4_4/x0_y0,Steel1,im_val_cut10-400-01-V-12mm-4000x16,im_val_cut10-400-01-V-12mm-4000x16_4_4.png,0,0,0.158386,train,256,/content/drive/MyDrive/phase11-data/data/Steel1/images/im_val_cut10-400-01-V-12mm-4000x16_4_4.png,/content/drive/MyDrive/phase11-persistent/gt_boundaries/Steel1/im_val_cut10-400-01-V-12mm-4000x16_4_4.png,0,0,256,256,0,0
Steel1/im_val_cut10-400-01-V-12mm-4000x16_4_5/x0_y0,Steel1,im_val_cut10-400-01-V-12mm-4000x16,im_val_cut10-400-01-V-12mm-4000x16_4_5.png,0,0,0.146286,train,256,/content/drive/MyDrive/phase11-data/data/Steel1/images/im_val_cut10-400-01-V-12mm-4000x16_4_5.png,/content/drive/MyDrive/phase11-persistent/gt_boundaries/Steel1/im_val_cut10-400-01-V-12mm-4000x16_4_5.png,0,0,256,256,0,0
Steel1/im_val_cut10-400-01-V-12mm-4000x16_4_6/x0_y0,Steel1,im_val_cut10-400-01-V-12mm-4000x16,im_val_cut10-400-01-V-12mm-4000x16_4_6.png,0,0,0.111618,train,256,/content/drive/MyDrive/phase11-data/data/Steel1/images/im_val_cut10-400-01-V-12mm-4000x16_4_6.png,/content/drive/MyDrive/phase11-persistent/gt_boundaries/Steel1/im_val_cut10-400-01-V-12mm-4000x16_4_6.png,0,0,256,256,0,0
Steel1/im_val_cut10-400-01-V-12mm-4000x16_5_1/x0_y0,Steel1,im_val_cut10-400-01-V-12mm-4000x16,im_val_cut10-400-01-V-12mm-4000x16_5_1.png,0,0,0.054321,train,256,/content/drive/MyDrive/phase11-data/data/Steel1/images/im_val_cut10-400-01-V-12mm-4000x16_5_1.png,/content/drive/MyDrive/phase11-persistent/gt_boundaries/Steel1/im_val_cut10-400-01-V-12mm-4000x16_5_1.png,0,0,256,256,0,0
Steel1/im_val_cut10-400-01-V-12mm-4000x16_5_2/x0_y0,Steel1,im_val_cut10-400-01-V-12mm-4000x16,im_val_cut10-400-01-V-12mm-4000x16_5_2.png,0,0,0.075867,train,256,/content/drive/MyDrive/phase11-data/data/Steel1/images/im_val_cut10-400-01-V-12mm-4000x16_5_2.png,/content/drive/MyDrive/phase11-persistent/gt_boundaries/Steel1/im_val_cut10-400-01-V-12mm-4000x16_5_2.png,0,0,256,256,0,0
Steel1/im_val_cut10-400-01-V-12mm-4000x16_5_3/x0_y0,Steel1,im_val_cut10-400-01-V-12mm-4000x16,im_val_cut10-400-01-V-12mm-4000x16_5_3.png,0,0,0.08847,train,256,/content/drive/MyDrive/phase11-data/data/Steel1/images/im_val_cut10-400-01-V-12mm-4000x16_5_3.png,/content/drive/MyDrive/phase11-persistent/gt_boundaries/Steel1/im_val_cut10-400-01-V-12mm-4000x16_5_3.png,0,0,256,256,0,0
Steel1/im_val_cut10-400-01-V-12mm-4000x16_5_4/x0_y0,Steel1,im_val_cut10-400-01-V-12mm-4000x16,im_val_cut10-400-01-V-12mm-4000x16_5_4.png,0,0,0.107361,train,256,/content/drive/MyDrive/phase11-data/data/Steel1/images/im_val_cut10-400-01-V-12mm-4000x16_5_4.png,/content/drive/MyDrive/phase11-persistent/gt_boundaries/Steel1/im_val_cut10-400-01-V-12mm-4000x16_5_4.png,0,0,256,256,0,0
Steel1/im_val_cut10-400-01-V-12mm-4000x16_5_5/x0_y0,Steel1,im_val_cut10-400-01-V-12mm-4000x16,im_val_cut10-400-01-V-12mm-4000x16_5_5.png,0,0,0.148254,train,256,/content/drive/MyDrive/phase11-data/data/Steel1/images/im_val_cut10-400-01-V-12mm-4000x16_5_5.png,/content/drive/MyDrive/phase11-persistent/gt_boundaries/Steel1/im_val_cut10-400-01-V-12mm-4000x16_5_5.png,0,0,256,256,0,0
Steel1/im_val_cut10-400-01-V-12mm-4000x16_5_6/x0_y0,Steel1,im_val_cut10-400-01-V-12mm-4000x16,im_val_cut10-400-01-V-12mm-4000x16_5_6.png,0,0,0.108017,train,256,/content/drive/MyDrive/phase11-data/data/Steel1/images/im_val_cut10-400-01-V-12mm-4000x16_5_6.png,/content/drive/MyDrive/phase11-persistent/gt_boundaries/Steel1/im_val_cut10-400-01-V-12mm-4000x16_5_6.png,0,0,256,256,0,0
Steel1/im_val_cut10-400-01-V-12mm-4000x16_6_1/x0_y0,Steel1,im_val_cut10-400-01-V-12mm-4000x16,im_val_cut10-400-01-V-12mm-4000x16_6_1.png,0,0,0.069901,train,256,/content/drive/MyDrive/phase11-data/data/Steel1/images/im_val_cut10-400-01-V-12mm-4000x16_6_1.png,/content/drive/MyDrive/phase11-persistent/gt_boundaries/Steel1/im_val_cut10-400-01-V-12mm-4000x16_6_1.png,0,0,256,256,0,0
Steel1/im_val_cut10-400-01-V-12mm-4000x16_6_2/x0_y0,Steel1,im_val_cut10-400-01-V-12mm-4000x16,im_val_cut10-400-01-V-12mm-4000x16_6_2.png,0,0,0.112808,train,256,/content/drive/MyDrive/phase11-data/data/Steel1/images/im_val_cut10-400-01-V-12mm-4000x16_6_2.png,/content/drive/MyDrive/phase11-persistent/gt_boundaries/Steel1/im_val_cut10-400-01-V-12mm-4000x16_6_2.png,0,0,256,256,0,0
Steel1/im_val_cut10-400-01-V-12mm-4000x16_6_3/x0_y0,Steel1,im_val_cut10-400-01-V-12mm-4000x16,im_val_cut10-400-01-V-12mm-4000x16_6_3.png,0,0,0.073608,train,256,/content/drive/MyDrive/phase11-data/data/Steel1/images/im_val_cut10-400-01-V-12mm-4000x16_6_3.png,/content/drive/MyDrive/phase11-persistent/gt_boundaries/Steel1/im_val_cut10-400-01-V-12mm-4000x16_6_3.png,0,0,256,256,0,0
Steel1/im_val_cut10-400-01-V-12mm-4000x16_6_4/x0_y0,Steel1,im_val_cut10-400-01-V-12mm-4000x16,im_val_cut10-400-01-V-12mm-4000x16_6_4.png,0,0,0.066788,train,256,/content/drive/MyDrive/phase11-data/data/Steel1/images/im_val_cut10-400-01-V-12mm-4000x16_6_4.png,/content/drive/MyDrive/phase11-persistent/gt_boundaries/Steel1/im_val_cut10-400-01-V-12mm-4000x16_6_4.png,0,0,256,256,0,0
Steel1/im_val_cut10-400-01-V-12mm-4000x16_6_5/x0_y0,Steel1,im_val_cut10-400-01-V-12mm-4000x16,im_val_cut10-400-01-V-12mm-4000x16_6_5.png,0,0,0.064072,train,256,/content/drive/MyDrive/phase11-data/data/Steel1/images/im_val_cut10-400-01-V-12mm-4000x16_6_5.png,/content/drive/MyDrive/phase11-persistent/gt_boundaries/Steel1/im_val_cut10-400-01-V-12mm-4000x16_6_5.png,0,0,256,256,0,0
Steel1/im_val_cut10-400-01-V-12mm-4000x16_6_6/x0_y0,Steel1,im_val_cut10-400-01-V-12mm-4000x16,im_val_cut10-400-01-V-12mm-4000x16_6_6.png,0,0,0.142014,train,256,/content/drive/MyDrive/phase11-data/data/Steel1/images/im_val_cut10-400-01-V-12mm-4000x16_6_6.png,/content/drive/MyDrive/phase11-persistent/gt_boundaries/Steel1/im_val_cut10-400-01-V-12mm-4000x16_6_6.png,0,0,256,256,0,0
Steel1/im_val_cut10-400-01-V-12mm-4000x16_7_1/x0_y0,Steel1,im_val_cut10-400-01-V-12mm-4000x16,im_val_cut10-400-01-V-12mm-4000x16_7_1.png,0,0,0.114395,train,256,/content/drive/MyDrive/phase11-data/data/Steel1/images/im_val_cut10-400-01-V-12mm-4000x16_7_1.png,/content/drive/MyDrive/phase11-persistent/gt_boundaries/Steel1/im_val_cut10-400-01-V-12mm-4000x16_7_1.png,0,0,256,256,0,0
Steel1/im_val_cut10-400-01-V-12mm-4000x16_7_2/x0_y0,Steel1,im_val_cut10-400-01-V-12mm-4000x16,im_val_cut10-400-01-V-12mm-4000x16_7_2.png,0,0,0.088837,train,256,/content/drive/MyDrive/phase11-data/data/Steel1/images/im_val_cut10-400-01-V-12mm-4000x16_7_2.png,/content/drive/MyDrive/phase11-persistent/gt_boundaries/Steel1/im_val_cut10-400-01-V-12mm-4000x16_7_2.png,0,0,256,256,0,0
Steel1/im_val_cut10-400-01-V-12mm-4000x16_7_3/x0_y0,Steel1,im_val_cut10-400-01-V-12mm-4000x16,im_val_cut10-400-01-V-12mm-4000x16_7_3.png,0,0,0.094925,train,256,/content/drive/MyDrive/phase11-data/data/Steel1/images/im_val_cut10-400-01-V-12mm-4000x16_7_3.png,/content/drive/MyDrive/phase11-persistent/gt_boundaries/Steel1/im_val_cut10-400-01-V-12mm-4000x16_7_3.png,0,0,256,256,0,0
Steel1/im_val_cut10-400-01-V-12mm-4000x16_7_4/x0_y0,Steel1,im_val_cut10-400-01-V-12mm-4000x16,im_val_cut10-400-01-V-12mm-4000x16_7_4.png,0,0,0.090332,train,256,/content/drive/MyDrive/phase11-data/data/Steel1/images/im_val_cut10-400-01-V-12mm-4000x16_7_4.png,/content/drive/MyDrive/phase11-persistent/gt_boundaries/Steel1/im_val_cut10-400-01-V-12mm-4000x16_7_4.png,0,0,256,256,0,0
Steel1/im_val_cut10-400-01-V-12mm-4000x16_7_5/x0_y0,Steel1,im_val_cut10-400-01-V-12mm-4000x16,im_val_cut10-400-01-V-12mm-4000x16_7_5.png,0,0,0.051834,train,256,/content/drive/MyDrive/phase11-data/data/Steel1/images/im_val_cut10-400-01-V-12mm-4000x16_7_5.png,/content/drive/MyDrive/phase11-persistent/gt_boundaries/Steel1/im_val_cut10-400-01-V-12mm-4000x16_7_5.png,0,0,256,256,0,0
Steel1/im_val_cut10-400-01-V-12mm-4000x16_7_6/x0_y0,Steel1,im_val_cut10-400-01-V-12mm-4000x16,im_val_cut10-400-01-V-12mm-4000x16_7_6.png,0,0,0.068314,train,256,/content/drive/MyDrive/phase11-data/data/Steel1/images/im_val_cut10-400-01-V-12mm-4000x16_7_6.png,/content/drive/MyDrive/phase11-persistent/gt_boundaries/Steel1/im_val_cut10-400-01-V-12mm-4000x16_7_6.png,0,0,256,256,0,0
Steel1/im_val_cut10-400-01-V-12mm-4000x16_8_1/x0_y0,Steel1,im_val_cut10-400-01-V-12mm-4000x16,im_val_cut10-400-01-V-12mm-4000x16_8_1.png,0,0,0.098602,train,256,/content/drive/MyDrive/phase11-data/data/Steel1/images/im_val_cut10-400-01-V-12mm-4000x16_8_1.png,/content/drive/MyDrive/phase11-persistent/gt_boundaries/Steel1/im_val_cut10-400-01-V-12mm-4000x16_8_1.png,0,0,256,256,0,0
Steel1/im_val_cut10-400-01-V-12mm-4000x16_8_2/x0_y0,Steel1,im_val_cut10-400-01-V-12mm-4000x16,im_val_cut10-400-01-V-12mm-4000x16_8_2.png,0,0,0.091354,train,256,/content/drive/MyDrive/phase11-data/data/Steel1/images/im_val_cut10-400-01-V-12mm-4000x16_8_2.png,/content/drive/MyDrive/phase11-persistent/gt_boundaries/Steel1/im_val_cut10-400-01-V-12mm-4000x16_8_2.png,0,0,256,256,0,0
Steel1/im_val_cut10-400-01-V-12mm-4000x16_8_3/x0_y0,Steel1,im_val_cut10-400-01-V-12mm-4000x16,im_val_cut10-400-01-V-12mm-4000x16_8_3.png,0,0,0.091278,train,256,/content/drive/MyDrive/phase11-data/data/Steel1/images/im_val_cut10-400-01-V-12mm-4000x16_8_3.png,/content/drive/MyDrive/phase11-persistent/gt_boundaries/Steel1/im_val_cut10-400-01-V-12mm-4000x16_8_3.png,0,0,256,256,0,0
Steel1/im_val_cut10-400-01-V-12mm-4000x16_8_4/x0_y0,Steel1,im_val_cut10-400-01-V-12mm-4000x16,im_val_cut10-400-01-V-12mm-4000x16_8_4.png,0,0,0.125458,train,256,/content/drive/MyDrive/phase11-data/data/Steel1/images/im_val_cut10-400-01-V-12mm-4000x16_8_4.png,/content/drive/MyDrive/phase11-persistent/gt_boundaries/Steel1/im_val_cut10-400-01-V-12mm-4000x16_8_4.png,0,0,256,256,0,0
Steel1/im_val_cut10-400-01-V-12mm-4000x16_8_5/x0_y0,Steel1,im_val_cut10-400-01-V-12mm-4000x16,im_val_cut10-400-01-V-12mm-4000x16_8_5.png,0,0,0.091766,train,256,/content/drive/MyDrive/phase11-data/data/Steel1/images/im_val_cut10-400-01-V-12mm-4000x16_8_5.png,/content/drive/MyDrive/phase11-persistent/gt_boundaries/Steel1/im_val_cut10-400-01-V-12mm-4000x16_8_5.png,0,0,256,256,0,0
Steel1/im_val_cut10-400-01-V-12mm-4000x16_8_6/x0_y0,Steel1,im_val_cut10-400-01-V-12mm-4000x16,im_val_cut10-400-01-V-12mm-4000x16_8_6.png,0,0,0.086945,train,256,/content/drive/MyDrive/phase11-data/data/Steel1/images/im_val_cut10-400-01-V-12mm-4000x16_8_6.png,/content/drive/MyDrive/phase11-persistent/gt_boundaries/Steel1/im_val_cut10-400-01-V-12mm-4000x16_8_6.png,0,0,256,256,0,0
Steel1/im_val_cut10-400-01-V-12mm-4000x17_1_1/x0_y0,Steel1,im_val_cut10-400-01-V-12mm-4000x17,im_val_cut10-400-01-V-12mm-4000x17_1_1.png,0,0,0.047134,train,256,/content/drive/MyDrive/phase11-data/data/Steel1/images/im_val_cut10-400-01-V-12mm-4000x17_1_1.png,/content/drive/MyDrive/phase11-persistent/gt_boundaries/Steel1/im_val_cut10-400-01-V-12mm-4000x17_1_1.png,0,0,256,256,0,0
Steel1/im_val_cut10-400-01-V-12mm-4000x17_1_2/x0_y0,Steel1,im_val_cut10-400-01-V-12mm-4000x17,im_val_cut10-400-01-V-12mm-4000x17_1_2.png,0,0,0.053482,train,256,/content/drive/MyDrive/phase11-data/data/Steel1/images/im_val_cut10-400-01-V-12mm-4000x17_1_2.png,/content/drive/MyDrive/phase11-persistent/gt_boundaries/Steel1/im_val_cut10-400-01-V-12mm-4000x17_1_2.png,0,0,256,256,0,0
Steel1/im_val_cut10-400-01-V-12mm-4000x17_1_3/x0_y0,Steel1,im_val_cut10-400-01-V-12mm-4000x17,im_val_cut10-400-01-V-12mm-4000x17_1_3.png,0,0,0.107803,train,256,/content/drive/MyDrive/phase11-data/data/Steel1/images/im_val_cut10-400-01-V-12mm-4000x17_1_3.png,/content/drive/MyDrive/phase11-persistent/gt_boundaries/Steel1/im_val_cut10-400-01-V-12mm-4000x17_1_3.png,0,0,256,256,0,0
Steel1/im_val_cut10-400-01-V-12mm-4000x17_1_4/x0_y0,Steel1,im_val_cut10-400-01-V-12mm-4000x17,im_val_cut10-400-01-V-12mm-4000x17_1_4.png,0,0,0.134613,train,256,/content/drive/MyDrive/phase11-data/data/Steel1/images/im_val_cut10-400-01-V-12mm-4000x17_1_4.png,/content/drive/MyDrive/phase11-persistent/gt_boundaries/Steel1/im_val_cut10-400-01-V-12mm-4000x17_1_4.png,0,0,256,256,0,0
Steel1/im_val_cut10-400-01-V-12mm-4000x17_1_5/x0_y0,Steel1,im_val_cut10-400-01-V-12mm-4000x17,im_val_cut10-400-01-V-12mm-4000x17_1_5.png,0,0,0.093857,train,256,/content/drive/MyDrive/phase11-data/data/Steel1/images/im_val_cut10-400-01-V-12mm-4000x17_1_5.png,/content/drive/MyDrive/phase11-persistent/gt_boundaries/Steel1/im_val_cut10-400-01-V-12mm-4000x17_1_5.png,0,0,256,256,0,0
Steel1/im_val_cut10-400-01-V-12mm-4000x17_1_6/x0_y0,Steel1,im_val_cut10-400-01-V-12mm-4000x17,im_val_cut10-400-01-V-12mm-4000x17_1_6.png,0,0,0.128372,train,256,/content/drive/MyDrive/phase11-data/data/Steel1/images/im_val_cut10-400-01-V-12mm-4000x17_1_6.png,/content/drive/MyDrive/phase11-persistent/gt_boundaries/Steel1/im_val_cut10-400-01-V-12mm-4000x17_1_6.png,0,0,256,256,0,0
Steel1/im_val_cut10-400-01-V-12mm-4000x17_2_1/x0_y0,Steel1,im_val_cut10-400-01-V-12mm-4000x17,im_val_cut10-400-01-V-12mm-4000x17_2_1.png,0,0,0.102371,train,256,/content/drive/MyDrive/phase11-data/data/Steel1/images/im_val_cut10-400-01-V-12mm-4000x17_2_1.png,/content/drive/MyDrive/phase11-persistent/gt_boundaries/Steel1/im_val_cut10-400-01-V-12mm-4000x17_2_1.png,0,0,256,256,0,0
Steel1/im_val_cut10-400-01-V-12mm-4000x17_2_2/x0_y0,Steel1,im_val_cut10-400-01-V-12mm-4000x17,im_val_cut10-400-01-V-12mm-4000x17_2_2.png,0,0,0.043396,train,256,/content/drive/MyDrive/phase11-data/data/Steel1/images/im_val_cut10-400-01-V-12mm-4000x17_2_2.png,/content/drive/MyDrive/phase11-persistent/gt_boundaries/Steel1/im_val_cut10-400-01-V-12mm-4000x17_2_2.png,0,0,256,256,0,0
Steel1/im_val_cut10-400-01-V-12mm-4000x17_2_3/x0_y0,Steel1,im_val_cut10-400-01-V-12mm-4000x17,im_val_cut10-400-01-V-12mm-4000x17_2_3.png,0,0,0.077301,train,256,/content/drive/MyDrive/phase11-data/data/Steel1/images/im_val_cut10-400-01-V-12mm-4000x17_2_3.png,/content/drive/MyDrive/phase11-persistent/gt_boundaries/Steel1/im_val_cut10-400-01-V-12mm-4000x17_2_3.png,0,0,256,256,0,0
Steel1/im_val_cut10-400-01-V-12mm-4000x17_2_4/x0_y0,Steel1,im_val_cut10-400-01-V-12mm-4000x17,im_val_cut10-400-01-V-12mm-4000x17_2_4.png,0,0,0.069626,train,256,/content/drive/MyDrive/phase11-data/data/Steel1/images/im_val_cut10-400-01-V-12mm-4000x17_2_4.png,/content/drive/MyDrive/phase11-persistent/gt_boundaries/Steel1/im_val_cut10-400-01-V-12mm-4000x17_2_4.png,0,0,256,256,0,0
Steel1/im_val_cut10-400-01-V-12mm-4000x17_2_5/x0_y0,Steel1,im_val_cut10-400-01-V-12mm-4000x17,im_val_cut10-400-01-V-12mm-4000x17_2_5.png,0,0,0.127548,train,256,/content/drive/MyDrive/phase11-data/data/Steel1/images/im_val_cut10-400-01-V-12mm-4000x17_2_5.png,/content/drive/MyDrive/phase11-persistent/gt_boundaries/Steel1/im_val_cut10-400-01-V-12mm-4000x17_2_5.png,0,0,256,256,0,0
Steel1/im_val_cut10-400-01-V-12mm-4000x17_2_6/x0_y0,Steel1,im_val_cut10-400-01-V-12mm-4000x17,im_val_cut10-400-01-V-12mm-4000x17_2_6.png,0,0,0.090958,train,256,/content/drive/MyDrive/phase11-data/data/Steel1/images/im_val_cut10-400-01-V-12mm-4000x17_2_6.png,/content/drive/MyDrive/phase11-persistent/gt_boundaries/Steel1/im_val_cut10-400-01-V-12mm-4000x17_2_6.png,0,0,256,256,0,0
Steel1/im_val_cut10-400-01-V-12mm-4000x17_3_1/x0_y0,Steel1,im_val_cut10-400-01-V-12mm-4000x17,im_val_cut10-400-01-V-12mm-4000x17_3_1.png,0,0,0.057724,train,256,/content/drive/MyDrive/phase11-data/data/Steel1/images/im_val_cut10-400-01-V-12mm-4000x17_3_1.png,/content/drive/MyDrive/phase11-persistent/gt_boundaries/Steel1/im_val_cut10-400-01-V-12mm-4000x17_3_1.png,0,0,256,256,0,0
Steel1/im_val_cut10-400-01-V-12mm-4000x17_3_2/x0_y0,Steel1,im_val_cut10-400-01-V-12mm-4000x17,im_val_cut10-400-01-V-12mm-4000x17_3_2.png,0,0,0.124908,train,256,/content/drive/MyDrive/phase11-data/data/Steel1/images/im_val_cut10-400-01-V-12mm-4000x17_3_2.png,/content/drive/MyDrive/phase11-persistent/gt_boundaries/Steel1/im_val_cut10-400-01-V-12mm-4000x17_3_2.png,0,0,256,256,0,0
Steel1/im_val_cut10-400-01-V-12mm-4000x17_3_3/x0_y0,Steel1,im_val_cut10-400-01-V-12mm-4000x17,im_val_cut10-400-01-V-12mm-4000x17_3_3.png,0,0,0.078491,train,256,/content/drive/MyDrive/phase11-data/data/Steel1/images/im_val_cut10-400-01-V-12mm-4000x17_3_3.png,/content/drive/MyDrive/phase11-persistent/gt_boundaries/Steel1/im_val_cut10-400-01-V-12mm-4000x17_3_3.png,0,0,256,256,0,0
Steel1/im_val_cut10-400-01-V-12mm-4000x17_3_4/x0_y0,Steel1,im_val_cut10-400-01-V-12mm-4000x17,im_val_cut10-400-01-V-12mm-4000x17_3_4.png,0,0,0.063461,train,256,/content/drive/MyDrive/phase11-data/data/Steel1/images/im_val_cut10-400-01-V-12mm-4000x17_3_4.png,/content/drive/MyDrive/phase11-persistent/gt_boundaries/Steel1/im_val_cut10-400-01-V-12mm-4000x17_3_4.png,0,0,256,256,0,0
Steel1/im_val_cut10-400-01-V-12mm-4000x17_3_5/x0_y0,Steel1,im_val_cut10-400-01-V-12mm-4000x17,im_val_cut10-400-01-V-12mm-4000x17_3_5.png,0,0,0.117172,train,256,/content/drive/MyDrive/phase11-data/data/Steel1/images/im_val_cut10-400-01-V-12mm-4000x17_3_5.png,/content/drive/MyDrive/phase11-persistent/gt_boundaries/Steel1/im_val_cut10-400-01-V-12mm-4000x17_3_5.png,0,0,256,256,0,0
Steel1/im_val_cut10-400-01-V-12mm-4000x17_3_6/x0_y0,Steel1,im_val_cut10-400-01-V-12mm-4000x17,im_val_cut10-400-01-V-12mm-4000x17_3_6.png,0,0,0.085083,train,256,/content/drive/MyDrive/phase11-data/data/Steel1/images/im_val_cut10-400-01-V-12mm-4000x17_3_6.png,/content/drive/MyDrive/phase11-persistent/gt_boundaries/Steel1/im_val_cut10-400-01-V-12mm-4000x17_3_6.png,0,0,256,256,0,0
Steel1/im_val_cut10-400-01-V-12mm-4000x17_4_1/x0_y0,Steel1,im_val_cut10-400-01-V-12mm-4000x17,im_val_cut10-400-01-V-12mm-4000x17_4_1.png,0,0,0.056412,train,256,/content/drive/MyDrive/phase11-data/data/Steel1/images/im_val_cut10-400-01-V-12mm-4000x17_4_1.png,/content/drive/MyDrive/phase11-persistent/gt_boundaries/Steel1/im_val_cut10-400-01-V-12mm-4000x17_4_1.png,0,0,256,256,0,0
Steel1/im_val_cut10-400-01-V-12mm-4000x17_4_2/x0_y0,Steel1,im_val_cut10-400-01-V-12mm-4000x17,im_val_cut10-400-01-V-12mm-4000x17_4_2.png,0,0,0.09903,train,256,/content/drive/MyDrive/phase11-data/data/Steel1/images/im_val_cut10-400-01-V-12mm-4000x17_4_2.png,/content/drive/MyDrive/phase11-persistent/gt_boundaries/Steel1/im_val_cut10-400-01-V-12mm-4000x17_4_2.png,0,0,256,256,0,0
Steel1/im_val_cut10-400-01-V-12mm-4000x17_4_3/x0_y0,Steel1,im_val_cut10-400-01-V-12mm-4000x17,im_val_cut10-400-01-V-12mm-4000x17_4_3.png,0,0,0.087402,train,256,/content/drive/MyDrive/phase11-data/data/Steel1/images/im_val_cut10-400-01-V-12mm-4000x17_4_3.png,/content/drive/MyDrive/phase11-persistent/gt_boundaries/Steel1/im_val_cut10-400-01-V-12mm-4000x17_4_3.png,0,0,256,256,0,0
Steel1/im_val_cut10-400-01-V-12mm-4000x17_4_4/x0_y0,Steel1,im_val_cut10-400-01-V-12mm-4000x17,im_val_cut10-400-01-V-12mm-4000x17_4_4.png,0,0,0.09758,train,256,/content/drive/MyDrive/phase11-data/data/Steel1/images/im_val_cut10-400-01-V-12mm-4000x17_4_4.png,/content/drive/MyDrive/phase11-persistent/gt_boundaries/Steel1/im_val_cut10-400-01-V-12mm-4000x17_4_4.png,0,0,256,256,0,0
Steel1/im_val_cut10-400-01-V-12mm-4000x17_4_5/x0_y0,Steel1,im_val_cut10-400-01-V-12mm-4000x17,im_val_cut10-400-01-V-12mm-4000x17_4_5.png,0,0,0.089661,train,256,/content/drive/MyDrive/phase11-data/data/Steel1/images/im_val_cut10-400-01-V-12mm-4000x17_4_5.png,/content/drive/MyDrive/phase11-persistent/gt_boundaries/Steel1/im_val_cut10-400-01-V-12mm-4000x17_4_5.png,0,0,256,256,0,0
Steel1/im_val_cut10-400-01-V-12mm-4000x17_4_6/x0_y0,Steel1,im_val_cut10-400-01-V-12mm-4000x17,im_val_cut10-400-01-V-12mm-4000x17_4_6.png,0,0,0.090652,train,256,/content/drive/MyDrive/phase11-data/data/Steel1/images/im_val_cut10-400-01-V-12mm-4000x17_4_6.png,/content/drive/MyDrive/phase11-persistent/gt_boundaries/Steel1/im_val_cut10-400-01-V-12mm-4000x17_4_6.png,0,0,256,256,0,0
Steel1/im_val_cut10-400-01-V-12mm-4000x17_5_1/x0_y0,Steel1,im_val_cut10-400-01-V-12mm-4000x17,im_val_cut10-400-01-V-12mm-4000x17_5_1.png,0,0,0.109192,train,256,/content/drive/MyDrive/phase11-data/data/Steel1/images/im_val_cut10-400-01-V-12mm-4000x17_5_1.png,/content/drive/MyDrive/phase11-persistent/gt_boundaries/Steel1/im_val_cut10-400-01-V-12mm-4000x17_5_1.png,0,0,256,256,0,0
Steel1/im_val_cut10-400-01-V-12mm-4000x17_5_2/x0_y0,Steel1,im_val_cut10-400-01-V-12mm-4000x17,im_val_cut10-400-01-V-12mm-4000x17_5_2.png,0,0,0.075745,train,256,/content/drive/MyDrive/phase11-data/data/Steel1/images/im_val_cut10-400-01-V-12mm-4000x17_5_2.png,/content/drive/MyDrive/phase11-persistent/gt_boundaries/Steel1/im_val_cut10-400-01-V-12mm-4000x17_5_2.png,0,0,256,256,0,0
Steel1/im_val_cut10-400-01-V-12mm-4000x17_5_3/x0_y0,Steel1,im_val_cut10-400-01-V-12mm-4000x17,im_val_cut10-400-01-V-12mm-4000x17_5_3.png,0,0,0.092056,train,256,/content/drive/MyDrive/phase11-data/data/Steel1/images/im_val_cut10-400-01-V-12mm-4000x17_5_3.png,/content/drive/MyDrive/phase11-persistent/gt_boundaries/Steel1/im_val_cut10-400-01-V-12mm-4000x17_5_3.png,0,0,256,256,0,0
Steel1/im_val_cut10-400-01-V-12mm-4000x17_5_4/x0_y0,Steel1,im_val_cut10-400-01-V-12mm-4000x17,im_val_cut10-400-01-V-12mm-4000x17_5_4.png,0,0,0.096741,train,256,/content/drive/MyDrive/phase11-data/data/Steel1/images/im_val_cut10-400-01-V-12mm-4000x17_5_4.png,/content/drive/MyDrive/phase11-persistent/gt_boundaries/Steel1/im_val_cut10-400-01-V-12mm-4000x17_5_4.png,0,0,256,256,0,0
Steel1/im_val_cut10-400-01-V-12mm-4000x17_5_5/x0_y0,Steel1,im_val_cut10-400-01-V-12mm-4000x17,im_val_cut10-400-01-V-12mm-4000x17_5_5.png,0,0,0.11795,train,256,/content/drive/MyDrive/phase11-data/data/Steel1/images/im_val_cut10-400-01-V-12mm-4000x17_5_5.png,/content/drive/MyDrive/phase11-persistent/gt_boundaries/Steel1/im_val_cut10-400-01-V-12mm-4000x17_5_5.png,0,0,256,256,0,0
Steel1/im_val_cut10-400-01-V-12mm-4000x17_5_6/x0_y0,Steel1,im_val_cut10-400-01-V-12mm-4000x17,im_val_cut10-400-01-V-12mm-4000x17_5_6.png,0,0,0.08313,train,256,/content/drive/MyDrive/phase11-data/data/Steel1/images/im_val_cut10-400-01-V-12mm-4000x17_5_6.png,/content/drive/MyDrive/phase11-persistent/gt_boundaries/Steel1/im_val_cut10-400-01-V-12mm-4000x17_5_6.png,0,0,256,256,0,0
Steel1/im_val_cut10-400-01-V-12mm-4000x17_6_1/x0_y0,Steel1,im_val_cut10-400-01-V-12mm-4000x17,im_val_cut10-400-01-V-12mm-4000x17_6_1.png,0,0,0.08963,train,256,/content/drive/MyDrive/phase11-data/data/Steel1/images/im_val_cut10-400-01-V-12mm-4000x17_6_1.png,/content/drive/MyDrive/phase11-persistent/gt_boundaries/Steel1/im_val_cut10-400-01-V-12mm-4000x17_6_1.png,0,0,256,256,0,0
Steel1/im_val_cut10-400-01-V-12mm-4000x17_6_2/x0_y0,Steel1,im_val_cut10-400-01-V-12mm-4000x17,im_val_cut10-400-01-V-12mm-4000x17_6_2.png,0,0,0.082626,train,256,/content/drive/MyDrive/phase11-data/data/Steel1/images/im_val_cut10-400-01-V-12mm-4000x17_6_2.png,/content/drive/MyDrive/phase11-persistent/gt_boundaries/Steel1/im_val_cut10-400-01-V-12mm-4000x17_6_2.png,0,0,256,256,0,0
Steel1/im_val_cut10-400-01-V-12mm-4000x17_6_3/x0_y0,Steel1,im_val_cut10-400-01-V-12mm-4000x17,im_val_cut10-400-01-V-12mm-4000x17_6_3.png,0,0,0.085373,train,256,/content/drive/MyDrive/phase11-data/data/Steel1/images/im_val_cut10-400-01-V-12mm-4000x17_6_3.png,/content/drive/MyDrive/phase11-persistent/gt_boundaries/Steel1/im_val_cut10-400-01-V-12mm-4000x17_6_3.png,0,0,256,256,0,0
Steel1/im_val_cut10-400-01-V-12mm-4000x17_6_4/x0_y0,Steel1,im_val_cut10-400-01-V-12mm-4000x17,im_val_cut10-400-01-V-12mm-4000x17_6_4.png,0,0,0.109192,train,256,/content/drive/MyDrive/phase11-data/data/Steel1/images/im_val_cut10-400-01-V-12mm-4000x17_6_4.png,/content/drive/MyDrive/phase11-persistent/gt_boundaries/Steel1/im_val_cut10-400-01-V-12mm-4000x17_6_4.png,0,0,256,256,0,0
Steel1/im_val_cut10-400-01-V-12mm-4000x17_6_5/x0_y0,Steel1,im_val_cut10-400-01-V-12mm-4000x17,im_val_cut10-400-01-V-12mm-4000x17_6_5.png,0,0,0.075241,train,256,/content/drive/MyDrive/phase11-data/data/Steel1/images/im_val_cut10-400-01-V-12mm-4000x17_6_5.png,/content/drive/MyDrive/phase11-persistent/gt_boundaries/Steel1/im_val_cut10-400-01-V-12mm-4000x17_6_5.png,0,0,256,256,0,0
Steel1/im_val_cut10-400-01-V-12mm-4000x17_6_6/x0_y0,Steel1,im_val_cut10-400-01-V-12mm-4000x17,im_val_cut10-400-01-V-12mm-4000x17_6_6.png,0,0,0.101929,train,256,/content/drive/MyDrive/phase11-data/data/Steel1/images/im_val_cut10-400-01-V-12mm-4000x17_6_6.png,/content/drive/MyDrive/phase11-persistent/gt_boundaries/Steel1/im_val_cut10-400-01-V-12mm-4000x17_6_6.png,0,0,256,256,0,0
Steel1/im_val_cut10-400-01-V-12mm-4000x17_7_1/x0_y0,Steel1,im_val_cut10-400-01-V-12mm-4000x17,im_val_cut10-400-01-V-12mm-4000x17_7_1.png,0,0,0.131989,train,256,/content/drive/MyDrive/phase11-data/data/Steel1/images/im_val_cut10-400-01-V-12mm-4000x17_7_1.png,/content/drive/MyDrive/phase11-persistent/gt_boundaries/Steel1/im_val_cut10-400-01-V-12mm-4000x17_7_1.png,0,0,256,256,0,0
Steel1/im_val_cut10-400-01-V-12mm-4000x17_7_2/x0_y0,Steel1,im_val_cut10-400-01-V-12mm-4000x17,im_val_cut10-400-01-V-12mm-4000x17_7_2.png,0,0,0.099304,train,256,/content/drive/MyDrive/phase11-data/data/Steel1/images/im_val_cut10-400-01-V-12mm-4000x17_7_2.png,/content/drive/MyDrive/phase11-persistent/gt_boundaries/Steel1/im_val_cut10-400-01-V-12mm-4000x17_7_2.png,0,0,256,256,0,0
Steel1/im_val_cut10-400-01-V-12mm-4000x17_7_3/x0_y0,Steel1,im_val_cut10-400-01-V-12mm-4000x17,im_val_cut10-400-01-V-12mm-4000x17_7_3.png,0,0,0.087051,train,256,/content/drive/MyDrive/phase11-data/data/Steel1/images/im_val_cut10-400-01-V-12mm-4000x17_7_3.png,/content/drive/MyDrive/phase11-persistent/gt_boundaries/Steel1/im_val_cut10-400-01-V-12mm-4000x17_7_3.png,0,0,256,256,0,0
Steel1/im_val_cut10-400-01-V-12mm-4000x17_7_4/x0_y0,Steel1,im_val_cut10-400-01-V-12mm-4000x17,im_val_cut10-400-01-V-12mm-4000x17_7_4.png,0,0,0.117859,train,256,/content/drive/MyDrive/phase11-data/data/Steel1/images/im_val_cut10-400-01-V-12mm-4000x17_7_4.png,/content/drive/MyDrive/phase11-persistent/gt_boundaries/Steel1/im_val_cut10-400-01-V-12mm-4000x17_7_4.png,0,0,256,256,0,0
Steel1/im_val_cut10-400-01-V-12mm-4000x17_7_5/x0_y0,Steel1,im_val_cut10-400-01-V-12mm-4000x17,im_val_cut10-400-01-V-12mm-4000x17_7_5.png,0,0,0.067307,train,256,/content/drive/MyDrive/phase11-data/data/Steel1/images/im_val_cut10-400-01-V-12mm-4000x17_7_5.png,/content/drive/MyDrive/phase11-persistent/gt_boundaries/Steel1/im_val_cut10-400-01-V-12mm-4000x17_7_5.png,0,0,256,256,0,0
Steel1/im_val_cut10-400-01-V-12mm-4000x17_7_6/x0_y0,Steel1,im_val_cut10-400-01-V-12mm-4000x17,im_val_cut10-400-01-V-12mm-4000x17_7_6.png,0,0,0.049347,train,256,/content/drive/MyDrive/phase11-data/data/Steel1/images/im_val_cut10-400-01-V-12mm-4000x17_7_6.png,/content/drive/MyDrive/phase11-persistent/gt_boundaries/Steel1/im_val_cut10-400-01-V-12mm-4000x17_7_6.png,0,0,256,256,0,0
Steel1/im_val_cut10-400-01-V-12mm-4000x17_8_1/x0_y0,Steel1,im_val_cut10-400-01-V-12mm-4000x17,im_val_cut10-400-01-V-12mm-4000x17_8_1.png,0,0,0.126434,train,256,/content/drive/MyDrive/phase11-data/data/Steel1/images/im_val_cut10-400-01-V-12mm-4000x17_8_1.png,/content/drive/MyDrive/phase11-persistent/gt_boundaries/Steel1/im_val_cut10-400-01-V-12mm-4000x17_8_1.png,0,0,256,256,0,0
Steel1/im_val_cut10-400-01-V-12mm-4000x17_8_2/x0_y0,Steel1,im_val_cut10-400-01-V-12mm-4000x17,im_val_cut10-400-01-V-12mm-4000x17_8_2.png,0,0,0.097595,train,256,/content/drive/MyDrive/phase11-data/data/Steel1/images/im_val_cut10-400-01-V-12mm-4000x17_8_2.png,/content/drive/MyDrive/phase11-persistent/gt_boundaries/Steel1/im_val_cut10-400-01-V-12mm-4000x17_8_2.png,0,0,256,256,0,0
Steel1/im_val_cut10-400-01-V-12mm-4000x17_8_3/x0_y0,Steel1,im_val_cut10-400-01-V-12mm-4000x17,im_val_cut10-400-01-V-12mm-4000x17_8_3.png,0,0,0.099991,train,256,/content/drive/MyDrive/phase11-data/data/Steel1/images/im_val_cut10-400-01-V-12mm-4000x17_8_3.png,/content/drive/MyDrive/phase11-persistent/gt_boundaries/Steel1/im_val_cut10-400-01-V-12mm-4000x17_8_3.png,0,0,256,256,0,0
Steel1/im_val_cut10-400-01-V-12mm-4000x17_8_4/x0_y0,Steel1,im_val_cut10-400-01-V-12mm-4000x17,im_val_cut10-400-01-V-12mm-4000x17_8_4.png,0,0,0.100769,train,256,/content/drive/MyDrive/phase11-data/data/Steel1/images/im_val_cut10-400-01-V-12mm-4000x17_8_4.png,/content/drive/MyDrive/phase11-persistent/gt_boundaries/Steel1/im_val_cut10-400-01-V-12mm-4000x17_8_4.png,0,0,256,256,0,0
Steel1/im_val_cut10-400-01-V-12mm-4000x17_8_5/x0_y0,Steel1,im_val_cut10-400-01-V-12mm-4000x17,im_val_cut10-400-01-V-12mm-4000x17_8_5.png,0,0,0.043732,train,256,/content/drive/MyDrive/phase11-data/data/Steel1/images/im_val_cut10-400-01-V-12mm-4000x17_8_5.png,/content/drive/MyDrive/phase11-persistent/gt_boundaries/Steel1/im_val_cut10-400-01-V-12mm-4000x17_8_5.png,0,0,256,256,0,0
Steel1/im_val_cut10-400-01-V-12mm-4000x17_8_6/x0_y0,Steel1,im_val_cut10-400-01-V-12mm-4000x17,im_val_cut10-400-01-V-12mm-4000x17_8_6.png,0,0,0.094604,train,256,/content/drive/MyDrive/phase11-data/data/Steel1/images/im_val_cut10-400-01-V-12mm-4000x17_8_6.png,/content/drive/MyDrive/phase11-persistent/gt_boundaries/Steel1/im_val_cut10-400-01-V-12mm-4000x17_8_6.png,0,0,256,256,0,0
Steel1/im_val_cut10-400-01-V-6mm-4000x07_1_1/x0_y0,Steel1,im_val_cut10-400-01-V-6mm-4000x07,im_val_cut10-400-01-V-6mm-4000x07_1_1.png,0,0,0.049881,train,256,/content/drive/MyDrive/phase11-data/data/Steel1/images/im_val_cut10-400-01-V-6mm-4000x07_1_1.png,/content/drive/MyDrive/phase11-persistent/gt_boundaries/Steel1/im_val_cut10-400-01-V-6mm-4000x07_1_1.png,0,0,256,256,0,0
Steel1/im_val_cut10-400-01-V-6mm-4000x07_1_2/x0_y0,Steel1,im_val_cut10-400-01-V-6mm-4000x07,im_val_cut10-400-01-V-6mm-4000x07_1_2.png,0,0,0.062973,train,256,/content/drive/MyDrive/phase11-data/data/Steel1/images/im_val_cut10-400-01-V-6mm-4000x07_1_2.png,/content/drive/MyDrive/phase11-persistent/gt_boundaries/Steel1/im_val_cut10-400-01-V-6mm-4000x07_1_2.png,0,0,256,256,0,0
Steel1/im_val_cut10-400-01-V-6mm-4000x07_1_3/x0_y0,Steel1,im_val_cut10-400-01-V-6mm-4000x07,im_val_cut10-400-01-V-6mm-4000x07_1_3.png,0,0,0.057709,train,256,/content/drive/MyDrive/phase11-data/data/Steel1/images/im_val_cut10-400-01-V-6mm-4000x07_1_3.png,/content/drive/MyDrive/phase11-persistent/gt_boundaries/Steel1/im_val_cut10-400-01-V-6mm-4000x07_1_3.png,0,0,256,256,0,0
Steel1/im_val_cut10-400-01-V-6mm-4000x07_1_4/x0_y0,Steel1,im_val_cut10-400-01-V-6mm-4000x07,im_val_cut10-400-01-V-6mm-4000x07_1_4.png,0,0,0.084915,train,256,/content/drive/MyDrive/phase11-data/data/Steel1/images/im_val_cut10-400-01-V-6mm-4000x07_1_4.png,/content/drive/MyDrive/phase11-persistent/gt_boundaries/Steel1/im_val_cut10-400-01-V-6mm-4000x07_1_4.png,0,0,256,256,0,0
Steel1/im_val_cut10-400-01-V-6mm-4000x07_1_5/x0_y0,Steel1,im_val_cut10-400-01-V-6mm-4000x07,im_val_cut10-400-01-V-6mm-4000x07_1_5.png,0,0,0.045288,train,256,/content/drive/MyDrive/phase11-data/data/Steel1/images/im_val_cut10-400-01-V-6mm-4000x07_1_5.png,/content/drive/MyDrive/phase11-persistent/gt_boundaries/Steel1/im_val_cut10-400-01-V-6mm-4000x07_1_5.png,0,0,256,256,0,0
Steel1/im_val_cut10-400-01-V-6mm-4000x07_1_6/x0_y0,Steel1,im_val_cut10-400-01-V-6mm-4000x07,im_val_cut10-400-01-V-6mm-4000x07_1_6.png,0,0,0.02446,train,256,/content/drive/MyDrive/phase11-data/data/Steel1/images/im_val_cut10-400-01-V-6mm-4000x07_1_6.png,/content/drive/MyDrive/phase11-persistent/gt_boundaries/Steel1/im_val_cut10-400-01-V-6mm-4000x07_1_6.png,0,0,256,256,0,0
Steel1/im_val_cut10-400-01-V-6mm-4000x07_2_1/x0_y0,Steel1,im_val_cut10-400-01-V-6mm-4000x07,im_val_cut10-400-01-V-6mm-4000x07_2_1.png,0,0,0.042877,train,256,/content/drive/MyDrive/phase11-data/data/Steel1/images/im_val_cut10-400-01-V-6mm-4000x07_2_1.png,/content/drive/MyDrive/phase11-persistent/gt_boundaries/Steel1/im_val_cut10-400-01-V-6mm-4000x07_2_1.png,0,0,256,256,0,0
Steel1/im_val_cut10-400-01-V-6mm-4000x07_2_2/x0_y0,Steel1,im_val_cut10-400-01-V-6mm-4000x07,im_val_cut10-400-01-V-6mm-4000x07_2_2.png,0,0,0.041229,train,256,/content/drive/MyDrive/phase11-data/data/Steel1/images/im_val_cut10-400-01-V-6mm-4000x07_2_2.png,/content/drive/MyDrive/phase11-persistent/gt_boundaries/Steel1/im_val_cut10-400-01-V-6mm-4000x07_2_2.png,0,0,256,256,0,0
Steel1/im_val_cut10-400-01-V-6mm-4000x07_2_3/x0_y0,Steel1,im_val_cut10-400-01-V-6mm-4000x07,im_val_cut10-400-01-V-6mm-4000x07_2_3.png,0,0,0.12114,train,256,/content/drive/MyDrive/phase11-data/data/Steel1/images/im_val_cut10-400-01-V-6mm-4000x07_2_3.png,/content/drive/MyDrive/phase11-persistent/gt_boundaries/Steel1/im_val_cut10-400-01-V-6mm-4000x07_2_3.png,0,0,256,256,0,0
Steel1/im_val_cut10-400-01-V-6mm-4000x07_2_4/x0_y0,Steel1,im_val_cut10-400-01-V-6mm-4000x07,im_val_cut10-400-01-V-6mm-4000x07_2_4.png,0,0,0.036407,train,256,/content/drive/MyDrive/phase11-data/data/Steel1/images/im_val_cut10-400-01-V-6mm-4000x07_2_4.png,/content/drive/MyDrive/phase11-persistent/gt_boundaries/Steel1/im_val_cut10-400-01-V-6mm-4000x07_2_4.png,0,0,256,256,0,0
Steel1/im_val_cut10-400-01-V-6mm-4000x07_2_5/x0_y0,Steel1,im_val_cut10-400-01-V-6mm-4000x07,im_val_cut10-400-01-V-6mm-4000x07_2_5.png,0,0,0.067139,train,256,/content/drive/MyDrive/phase11-data/data/Steel1/images/im_val_cut10-400-01-V-6mm-4000x07_2_5.png,/content/drive/MyDrive/phase11-persistent/gt_boundaries/Steel1/im_val_cut10-400-01-V-6mm-4000x07_2_5.png,0,0,256,256,0,0
Steel1/im_val_cut10-400-01-V-6mm-4000x07_2_6/x0_y0,Steel1,im_val_cut10-400-01-V-6mm-4000x07,im_val_cut10-400-01-V-6mm-4000x07_2_6.png,0,0,0.046677,train,256,/content/drive/MyDrive/phase11-data/data/Steel1/images/im_val_cut10-400-01-V-6mm-4000x07_2_6.png,/content/drive/MyDrive/phase11-persistent/gt_boundaries/Steel1/im_val_cut10-400-01-V-6mm-4000x07_2_6.png,0,0,256,256,0,0
Steel1/im_val_cut10-400-01-V-6mm-4000x07_3_1/x0_y0,Steel1,im_val_cut10-400-01-V-6mm-4000x07,im_val_cut10-400-01-V-6mm-4000x07_3_1.png,0,0,0.118454,train,256,/content/drive/MyDrive/phase11-data/data/Steel1/images/im_val_cut10-400-01-V-6mm-4000x07_3_1.png,/content/drive/MyDrive/phase11-persistent/gt_boundaries/Steel1/im_val_cut10-400-01-V-6mm-4000x07_3_1.png,0,0,256,256,0,0
Steel1/im_val_cut10-400-01-V-6mm-4000x07_3_2/x0_y0,Steel1,im_val_cut10-400-01-V-6mm-4000x07,im_val_cut10-400-01-V-6mm-4000x07_3_2.png,0,0,0.086609,train,256,/content/drive/MyDrive/phase11-data/data/Steel1/images/im_val_cut10-400-01-V-6mm-4000x07_3_2.png,/content/drive/MyDrive/phase11-persistent/gt_boundaries/Steel1/im_val_cut10-400-01-V-6mm-4000x07_3_2.png,0,0,256,256,0,0
Steel1/im_val_cut10-400-01-V-6mm-4000x07_3_3/x0_y0,Steel1,im_val_cut10-400-01-V-6mm-4000x07,im_val_cut10-400-01-V-6mm-4000x07_3_3.png,0,0,0.0513,train,256,/content/drive/MyDrive/phase11-data/data/Steel1/images/im_val_cut10-400-01-V-6mm-4000x07_3_3.png,/content/drive/MyDrive/phase11-persistent/gt_boundaries/Steel1/im_val_cut10-400-01-V-6mm-4000x07_3_3.png,0,0,256,256,0,0
Steel1/im_val_cut10-400-01-V-6mm-4000x07_3_4/x0_y0,Steel1,im_val_cut10-400-01-V-6mm-4000x07,im_val_cut10-400-01-V-6mm-4000x07_3_4.png,0,0,0.062927,train,256,/content/drive/MyDrive/phase11-data/data/Steel1/images/im_val_cut10-400-01-V-6mm-4000x07_3_4.png,/content/drive/MyDrive/phase11-persistent/gt_boundaries/Steel1/im_val_cut10-400-01-V-6mm-4000x07_3_4.png,0,0,256,256,0,0
Steel1/im_val_cut10-400-01-V-6mm-4000x07_3_5/x0_y0,Steel1,im_val_cut10-400-01-V-6mm-4000x07,im_val_cut10-400-01-V-6mm-4000x07_3_5.png,0,0,0.101898,train,256,/content/drive/MyDrive/phase11-data/data/Steel1/images/im_val_cut10-400-01-V-6mm-4000x07_3_5.png,/content/drive/MyDrive/phase11-persistent/gt_boundaries/Steel1/im_val_cut10-400-01-V-6mm-4000x07_3_5.png,0,0,256,256,0,0
Steel1/im_val_cut10-400-01-V-6mm-4000x07_3_6/x0_y0,Steel1,im_val_cut10-400-01-V-6mm-4000x07,im_val_cut10-400-01-V-6mm-4000x07_3_6.png,0,0,0.096909,train,256,/content/drive/MyDrive/phase11-data/data/Steel1/images/im_val_cut10-400-01-V-6mm-4000x07_3_6.png,/content/drive/MyDrive/phase11-persistent/gt_boundaries/Steel1/im_val_cut10-400-01-V-6mm-4000x07_3_6.png,0,0,256,256,0,0
Steel1/im_val_cut10-400-01-V-6mm-4000x07_4_1/x0_y0,Steel1,im_val_cut10-400-01-V-6mm-4000x07,im_val_cut10-400-01-V-6mm-4000x07_4_1.png,0,0,0.078674,train,256,/content/drive/MyDrive/phase11-data/data/Steel1/images/im_val_cut10-400-01-V-6mm-4000x07_4_1.png,/content/drive/MyDrive/phase11-persistent/gt_boundaries/Steel1/im_val_cut10-400-01-V-6mm-4000x07_4_1.png,0,0,256,256,0,0
Steel1/im_val_cut10-400-01-V-6mm-4000x07_4_2/x0_y0,Steel1,im_val_cut10-400-01-V-6mm-4000x07,im_val_cut10-400-01-V-6mm-4000x07_4_2.png,0,0,0.038055,train,256,/content/drive/MyDrive/phase11-data/data/Steel1/images/im_val_cut10-400-01-V-6mm-4000x07_4_2.png,/content/drive/MyDrive/phase11-persistent/gt_boundaries/Steel1/im_val_cut10-400-01-V-6mm-4000x07_4_2.png,0,0,256,256,0,0
Steel1/im_val_cut10-400-01-V-6mm-4000x07_4_3/x0_y0,Steel1,im_val_cut10-400-01-V-6mm-4000x07,im_val_cut10-400-01-V-6mm-4000x07_4_3.png,0,0,0.120804,train,256,/content/drive/MyDrive/phase11-data/data/Steel1/images/im_val_cut10-400-01-V-6mm-4000x07_4_3.png,/content/drive/MyDrive/phase11-persistent/gt_boundaries/Steel1/im_val_cut10-400-01-V-6mm-4000x07_4_3.png,0,0,256,256,0,0
Steel1/im_val_cut10-400-01-V-6mm-4000x07_4_4/x0_y0,Steel1,im_val_cut10-400-01-V-6mm-4000x07,im_val_cut10-400-01-V-6mm-4000x07_4_4.png,0,0,0.144165,train,256,/content/drive/MyDrive/phase11-data/data/Steel1/images/im_val_cut10-400-01-V-6mm-4000x07_4_4.png,/content/drive/MyDrive/phase11-persistent/gt_boundaries/Steel1/im_val_cut10-400-01-V-6mm-4000x07_4_4.png,0,0,256,256,0,0
Steel1/im_val_cut10-400-01-V-6mm-4000x07_4_5/x0_y0,Steel1,im_val_cut10-400-01-V-6mm-4000x07,im_val_cut10-400-01-V-6mm-4000x07_4_5.png,0,0,0.098175,train,256,/content/drive/MyDrive/phase11-data/data/Steel1/images/im_val_cut10-400-01-V-6mm-4000x07_4_5.png,/content/drive/MyDrive/phase11-persistent/gt_boundaries/Steel1/im_val_cut10-400-01-V-6mm-4000x07_4_5.png,0,0,256,256,0,0
Steel1/im_val_cut10-400-01-V-6mm-4000x07_4_6/x0_y0,Steel1,im_val_cut10-400-01-V-6mm-4000x07,im_val_cut10-400-01-V-6mm-4000x07_4_6.png,0,0,0.079681,train,256,/content/drive/MyDrive/phase11-data/data/Steel1/images/im_val_cut10-400-01-V-6mm-4000x07_4_6.png,/content/drive/MyDrive/phase11-persistent/gt_boundaries/Steel1/im_val_cut10-400-01-V-6mm-4000x07_4_6.png,0,0,256,256,0,0
Steel1/im_val_cut10-400-01-V-6mm-4000x07_5_1/x0_y0,Steel1,im_val_cut10-400-01-V-6mm-4000x07,im_val_cut10-400-01-V-6mm-4000x07_5_1.png,0,0,0.085876,train,256,/content/drive/MyDrive/phase11-data/data/Steel1/images/im_val_cut10-400-01-V-6mm-4000x07_5_1.png,/content/drive/MyDrive/phase11-persistent/gt_boundaries/Steel1/im_val_cut10-400-01-V-6mm-4000x07_5_1.png,0,0,256,256,0,0
Steel1/im_val_cut10-400-01-V-6mm-4000x07_5_2/x0_y0,Steel1,im_val_cut10-400-01-V-6mm-4000x07,im_val_cut10-400-01-V-6mm-4000x07_5_2.png,0,0,0.096954,train,256,/content/drive/MyDrive/phase11-data/data/Steel1/images/im_val_cut10-400-01-V-6mm-4000x07_5_2.png,/content/drive/MyDrive/phase11-persistent/gt_boundaries/Steel1/im_val_cut10-400-01-V-6mm-4000x07_5_2.png,0,0,256,256,0,0
Steel1/im_val_cut10-400-01-V-6mm-4000x07_5_3/x0_y0,Steel1,im_val_cut10-400-01-V-6mm-4000x07,im_val_cut10-400-01-V-6mm-4000x07_5_3.png,0,0,0.090347,train,256,/content/drive/MyDrive/phase11-data/data/Steel1/images/im_val_cut10-400-01-V-6mm-4000x07_5_3.png,/content/drive/MyDrive/phase11-persistent/gt_boundaries/Steel1/im_val_cut10-400-01-V-6mm-4000x07_5_3.png,0,0,256,256,0,0
Steel1/im_val_cut10-400-01-V-6mm-4000x07_5_4/x0_y0,Steel1,im_val_cut10-400-01-V-6mm-4000x07,im_val_cut10-400-01-V-6mm-4000x07_5_4.png,0,0,0.063339,train,256,/content/drive/MyDrive/phase11-data/data/Steel1/images/im_val_cut10-400-01-V-6mm-4000x07_5_4.png,/content/drive/MyDrive/phase11-persistent/gt_boundaries/Steel1/im_val_cut10-400-01-V-6mm-4000x07_5_4.png,0,0,256,256,0,0
Steel1/im_val_cut10-400-01-V-6mm-4000x07_5_5/x0_y0,Steel1,im_val_cut10-400-01-V-6mm-4000x07,im_val_cut10-400-01-V-6mm-4000x07_5_5.png,0,0,0.080811,train,256,/content/drive/MyDrive/phase11-data/data/Steel1/images/im_val_cut10-400-01-V-6mm-4000x07_5_5.png,/content/drive/MyDrive/phase11-persistent/gt_boundaries/Steel1/im_val_cut10-400-01-V-6mm-4000x07_5_5.png,0,0,256,256,0,0
Steel1/im_val_cut10-400-01-V-6mm-4000x07_5_6/x0_y0,Steel1,im_val_cut10-400-01-V-6mm-4000x07,im_val_cut10-400-01-V-6mm-4000x07_5_6.png,0,0,0.07312,train,256,/content/drive/MyDrive/phase11-data/data/Steel1/images/im_val_cut10-400-01-V-6mm-4000x07_5_6.png,/content/drive/MyDrive/phase11-persistent/gt_boundaries/Steel1/im_val_cut10-400-01-V-6mm-4000x07_5_6.png,0,0,256,256,0,0
Steel1/im_val_cut10-400-01-V-6mm-4000x07_6_1/x0_y0,Steel1,im_val_cut10-400-01-V-6mm-4000x07,im_val_cut10-400-01-V-6mm-4000x07_6_1.png,0,0,0.103912,train,256,/content/drive/MyDrive/phase11-data/data/Steel1/images/im_val_cut10-400-01-V-6mm-4000x07_6_1.png,/content/drive/MyDrive/phase11-persistent/gt_boundaries/Steel1/im_val_cut10-400-01-V-6mm-4000x07_6_1.png,0,0,256,256,0,0
Steel1/im_val_cut10-400-01-V-6mm-4000x07_6_2/x0_y0,Steel1,im_val_cut10-400-01-V-6mm-4000x07,im_val_cut10-400-01-V-6mm-4000x07_6_2.png,0,0,0.100327,train,256,/content/drive/MyDrive/phase11-data/data/Steel1/images/im_val_cut10-400-01-V-6mm-4000x07_6_2.png,/content/drive/MyDrive/phase11-persistent/gt_boundaries/Steel1/im_val_cut10-400-01-V-6mm-4000x07_6_2.png,0,0,256,256,0,0
Steel1/im_val_cut10-400-01-V-6mm-4000x07_6_3/x0_y0,Steel1,im_val_cut10-400-01-V-6mm-4000x07,im_val_cut10-400-01-V-6mm-4000x07_6_3.png,0,0,0.060593,train,256,/content/drive/MyDrive/phase11-data/data/Steel1/images/im_val_cut10-400-01-V-6mm-4000x07_6_3.png,/content/drive/MyDrive/phase11-persistent/gt_boundaries/Steel1/im_val_cut10-400-01-V-6mm-4000x07_6_3.png,0,0,256,256,0,0
Steel1/im_val_cut10-400-01-V-6mm-4000x07_6_4/x0_y0,Steel1,im_val_cut10-400-01-V-6mm-4000x07,im_val_cut10-400-01-V-6mm-4000x07_6_4.png,0,0,0.096588,train,256,/content/drive/MyDrive/phase11-data/data/Steel1/images/im_val_cut10-400-01-V-6mm-4000x07_6_4.png,/content/drive/MyDrive/phase11-persistent/gt_boundaries/Steel1/im_val_cut10-400-01-V-6mm-4000x07_6_4.png,0,0,256,256,0,0
Steel1/im_val_cut10-400-01-V-6mm-4000x07_6_5/x0_y0,Steel1,im_val_cut10-400-01-V-6mm-4000x07,im_val_cut10-400-01-V-6mm-4000x07_6_5.png,0,0,0.102036,train,256,/content/drive/MyDrive/phase11-data/data/Steel1/images/im_val_cut10-400-01-V-6mm-4000x07_6_5.png,/content/drive/MyDrive/phase11-persistent/gt_boundaries/Steel1/im_val_cut10-400-01-V-6mm-4000x07_6_5.png,0,0,256,256,0,0
Steel1/im_val_cut10-400-01-V-6mm-4000x07_6_6/x0_y0,Steel1,im_val_cut10-400-01-V-6mm-4000x07,im_val_cut10-400-01-V-6mm-4000x07_6_6.png,0,0,0.118683,train,256,/content/drive/MyDrive/phase11-data/data/Steel1/images/im_val_cut10-400-01-V-6mm-4000x07_6_6.png,/content/drive/MyDrive/phase11-persistent/gt_boundaries/Steel1/im_val_cut10-400-01-V-6mm-4000x07_6_6.png,0,0,256,256,0,0
Steel1/im_val_cut10-400-01-V-6mm-4000x07_7_1/x0_y0,Steel1,im_val_cut10-400-01-V-6mm-4000x07,im_val_cut10-400-01-V-6mm-4000x07_7_1.png,0,0,0.069916,train,256,/content/drive/MyDrive/phase11-data/data/Steel1/images/im_val_cut10-400-01-V-6mm-4000x07_7_1.png,/content/drive/MyDrive/phase11-persistent/gt_boundaries/Steel1/im_val_cut10-400-01-V-6mm-4000x07_7_1.png,0,0,256,256,0,0
Steel1/im_val_cut10-400-01-V-6mm-4000x07_7_2/x0_y0,Steel1,im_val_cut10-400-01-V-6mm-4000x07,im_val_cut10-400-01-V-6mm-4000x07_7_2.png,0,0,0.102859,train,256,/content/drive/MyDrive/phase11-data/data/Steel1/images/im_val_cut10-400-01-V-6mm-4000x07_7_2.png,/content/drive/MyDrive/phase11-persistent/gt_boundaries/Steel1/im_val_cut10-400-01-V-6mm-4000x07_7_2.png,0,0,256,256,0,0
Steel1/im_val_cut10-400-01-V-6mm-4000x07_7_3/x0_y0,Steel1,im_val_cut10-400-01-V-6mm-4000x07,im_val_cut10-400-01-V-6mm-4000x07_7_3.png,0,0,0.148361,train,256,/content/drive/MyDrive/phase11-data/data/Steel1/images/im_val_cut10-400-01-V-6mm-4000x07_7_3.png,/content/drive/MyDrive/phase11-persistent/gt_boundaries/Steel1/im_val_cut10-400-01-V-6mm-4000x07_7_3.png,0,0,256,256,0,0
Steel1/im_val_cut10-400-01-V-6mm-4000x07_7_4/x0_y0,Steel1,im_val_cut10-400-01-V-6mm-4000x07,im_val_cut10-400-01-V-6mm-4000x07_7_4.png,0,0,0.127487,train,256,/content/drive/MyDrive/phase11-data/data/Steel1/images/im_val_cut10-400-01-V-6mm-4000x07_7_4.png,/content/drive/MyDrive/phase11-persistent/gt_boundaries/Steel1/im_val_cut10-400-01-V-6mm-4000x07_7_4.png,0,0,256,256,0,0
Steel1/im_val_cut10-400-01-V-6mm-4000x07_7_5/x0_y0,Steel1,im_val_cut10-400-01-V-6mm-4000x07,im_val_cut10-400-01-V-6mm-4000x07_7_5.png,0,0,0.087051,train,256,/content/drive/MyDrive/phase11-data/data/Steel1/images/im_val_cut10-400-01-V-6mm-4000x07_7_5.png,/content/drive/MyDrive/phase11-persistent/gt_boundaries/Steel1/im_val_cut10-400-01-V-6mm-4000x07_7_5.png,0,0,256,256,0,0
Steel1/im_val_cut10-400-01-V-6mm-4000x07_7_6/x0_y0,Steel1,im_val_cut10-400-01-V-6mm-4000x07,im_val_cut10-400-01-V-6mm-4000x07_7_6.png,0,0,0.10463,train,256,/content/drive/MyDrive/phase11-data/data/Steel1/images/im_val_cut10-400-01-V-6mm-4000x07_7_6.png,/content/drive/MyDrive/phase11-persistent/gt_boundaries/Steel1/im_val_cut10-400-01-V-6mm-4000x07_7_6.png,0,0,256,256,0,0
Steel1/im_val_cut10-400-01-V-6mm-4000x07_8_1/x0_y0,Steel1,im_val_cut10-400-01-V-6mm-4000x07,im_val_cut10-400-01-V-6mm-4000x07_8_1.png,0,0,0.097366,train,256,/content/drive/MyDrive/phase11-data/data/Steel1/images/im_val_cut10-400-01-V-6mm-4000x07_8_1.png,/content/drive/MyDrive/phase11-persistent/gt_boundaries/Steel1/im_val_cut10-400-01-V-6mm-4000x07_8_1.png,0,0,256,256,0,0
Steel1/im_val_cut10-400-01-V-6mm-4000x07_8_2/x0_y0,Steel1,im_val_cut10-400-01-V-6mm-4000x07,im_val_cut10-400-01-V-6mm-4000x07_8_2.png,0,0,0.085281,train,256,/content/drive/MyDrive/phase11-data/data/Steel1/images/im_val_cut10-400-01-V-6mm-4000x07_8_2.png,/content/drive/MyDrive/phase11-persistent/gt_boundaries/Steel1/im_val_cut10-400-01-V-6mm-4000x07_8_2.png,0,0,256,256,0,0
Steel1/im_val_cut10-400-01-V-6mm-4000x07_8_3/x0_y0,Steel1,im_val_cut10-400-01-V-6mm-4000x07,im_val_cut10-400-01-V-6mm-4000x07_8_3.png,0,0,0.077148,train,256,/content/drive/MyDrive/phase11-data/data/Steel1/images/im_val_cut10-400-01-V-6mm-4000x07_8_3.png,/content/drive/MyDrive/phase11-persistent/gt_boundaries/Steel1/im_val_cut10-400-01-V-6mm-4000x07_8_3.png,0,0,256,256,0,0
Steel1/im_val_cut10-400-01-V-6mm-4000x07_8_4/x0_y0,Steel1,im_val_cut10-400-01-V-6mm-4000x07,im_val_cut10-400-01-V-6mm-4000x07_8_4.png,0,0,0.08992,train,256,/content/drive/MyDrive/phase11-data/data/Steel1/images/im_val_cut10-400-01-V-6mm-4000x07_8_4.png,/content/drive/MyDrive/phase11-persistent/gt_boundaries/Steel1/im_val_cut10-400-01-V-6mm-4000x07_8_4.png,0,0,256,256,0,0
Steel1/im_val_cut10-400-01-V-6mm-4000x07_8_5/x0_y0,Steel1,im_val_cut10-400-01-V-6mm-4000x07,im_val_cut10-400-01-V-6mm-4000x07_8_5.png,0,0,0.09343,train,256,/content/drive/MyDrive/phase11-data/data/Steel1/images/im_val_cut10-400-01-V-6mm-4000x07_8_5.png,/content/drive/MyDrive/phase11-persistent/gt_boundaries/Steel1/im_val_cut10-400-01-V-6mm-4000x07_8_5.png,0,0,256,256,0,0
Steel1/im_val_cut10-400-01-V-6mm-4000x07_8_6/x0_y0,Steel1,im_val_cut10-400-01-V-6mm-4000x07,im_val_cut10-400-01-V-6mm-4000x07_8_6.png,0,0,0.105011,train,256,/content/drive/MyDrive/phase11-data/data/Steel1/images/im_val_cut10-400-01-V-6mm-4000x07_8_6.png,/content/drive/MyDrive/phase11-persistent/gt_boundaries/Steel1/im_val_cut10-400-01-V-6mm-4000x07_8_6.png,0,0,256,256,0,0
Steel1/im_val_cut10-400-01-V-6mm-4000x08_1_1/x0_y0,Steel1,im_val_cut10-400-01-V-6mm-4000x08,im_val_cut10-400-01-V-6mm-4000x08_1_1.png,0,0,0.074738,train,256,/content/drive/MyDrive/phase11-data/data/Steel1/images/im_val_cut10-400-01-V-6mm-4000x08_1_1.png,/content/drive/MyDrive/phase11-persistent/gt_boundaries/Steel1/im_val_cut10-400-01-V-6mm-4000x08_1_1.png,0,0,256,256,0,0
Steel1/im_val_cut10-400-01-V-6mm-4000x08_1_2/x0_y0,Steel1,im_val_cut10-400-01-V-6mm-4000x08,im_val_cut10-400-01-V-6mm-4000x08_1_2.png,0,0,0.081512,train,256,/content/drive/MyDrive/phase11-data/data/Steel1/images/im_val_cut10-400-01-V-6mm-4000x08_1_2.png,/content/drive/MyDrive/phase11-persistent/gt_boundaries/Steel1/im_val_cut10-400-01-V-6mm-4000x08_1_2.png,0,0,256,256,0,0
Steel1/im_val_cut10-400-01-V-6mm-4000x08_1_3/x0_y0,Steel1,im_val_cut10-400-01-V-6mm-4000x08,im_val_cut10-400-01-V-6mm-4000x08_1_3.png,0,0,0.096481,train,256,/content/drive/MyDrive/phase11-data/data/Steel1/images/im_val_cut10-400-01-V-6mm-4000x08_1_3.png,/content/drive/MyDrive/phase11-persistent/gt_boundaries/Steel1/im_val_cut10-400-01-V-6mm-4000x08_1_3.png,0,0,256,256,0,0
Steel1/im_val_cut10-400-01-V-6mm-4000x08_1_4/x0_y0,Steel1,im_val_cut10-400-01-V-6mm-4000x08,im_val_cut10-400-01-V-6mm-4000x08_1_4.png,0,0,0.078796,train,256,/content/drive/MyDrive/phase11-data/data/Steel1/images/im_val_cut10-400-01-V-6mm-4000x08_1_4.png,/content/drive/MyDrive/phase11-persistent/gt_boundaries/Steel1/im_val_cut10-400-01-V-6mm-4000x08_1_4.png,0,0,256,256,0,0
Steel1/im_val_cut10-400-01-V-6mm-4000x08_1_5/x0_y0,Steel1,im_val_cut10-400-01-V-6mm-4000x08,im_val_cut10-400-01-V-6mm-4000x08_1_5.png,0,0,0.085541,train,256,/content/drive/MyDrive/phase11-data/data/Steel1/images/im_val_cut10-400-01-V-6mm-4000x08_1_5.png,/content/drive/MyDrive/phase11-persistent/gt_boundaries/Steel1/im_val_cut10-400-01-V-6mm-4000x08_1_5.png,0,0,256,256,0,0
Steel1/im_val_cut10-400-01-V-6mm-4000x08_1_6/x0_y0,Steel1,im_val_cut10-400-01-V-6mm-4000x08,im_val_cut10-400-01-V-6mm-4000x08_1_6.png,0,0,0.071365,train,256,/content/drive/MyDrive/phase11-data/data/Steel1/images/im_val_cut10-400-01-V-6mm-4000x08_1_6.png,/content/drive/MyDrive/phase11-persistent/gt_boundaries/Steel1/im_val_cut10-400-01-V-6mm-4000x08_1_6.png,0,0,256,256,0,0
Steel1/im_val_cut10-400-01-V-6mm-4000x08_2_1/x0_y0,Steel1,im_val_cut10-400-01-V-6mm-4000x08,im_val_cut10-400-01-V-6mm-4000x08_2_1.png,0,0,0.0271,train,256,/content/drive/MyDrive/phase11-data/data/Steel1/images/im_val_cut10-400-01-V-6mm-4000x08_2_1.png,/content/drive/MyDrive/phase11-persistent/gt_boundaries/Steel1/im_val_cut10-400-01-V-6mm-4000x08_2_1.png,0,0,256,256,0,0
Steel1/im_val_cut10-400-01-V-6mm-4000x08_2_2/x0_y0,Steel1,im_val_cut10-400-01-V-6mm-4000x08,im_val_cut10-400-01-V-6mm-4000x08_2_2.png,0,0,0.079742,train,256,/content/drive/MyDrive/phase11-data/data/Steel1/images/im_val_cut10-400-01-V-6mm-4000x08_2_2.png,/content/drive/MyDrive/phase11-persistent/gt_boundaries/Steel1/im_val_cut10-400-01-V-6mm-4000x08_2_2.png,0,0,256,256,0,0
Steel1/im_val_cut10-400-01-V-6mm-4000x08_2_3/x0_y0,Steel1,im_val_cut10-400-01-V-6mm-4000x08,im_val_cut10-400-01-V-6mm-4000x08_2_3.png,0,0,0.106033,train,256,/content/drive/MyDrive/phase11-data/data/Steel1/images/im_val_cut10-400-01-V-6mm-4000x08_2_3.png,/content/drive/MyDrive/phase11-persistent/gt_boundaries/Steel1/im_val_cut10-400-01-V-6mm-4000x08_2_3.png,0,0,256,256,0,0
Steel1/im_val_cut10-400-01-V-6mm-4000x08_2_4/x0_y0,Steel1,im_val_cut10-400-01-V-6mm-4000x08,im_val_cut10-400-01-V-6mm-4000x08_2_4.png,0,0,0.086868,train,256,/content/drive/MyDrive/phase11-data/data/Steel1/images/im_val_cut10-400-01-V-6mm-4000x08_2_4.png,/content/drive/MyDrive/phase11-persistent/gt_boundaries/Steel1/im_val_cut10-400-01-V-6mm-4000x08_2_4.png,0,0,256,256,0,0
Steel1/im_val_cut10-400-01-V-6mm-4000x08_2_5/x0_y0,Steel1,im_val_cut10-400-01-V-6mm-4000x08,im_val_cut10-400-01-V-6mm-4000x08_2_5.png,0,0,0.063278,train,256,/content/drive/MyDrive/phase11-data/data/Steel1/images/im_val_cut10-400-01-V-6mm-4000x08_2_5.png,/content/drive/MyDrive/phase11-persistent/gt_boundaries/Steel1/im_val_cut10-400-01-V-6mm-4000x08_2_5.png,0,0,256,256,0,0
Steel1/im_val_cut10-400-01-V-6mm-4000x08_2_6/x0_y0,Steel1,im_val_cut10-400-01-V-6mm-4000x08,im_val_cut10-400-01-V-6mm-4000x08_2_6.png,0,0,0.101227,train,256,/content/drive/MyDrive/phase11-data/data/Steel1/images/im_val_cut10-400-01-V-6mm-4000x08_2_6.png,/content/drive/MyDrive/phase11-persistent/gt_boundaries/Steel1/im_val_cut10-400-01-V-6mm-4000x08_2_6.png,0,0,256,256,0,0
Steel1/im_val_cut10-400-01-V-6mm-4000x08_3_1/x0_y0,Steel1,im_val_cut10-400-01-V-6mm-4000x08,im_val_cut10-400-01-V-6mm-4000x08_3_1.png,0,0,0.104355,train,256,/content/drive/MyDrive/phase11-data/data/Steel1/images/im_val_cut10-400-01-V-6mm-4000x08_3_1.png,/content/drive/MyDrive/phase11-persistent/gt_boundaries/Steel1/im_val_cut10-400-01-V-6mm-4000x08_3_1.png,0,0,256,256,0,0
Steel1/im_val_cut10-400-01-V-6mm-4000x08_3_2/x0_y0,Steel1,im_val_cut10-400-01-V-6mm-4000x08,im_val_cut10-400-01-V-6mm-4000x08_3_2.png,0,0,0.062851,train,256,/content/drive/MyDrive/phase11-data/data/Steel1/images/im_val_cut10-400-01-V-6mm-4000x08_3_2.png,/content/drive/MyDrive/phase11-persistent/gt_boundaries/Steel1/im_val_cut10-400-01-V-6mm-4000x08_3_2.png,0,0,256,256,0,0
Steel1/im_val_cut10-400-01-V-6mm-4000x08_3_3/x0_y0,Steel1,im_val_cut10-400-01-V-6mm-4000x08,im_val_cut10-400-01-V-6mm-4000x08_3_3.png,0,0,0.0578,train,256,/content/drive/MyDrive/phase11-data/data/Steel1/images/im_val_cut10-400-01-V-6mm-4000x08_3_3.png,/content/drive/MyDrive/phase11-persistent/gt_boundaries/Steel1/im_val_cut10-400-01-V-6mm-4000x08_3_3.png,0,0,256,256,0,0
Steel1/im_val_cut10-400-01-V-6mm-4000x08_3_4/x0_y0,Steel1,im_val_cut10-400-01-V-6mm-4000x08,im_val_cut10-400-01-V-6mm-4000x08_3_4.png,0,0,0.084457,train,256,/content/drive/MyDrive/phase11-data/data/Steel1/images/im_val_cut10-400-01-V-6mm-4000x08_3_4.png,/content/drive/MyDrive/phase11-persistent/gt_boundaries/Steel1/im_val_cut10-400-01-V-6mm-4000x08_3_4.png,0,0,256,256,0,0
Steel1/im_val_cut10-400-01-V-6mm-4000x08_3_5/x0_y0,Steel1,im_val_cut10-400-01-V-6mm-4000x08,im_val_cut10-400-01-V-6mm-4000x08_3_5.png,0,0,0.080612,train,256,/content/drive/MyDrive/phase11-data/data/Steel1/images/im_val_cut10-400-01-V-6mm-4000x08_3_5.png,/content/drive/MyDrive/phase11-persistent/gt_boundaries/Steel1/im_val_cut10-400-01-V-6mm-4000x08_3_5.png,0,0,256,256,0,0
Steel1/im_val_cut10-400-01-V-6mm-4000x08_3_6/x0_y0,Steel1,im_val_cut10-400-01-V-6mm-4000x08,im_val_cut10-400-01-V-6mm-4000x08_3_6.png,0,0,0.088211,train,256,/content/drive/MyDrive/phase11-data/data/Steel1/images/im_val_cut10-400-01-V-6mm-4000x08_3_6.png,/content/drive/MyDrive/phase11-persistent/gt_boundaries/Steel1/im_val_cut10-400-01-V-6mm-4000x08_3_6.png,0,0,256,256,0,0
Steel1/im_val_cut10-400-01-V-6mm-4000x08_4_1/x0_y0,Steel1,im_val_cut10-400-01-V-6mm-4000x08,im_val_cut10-400-01-V-6mm-4000x08_4_1.png,0,0,0.086472,train,256,/content/drive/MyDrive/phase11-data/data/Steel1/images/im_val_cut10-400-01-V-6mm-4000x08_4_1.png,/content/drive/MyDrive/phase11-persistent/gt_boundaries/Steel1/im_val_cut10-400-01-V-6mm-4000x08_4_1.png,0,0,256,256,0,0
Steel1/im_val_cut10-400-01-V-6mm-4000x08_4_2/x0_y0,Steel1,im_val_cut10-400-01-V-6mm-4000x08,im_val_cut10-400-01-V-6mm-4000x08_4_2.png,0,0,0.128708,train,256,/content/drive/MyDrive/phase11-data/data/Steel1/images/im_val_cut10-400-01-V-6mm-4000x08_4_2.png,/content/drive/MyDrive/phase11-persistent/gt_boundaries/Steel1/im_val_cut10-400-01-V-6mm-4000x08_4_2.png,0,0,256,256,0,0
Steel1/im_val_cut10-400-01-V-6mm-4000x08_4_3/x0_y0,Steel1,im_val_cut10-400-01-V-6mm-4000x08,im_val_cut10-400-01-V-6mm-4000x08_4_3.png,0,0,0.110077,train,256,/content/drive/MyDrive/phase11-data/data/Steel1/images/im_val_cut10-400-01-V-6mm-4000x08_4_3.png,/content/drive/MyDrive/phase11-persistent/gt_boundaries/Steel1/im_val_cut10-400-01-V-6mm-4000x08_4_3.png,0,0,256,256,0,0
Steel1/im_val_cut10-400-01-V-6mm-4000x08_4_4/x0_y0,Steel1,im_val_cut10-400-01-V-6mm-4000x08,im_val_cut10-400-01-V-6mm-4000x08_4_4.png,0,0,0.134186,train,256,/content/drive/MyDrive/phase11-data/data/Steel1/images/im_val_cut10-400-01-V-6mm-4000x08_4_4.png,/content/drive/MyDrive/phase11-persistent/gt_boundaries/Steel1/im_val_cut10-400-01-V-6mm-4000x08_4_4.png,0,0,256,256,0,0
Steel1/im_val_cut10-400-01-V-6mm-4000x08_4_5/x0_y0,Steel1,im_val_cut10-400-01-V-6mm-4000x08,im_val_cut10-400-01-V-6mm-4000x08_4_5.png,0,0,0.121902,train,256,/content/drive/MyDrive/phase11-data/data/Steel1/images/im_val_cut10-400-01-V-6mm-4000x08_4_5.png,/content/drive/MyDrive/phase11-persistent/gt_boundaries/Steel1/im_val_cut10-400-01-V-6mm-4000x08_4_5.png,0,0,256,256,0,0
Steel1/im_val_cut10-400-01-V-6mm-4000x08_4_6/x0_y0,Steel1,im_val_cut10-400-01-V-6mm-4000x08,im_val_cut10-400-01-V-6mm-4000x08_4_6.png,0,0,0.11528,train,256,/content/drive/MyDrive/phase11-data/data/Steel1/images/im_val_cut10-400-01-V-6mm-4000x08_4_6.png,/content/drive/MyDrive/phase11-persistent/gt_boundaries/Steel1/im_val_cut10-400-01-V-6mm-4000x08_4_6.png,0,0,256,256,0,0
Steel1/im_val_cut10-400-01-V-6mm-4000x08_5_1/x0_y0,Steel1,im_val_cut10-400-01-V-6mm-4000x08,im_val_cut10-400-01-V-6mm-4000x08_5_1.png,0,0,0.080307,train,256,/content/drive/MyDrive/phase11-data/data/Steel1/images/im_val_cut10-400-01-V-6mm-4000x08_5_1.png,/content/drive/MyDrive/phase11-persistent/gt_boundaries/Steel1/im_val_cut10-400-01-V-6mm-4000x08_5_1.png,0,0,256,256,0,0
Steel1/im_val_cut10-400-01-V-6mm-4000x08_5_2/x0_y0,Steel1,im_val_cut10-400-01-V-6mm-4000x08,im_val_cut10-400-01-V-6mm-4000x08_5_2.png,0,0,0.121323,train,256,/content/drive/MyDrive/phase11-data/data/Steel1/images/im_val_cut10-400-01-V-6mm-4000x08_5_2.png,/content/drive/MyDrive/phase11-persistent/gt_boundaries/Steel1/im_val_cut10-400-01-V-6mm-4000x08_5_2.png,0,0,256,256,0,0
Steel1/im_val_cut10-400-01-V-6mm-4000x08_5_3/x0_y0,Steel1,im_val_cut10-400-01-V-6mm-4000x08,im_val_cut10-400-01-V-6mm-4000x08_5_3.png,0,0,0.096909,train,256,/content/drive/MyDrive/phase11-data/data/Steel1/images/im_val_cut10-400-01-V-6mm-4000x08_5_3.png,/content/drive/MyDrive/phase11-persistent/gt_boundaries/Steel1/im_val_cut10-400-01-V-6mm-4000x08_5_3.png,0,0,256,256,0,0
Steel1/im_val_cut10-400-01-V-6mm-4000x08_5_4/x0_y0,Steel1,im_val_cut10-400-01-V-6mm-4000x08,im_val_cut10-400-01-V-6mm-4000x08_5_4.png,0,0,0.100174,train,256,/content/drive/MyDrive/phase11-data/data/Steel1/images/im_val_cut10-400-01-V-6mm-4000x08_5_4.png,/content/drive/MyDrive/phase11-persistent/gt_boundaries/Steel1/im_val_cut10-400-01-V-6mm-4000x08_5_4.png,0,0,256,256,0,0
Steel1/im_val_cut10-400-01-V-6mm-4000x08_5_5/x0_y0,Steel1,im_val_cut10-400-01-V-6mm-4000x08,im_val_cut10-400-01-V-6mm-4000x08_5_5.png,0,0,0.121567,train,256,/content/drive/MyDrive/phase11-data/data/Steel1/images/im_val_cut10-400-01-V-6mm-4000x08_5_5.png,/content/drive/MyDrive/phase11-persistent/gt_boundaries/Steel1/im_val_cut10-400-01-V-6mm-4000x08_5_5.png,0,0,256,256,0,0
Steel1/im_val_cut10-400-01-V-6mm-4000x08_5_6/x0_y0,Steel1,im_val_cut10-400-01-V-6mm-4000x08,im_val_cut10-400-01-V-6mm-4000x08_5_6.png,0,0,0.09938,train,256,/content/drive/MyDrive/phase11-data/data/Steel1/images/im_val_cut10-400-01-V-6mm-4000x08_5_6.png,/content/drive/MyDrive/phase11-persistent/gt_boundaries/Steel1/im_val_cut10-400-01-V-6mm-4000x08_5_6.png,0,0,256,256,0,0
Steel1/im_val_cut10-400-01-V-6mm-4000x08_6_1/x0_y0,Steel1,im_val_cut10-400-01-V-6mm-4000x08,im_val_cut10-400-01-V-6mm-4000x08_6_1.png,0,0,0.096985,train,256,/content/drive/MyDrive/phase11-data/data/Steel1/images/im_val_cut10-400-01-V-6mm-4000x08_6_1.png,/content/drive/MyDrive/phase11-persistent/gt_boundaries/Steel1/im_val_cut10-400-01-V-6mm-4000x08_6_1.png,0,0,256,256,0,0
Steel1/im_val_cut10-400-01-V-6mm-4000x08_6_2/x0_y0,Steel1,im_val_cut10-400-01-V-6mm-4000x08,im_val_cut10-400-01-V-6mm-4000x08_6_2.png,0,0,0.041763,train,256,/content/drive/MyDrive/phase11-data/data/Steel1/images/im_val_cut10-400-01-V-6mm-4000x08_6_2.png,/content/drive/MyDrive/phase11-persistent/gt_boundaries/Steel1/im_val_cut10-400-01-V-6mm-4000x08_6_2.png,0,0,256,256,0,0
Steel1/im_val_cut10-400-01-V-6mm-4000x08_6_3/x0_y0,Steel1,im_val_cut10-400-01-V-6mm-4000x08,im_val_cut10-400-01-V-6mm-4000x08_6_3.png,0,0,0.092804,train,256,/content/drive/MyDrive/phase11-data/data/Steel1/images/im_val_cut10-400-01-V-6mm-4000x08_6_3.png,/content/drive/MyDrive/phase11-persistent/gt_boundaries/Steel1/im_val_cut10-400-01-V-6mm-4000x08_6_3.png,0,0,256,256,0,0
Steel1/im_val_cut10-400-01-V-6mm-4000x08_6_4/x0_y0,Steel1,im_val_cut10-400-01-V-6mm-4000x08,im_val_cut10-400-01-V-6mm-4000x08_6_4.png,0,0,0.112427,train,256,/content/drive/MyDrive/phase11-data/data/Steel1/images/im_val_cut10-400-01-V-6mm-4000x08_6_4.png,/content/drive/MyDrive/phase11-persistent/gt_boundaries/Steel1/im_val_cut10-400-01-V-6mm-4000x08_6_4.png,0,0,256,256,0,0
Steel1/im_val_cut10-400-01-V-6mm-4000x08_6_5/x0_y0,Steel1,im_val_cut10-400-01-V-6mm-4000x08,im_val_cut10-400-01-V-6mm-4000x08_6_5.png,0,0,0.084503,train,256,/content/drive/MyDrive/phase11-data/data/Steel1/images/im_val_cut10-400-01-V-6mm-4000x08_6_5.png,/content/drive/MyDrive/phase11-persistent/gt_boundaries/Steel1/im_val_cut10-400-01-V-6mm-4000x08_6_5.png,0,0,256,256,0,0
Steel1/im_val_cut10-400-01-V-6mm-4000x08_6_6/x0_y0,Steel1,im_val_cut10-400-01-V-6mm-4000x08,im_val_cut10-400-01-V-6mm-4000x08_6_6.png,0,0,0.104584,train,256,/content/drive/MyDrive/phase11-data/data/Steel1/images/im_val_cut10-400-01-V-6mm-4000x08_6_6.png,/content/drive/MyDrive/phase11-persistent/gt_boundaries/Steel1/im_val_cut10-400-01-V-6mm-4000x08_6_6.png,0,0,256,256,0,0
Steel1/im_val_cut10-400-01-V-6mm-4000x08_7_1/x0_y0,Steel1,im_val_cut10-400-01-V-6mm-4000x08,im_val_cut10-400-01-V-6mm-4000x08_7_1.png,0,0,0.122925,train,256,/content/drive/MyDrive/phase11-data/data/Steel1/images/im_val_cut10-400-01-V-6mm-4000x08_7_1.png,/content/drive/MyDrive/phase11-persistent/gt_boundaries/Steel1/im_val_cut10-400-01-V-6mm-4000x08_7_1.png,0,0,256,256,0,0
Steel1/im_val_cut10-400-01-V-6mm-4000x08_7_2/x0_y0,Steel1,im_val_cut10-400-01-V-6mm-4000x08,im_val_cut10-400-01-V-6mm-4000x08_7_2.png,0,0,0.078964,train,256,/content/drive/MyDrive/phase11-data/data/Steel1/images/im_val_cut10-400-01-V-6mm-4000x08_7_2.png,/content/drive/MyDrive/phase11-persistent/gt_boundaries/Steel1/im_val_cut10-400-01-V-6mm-4000x08_7_2.png,0,0,256,256,0,0
Steel1/im_val_cut10-400-01-V-6mm-4000x08_7_3/x0_y0,Steel1,im_val_cut10-400-01-V-6mm-4000x08,im_val_cut10-400-01-V-6mm-4000x08_7_3.png,0,0,0.10611,train,256,/content/drive/MyDrive/phase11-data/data/Steel1/images/im_val_cut10-400-01-V-6mm-4000x08_7_3.png,/content/drive/MyDrive/phase11-persistent/gt_boundaries/Steel1/im_val_cut10-400-01-V-6mm-4000x08_7_3.png,0,0,256,256,0,0
Steel1/im_val_cut10-400-01-V-6mm-4000x08_7_4/x0_y0,Steel1,im_val_cut10-400-01-V-6mm-4000x08,im_val_cut10-400-01-V-6mm-4000x08_7_4.png,0,0,0.100372,train,256,/content/drive/MyDrive/phase11-data/data/Steel1/images/im_val_cut10-400-01-V-6mm-4000x08_7_4.png,/content/drive/MyDrive/phase11-persistent/gt_boundaries/Steel1/im_val_cut10-400-01-V-6mm-4000x08_7_4.png,0,0,256,256,0,0
Steel1/im_val_cut10-400-01-V-6mm-4000x08_7_5/x0_y0,Steel1,im_val_cut10-400-01-V-6mm-4000x08,im_val_cut10-400-01-V-6mm-4000x08_7_5.png,0,0,0.056915,train,256,/content/drive/MyDrive/phase11-data/data/Steel1/images/im_val_cut10-400-01-V-6mm-4000x08_7_5.png,/content/drive/MyDrive/phase11-persistent/gt_boundaries/Steel1/im_val_cut10-400-01-V-6mm-4000x08_7_5.png,0,0,256,256,0,0
Steel1/im_val_cut10-400-01-V-6mm-4000x08_7_6/x0_y0,Steel1,im_val_cut10-400-01-V-6mm-4000x08,im_val_cut10-400-01-V-6mm-4000x08_7_6.png,0,0,0.089996,train,256,/content/drive/MyDrive/phase11-data/data/Steel1/images/im_val_cut10-400-01-V-6mm-4000x08_7_6.png,/content/drive/MyDrive/phase11-persistent/gt_boundaries/Steel1/im_val_cut10-400-01-V-6mm-4000x08_7_6.png,0,0,256,256,0,0
Steel1/im_val_cut10-400-01-V-6mm-4000x08_8_1/x0_y0,Steel1,im_val_cut10-400-01-V-6mm-4000x08,im_val_cut10-400-01-V-6mm-4000x08_8_1.png,0,0,0.093155,train,256,/content/drive/MyDrive/phase11-data/data/Steel1/images/im_val_cut10-400-01-V-6mm-4000x08_8_1.png,/content/drive/MyDrive/phase11-persistent/gt_boundaries/Steel1/im_val_cut10-400-01-V-6mm-4000x08_8_1.png,0,0,256,256,0,0
Steel1/im_val_cut10-400-01-V-6mm-4000x08_8_2/x0_y0,Steel1,im_val_cut10-400-01-V-6mm-4000x08,im_val_cut10-400-01-V-6mm-4000x08_8_2.png,0,0,0.103241,train,256,/content/drive/MyDrive/phase11-data/data/Steel1/images/im_val_cut10-400-01-V-6mm-4000x08_8_2.png,/content/drive/MyDrive/phase11-persistent/gt_boundaries/Steel1/im_val_cut10-400-01-V-6mm-4000x08_8_2.png,0,0,256,256,0,0
Steel1/im_val_cut10-400-01-V-6mm-4000x08_8_3/x0_y0,Steel1,im_val_cut10-400-01-V-6mm-4000x08,im_val_cut10-400-01-V-6mm-4000x08_8_3.png,0,0,0.131638,train,256,/content/drive/MyDrive/phase11-data/data/Steel1/images/im_val_cut10-400-01-V-6mm-4000x08_8_3.png,/content/drive/MyDrive/phase11-persistent/gt_boundaries/Steel1/im_val_cut10-400-01-V-6mm-4000x08_8_3.png,0,0,256,256,0,0
Steel1/im_val_cut10-400-01-V-6mm-4000x08_8_4/x0_y0,Steel1,im_val_cut10-400-01-V-6mm-4000x08,im_val_cut10-400-01-V-6mm-4000x08_8_4.png,0,0,0.131165,train,256,/content/drive/MyDrive/phase11-data/data/Steel1/images/im_val_cut10-400-01-V-6mm-4000x08_8_4.png,/content/drive/MyDrive/phase11-persistent/gt_boundaries/Steel1/im_val_cut10-400-01-V-6mm-4000x08_8_4.png,0,0,256,256,0,0
Steel1/im_val_cut10-400-01-V-6mm-4000x08_8_5/x0_y0,Steel1,im_val_cut10-400-01-V-6mm-4000x08,im_val_cut10-400-01-V-6mm-4000x08_8_5.png,0,0,0.094894,train,256,/content/drive/MyDrive/phase11-data/data/Steel1/images/im_val_cut10-400-01-V-6mm-4000x08_8_5.png,/content/drive/MyDrive/phase11-persistent/gt_boundaries/Steel1/im_val_cut10-400-01-V-6mm-4000x08_8_5.png,0,0,256,256,0,0
Steel1/im_val_cut10-400-01-V-6mm-4000x08_8_6/x0_y0,Steel1,im_val_cut10-400-01-V-6mm-4000x08,im_val_cut10-400-01-V-6mm-4000x08_8_6.png,0,0,0.071442,train,256,/content/drive/MyDrive/phase11-data/data/Steel1/images/im_val_cut10-400-01-V-6mm-4000x08_8_6.png,/content/drive/MyDrive/phase11-persistent/gt_boundaries/Steel1/im_val_cut10-400-01-V-6mm-4000x08_8_6.png,0,0,256,256,0,0
Steel1/im_val_cut10-400-01-V-9mm-4000x12_1_1/x0_y0,Steel1,im_val_cut10-400-01-V-9mm-4000x12,im_val_cut10-400-01-V-9mm-4000x12_1_1.png,0,0,0.075577,train,256,/content/drive/MyDrive/phase11-data/data/Steel1/images/im_val_cut10-400-01-V-9mm-4000x12_1_1.png,/content/drive/MyDrive/phase11-persistent/gt_boundaries/Steel1/im_val_cut10-400-01-V-9mm-4000x12_1_1.png,0,0,256,256,0,0
Steel1/im_val_cut10-400-01-V-9mm-4000x12_1_2/x0_y0,Steel1,im_val_cut10-400-01-V-9mm-4000x12,im_val_cut10-400-01-V-9mm-4000x12_1_2.png,0,0,0.085373,train,256,/content/drive/MyDrive/phase11-data/data/Steel1/images/im_val_cut10-400-01-V-9mm-4000x12_1_2.png,/content/drive/MyDrive/phase11-persistent/gt_boundaries/Steel1/im_val_cut10-400-01-V-9mm-4000x12_1_2.png,0,0,256,256,0,0
Steel1/im_val_cut10-400-01-V-9mm-4000x12_1_3/x0_y0,Steel1,im_val_cut10-400-01-V-9mm-4000x12,im_val_cut10-400-01-V-9mm-4000x12_1_3.png,0,0,0.114594,train,256,/content/drive/MyDrive/phase11-data/data/Steel1/images/im_val_cut10-400-01-V-9mm-4000x12_1_3.png,/content/drive/MyDrive/phase11-persistent/gt_boundaries/Steel1/im_val_cut10-400-01-V-9mm-4000x12_1_3.png,0,0,256,256,0,0
Steel1/im_val_cut10-400-01-V-9mm-4000x12_1_4/x0_y0,Steel1,im_val_cut10-400-01-V-9mm-4000x12,im_val_cut10-400-01-V-9mm-4000x12_1_4.png,0,0,0.147324,train,256,/content/drive/MyDrive/phase11-data/data/Steel1/images/im_val_cut10-400-01-V-9mm-4000x12_1_4.png,/content/drive/MyDrive/phase11-persistent/gt_boundaries/Steel1/im_val_cut10-400-01-V-9mm-4000x12_1_4.png,0,0,256,256,0,0
Steel1/im_val_cut10-400-01-V-9mm-4000x12_1_5/x0_y0,Steel1,im_val_cut10-400-01-V-9mm-4000x12,im_val_cut10-400-01-V-9mm-4000x12_1_5.png,0,0,0.08313,train,256,/content/drive/MyDrive/phase11-data/data/Steel1/images/im_val_cut10-400-01-V-9mm-4000x12_1_5.png,/content/drive/MyDrive/phase11-persistent/gt_boundaries/Steel1/im_val_cut10-400-01-V-9mm-4000x12_1_5.png,0,0,256,256,0,0
Steel1/im_val_cut10-400-01-V-9mm-4000x12_1_6/x0_y0,Steel1,im_val_cut10-400-01-V-9mm-4000x12,im_val_cut10-400-01-V-9mm-4000x12_1_6.png,0,0,0.116379,train,256,/content/drive/MyDrive/phase11-data/data/Steel1/images/im_val_cut10-400-01-V-9mm-4000x12_1_6.png,/content/drive/MyDrive/phase11-persistent/gt_boundaries/Steel1/im_val_cut10-400-01-V-9mm-4000x12_1_6.png,0,0,256,256,0,0
Steel1/im_val_cut10-400-01-V-9mm-4000x12_2_1/x0_y0,Steel1,im_val_cut10-400-01-V-9mm-4000x12,im_val_cut10-400-01-V-9mm-4000x12_2_1.png,0,0,0.100006,train,256,/content/drive/MyDrive/phase11-data/data/Steel1/images/im_val_cut10-400-01-V-9mm-4000x12_2_1.png,/content/drive/MyDrive/phase11-persistent/gt_boundaries/Steel1/im_val_cut10-400-01-V-9mm-4000x12_2_1.png,0,0,256,256,0,0
Steel1/im_val_cut10-400-01-V-9mm-4000x12_2_2/x0_y0,Steel1,im_val_cut10-400-01-V-9mm-4000x12,im_val_cut10-400-01-V-9mm-4000x12_2_2.png,0,0,0.078934,train,256,/content/drive/MyDrive/phase11-data/data/Steel1/images/im_val_cut10-400-01-V-9mm-4000x12_2_2.png,/content/drive/MyDrive/phase11-persistent/gt_boundaries/Steel1/im_val_cut10-400-01-V-9mm-4000x12_2_2.png,0,0,256,256,0,0
Steel1/im_val_cut10-400-01-V-9mm-4000x12_2_3/x0_y0,Steel1,im_val_cut10-400-01-V-9mm-4000x12,im_val_cut10-400-01-V-9mm-4000x12_2_3.png,0,0,0.115829,train,256,/content/drive/MyDrive/phase11-data/data/Steel1/images/im_val_cut10-400-01-V-9mm-4000x12_2_3.png,/content/drive/MyDrive/phase11-persistent/gt_boundaries/Steel1/im_val_cut10-400-01-V-9mm-4000x12_2_3.png,0,0,256,256,0,0
Steel1/im_val_cut10-400-01-V-9mm-4000x12_2_4/x0_y0,Steel1,im_val_cut10-400-01-V-9mm-4000x12,im_val_cut10-400-01-V-9mm-4000x12_2_4.png,0,0,0.092209,train,256,/content/drive/MyDrive/phase11-data/data/Steel1/images/im_val_cut10-400-01-V-9mm-4000x12_2_4.png,/content/drive/MyDrive/phase11-persistent/gt_boundaries/Steel1/im_val_cut10-400-01-V-9mm-4000x12_2_4.png,0,0,256,256,0,0
Steel1/im_val_cut10-400-01-V-9mm-4000x12_2_5/x0_y0,Steel1,im_val_cut10-400-01-V-9mm-4000x12,im_val_cut10-400-01-V-9mm-4000x12_2_5.png,0,0,0.066559,train,256,/content/drive/MyDrive/phase11-data/data/Steel1/images/im_val_cut10-400-01-V-9mm-4000x12_2_5.png,/content/drive/MyDrive/phase11-persistent/gt_boundaries/Steel1/im_val_cut10-400-01-V-9mm-4000x12_2_5.png,0,0,256,256,0,0
Steel1/im_val_cut10-400-01-V-9mm-4000x12_2_6/x0_y0,Steel1,im_val_cut10-400-01-V-9mm-4000x12,im_val_cut10-400-01-V-9mm-4000x12_2_6.png,0,0,0.103104,train,256,/content/drive/MyDrive/phase11-data/data/Steel1/images/im_val_cut10-400-01-V-9mm-4000x12_2_6.png,/content/drive/MyDrive/phase11-persistent/gt_boundaries/Steel1/im_val_cut10-400-01-V-9mm-4000x12_2_6.png,0,0,256,256,0,0
Steel1/im_val_cut10-400-01-V-9mm-4000x12_3_1/x0_y0,Steel1,im_val_cut10-400-01-V-9mm-4000x12,im_val_cut10-400-01-V-9mm-4000x12_3_1.png,0,0,0.084778,train,256,/content/drive/MyDrive/phase11-data/data/Steel1/images/im_val_cut10-400-01-V-9mm-4000x12_3_1.png,/content/drive/MyDrive/phase11-persistent/gt_boundaries/Steel1/im_val_cut10-400-01-V-9mm-4000x12_3_1.png,0,0,256,256,0,0
Steel1/im_val_cut10-400-01-V-9mm-4000x12_3_2/x0_y0,Steel1,im_val_cut10-400-01-V-9mm-4000x12,im_val_cut10-400-01-V-9mm-4000x12_3_2.png,0,0,0.097137,train,256,/content/drive/MyDrive/phase11-data/data/Steel1/images/im_val_cut10-400-01-V-9mm-4000x12_3_2.png,/content/drive/MyDrive/phase11-persistent/gt_boundaries/Steel1/im_val_cut10-400-01-V-9mm-4000x12_3_2.png,0,0,256,256,0,0
Steel1/im_val_cut10-400-01-V-9mm-4000x12_3_3/x0_y0,Steel1,im_val_cut10-400-01-V-9mm-4000x12,im_val_cut10-400-01-V-9mm-4000x12_3_3.png,0,0,0.086945,train,256,/content/drive/MyDrive/phase11-data/data/Steel1/images/im_val_cut10-400-01-V-9mm-4000x12_3_3.png,/content/drive/MyDrive/phase11-persistent/gt_boundaries/Steel1/im_val_cut10-400-01-V-9mm-4000x12_3_3.png,0,0,256,256,0,0
Steel1/im_val_cut10-400-01-V-9mm-4000x12_3_4/x0_y0,Steel1,im_val_cut10-400-01-V-9mm-4000x12,im_val_cut10-400-01-V-9mm-4000x12_3_4.png,0,0,0.041153,train,256,/content/drive/MyDrive/phase11-data/data/Steel1/images/im_val_cut10-400-01-V-9mm-4000x12_3_4.png,/content/drive/MyDrive/phase11-persistent/gt_boundaries/Steel1/im_val_cut10-400-01-V-9mm-4000x12_3_4.png,0,0,256,256,0,0
Steel1/im_val_cut10-400-01-V-9mm-4000x12_3_5/x0_y0,Steel1,im_val_cut10-400-01-V-9mm-4000x12,im_val_cut10-400-01-V-9mm-4000x12_3_5.png,0,0,0.131638,train,256,/content/drive/MyDrive/phase11-data/data/Steel1/images/im_val_cut10-400-01-V-9mm-4000x12_3_5.png,/content/drive/MyDrive/phase11-persistent/gt_boundaries/Steel1/im_val_cut10-400-01-V-9mm-4000x12_3_5.png,0,0,256,256,0,0
Steel1/im_val_cut10-400-01-V-9mm-4000x12_3_6/x0_y0,Steel1,im_val_cut10-400-01-V-9mm-4000x12,im_val_cut10-400-01-V-9mm-4000x12_3_6.png,0,0,0.063675,train,256,/content/drive/MyDrive/phase11-data/data/Steel1/images/im_val_cut10-400-01-V-9mm-4000x12_3_6.png,/content/drive/MyDrive/phase11-persistent/gt_boundaries/Steel1/im_val_cut10-400-01-V-9mm-4000x12_3_6.png,0,0,256,256,0,0
Steel1/im_val_cut10-400-01-V-9mm-4000x12_4_1/x0_y0,Steel1,im_val_cut10-400-01-V-9mm-4000x12,im_val_cut10-400-01-V-9mm-4000x12_4_1.png,0,0,0.086655,train,256,/content/drive/MyDrive/phase11-data/data/Steel1/images/im_val_cut10-400-01-V-9mm-4000x12_4_1.png,/content/drive/MyDrive/phase11-persistent/gt_boundaries/Steel1/im_val_cut10-400-01-V-9mm-4000x12_4_1.png,0,0,256,256,0,0
Steel1/im_val_cut10-400-01-V-9mm-4000x12_4_2/x0_y0,Steel1,im_val_cut10-400-01-V-9mm-4000x12,im_val_cut10-400-01-V-9mm-4000x12_4_2.png,0,0,0.11763,train,256,/content/drive/MyDrive/phase11-data/data/Steel1/images/im_val_cut10-400-01-V-9mm-4000x12_4_2.png,/content/drive/MyDrive/phase11-persistent/gt_boundaries/Steel1/im_val_cut10-400-01-V-9mm-4000x12_4_2.png,0,0,256,256,0,0
Steel1/im_val_cut10-400-01-V-9mm-4000x12_4_3/x0_y0,Steel1,im_val_cut10-400-01-V-9mm-4000x12,im_val_cut10-400-01-V-9mm-4000x12_4_3.png,0,0,0.127335,train,256,/content/drive/MyDrive/phase11-data/data/Steel1/images/im_val_cut10-400-01-V-9mm-4000x12_4_3.png,/content/drive/MyDrive/phase11-persistent/gt_boundaries/Steel1/im_val_cut10-400-01-V-9mm-4000x12_4_3.png,0,0,256,256,0,0
Steel1/im_val_cut10-400-01-V-9mm-4000x12_4_4/x0_y0,Steel1,im_val_cut10-400-01-V-9mm-4000x12,im_val_cut10-400-01-V-9mm-4000x12_4_4.png,0,0,0.084717,train,256,/content/drive/MyDrive/phase11-data/data/Steel1/images/im_val_cut10-400-01-V-9mm-4000x12_4_4.png,/content/drive/MyDrive/phase11-persistent/gt_boundaries/Steel1/im_val_cut10-400-01-V-9mm-4000x12_4_4.png,0,0,256,256,0,0
Steel1/im_val_cut10-400-01-V-9mm-4000x12_4_5/x0_y0,Steel1,im_val_cut10-400-01-V-9mm-4000x12,im_val_cut10-400-01-V-9mm-4000x12_4_5.png,0,0,0.061356,train,256,/content/drive/MyDrive/phase11-data/data/Steel1/images/im_val_cut10-400-01-V-9mm-4000x12_4_5.png,/content/drive/MyDrive/phase11-persistent/gt_boundaries/Steel1/im_val_cut10-400-01-V-9mm-4000x12_4_5.png,0,0,256,256,0,0
Steel1/im_val_cut10-400-01-V-9mm-4000x12_4_6/x0_y0,Steel1,im_val_cut10-400-01-V-9mm-4000x12,im_val_cut10-400-01-V-9mm-4000x12_4_6.png,0,0,0.080124,train,256,/content/drive/MyDrive/phase11-data/data/Steel1/images/im_val_cut10-400-01-V-9mm-4000x12_4_6.png,/content/drive/MyDrive/phase11-persistent/gt_boundaries/Steel1/im_val_cut10-400-01-V-9mm-4000x12_4_6.png,0,0,256,256,0,0
Steel1/im_val_cut10-400-01-V-9mm-4000x12_5_1/x0_y0,Steel1,im_val_cut10-400-01-V-9mm-4000x12,im_val_cut10-400-01-V-9mm-4000x12_5_1.png,0,0,0.034393,train,256,/content/drive/MyDrive/phase11-data/data/Steel1/images/im_val_cut10-400-01-V-9mm-4000x12_5_1.png,/content/drive/MyDrive/phase11-persistent/gt_boundaries/Steel1/im_val_cut10-400-01-V-9mm-4000x12_5_1.png,0,0,256,256,0,0
Steel1/im_val_cut10-400-01-V-9mm-4000x12_5_2/x0_y0,Steel1,im_val_cut10-400-01-V-9mm-4000x12,im_val_cut10-400-01-V-9mm-4000x12_5_2.png,0,0,0.041306,train,256,/content/drive/MyDrive/phase11-data/data/Steel1/images/im_val_cut10-400-01-V-9mm-4000x12_5_2.png,/content/drive/MyDrive/phase11-persistent/gt_boundaries/Steel1/im_val_cut10-400-01-V-9mm-4000x12_5_2.png,0,0,256,256,0,0
Steel1/im_val_cut10-400-01-V-9mm-4000x12_5_3/x0_y0,Steel1,im_val_cut10-400-01-V-9mm-4000x12,im_val_cut10-400-01-V-9mm-4000x12_5_3.png,0,0,0.094437,train,256,/content/drive/MyDrive/phase11-data/data/Steel1/images/im_val_cut10-400-01-V-9mm-4000x12_5_3.png,/content/drive/MyDrive/phase11-persistent/gt_boundaries/Steel1/im_val_cut10-400-01-V-9mm-4000x12_5_3.png,0,0,256,256,0,0
Steel1/im_val_cut10-400-01-V-9mm-4000x12_5_4/x0_y0,Steel1,im_val_cut10-400-01-V-9mm-4000x12,im_val_cut10-400-01-V-9mm-4000x12_5_4.png,0,0,0.11319,train,256,/content/drive/MyDrive/phase11-data/data/Steel1/images/im_val_cut10-400-01-V-9mm-4000x12_5_4.png,/content/drive/MyDrive/phase11-persistent/gt_boundaries/Steel1/im_val_cut10-400-01-V-9mm-4000x12_5_4.png,0,0,256,256,0,0
Steel1/im_val_cut10-400-01-V-9mm-4000x12_5_5/x0_y0,Steel1,im_val_cut10-400-01-V-9mm-4000x12,im_val_cut10-400-01-V-9mm-4000x12_5_5.png,0,0,0.11264,train,256,/content/drive/MyDrive/phase11-data/data/Steel1/images/im_val_cut10-400-01-V-9mm-4000x12_5_5.png,/content/drive/MyDrive/phase11-persistent/gt_boundaries/Steel1/im_val_cut10-400-01-V-9mm-4000x12_5_5.png,0,0,256,256,0,0
Steel1/im_val_cut10-400-01-V-9mm-4000x12_5_6/x0_y0,Steel1,im_val_cut10-400-01-V-9mm-4000x12,im_val_cut10-400-01-V-9mm-4000x12_5_6.png,0,0,0.107529,train,256,/content/drive/MyDrive/phase11-data/data/Steel1/images/im_val_cut10-400-01-V-9mm-4000x12_5_6.png,/content/drive/MyDrive/phase11-persistent/gt_boundaries/Steel1/im_val_cut10-400-01-V-9mm-4000x12_5_6.png,0,0,256,256,0,0
Steel1/im_val_cut10-400-01-V-9mm-4000x12_6_1/x0_y0,Steel1,im_val_cut10-400-01-V-9mm-4000x12,im_val_cut10-400-01-V-9mm-4000x12_6_1.png,0,0,0.086166,train,256,/content/drive/MyDrive/phase11-data/data/Steel1/images/im_val_cut10-400-01-V-9mm-4000x12_6_1.png,/content/drive/MyDrive/phase11-persistent/gt_boundaries/Steel1/im_val_cut10-400-01-V-9mm-4000x12_6_1.png,0,0,256,256,0,0
Steel1/im_val_cut10-400-01-V-9mm-4000x12_6_2/x0_y0,Steel1,im_val_cut10-400-01-V-9mm-4000x12,im_val_cut10-400-01-V-9mm-4000x12_6_2.png,0,0,0.112701,train,256,/content/drive/MyDrive/phase11-data/data/Steel1/images/im_val_cut10-400-01-V-9mm-4000x12_6_2.png,/content/drive/MyDrive/phase11-persistent/gt_boundaries/Steel1/im_val_cut10-400-01-V-9mm-4000x12_6_2.png,0,0,256,256,0,0
Steel1/im_val_cut10-400-01-V-9mm-4000x12_6_3/x0_y0,Steel1,im_val_cut10-400-01-V-9mm-4000x12,im_val_cut10-400-01-V-9mm-4000x12_6_3.png,0,0,0.123154,train,256,/content/drive/MyDrive/phase11-data/data/Steel1/images/im_val_cut10-400-01-V-9mm-4000x12_6_3.png,/content/drive/MyDrive/phase11-persistent/gt_boundaries/Steel1/im_val_cut10-400-01-V-9mm-4000x12_6_3.png,0,0,256,256,0,0
Steel1/im_val_cut10-400-01-V-9mm-4000x12_6_4/x0_y0,Steel1,im_val_cut10-400-01-V-9mm-4000x12,im_val_cut10-400-01-V-9mm-4000x12_6_4.png,0,0,0.134247,train,256,/content/drive/MyDrive/phase11-data/data/Steel1/images/im_val_cut10-400-01-V-9mm-4000x12_6_4.png,/content/drive/MyDrive/phase11-persistent/gt_boundaries/Steel1/im_val_cut10-400-01-V-9mm-4000x12_6_4.png,0,0,256,256,0,0
Steel1/im_val_cut10-400-01-V-9mm-4000x12_6_5/x0_y0,Steel1,im_val_cut10-400-01-V-9mm-4000x12,im_val_cut10-400-01-V-9mm-4000x12_6_5.png,0,0,0.091736,train,256,/content/drive/MyDrive/phase11-data/data/Steel1/images/im_val_cut10-400-01-V-9mm-4000x12_6_5.png,/content/drive/MyDrive/phase11-persistent/gt_boundaries/Steel1/im_val_cut10-400-01-V-9mm-4000x12_6_5.png,0,0,256,256,0,0
Steel1/im_val_cut10-400-01-V-9mm-4000x12_6_6/x0_y0,Steel1,im_val_cut10-400-01-V-9mm-4000x12,im_val_cut10-400-01-V-9mm-4000x12_6_6.png,0,0,0.13829,train,256,/content/drive/MyDrive/phase11-data/data/Steel1/images/im_val_cut10-400-01-V-9mm-4000x12_6_6.png,/content/drive/MyDrive/phase11-persistent/gt_boundaries/Steel1/im_val_cut10-400-01-V-9mm-4000x12_6_6.png,0,0,256,256,0,0
Steel1/im_val_cut10-400-01-V-9mm-4000x12_7_1/x0_y0,Steel1,im_val_cut10-400-01-V-9mm-4000x12,im_val_cut10-400-01-V-9mm-4000x12_7_1.png,0,0,0.062134,train,256,/content/drive/MyDrive/phase11-data/data/Steel1/images/im_val_cut10-400-01-V-9mm-4000x12_7_1.png,/content/drive/MyDrive/phase11-persistent/gt_boundaries/Steel1/im_val_cut10-400-01-V-9mm-4000x12_7_1.png,0,0,256,256,0,0
Steel1/im_val_cut10-400-01-V-9mm-4000x12_7_2/x0_y0,Steel1,im_val_cut10-400-01-V-9mm-4000x12,im_val_cut10-400-01-V-9mm-4000x12_7_2.png,0,0,0.073914,train,256,/content/drive/MyDrive/phase11-data/data/Steel1/images/im_val_cut10-400-01-V-9mm-4000x12_7_2.png,/content/drive/MyDrive/phase11-persistent/gt_boundaries/Steel1/im_val_cut10-400-01-V-9mm-4000x12_7_2.png,0,0,256,256,0,0
Steel1/im_val_cut10-400-01-V-9mm-4000x12_7_3/x0_y0,Steel1,im_val_cut10-400-01-V-9mm-4000x12,im_val_cut10-400-01-V-9mm-4000x12_7_3.png,0,0,0.092773,train,256,/content/drive/MyDrive/phase11-data/data/Steel1/images/im_val_cut10-400-01-V-9mm-4000x12_7_3.png,/content/drive/MyDrive/phase11-persistent/gt_boundaries/Steel1/im_val_cut10-400-01-V-9mm-4000x12_7_3.png,0,0,256,256,0,0
Steel1/im_val_cut10-400-01-V-9mm-4000x12_7_4/x0_y0,Steel1,im_val_cut10-400-01-V-9mm-4000x12,im_val_cut10-400-01-V-9mm-4000x12_7_4.png,0,0,0.089859,train,256,/content/drive/MyDrive/phase11-data/data/Steel1/images/im_val_cut10-400-01-V-9mm-4000x12_7_4.png,/content/drive/MyDrive/phase11-persistent/gt_boundaries/Steel1/im_val_cut10-400-01-V-9mm-4000x12_7_4.png,0,0,256,256,0,0
Steel1/im_val_cut10-400-01-V-9mm-4000x12_7_5/x0_y0,Steel1,im_val_cut10-400-01-V-9mm-4000x12,im_val_cut10-400-01-V-9mm-4000x12_7_5.png,0,0,0.084167,train,256,/content/drive/MyDrive/phase11-data/data/Steel1/images/im_val_cut10-400-01-V-9mm-4000x12_7_5.png,/content/drive/MyDrive/phase11-persistent/gt_boundaries/Steel1/im_val_cut10-400-01-V-9mm-4000x12_7_5.png,0,0,256,256,0,0
Steel1/im_val_cut10-400-01-V-9mm-4000x12_7_6/x0_y0,Steel1,im_val_cut10-400-01-V-9mm-4000x12,im_val_cut10-400-01-V-9mm-4000x12_7_6.png,0,0,0.097992,train,256,/content/drive/MyDrive/phase11-data/data/Steel1/images/im_val_cut10-400-01-V-9mm-4000x12_7_6.png,/content/drive/MyDrive/phase11-persistent/gt_boundaries/Steel1/im_val_cut10-400-01-V-9mm-4000x12_7_6.png,0,0,256,256,0,0
Steel1/im_val_cut10-400-01-V-9mm-4000x12_8_1/x0_y0,Steel1,im_val_cut10-400-01-V-9mm-4000x12,im_val_cut10-400-01-V-9mm-4000x12_8_1.png,0,0,0.075516,train,256,/content/drive/MyDrive/phase11-data/data/Steel1/images/im_val_cut10-400-01-V-9mm-4000x12_8_1.png,/content/drive/MyDrive/phase11-persistent/gt_boundaries/Steel1/im_val_cut10-400-01-V-9mm-4000x12_8_1.png,0,0,256,256,0,0
Steel1/im_val_cut10-400-01-V-9mm-4000x12_8_2/x0_y0,Steel1,im_val_cut10-400-01-V-9mm-4000x12,im_val_cut10-400-01-V-9mm-4000x12_8_2.png,0,0,0.119019,train,256,/content/drive/MyDrive/phase11-data/data/Steel1/images/im_val_cut10-400-01-V-9mm-4000x12_8_2.png,/content/drive/MyDrive/phase11-persistent/gt_boundaries/Steel1/im_val_cut10-400-01-V-9mm-4000x12_8_2.png,0,0,256,256,0,0
Steel1/im_val_cut10-400-01-V-9mm-4000x12_8_3/x0_y0,Steel1,im_val_cut10-400-01-V-9mm-4000x12,im_val_cut10-400-01-V-9mm-4000x12_8_3.png,0,0,0.096542,train,256,/content/drive/MyDrive/phase11-data/data/Steel1/images/im_val_cut10-400-01-V-9mm-4000x12_8_3.png,/content/drive/MyDrive/phase11-persistent/gt_boundaries/Steel1/im_val_cut10-400-01-V-9mm-4000x12_8_3.png,0,0,256,256,0,0
Steel1/im_val_cut10-400-01-V-9mm-4000x12_8_4/x0_y0,Steel1,im_val_cut10-400-01-V-9mm-4000x12,im_val_cut10-400-01-V-9mm-4000x12_8_4.png,0,0,0.120224,train,256,/content/drive/MyDrive/phase11-data/data/Steel1/images/im_val_cut10-400-01-V-9mm-4000x12_8_4.png,/content/drive/MyDrive/phase11-persistent/gt_boundaries/Steel1/im_val_cut10-400-01-V-9mm-4000x12_8_4.png,0,0,256,256,0,0
Steel1/im_val_cut10-400-01-V-9mm-4000x12_8_5/x0_y0,Steel1,im_val_cut10-400-01-V-9mm-4000x12,im_val_cut10-400-01-V-9mm-4000x12_8_5.png,0,0,0.117538,train,256,/content/drive/MyDrive/phase11-data/data/Steel1/images/im_val_cut10-400-01-V-9mm-4000x12_8_5.png,/content/drive/MyDrive/phase11-persistent/gt_boundaries/Steel1/im_val_cut10-400-01-V-9mm-4000x12_8_5.png,0,0,256,256,0,0
Steel1/im_val_cut10-400-01-V-9mm-4000x12_8_6/x0_y0,Steel1,im_val_cut10-400-01-V-9mm-4000x12,im_val_cut10-400-01-V-9mm-4000x12_8_6.png,0,0,0.135529,train,256,/content/drive/MyDrive/phase11-data/data/Steel1/images/im_val_cut10-400-01-V-9mm-4000x12_8_6.png,/content/drive/MyDrive/phase11-persistent/gt_boundaries/Steel1/im_val_cut10-400-01-V-9mm-4000x12_8_6.png,0,0,256,256,0,0
Steel1/im_val_cut10_400-H-12mm-4000x14_1_1/x0_y0,Steel1,im_val_cut10_400-H-12mm-4000x14,im_val_cut10_400-H-12mm-4000x14_1_1.png,0,0,0.099945,train,256,/content/drive/MyDrive/phase11-data/data/Steel1/images/im_val_cut10_400-H-12mm-4000x14_1_1.png,/content/drive/MyDrive/phase11-persistent/gt_boundaries/Steel1/im_val_cut10_400-H-12mm-4000x14_1_1.png,0,0,256,256,0,0
Steel1/im_val_cut10_400-H-12mm-4000x14_1_2/x0_y0,Steel1,im_val_cut10_400-H-12mm-4000x14,im_val_cut10_400-H-12mm-4000x14_1_2.png,0,0,0.101578,train,256,/content/drive/MyDrive/phase11-data/data/Steel1/images/im_val_cut10_400-H-12mm-4000x14_1_2.png,/content/drive/MyDrive/phase11-persistent/gt_boundaries/Steel1/im_val_cut10_400-H-12mm-4000x14_1_2.png,0,0,256,256,0,0
Steel1/im_val_cut10_400-H-12mm-4000x14_1_3/x0_y0,Steel1,im_val_cut10_400-H-12mm-4000x14,im_val_cut10_400-H-12mm-4000x14_1_3.png,0,0,0.120636,train,256,/content/drive/MyDrive/phase11-data/data/Steel1/images/im_val_cut10_400-H-12mm-4000x14_1_3.png,/content/drive/MyDrive/phase11-persistent/gt_boundaries/Steel1/im_val_cut10_400-H-12mm-4000x14_1_3.png,0,0,256,256,0,0
Steel1/im_val_cut10_400-H-12mm-4000x14_1_4/x0_y0,Steel1,im_val_cut10_400-H-12mm-4000x14,im_val_cut10_400-H-12mm-4000x14_1_4.png,0,0,0.114319,train,256,/content/drive/MyDrive/phase11-data/data/Steel1/images/im_val_cut10_400-H-12mm-4000x14_1_4.png,/content/drive/MyDrive/phase11-persistent/gt_boundaries/Steel1/im_val_cut10_400-H-12mm-4000x14_1_4.png,0,0,256,256,0,0
Steel1/im_val_cut10_400-H-12mm-4000x14_1_5/x0_y0,Steel1,im_val_cut10_400-H-12mm-4000x14,im_val_cut10_400-H-12mm-4000x14_1_5.png,0,0,0.094269,train,256,/content/drive/MyDrive/phase11-data/data/Steel1/images/im_val_cut10_400-H-12mm-4000x14_1_5.png,/content/drive/MyDrive/phase11-persistent/gt_boundaries/Steel1/im_val_cut10_400-H-12mm-4000x14_1_5.png,0,0,256,256,0,0
Steel1/im_val_cut10_400-H-12mm-4000x14_1_6/x0_y0,Steel1,im_val_cut10_400-H-12mm-4000x14,im_val_cut10_400-H-12mm-4000x14_1_6.png,0,0,0.046829,train,256,/content/drive/MyDrive/phase11-data/data/Steel1/images/im_val_cut10_400-H-12mm-4000x14_1_6.png,/content/drive/MyDrive/phase11-persistent/gt_boundaries/Steel1/im_val_cut10_400-H-12mm-4000x14_1_6.png,0,0,256,256,0,0
Steel1/im_val_cut10_400-H-12mm-4000x14_2_1/x0_y0,Steel1,im_val_cut10_400-H-12mm-4000x14,im_val_cut10_400-H-12mm-4000x14_2_1.png,0,0,0.07428,train,256,/content/drive/MyDrive/phase11-data/data/Steel1/images/im_val_cut10_400-H-12mm-4000x14_2_1.png,/content/drive/MyDrive/phase11-persistent/gt_boundaries/Steel1/im_val_cut10_400-H-12mm-4000x14_2_1.png,0,0,256,256,0,0
Steel1/im_val_cut10_400-H-12mm-4000x14_2_2/x0_y0,Steel1,im_val_cut10_400-H-12mm-4000x14,im_val_cut10_400-H-12mm-4000x14_2_2.png,0,0,0.129288,train,256,/content/drive/MyDrive/phase11-data/data/Steel1/images/im_val_cut10_400-H-12mm-4000x14_2_2.png,/content/drive/MyDrive/phase11-persistent/gt_boundaries/Steel1/im_val_cut10_400-H-12mm-4000x14_2_2.png,0,0,256,256,0,0
Steel1/im_val_cut10_400-H-12mm-4000x14_2_3/x0_y0,Steel1,im_val_cut10_400-H-12mm-4000x14,im_val_cut10_400-H-12mm-4000x14_2_3.png,0,0,0.139755,train,256,/content/drive/MyDrive/phase11-data/data/Steel1/images/im_val_cut10_400-H-12mm-4000x14_2_3.png,/content/drive/MyDrive/phase11-persistent/gt_boundaries/Steel1/im_val_cut10_400-H-12mm-4000x14_2_3.png,0,0,256,256,0,0
Steel1/im_val_cut10_400-H-12mm-4000x14_2_4/x0_y0,Steel1,im_val_cut10_400-H-12mm-4000x14,im_val_cut10_400-H-12mm-4000x14_2_4.png,0,0,0.118805,train,256,/content/drive/MyDrive/phase11-data/data/Steel1/images/im_val_cut10_400-H-12mm-4000x14_2_4.png,/content/drive/MyDrive/phase11-persistent/gt_boundaries/Steel1/im_val_cut10_400-H-12mm-4000x14_2_4.png,0,0,256,256,0,0
Steel1/im_val_cut10_400-H-12mm-4000x14_2_5/x0_y0,Steel1,im_val_cut10_400-H-12mm-4000x14,im_val_cut10_400-H-12mm-4000x14_2_5.png,0,0,0.132004,train,256,/content/drive/MyDrive/phase11-data/data/Steel1/images/im_val_cut10_400-H-12mm-4000x14_2_5.png,/content/drive/MyDrive/phase11-persistent/gt_boundaries/Steel1/im_val_cut10_400-H-12mm-4000x14_2_5.png,0,0,256,256,0,0
Steel1/im_val_cut10_400-H-12mm-4000x14_2_6/x0_y0,Steel1,im_val_cut10_400-H-12mm-4000x14,im_val_cut10_400-H-12mm-4000x14_2_6.png,0,0,0.08609,train,256,/content/drive/MyDrive/phase11-data/data/Steel1/images/im_val_cut10_400-H-12mm-4000x14_2_6.png,/content/drive/MyDrive/phase11-persistent/gt_boundaries/Steel1/im_val_cut10_400-H-12mm-4000x14_2_6.png,0,0,256,256,0,0
Steel1/im_val_cut10_400-H-12mm-4000x14_3_1/x0_y0,Steel1,im_val_cut10_400-H-12mm-4000x14,im_val_cut10_400-H-12mm-4000x14_3_1.png,0,0,0.131592,train,256,/content/drive/MyDrive/phase11-data/data/Steel1/images/im_val_cut10_400-H-12mm-4000x14_3_1.png,/content/drive/MyDrive/phase11-persistent/gt_boundaries/Steel1/im_val_cut10_400-H-12mm-4000x14_3_1.png,0,0,256,256,0,0
Steel1/im_val_cut10_400-H-12mm-4000x14_3_2/x0_y0,Steel1,im_val_cut10_400-H-12mm-4000x14,im_val_cut10_400-H-12mm-4000x14_3_2.png,0,0,0.090866,train,256,/content/drive/MyDrive/phase11-data/data/Steel1/images/im_val_cut10_400-H-12mm-4000x14_3_2.png,/content/drive/MyDrive/phase11-persistent/gt_boundaries/Steel1/im_val_cut10_400-H-12mm-4000x14_3_2.png,0,0,256,256,0,0
Steel1/im_val_cut10_400-H-12mm-4000x14_3_3/x0_y0,Steel1,im_val_cut10_400-H-12mm-4000x14,im_val_cut10_400-H-12mm-4000x14_3_3.png,0,0,0.093948,train,256,/content/drive/MyDrive/phase11-data/data/Steel1/images/im_val_cut10_400-H-12mm-4000x14_3_3.png,/content/drive/MyDrive/phase11-persistent/gt_boundaries/Steel1/im_val_cut10_400-H-12mm-4000x14_3_3.png,0,0,256,256,0,0
Steel1/im_val_cut10_400-H-12mm-4000x14_3_4/x0_y0,Steel1,im_val_cut10_400-H-12mm-4000x14,im_val_cut10_400-H-12mm-4000x14_3_4.png,0,0,0.095612,train,256,/content/drive/MyDrive/phase11-data/data/Steel1/images/im_val_cut10_400-H-12mm-4000x14_3_4.png,/content/drive/MyDrive/phase11-persistent/gt_boundaries/Steel1/im_val_cut10_400-H-12mm-4000x14_3_4.png,0,0,256,256,0,0
Steel1/im_val_cut10_400-H-12mm-4000x14_3_5/x0_y0,Steel1,im_val_cut10_400-H-12mm-4000x14,im_val_cut10_400-H-12mm-4000x14_3_5.png,0,0,0.092499,train,256,/content/drive/MyDrive/phase11-data/data/Steel1/images/im_val_cut10_400-H-12mm-4000x14_3_5.png,/content/drive/MyDrive/phase11-persistent/gt_boundaries/Steel1/im_val_cut10_400-H-12mm-4000x14_3_5.png,0,0,256,256,0,0
Steel1/im_val_cut10_400-H-12mm-4000x14_3_6/x0_y0,Steel1,im_val_cut10_400-H-12mm-4000x14,im_val_cut10_400-H-12mm-4000x14_3_6.png,0,0,0.088852,train,256,/content/drive/MyDrive/phase11-data/data/Steel1/images/im_val_cut10_400-H-12mm-4000x14_3_6.png,/content/drive/MyDrive/phase11-persistent/gt_boundaries/Steel1/im_val_cut10_400-H-12mm-4000x14_3_6.png,0,0,256,256,0,0
Steel1/im_val_cut10_400-H-12mm-4000x14_4_1/x0_y0,Steel1,im_val_cut10_400-H-12mm-4000x14,im_val_cut10_400-H-12mm-4000x14_4_1.png,0,0,0.113739,train,256,/content/drive/MyDrive/phase11-data/data/Steel1/images/im_val_cut10_400-H-12mm-4000x14_4_1.png,/content/drive/MyDrive/phase11-persistent/gt_boundaries/Steel1/im_val_cut10_400-H-12mm-4000x14_4_1.png,0,0,256,256,0,0
Steel1/im_val_cut10_400-H-12mm-4000x14_4_2/x0_y0,Steel1,im_val_cut10_400-H-12mm-4000x14,im_val_cut10_400-H-12mm-4000x14_4_2.png,0,0,0.127747,train,256,/content/drive/MyDrive/phase11-data/data/Steel1/images/im_val_cut10_400-H-12mm-4000x14_4_2.png,/content/drive/MyDrive/phase11-persistent/gt_boundaries/Steel1/im_val_cut10_400-H-12mm-4000x14_4_2.png,0,0,256,256,0,0
Steel1/im_val_cut10_400-H-12mm-4000x14_4_3/x0_y0,Steel1,im_val_cut10_400-H-12mm-4000x14,im_val_cut10_400-H-12mm-4000x14_4_3.png,0,0,0.131378,train,256,/content/drive/MyDrive/phase11-data/data/Steel1/images/im_val_cut10_400-H-12mm-4000x14_4_3.png,/content/drive/MyDrive/phase11-persistent/gt_boundaries/Steel1/im_val_cut10_400-H-12mm-4000x14_4_3.png,0,0,256,256,0,0
Steel1/im_val_cut10_400-H-12mm-4000x14_4_4/x0_y0,Steel1,im_val_cut10_400-H-12mm-4000x14,im_val_cut10_400-H-12mm-4000x14_4_4.png,0,0,0.113495,train,256,/content/drive/MyDrive/phase11-data/data/Steel1/images/im_val_cut10_400-H-12mm-4000x14_4_4.png,/content/drive/MyDrive/phase11-persistent/gt_boundaries/Steel1/im_val_cut10_400-H-12mm-4000x14_4_4.png,0,0,256,256,0,0
Steel1/im_val_cut10_400-H-12mm-4000x14_4_5/x0_y0,Steel1,im_val_cut10_400-H-12mm-4000x14,im_val_cut10_400-H-12mm-4000x14_4_5.png,0,0,0.109146,train,256,/content/drive/MyDrive/phase11-data/data/Steel1/images/im_val_cut10_400-H-12mm-4000x14_4_5.png,/content/drive/MyDrive/phase11-persistent/gt_boundaries/Steel1/im_val_cut10_400-H-12mm-4000x14_4_5.png,0,0,256,256,0,0
Steel1/im_val_cut10_400-H-12mm-4000x14_4_6/x0_y0,Steel1,im_val_cut10_400-H-12mm-4000x14,im_val_cut10_400-H-12mm-4000x14_4_6.png,0,0,0.062317,train,256,/content/drive/MyDrive/phase11-data/data/Steel1/images/im_val_cut10_400-H-12mm-4000x14_4_6.png,/content/drive/MyDrive/phase11-persistent/gt_boundaries/Steel1/im_val_cut10_400-H-12mm-4000x14_4_6.png,0,0,256,256,0,0
Steel1/im_val_cut10_400-H-12mm-4000x14_5_1/x0_y0,Steel1,im_val_cut10_400-H-12mm-4000x14,im_val_cut10_400-H-12mm-4000x14_5_1.png,0,0,0.096573,train,256,/content/drive/MyDrive/phase11-data/data/Steel1/images/im_val_cut10_400-H-12mm-4000x14_5_1.png,/content/drive/MyDrive/phase11-persistent/gt_boundaries/Steel1/im_val_cut10_400-H-12mm-4000x14_5_1.png,0,0,256,256,0,0
Steel1/im_val_cut10_400-H-12mm-4000x14_5_2/x0_y0,Steel1,im_val_cut10_400-H-12mm-4000x14,im_val_cut10_400-H-12mm-4000x14_5_2.png,0,0,0.111053,train,256,/content/drive/MyDrive/phase11-data/data/Steel1/images/im_val_cut10_400-H-12mm-4000x14_5_2.png,/content/drive/MyDrive/phase11-persistent/gt_boundaries/Steel1/im_val_cut10_400-H-12mm-4000x14_5_2.png,0,0,256,256,0,0
Steel1/im_val_cut10_400-H-12mm-4000x14_5_3/x0_y0,Steel1,im_val_cut10_400-H-12mm-4000x14,im_val_cut10_400-H-12mm-4000x14_5_3.png,0,0,0.117188,train,256,/content/drive/MyDrive/phase11-data/data/Steel1/images/im_val_cut10_400-H-12mm-4000x14_5_3.png,/content/drive/MyDrive/phase11-persistent/gt_boundaries/Steel1/im_val_cut10_400-H-12mm-4000x14_5_3.png,0,0,256,256,0,0
Steel1/im_val_cut10_400-H-12mm-4000x14_5_4/x0_y0,Steel1,im_val_cut10_400-H-12mm-4000x14,im_val_cut10_400-H-12mm-4000x14_5_4.png,0,0,0.109177,train,256,/content/drive/MyDrive/phase11-data/data/Steel1/images/im_val_cut10_400-H-12mm-4000x14_5_4.png,/content/drive/MyDrive/phase11-persistent/gt_boundaries/Steel1/im_val_cut10_400-H-12mm-4000x14_5_4.png,0,0,256,256,0,0
Steel1/im_val_cut10_400-H-12mm-4000x14_5_5/x0_y0,Steel1,im_val_cut10_400-H-12mm-4000x14,im_val_cut10_400-H-12mm-4000x14_5_5.png,0,0,0.068893,train,256,/content/drive/MyDrive/phase11-data/data/Steel1/images/im_val_cut10_400-H-12mm-4000x14_5_5.png,/content/drive/MyDrive/phase11-persistent/gt_boundaries/Steel1/im_val_cut10_400-H-12mm-4000x14_5_5.png,0,0,256,256,0,0
Steel1/im_val_cut10_400-H-12mm-4000x14_5_6/x0_y0,Steel1,im_val_cut10_400-H-12mm-4000x14,im_val_cut10_400-H-12mm-4000x14_5_6.png,0,0,0.124771,train,256,/content/drive/MyDrive/phase11-data/data/Steel1/images/im_val_cut10_400-H-12mm-4000x14_5_6.png,/content/drive/MyDrive/phase11-persistent/gt_boundaries/Steel1/im_val_cut10_400-H-12mm-4000x14_5_6.png,0,0,256,256,0,0
Steel1/im_val_cut10_400-H-12mm-4000x14_6_1/x0_y0,Steel1,im_val_cut10_400-H-12mm-4000x14,im_val_cut10_400-H-12mm-4000x14_6_1.png,0,0,0.078995,train,256,/content/drive/MyDrive/phase11-data/data/Steel1/images/im_val_cut10_400-H-12mm-4000x14_6_1.png,/content/drive/MyDrive/phase11-persistent/gt_boundaries/Steel1/im_val_cut10_400-H-12mm-4000x14_6_1.png,0,0,256,256,0,0
Steel1/im_val_cut10_400-H-12mm-4000x14_6_2/x0_y0,Steel1,im_val_cut10_400-H-12mm-4000x14,im_val_cut10_400-H-12mm-4000x14_6_2.png,0,0,0.096985,train,256,/content/drive/MyDrive/phase11-data/data/Steel1/images/im_val_cut10_400-H-12mm-4000x14_6_2.png,/content/drive/MyDrive/phase11-persistent/gt_boundaries/Steel1/im_val_cut10_400-H-12mm-4000x14_6_2.png,0,0,256,256,0,0
Steel1/im_val_cut10_400-H-12mm-4000x14_6_3/x0_y0,Steel1,im_val_cut10_400-H-12mm-4000x14,im_val_cut10_400-H-12mm-4000x14_6_3.png,0,0,0.115509,train,256,/content/drive/MyDrive/phase11-data/data/Steel1/images/im_val_cut10_400-H-12mm-4000x14_6_3.png,/content/drive/MyDrive/phase11-persistent/gt_boundaries/Steel1/im_val_cut10_400-H-12mm-4000x14_6_3.png,0,0,256,256,0,0
Steel1/im_val_cut10_400-H-12mm-4000x14_6_4/x0_y0,Steel1,im_val_cut10_400-H-12mm-4000x14,im_val_cut10_400-H-12mm-4000x14_6_4.png,0,0,0.113495,train,256,/content/drive/MyDrive/phase11-data/data/Steel1/images/im_val_cut10_400-H-12mm-4000x14_6_4.png,/content/drive/MyDrive/phase11-persistent/gt_boundaries/Steel1/im_val_cut10_400-H-12mm-4000x14_6_4.png,0,0,256,256,0,0
Steel1/im_val_cut10_400-H-12mm-4000x14_6_5/x0_y0,Steel1,im_val_cut10_400-H-12mm-4000x14,im_val_cut10_400-H-12mm-4000x14_6_5.png,0,0,0.130783,train,256,/content/drive/MyDrive/phase11-data/data/Steel1/images/im_val_cut10_400-H-12mm-4000x14_6_5.png,/content/drive/MyDrive/phase11-persistent/gt_boundaries/Steel1/im_val_cut10_400-H-12mm-4000x14_6_5.png,0,0,256,256,0,0
Steel1/im_val_cut10_400-H-12mm-4000x14_6_6/x0_y0,Steel1,im_val_cut10_400-H-12mm-4000x14,im_val_cut10_400-H-12mm-4000x14_6_6.png,0,0,0.122192,train,256,/content/drive/MyDrive/phase11-data/data/Steel1/images/im_val_cut10_400-H-12mm-4000x14_6_6.png,/content/drive/MyDrive/phase11-persistent/gt_boundaries/Steel1/im_val_cut10_400-H-12mm-4000x14_6_6.png,0,0,256,256,0,0
Steel1/im_val_cut10_400-H-12mm-4000x14_7_1/x0_y0,Steel1,im_val_cut10_400-H-12mm-4000x14,im_val_cut10_400-H-12mm-4000x14_7_1.png,0,0,0.155167,train,256,/content/drive/MyDrive/phase11-data/data/Steel1/images/im_val_cut10_400-H-12mm-4000x14_7_1.png,/content/drive/MyDrive/phase11-persistent/gt_boundaries/Steel1/im_val_cut10_400-H-12mm-4000x14_7_1.png,0,0,256,256,0,0
Steel1/im_val_cut10_400-H-12mm-4000x14_7_2/x0_y0,Steel1,im_val_cut10_400-H-12mm-4000x14,im_val_cut10_400-H-12mm-4000x14_7_2.png,0,0,0.077042,train,256,/content/drive/MyDrive/phase11-data/data/Steel1/images/im_val_cut10_400-H-12mm-4000x14_7_2.png,/content/drive/MyDrive/phase11-persistent/gt_boundaries/Steel1/im_val_cut10_400-H-12mm-4000x14_7_2.png,0,0,256,256,0,0
Steel1/im_val_cut10_400-H-12mm-4000x14_7_3/x0_y0,Steel1,im_val_cut10_400-H-12mm-4000x14,im_val_cut10_400-H-12mm-4000x14_7_3.png,0,0,0.087585,train,256,/content/drive/MyDrive/phase11-data/data/Steel1/images/im_val_cut10_400-H-12mm-4000x14_7_3.png,/content/drive/MyDrive/phase11-persistent/gt_boundaries/Steel1/im_val_cut10_400-H-12mm-4000x14_7_3.png,0,0,256,256,0,0
Steel1/im_val_cut10_400-H-12mm-4000x14_7_4/x0_y0,Steel1,im_val_cut10_400-H-12mm-4000x14,im_val_cut10_400-H-12mm-4000x14_7_4.png,0,0,0.113724,train,256,/content/drive/MyDrive/phase11-data/data/Steel1/images/im_val_cut10_400-H-12mm-4000x14_7_4.png,/content/drive/MyDrive/phase11-persistent/gt_boundaries/Steel1/im_val_cut10_400-H-12mm-4000x14_7_4.png,0,0,256,256,0,0
Steel1/im_val_cut10_400-H-12mm-4000x14_7_5/x0_y0,Steel1,im_val_cut10_400-H-12mm-4000x14,im_val_cut10_400-H-12mm-4000x14_7_5.png,0,0,0.099213,train,256,/content/drive/MyDrive/phase11-data/data/Steel1/images/im_val_cut10_400-H-12mm-4000x14_7_5.png,/content/drive/MyDrive/phase11-persistent/gt_boundaries/Steel1/im_val_cut10_400-H-12mm-4000x14_7_5.png,0,0,256,256,0,0
Steel1/im_val_cut10_400-H-12mm-4000x14_7_6/x0_y0,Steel1,im_val_cut10_400-H-12mm-4000x14,im_val_cut10_400-H-12mm-4000x14_7_6.png,0,0,0.100983,train,256,/content/drive/MyDrive/phase11-data/data/Steel1/images/im_val_cut10_400-H-12mm-4000x14_7_6.png,/content/drive/MyDrive/phase11-persistent/gt_boundaries/Steel1/im_val_cut10_400-H-12mm-4000x14_7_6.png,0,0,256,256,0,0
Steel1/im_val_cut10_400-H-12mm-4000x14_8_1/x0_y0,Steel1,im_val_cut10_400-H-12mm-4000x14,im_val_cut10_400-H-12mm-4000x14_8_1.png,0,0,0.065781,train,256,/content/drive/MyDrive/phase11-data/data/Steel1/images/im_val_cut10_400-H-12mm-4000x14_8_1.png,/content/drive/MyDrive/phase11-persistent/gt_boundaries/Steel1/im_val_cut10_400-H-12mm-4000x14_8_1.png,0,0,256,256,0,0
Steel1/im_val_cut10_400-H-12mm-4000x14_8_2/x0_y0,Steel1,im_val_cut10_400-H-12mm-4000x14,im_val_cut10_400-H-12mm-4000x14_8_2.png,0,0,0.106171,train,256,/content/drive/MyDrive/phase11-data/data/Steel1/images/im_val_cut10_400-H-12mm-4000x14_8_2.png,/content/drive/MyDrive/phase11-persistent/gt_boundaries/Steel1/im_val_cut10_400-H-12mm-4000x14_8_2.png,0,0,256,256,0,0
Steel1/im_val_cut10_400-H-12mm-4000x14_8_3/x0_y0,Steel1,im_val_cut10_400-H-12mm-4000x14,im_val_cut10_400-H-12mm-4000x14_8_3.png,0,0,0.095154,train,256,/content/drive/MyDrive/phase11-data/data/Steel1/images/im_val_cut10_400-H-12mm-4000x14_8_3.png,/content/drive/MyDrive/phase11-persistent/gt_boundaries/Steel1/im_val_cut10_400-H-12mm-4000x14_8_3.png,0,0,256,256,0,0
Steel1/im_val_cut10_400-H-12mm-4000x14_8_4/x0_y0,Steel1,im_val_cut10_400-H-12mm-4000x14,im_val_cut10_400-H-12mm-4000x14_8_4.png,0,0,0.139725,train,256,/content/drive/MyDrive/phase11-data/data/Steel1/images/im_val_cut10_400-H-12mm-4000x14_8_4.png,/content/drive/MyDrive/phase11-persistent/gt_boundaries/Steel1/im_val_cut10_400-H-12mm-4000x14_8_4.png,0,0,256,256,0,0
Steel1/im_val_cut10_400-H-12mm-4000x14_8_5/x0_y0,Steel1,im_val_cut10_400-H-12mm-4000x14,im_val_cut10_400-H-12mm-4000x14_8_5.png,0,0,0.110703,train,256,/content/drive/MyDrive/phase11-data/data/Steel1/images/im_val_cut10_400-H-12mm-4000x14_8_5.png,/content/drive/MyDrive/phase11-persistent/gt_boundaries/Steel1/im_val_cut10_400-H-12mm-4000x14_8_5.png,0,0,256,256,0,0
Steel1/im_val_cut10_400-H-12mm-4000x14_8_6/x0_y0,Steel1,im_val_cut10_400-H-12mm-4000x14,im_val_cut10_400-H-12mm-4000x14_8_6.png,0,0,0.098175,train,256,/content/drive/MyDrive/phase11-data/data/Steel1/images/im_val_cut10_400-H-12mm-4000x14_8_6.png,/content/drive/MyDrive/phase11-persistent/gt_boundaries/Steel1/im_val_cut10_400-H-12mm-4000x14_8_6.png,0,0,256,256,0,0
Steel1/im_val_cut10_400-H-6mm-4000x06_1_1/x0_y0,Steel1,im_val_cut10_400-H-6mm-4000x06,im_val_cut10_400-H-6mm-4000x06_1_1.png,0,0,0.103912,train,256,/content/drive/MyDrive/phase11-data/data/Steel1/images/im_val_cut10_400-H-6mm-4000x06_1_1.png,/content/drive/MyDrive/phase11-persistent/gt_boundaries/Steel1/im_val_cut10_400-H-6mm-4000x06_1_1.png,0,0,256,256,0,0
Steel1/im_val_cut10_400-H-6mm-4000x06_1_2/x0_y0,Steel1,im_val_cut10_400-H-6mm-4000x06,im_val_cut10_400-H-6mm-4000x06_1_2.png,0,0,0.122925,train,256,/content/drive/MyDrive/phase11-data/data/Steel1/images/im_val_cut10_400-H-6mm-4000x06_1_2.png,/content/drive/MyDrive/phase11-persistent/gt_boundaries/Steel1/im_val_cut10_400-H-6mm-4000x06_1_2.png,0,0,256,256,0,0
Steel1/im_val_cut10_400-H-6mm-4000x06_1_3/x0_y0,Steel1,im_val_cut10_400-H-6mm-4000x06,im_val_cut10_400-H-6mm-4000x06_1_3.png,0,0,0.081573,train,256,/content/drive/MyDrive/phase11-data/data/Steel1/images/im_val_cut10_400-H-6mm-4000x06_1_3.png,/content/drive/MyDrive/phase11-persistent/gt_boundaries/Steel1/im_val_cut10_400-H-6mm-4000x06_1_3.png,0,0,256,256,0,0
Steel1/im_val_cut10_400-H-6mm-4000x06_1_4/x0_y0,Steel1,im_val_cut10_400-H-6mm-4000x06,im_val_cut10_400-H-6mm-4000x06_1_4.png,0,0,0.088028,train,256,/content/drive/MyDrive/phase11-data/data/Steel1/images/im_val_cut10_400-H-6mm-4000x06_1_4.png,/content/drive/MyDrive/phase11-persistent/gt_boundaries/Steel1/im_val_cut10_400-H-6mm-4000x06_1_4.png,0,0,256,256,0,0
Steel1/im_val_cut10_400-H-6mm-4000x06_1_5/x0_y0,Steel1,im_val_cut10_400-H-6mm-4000x06,im_val_cut10_400-H-6mm-4000x06_1_5.png,0,0,0.08725,train,256,/content/drive/MyDrive/phase11-data/data/Steel1/images/im_val_cut10_400-H-6mm-4000x06_1_5.png,/content/drive/MyDrive/phase11-persistent/gt_boundaries/Steel1/im_val_cut10_400-H-6mm-4000x06_1_5.png,0,0,256,256,0,0
Steel1/im_val_cut10_400-H-6mm-4000x06_1_6/x0_y0,Steel1,im_val_cut10_400-H-6mm-4000x06,im_val_cut10_400-H-6mm-4000x06_1_6.png,0,0,0.079788,train,256,/content/drive/MyDrive/phase11-data/data/Steel1/images/im_val_cut10_400-H-6mm-4000x06_1_6.png,/content/drive/MyDrive/phase11-persistent/gt_boundaries/Steel1/im_val_cut10_400-H-6mm-4000x06_1_6.png,0,0,256,256,0,0
Steel1/im_val_cut10_400-H-6mm-4000x06_2_1/x0_y0,Steel1,im_val_cut10_400-H-6mm-4000x06,im_val_cut10_400-H-6mm-4000x06_2_1.png,0,0,0.074066,train,256,/content/drive/MyDrive/phase11-data/data/Steel1/images/im_val_cut10_400-H-6mm-4000x06_2_1.png,/content/drive/MyDrive/phase11-persistent/gt_boundaries/Steel1/im_val_cut10_400-H-6mm-4000x06_2_1.png,0,0,256,256,0,0
Steel1/im_val_cut10_400-H-6mm-4000x06_2_2/x0_y0,Steel1,im_val_cut10_400-H-6mm-4000x06,im_val_cut10_400-H-6mm-4000x06_2_2.png,0,0,0.113205,train,256,/content/drive/MyDrive/phase11-data/data/Steel1/images/im_val_cut10_400-H-6mm-4000x06_2_2.png,/content/drive/MyDrive/phase11-persistent/gt_boundaries/Steel1/im_val_cut10_400-H-6mm-4000x06_2_2.png,0,0,256,256,0,0
Steel1/im_val_cut10_400-H-6mm-4000x06_2_3/x0_y0,Steel1,im_val_cut10_400-H-6mm-4000x06,im_val_cut10_400-H-6mm-4000x06_2_3.png,0,0,0.085724,train,256,/content/drive/MyDrive/phase11-data/data/Steel1/images/im_val_cut10_400-H-6mm-4000x06_2_3.png,/content/drive/MyDrive/phase11-persistent/gt_boundaries/Steel1/im_val_cut10_400-H-6mm-4000x06_2_3.png,0,0,256,256,0,0
Steel1/im_val_cut10_400-H-6mm-4000x06_2_4/x0_y0,Steel1,im_val_cut10_400-H-6mm-4000x06,im_val_cut10_400-H-6mm-4000x06_2_4.png,0,0,0.13269,train,256,/content/drive/MyDrive/phase11-data/data/Steel1/images/im_val_cut10_400-H-6mm-4000x06_2_4.png,/content/drive/MyDrive/phase11-persistent/gt_boundaries/Steel1/im_val_cut10_400-H-6mm-4000x06_2_4.png,0,0,256,256,0,0
Steel1/im_val_cut10_400-H-6mm-4000x06_2_5/x0_y0,Steel1,im_val_cut10_400-H-6mm-4000x06,im_val_cut10_400-H-6mm-4000x06_2_5.png,0,0,0.140182,train,256,/content/drive/MyDrive/phase11-data/data/Steel1/images/im_val_cut10_400-H-6mm-4000x06_2_5.png,/content/drive/MyDrive/phase11-persistent/gt_boundaries/Steel1/im_val_cut10_400-H-6mm-4000x06_2_5.png,0,0,256,256,0,0
Steel1/im_val_cut10_400-H-6mm-4000x06_2_6/x0_y0,Steel1,im_val_cut10_400-H-6mm-4000x06,im_val_cut10_400-H-6mm-4000x06_2_6.png,0,0,0.059967,train,256,/content/drive/MyDrive/phase11-data/data/Steel1/images/im_val_cut10_400-H-6mm-4000x06_2_6.png,/content/drive/MyDrive/phase11-persistent/gt_boundaries/Steel1/im_val_cut10_400-H-6mm-4000x06_2_6.png,0,0,256,256,0,0
Steel1/im_val_cut10_400-H-6mm-4000x06_3_1/x0_y0,Steel1,im_val_cut10_400-H-6mm-4000x06,im_val_cut10_400-H-6mm-4000x06_3_1.png,0,0,0.020081,train,256,/content/drive/MyDrive/phase11-data/data/Steel1/images/im_val_cut10_400-H-6mm-4000x06_3_1.png,/content/drive/MyDrive/phase11-persistent/gt_boundaries/Steel1/im_val_cut10_400-H-6mm-4000x06_3_1.png,0,0,256,256,0,0
Steel1/im_val_cut10_400-H-6mm-4000x06_3_2/x0_y0,Steel1,im_val_cut10_400-H-6mm-4000x06,im_val_cut10_400-H-6mm-4000x06_3_2.png,0,0,0.106232,train,256,/content/drive/MyDrive/phase11-data/data/Steel1/images/im_val_cut10_400-H-6mm-4000x06_3_2.png,/content/drive/MyDrive/phase11-persistent/gt_boundaries/Steel1/im_val_cut10_400-H-6mm-4000x06_3_2.png,0,0,256,256,0,0
Steel1/im_val_cut10_400-H-6mm-4000x06_3_3/x0_y0,Steel1,im_val_cut10_400-H-6mm-4000x06,im_val_cut10_400-H-6mm-4000x06_3_3.png,0,0,0.083374,train,256,/content/drive/MyDrive/phase11-data/data/Steel1/images/im_val_cut10_400-H-6mm-4000x06_3_3.png,/content/drive/MyDrive/phase11-persistent/gt_boundaries/Steel1/im_val_cut10_400-H-6mm-4000x06_3_3.png,0,0,256,256,0,0
Steel1/im_val_cut10_400-H-6mm-4000x06_3_4/x0_y0,Steel1,im_val_cut10_400-H-6mm-4000x06,im_val_cut10_400-H-6mm-4000x06_3_4.png,0,0,0.056931,train,256,/content/drive/MyDrive/phase11-data/data/Steel1/images/im_val_cut10_400-H-6mm-4000x06_3_4.png,/content/drive/MyDrive/phase11-persistent/gt_boundaries/Steel1/im_val_cut10_400-H-6mm-4000x06_3_4.png,0,0,256,256,0,0
Steel1/im_val_cut10_400-H-6mm-4000x06_3_5/x0_y0,Steel1,im_val_cut10_400-H-6mm-4000x06,im_val_cut10_400-H-6mm-4000x06_3_5.png,0,0,0.029678,train,256,/content/drive/MyDrive/phase11-data/data/Steel1/images/im_val_cut10_400-H-6mm-4000x06_3_5.png,/content/drive/MyDrive/phase11-persistent/gt_boundaries/Steel1/im_val_cut10_400-H-6mm-4000x06_3_5.png,0,0,256,256,0,0
Steel1/im_val_cut10_400-H-6mm-4000x06_3_6/x0_y0,Steel1,im_val_cut10_400-H-6mm-4000x06,im_val_cut10_400-H-6mm-4000x06_3_6.png,0,0,0.039734,train,256,/content/drive/MyDrive/phase11-data/data/Steel1/images/im_val_cut10_400-H-6mm-4000x06_3_6.png,/content/drive/MyDrive/phase11-persistent/gt_boundaries/Steel1/im_val_cut10_400-H-6mm-4000x06_3_6.png,0,0,256,256,0,0
Steel1/im_val_cut10_400-H-6mm-4000x06_4_1/x0_y0,Steel1,im_val_cut10_400-H-6mm-4000x06,im_val_cut10_400-H-6mm-4000x06_4_1.png,0,0,0.016388,train,256,/content/drive/MyDrive/phase11-data/data/Steel1/images/im_val_cut10_400-H-6mm-4000x06_4_1.png,/content/drive/MyDrive/phase11-persistent/gt_boundaries/Steel1/im_val_cut10_400-H-6mm-4000x06_4_1.png,0,0,256,256,0,0
Steel1/im_val_cut10_400-H-6mm-4000x06_4_2/x0_y0,Steel1,im_val_cut10_400-H-6mm-4000x06,im_val_cut10_400-H-6mm-4000x06_4_2.png,0,0,0.11348,train,256,/content/drive/MyDrive/phase11-data/data/Steel1/images/im_val_cut10_400-H-6mm-4000x06_4_2.png,/content/drive/MyDrive/phase11-persistent/gt_boundaries/Steel1/im_val_cut10_400-H-6mm-4000x06_4_2.png,0,0,256,256,0,0
Steel1/im_val_cut10_400-H-6mm-4000x06_4_3/x0_y0,Steel1,im_val_cut10_400-H-6mm-4000x06,im_val_cut10_400-H-6mm-4000x06_4_3.png,0,0,0.100708,train,256,/content/drive/MyDrive/phase11-data/data/Steel1/images/im_val_cut10_400-H-6mm-4000x06_4_3.png,/content/drive/MyDrive/phase11-persistent/gt_boundaries/Steel1/im_val_cut10_400-H-6mm-4000x06_4_3.png,0,0,256,256,0,0
Steel1/im_val_cut10_400-H-6mm-4000x06_4_4/x0_y0,Steel1,im_val_cut10_400-H-6mm-4000x06,im_val_cut10_400-H-6mm-4000x06_4_4.png,0,0,0.105774,train,256,/content/drive/MyDrive/phase11-data/data/Steel1/images/im_val_cut10_400-H-6mm-4000x06_4_4.png,/content/drive/MyDrive/phase11-persistent/gt_boundaries/Steel1/im_val_cut10_400-H-6mm-4000x06_4_4.png,0,0,256,256,0,0
Steel1/im_val_cut10_400-H-6mm-4000x06_4_5/x0_y0,Steel1,im_val_cut10_400-H-6mm-4000x06,im_val_cut10_400-H-6mm-4000x06_4_5.png,0,0,0.085022,train,256,/content/drive/MyDrive/phase11-data/data/Steel1/images/im_val_cut10_400-H-6mm-4000x06_4_5.png,/content/drive/MyDrive/phase11-persistent/gt_boundaries/Steel1/im_val_cut10_400-H-6mm-4000x06_4_5.png,0,0,256,256,0,0
Steel1/im_val_cut10_400-H-6mm-4000x06_4_6/x0_y0,Steel1,im_val_cut10_400-H-6mm-4000x06,im_val_cut10_400-H-6mm-4000x06_4_6.png,0,0,0.074875,train,256,/content/drive/MyDrive/phase11-data/data/Steel1/images/im_val_cut10_400-H-6mm-4000x06_4_6.png,/content/drive/MyDrive/phase11-persistent/gt_boundaries/Steel1/im_val_cut10_400-H-6mm-4000x06_4_6.png,0,0,256,256,0,0
Steel1/im_val_cut10_400-H-6mm-4000x06_5_1/x0_y0,Steel1,im_val_cut10_400-H-6mm-4000x06,im_val_cut10_400-H-6mm-4000x06_5_1.png,0,0,0.079437,train,256,/content/drive/MyDrive/phase11-data/data/Steel1/images/im_val_cut10_400-H-6mm-4000x06_5_1.png,/content/drive/MyDrive/phase11-persistent/gt_boundaries/Steel1/im_val_cut10_400-H-6mm-4000x06_5_1.png,0,0,256,256,0,0
Steel1/im_val_cut10_400-H-6mm-4000x06_5_2/x0_y0,Steel1,im_val_cut10_400-H-6mm-4000x06,im_val_cut10_400-H-6mm-4000x06_5_2.png,0,0,0.12912,train,256,/content/drive/MyDrive/phase11-data/data/Steel1/images/im_val_cut10_400-H-6mm-4000x06_5_2.png,/content/drive/MyDrive/phase11-persistent/gt_boundaries/Steel1/im_val_cut10_400-H-6mm-4000x06_5_2.png,0,0,256,256,0,0
Steel1/im_val_cut10_400-H-6mm-4000x06_5_3/x0_y0,Steel1,im_val_cut10_400-H-6mm-4000x06,im_val_cut10_400-H-6mm-4000x06_5_3.png,0,0,0.140884,train,256,/content/drive/MyDrive/phase11-data/data/Steel1/images/im_val_cut10_400-H-6mm-4000x06_5_3.png,/content/drive/MyDrive/phase11-persistent/gt_boundaries/Steel1/im_val_cut10_400-H-6mm-4000x06_5_3.png,0,0,256,256,0,0
Steel1/im_val_cut10_400-H-6mm-4000x06_5_4/x0_y0,Steel1,im_val_cut10_400-H-6mm-4000x06,im_val_cut10_400-H-6mm-4000x06_5_4.png,0,0,0.109329,train,256,/content/drive/MyDrive/phase11-data/data/Steel1/images/im_val_cut10_400-H-6mm-4000x06_5_4.png,/content/drive/MyDrive/phase11-persistent/gt_boundaries/Steel1/im_val_cut10_400-H-6mm-4000x06_5_4.png,0,0,256,256,0,0
Steel1/im_val_cut10_400-H-6mm-4000x06_5_5/x0_y0,Steel1,im_val_cut10_400-H-6mm-4000x06,im_val_cut10_400-H-6mm-4000x06_5_5.png,0,0,0.06958,train,256,/content/drive/MyDrive/phase11-data/data/Steel1/images/im_val_cut10_400-H-6mm-4000x06_5_5.png,/content/drive/MyDrive/phase11-persistent/gt_boundaries/Steel1/im_val_cut10_400-H-6mm-4000x06_5_5.png,0,0,256,256,0,0
Steel1/im_val_cut10_400-H-6mm-4000x06_5_6/x0_y0,Steel1,im_val_cut10_400-H-6mm-4000x06,im_val_cut10_400-H-6mm-4000x06_5_6.png,0,0,0.04126,train,256,/content/drive/MyDrive/phase11-data/data/Steel1/images/im_val_cut10_400-H-6mm-4000x06_5_6.png,/content/drive/MyDrive/phase11-persistent/gt_boundaries/Steel1/im_val_cut10_400-H-6mm-4000x06_5_6.png,0,0,256,256,0,0
Steel1/im_val_cut10_400-H-6mm-4000x06_6_1/x0_y0,Steel1,im_val_cut10_400-H-6mm-4000x06,im_val_cut10_400-H-6mm-4000x06_6_1.png,0,0,0.110962,train,256,/content/drive/MyDrive/phase11-data/data/Steel1/images/im_val_cut10_400-H-6mm-4000x06_6_1.png,/content/drive/MyDrive/phase11-persistent/gt_boundaries/Steel1/im_val_cut10_400-H-6mm-4000x06_6_1.png,0,0,256,256,0,0
Steel1/im_val_cut10_400-H-6mm-4000x06_6_2/x0_y0,Steel1,im_val_cut10_400-H-6mm-4000x06,im_val_cut10_400-H-6mm-4000x06_6_2.png,0,0,0.11412,train,256,/content/drive/MyDrive/phase11-data/data/Steel1/images/im_val_cut10_400-H-6mm-4000x06_6_2.png,/content/drive/MyDrive/phase11-persistent/gt_boundaries/Steel1/im_val_cut10_400-H-6mm-4000x06_6_2.png,0,0,256,256,0,0
Steel1/im_val_cut10_400-H-6mm-4000x06_6_3/x0_y0,Steel1,im_val_cut10_400-H-6mm-4000x06,im_val_cut10_400-H-6mm-4000x06_6_3.png,0,0,0.070618,train,256,/content/drive/MyDrive/phase11-data/data/Steel1/images/im_val_cut10_400-H-6mm-4000x06_6_3.png,/content/drive/MyDrive/phase11-persistent/gt_boundaries/Steel1/im_val_cut10_400-H-6mm-4000x06_6_3.png,0,0,256,256,0,0
Steel1/im_val_cut10_400-H-6mm-4000x06_6_4/x0_y0,Steel1,im_val_cut10_400-H-6mm-4000x06,im_val_cut10_400-H-6mm-4000x06_6_4.png,0,0,0.075256,train,256,/content/drive/MyDrive/phase11-data/data/Steel1/images/im_val_cut10_400-H-6mm-4000x06_6_4.png,/content/drive/MyDrive/phase11-persistent/gt_boundaries/Steel1/im_val_cut10_400-H-6mm-4000x06_6_4.png,0,0,256,256,0,0
Steel1/im_val_cut10_400-H-6mm-4000x06_6_5/x0_y0,Steel1,im_val_cut10_400-H-6mm-4000x06,im_val_cut10_400-H-6mm-4000x06_6_5.png,0,0,0.104141,train,256,/content/drive/MyDrive/phase11-data/data/Steel1/images/im_val_cut10_400-H-6mm-4000x06_6_5.png,/content/drive/MyDrive/phase11-persistent/gt_boundaries/Steel1/im_val_cut10_400-H-6mm-4000x06_6_5.png,0,0,256,256,0,0
Steel1/im_val_cut10_400-H-6mm-4000x06_6_6/x0_y0,Steel1,im_val_cut10_400-H-6mm-4000x06,im_val_cut10_400-H-6mm-4000x06_6_6.png,0,0,0.07164,train,256,/content/drive/MyDrive/phase11-data/data/Steel1/images/im_val_cut10_400-H-6mm-4000x06_6_6.png,/content/drive/MyDrive/phase11-persistent/gt_boundaries/Steel1/im_val_cut10_400-H-6mm-4000x06_6_6.png,0,0,256,256,0,0
Steel1/im_val_cut10_400-H-6mm-4000x06_7_1/x0_y0,Steel1,im_val_cut10_400-H-6mm-4000x06,im_val_cut10_400-H-6mm-4000x06_7_1.png,0,0,0.129379,train,256,/content/drive/MyDrive/phase11-data/data/Steel1/images/im_val_cut10_400-H-6mm-4000x06_7_1.png,/content/drive/MyDrive/phase11-persistent/gt_boundaries/Steel1/im_val_cut10_400-H-6mm-4000x06_7_1.png,0,0,256,256,0,0
Steel1/im_val_cut10_400-H-6mm-4000x06_7_2/x0_y0,Steel1,im_val_cut10_400-H-6mm-4000x06,im_val_cut10_400-H-6mm-4000x06_7_2.png,0,0,0.121277,train,256,/content/drive/MyDrive/phase11-data/data/Steel1/images/im_val_cut10_400-H-6mm-4000x06_7_2.png,/content/drive/MyDrive/phase11-persistent/gt_boundaries/Steel1/im_val_cut10_400-H-6mm-4000x06_7_2.png,0,0,256,256,0,0
Steel1/im_val_cut10_400-H-6mm-4000x06_7_3/x0_y0,Steel1,im_val_cut10_400-H-6mm-4000x06,im_val_cut10_400-H-6mm-4000x06_7_3.png,0,0,0.115051,train,256,/content/drive/MyDrive/phase11-data/data/Steel1/images/im_val_cut10_400-H-6mm-4000x06_7_3.png,/content/drive/MyDrive/phase11-persistent/gt_boundaries/Steel1/im_val_cut10_400-H-6mm-4000x06_7_3.png,0,0,256,256,0,0
Steel1/im_val_cut10_400-H-6mm-4000x06_7_4/x0_y0,Steel1,im_val_cut10_400-H-6mm-4000x06,im_val_cut10_400-H-6mm-4000x06_7_4.png,0,0,0.092697,train,256,/content/drive/MyDrive/phase11-data/data/Steel1/images/im_val_cut10_400-H-6mm-4000x06_7_4.png,/content/drive/MyDrive/phase11-persistent/gt_boundaries/Steel1/im_val_cut10_400-H-6mm-4000x06_7_4.png,0,0,256,256,0,0
Steel1/im_val_cut10_400-H-6mm-4000x06_7_5/x0_y0,Steel1,im_val_cut10_400-H-6mm-4000x06,im_val_cut10_400-H-6mm-4000x06_7_5.png,0,0,0.076172,train,256,/content/drive/MyDrive/phase11-data/data/Steel1/images/im_val_cut10_400-H-6mm-4000x06_7_5.png,/content/drive/MyDrive/phase11-persistent/gt_boundaries/Steel1/im_val_cut10_400-H-6mm-4000x06_7_5.png,0,0,256,256,0,0
Steel1/im_val_cut10_400-H-6mm-4000x06_7_6/x0_y0,Steel1,im_val_cut10_400-H-6mm-4000x06,im_val_cut10_400-H-6mm-4000x06_7_6.png,0,0,0.034286,train,256,/content/drive/MyDrive/phase11-data/data/Steel1/images/im_val_cut10_400-H-6mm-4000x06_7_6.png,/content/drive/MyDrive/phase11-persistent/gt_boundaries/Steel1/im_val_cut10_400-H-6mm-4000x06_7_6.png,0,0,256,256,0,0
Steel1/im_val_cut10_400-H-6mm-4000x06_8_1/x0_y0,Steel1,im_val_cut10_400-H-6mm-4000x06,im_val_cut10_400-H-6mm-4000x06_8_1.png,0,0,0.127304,train,256,/content/drive/MyDrive/phase11-data/data/Steel1/images/im_val_cut10_400-H-6mm-4000x06_8_1.png,/content/drive/MyDrive/phase11-persistent/gt_boundaries/Steel1/im_val_cut10_400-H-6mm-4000x06_8_1.png,0,0,256,256,0,0
Steel1/im_val_cut10_400-H-6mm-4000x06_8_2/x0_y0,Steel1,im_val_cut10_400-H-6mm-4000x06,im_val_cut10_400-H-6mm-4000x06_8_2.png,0,0,0.114548,train,256,/content/drive/MyDrive/phase11-data/data/Steel1/images/im_val_cut10_400-H-6mm-4000x06_8_2.png,/content/drive/MyDrive/phase11-persistent/gt_boundaries/Steel1/im_val_cut10_400-H-6mm-4000x06_8_2.png,0,0,256,256,0,0
Steel1/im_val_cut10_400-H-6mm-4000x06_8_3/x0_y0,Steel1,im_val_cut10_400-H-6mm-4000x06,im_val_cut10_400-H-6mm-4000x06_8_3.png,0,0,0.084976,train,256,/content/drive/MyDrive/phase11-data/data/Steel1/images/im_val_cut10_400-H-6mm-4000x06_8_3.png,/content/drive/MyDrive/phase11-persistent/gt_boundaries/Steel1/im_val_cut10_400-H-6mm-4000x06_8_3.png,0,0,256,256,0,0
Steel1/im_val_cut10_400-H-6mm-4000x06_8_4/x0_y0,Steel1,im_val_cut10_400-H-6mm-4000x06,im_val_cut10_400-H-6mm-4000x06_8_4.png,0,0,0.040848,train,256,/content/drive/MyDrive/phase11-data/data/Steel1/images/im_val_cut10_400-H-6mm-4000x06_8_4.png,/content/drive/MyDrive/phase11-persistent/gt_boundaries/Steel1/im_val_cut10_400-H-6mm-4000x06_8_4.png,0,0,256,256,0,0
Steel1/im_val_cut10_400-H-6mm-4000x06_8_5/x0_y0,Steel1,im_val_cut10_400-H-6mm-4000x06,im_val_cut10_400-H-6mm-4000x06_8_5.png,0,0,0.083588,train,256,/content/drive/MyDrive/phase11-data/data/Steel1/images/im_val_cut10_400-H-6mm-4000x06_8_5.png,/content/drive/MyDrive/phase11-persistent/gt_boundaries/Steel1/im_val_cut10_400-H-6mm-4000x06_8_5.png,0,0,256,256,0,0
Steel1/im_val_cut10_400-H-6mm-4000x06_8_6/x0_y0,Steel1,im_val_cut10_400-H-6mm-4000x06,im_val_cut10_400-H-6mm-4000x06_8_6.png,0,0,0.04599,train,256,/content/drive/MyDrive/phase11-data/data/Steel1/images/im_val_cut10_400-H-6mm-4000x06_8_6.png,/content/drive/MyDrive/phase11-persistent/gt_boundaries/Steel1/im_val_cut10_400-H-6mm-4000x06_8_6.png,0,0,256,256,0,0
Steel1/im_val_cut10_400-H-9mm-4000x10_1_1/x0_y0,Steel1,im_val_cut10_400-H-9mm-4000x10,im_val_cut10_400-H-9mm-4000x10_1_1.png,0,0,0.0905,train,256,/content/drive/MyDrive/phase11-data/data/Steel1/images/im_val_cut10_400-H-9mm-4000x10_1_1.png,/content/drive/MyDrive/phase11-persistent/gt_boundaries/Steel1/im_val_cut10_400-H-9mm-4000x10_1_1.png,0,0,256,256,0,0
Steel1/im_val_cut10_400-H-9mm-4000x10_1_2/x0_y0,Steel1,im_val_cut10_400-H-9mm-4000x10,im_val_cut10_400-H-9mm-4000x10_1_2.png,0,0,0.047516,train,256,/content/drive/MyDrive/phase11-data/data/Steel1/images/im_val_cut10_400-H-9mm-4000x10_1_2.png,/content/drive/MyDrive/phase11-persistent/gt_boundaries/Steel1/im_val_cut10_400-H-9mm-4000x10_1_2.png,0,0,256,256,0,0
Steel1/im_val_cut10_400-H-9mm-4000x10_1_3/x0_y0,Steel1,im_val_cut10_400-H-9mm-4000x10,im_val_cut10_400-H-9mm-4000x10_1_3.png,0,0,0.127426,train,256,/content/drive/MyDrive/phase11-data/data/Steel1/images/im_val_cut10_400-H-9mm-4000x10_1_3.png,/content/drive/MyDrive/phase11-persistent/gt_boundaries/Steel1/im_val_cut10_400-H-9mm-4000x10_1_3.png,0,0,256,256,0,0
Steel1/im_val_cut10_400-H-9mm-4000x10_1_4/x0_y0,Steel1,im_val_cut10_400-H-9mm-4000x10,im_val_cut10_400-H-9mm-4000x10_1_4.png,0,0,0.09021,train,256,/content/drive/MyDrive/phase11-data/data/Steel1/images/im_val_cut10_400-H-9mm-4000x10_1_4.png,/content/drive/MyDrive/phase11-persistent/gt_boundaries/Steel1/im_val_cut10_400-H-9mm-4000x10_1_4.png,0,0,256,256,0,0
Steel1/im_val_cut10_400-H-9mm-4000x10_1_5/x0_y0,Steel1,im_val_cut10_400-H-9mm-4000x10,im_val_cut10_400-H-9mm-4000x10_1_5.png,0,0,0.077637,train,256,/content/drive/MyDrive/phase11-data/data/Steel1/images/im_val_cut10_400-H-9mm-4000x10_1_5.png,/content/drive/MyDrive/phase11-persistent/gt_boundaries/Steel1/im_val_cut10_400-H-9mm-4000x10_1_5.png,0,0,256,256,0,0
Steel1/im_val_cut10_400-H-9mm-4000x10_1_6/x0_y0,Steel1,im_val_cut10_400-H-9mm-4000x10,im_val_cut10_400-H-9mm-4000x10_1_6.png,0,0,0.107971,train,256,/content/drive/MyDrive/phase11-data/data/Steel1/images/im_val_cut10_400-H-9mm-4000x10_1_6.png,/content/drive/MyDrive/phase11-persistent/gt_boundaries/Steel1/im_val_cut10_400-H-9mm-4000x10_1_6.png,0,0,256,256,0,0
Steel1/im_val_cut10_400-H-9mm-4000x10_2_1/x0_y0,Steel1,im_val_cut10_400-H-9mm-4000x10,im_val_cut10_400-H-9mm-4000x10_2_1.png,0,0,0.11673,train,256,/content/drive/MyDrive/phase11-data/data/Steel1/images/im_val_cut10_400-H-9mm-4000x10_2_1.png,/content/drive/MyDrive/phase11-persistent/gt_boundaries/Steel1/im_val_cut10_400-H-9mm-4000x10_2_1.png,0,0,256,256,0,0
Steel1/im_val_cut10_400-H-9mm-4000x10_2_2/x0_y0,Steel1,im_val_cut10_400-H-9mm-4000x10,im_val_cut10_400-H-9mm-4000x10_2_2.png,0,0,0.077347,train,256,/content/drive/MyDrive/phase11-data/data/Steel1/images/im_val_cut10_400-H-9mm-4000x10_2_2.png,/content/drive/MyDrive/phase11-persistent/gt_boundaries/Steel1/im_val_cut10_400-H-9mm-4000x10_2_2.png,0,0,256,256,0,0
Steel1/im_val_cut10_400-H-9mm-4000x10_2_3/x0_y0,Steel1,im_val_cut10_400-H-9mm-4000x10,im_val_cut10_400-H-9mm-4000x10_2_3.png,0,0,0.10405,train,256,/content/drive/MyDrive/phase11-data/data/Steel1/images/im_val_cut10_400-H-9mm-4000x10_2_3.png,/content/drive/MyDrive/phase11-persistent/gt_boundaries/Steel1/im_val_cut10_400-H-9mm-4000x10_2_3.png,0,0,256,256,0,0
Steel1/im_val_cut10_400-H-9mm-4000x10_2_4/x0_y0,Steel1,im_val_cut10_400-H-9mm-4000x10,im_val_cut10_400-H-9mm-4000x10_2_4.png,0,0,0.104797,train,256,/content/drive/MyDrive/phase11-data/data/Steel1/images/im_val_cut10_400-H-9mm-4000x10_2_4.png,/content/drive/MyDrive/phase11-persistent/gt_boundaries/Steel1/im_val_cut10_400-H-9mm-4000x10_2_4.png,0,0,256,256,0,0
Steel1/im_val_cut10_400-H-9mm-4000x10_2_5/x0_y0,Steel1,im_val_cut10_400-H-9mm-4000x10,im_val_cut10_400-H-9mm-4000x10_2_5.png,0,0,0.131927,train,256,/content/drive/MyDrive/phase11-data/data/Steel1/images/im_val_cut10_400-H-9mm-4000x10_2_5.png,/content/drive/MyDrive/phase11-persistent/gt_boundaries/Steel1/im_val_cut10_400-H-9mm-4000x10_2_5.png,0,0,256,256,0,0
Steel1/im_val_cut10_400-H-9mm-4000x10_2_6/x0_y0,Steel1,im_val_cut10_400-H-9mm-4000x10,im_val_cut10_400-H-9mm-4000x10_2_6.png,0,0,0.074509,train,256,/content/drive/MyDrive/phase11-data/data/Steel1/images/im_val_cut10_400-H-9mm-4000x10_2_6.png,/content/drive/MyDrive/phase11-persistent/gt_boundaries/Steel1/im_val_cut10_400-H-9mm-4000x10_2_6.png,0,0,256,256,0,0
Steel1/im_val_cut10_400-H-9mm-4000x10_3_1/x0_y0,Steel1,im_val_cut10_400-H-9mm-4000x10,im_val_cut10_400-H-9mm-4000x10_3_1.png,0,0,0.116104,train,256,/content/drive/MyDrive/phase11-data/data/Steel1/images/im_val_cut10_400-H-9mm-4000x10_3_1.png,/content/drive/MyDrive/phase11-persistent/gt_boundaries/Steel1/im_val_cut10_400-H-9mm-4000x10_3_1.png,0,0,256,256,0,0
Steel1/im_val_cut10_400-H-9mm-4000x10_3_2/x0_y0,Steel1,im_val_cut10_400-H-9mm-4000x10,im_val_cut10_400-H-9mm-4000x10_3_2.png,0,0,0.120132,train,256,/content/drive/MyDrive/phase11-data/data/Steel1/images/im_val_cut10_400-H-9mm-4000x10_3_2.png,/content/drive/MyDrive/phase11-persistent/gt_boundaries/Steel1/im_val_cut10_400-H-9mm-4000x10_3_2.png,0,0,256,256,0,0
Steel1/im_val_cut10_400-H-9mm-4000x10_3_3/x0_y0,Steel1,im_val_cut10_400-H-9mm-4000x10,im_val_cut10_400-H-9mm-4000x10_3_3.png,0,0,0.065369,train,256,/content/drive/MyDrive/phase11-data/data/Steel1/images/im_val_cut10_400-H-9mm-4000x10_3_3.png,/content/drive/MyDrive/phase11-persistent/gt_boundaries/Steel1/im_val_cut10_400-H-9mm-4000x10_3_3.png,0,0,256,256,0,0
Steel1/im_val_cut10_400-H-9mm-4000x10_3_4/x0_y0,Steel1,im_val_cut10_400-H-9mm-4000x10,im_val_cut10_400-H-9mm-4000x10_3_4.png,0,0,0.086899,train,256,/content/drive/MyDrive/phase11-data/data/Steel1/images/im_val_cut10_400-H-9mm-4000x10_3_4.png,/content/drive/MyDrive/phase11-persistent/gt_boundaries/Steel1/im_val_cut10_400-H-9mm-4000x10_3_4.png,0,0,256,256,0,0
Steel1/im_val_cut10_400-H-9mm-4000x10_3_5/x0_y0,Steel1,im_val_cut10_400-H-9mm-4000x10,im_val_cut10_400-H-9mm-4000x10_3_5.png,0,0,0.113495,train,256,/content/drive/MyDrive/phase11-data/data/Steel1/images/im_val_cut10_400-H-9mm-4000x10_3_5.png,/content/drive/MyDrive/phase11-persistent/gt_boundaries/Steel1/im_val_cut10_400-H-9mm-4000x10_3_5.png,0,0,256,256,0,0
Steel1/im_val_cut10_400-H-9mm-4000x10_3_6/x0_y0,Steel1,im_val_cut10_400-H-9mm-4000x10,im_val_cut10_400-H-9mm-4000x10_3_6.png,0,0,0.062286,train,256,/content/drive/MyDrive/phase11-data/data/Steel1/images/im_val_cut10_400-H-9mm-4000x10_3_6.png,/content/drive/MyDrive/phase11-persistent/gt_boundaries/Steel1/im_val_cut10_400-H-9mm-4000x10_3_6.png,0,0,256,256,0,0
Steel1/im_val_cut10_400-H-9mm-4000x10_4_1/x0_y0,Steel1,im_val_cut10_400-H-9mm-4000x10,im_val_cut10_400-H-9mm-4000x10_4_1.png,0,0,0.174026,train,256,/content/drive/MyDrive/phase11-data/data/Steel1/images/im_val_cut10_400-H-9mm-4000x10_4_1.png,/content/drive/MyDrive/phase11-persistent/gt_boundaries/Steel1/im_val_cut10_400-H-9mm-4000x10_4_1.png,0,0,256,256,0,0
Steel1/im_val_cut10_400-H-9mm-4000x10_4_2/x0_y0,Steel1,im_val_cut10_400-H-9mm-4000x10,im_val_cut10_400-H-9mm-4000x10_4_2.png,0,0,0.126419,train,256,/content/drive/MyDrive/phase11-data/data/Steel1/images/im_val_cut10_400-H-9mm-4000x10_4_2.png,/content/drive/MyDrive/phase11-persistent/gt_boundaries/Steel1/im_val_cut10_400-H-9mm-4000x10_4_2.png,0,0,256,256,0,0
Steel1/im_val_cut10_400-H-9mm-4000x10_4_3/x0_y0,Steel1,im_val_cut10_400-H-9mm-4000x10,im_val_cut10_400-H-9mm-4000x10_4_3.png,0,0,0.017792,train,256,/content/drive/MyDrive/phase11-data/data/Steel1/images/im_val_cut10_400-H-9mm-4000x10_4_3.png,/content/drive/MyDrive/phase11-persistent/gt_boundaries/Steel1/im_val_cut10_400-H-9mm-4000x10_4_3.png,0,0,256,256,0,0
Steel1/im_val_cut10_400-H-9mm-4000x10_4_4/x0_y0,Steel1,im_val_cut10_400-H-9mm-4000x10,im_val_cut10_400-H-9mm-4000x10_4_4.png,0,0,0.066467,train,256,/content/drive/MyDrive/phase11-data/data/Steel1/images/im_val_cut10_400-H-9mm-4000x10_4_4.png,/content/drive/MyDrive/phase11-persistent/gt_boundaries/Steel1/im_val_cut10_400-H-9mm-4000x10_4_4.png,0,0,256,256,0,0
Steel1/im_val_cut10_400-H-9mm-4000x10_4_5/x0_y0,Steel1,im_val_cut10_400-H-9mm-4000x10,im_val_cut10_400-H-9mm-4000x10_4_5.png,0,0,0.116959,train,256,/content/drive/MyDrive/phase11-data/data/Steel1/images/im_val_cut10_400-H-9mm-4000x10_4_5.png,/content/drive/MyDrive/phase11-persistent/gt_boundaries/Steel1/im_val_cut10_400-H-9mm-4000x10_4_5.png,0,0,256,256,0,0
Steel1/im_val_cut10_400-H-9mm-4000x10_4_6/x0_y0,Steel1,im_val_cut10_400-H-9mm-4000x10,im_val_cut10_400-H-9mm-4000x10_4_6.png,0,0,0.092087,train,256,/content/drive/MyDrive/phase11-data/data/Steel1/images/im_val_cut10_400-H-9mm-4000x10_4_6.png,/content/drive/MyDrive/phase11-persistent/gt_boundaries/Steel1/im_val_cut10_400-H-9mm-4000x10_4_6.png,0,0,256,256,0,0
Steel1/im_val_cut10_400-H-9mm-4000x10_5_1/x0_y0,Steel1,im_val_cut10_400-H-9mm-4000x10,im_val_cut10_400-H-9mm-4000x10_5_1.png,0,0,0.091049,train,256,/content/drive/MyDrive/phase11-data/data/Steel1/images/im_val_cut10_400-H-9mm-4000x10_5_1.png,/content/drive/MyDrive/phase11-persistent/gt_boundaries/Steel1/im_val_cut10_400-H-9mm-4000x10_5_1.png,0,0,256,256,0,0
Steel1/im_val_cut10_400-H-9mm-4000x10_5_2/x0_y0,Steel1,im_val_cut10_400-H-9mm-4000x10,im_val_cut10_400-H-9mm-4000x10_5_2.png,0,0,0.097961,train,256,/content/drive/MyDrive/phase11-data/data/Steel1/images/im_val_cut10_400-H-9mm-4000x10_5_2.png,/content/drive/MyDrive/phase11-persistent/gt_boundaries/Steel1/im_val_cut10_400-H-9mm-4000x10_5_2.png,0,0,256,256,0,0
Steel1/im_val_cut10_400-H-9mm-4000x10_5_3/x0_y0,Steel1,im_val_cut10_400-H-9mm-4000x10,im_val_cut10_400-H-9mm-4000x10_5_3.png,0,0,0.081223,train,256,/content/drive/MyDrive/phase11-data/data/Steel1/images/im_val_cut10_400-H-9mm-4000x10_5_3.png,/content/drive/MyDrive/phase11-persistent/gt_boundaries/Steel1/im_val_cut10_400-H-9mm-4000x10_5_3.png,0,0,256,256,0,0
Steel1/im_val_cut10_400-H-9mm-4000x10_5_4/x0_y0,Steel1,im_val_cut10_400-H-9mm-4000x10,im_val_cut10_400-H-9mm-4000x10_5_4.png,0,0,0.091263,train,256,/content/drive/MyDrive/phase11-data/data/Steel1/images/im_val_cut10_400-H-9mm-4000x10_5_4.png,/content/drive/MyDrive/phase11-persistent/gt_boundaries/Steel1/im_val_cut10_400-H-9mm-4000x10_5_4.png,0,0,256,256,0,0
Steel1/im_val_cut10_400-H-9mm-4000x10_5_5/x0_y0,Steel1,im_val_cut10_400-H-9mm-4000x10,im_val_cut10_400-H-9mm-4000x10_5_5.png,0,0,0.025146,train,256,/content/drive/MyDrive/phase11-data/data/Steel1/images/im_val_cut10_400-H-9mm-4000x10_5_5.png,/content/drive/MyDrive/phase11-persistent/gt_boundaries/Steel1/im_val_cut10_400-H-9mm-4000x10_5_5.png,0,0,256,256,0,0
Steel1/im_val_cut10_400-H-9mm-4000x10_5_6/x0_y0,Steel1,im_val_cut10_400-H-9mm-4000x10,im_val_cut10_400-H-9mm-4000x10_5_6.png,0,0,0.083435,train,256,/content/drive/MyDrive/phase11-data/data/Steel1/images/im_val_cut10_400-H-9mm-4000x10_5_6.png,/content/drive/MyDrive/phase11-persistent/gt_boundaries/Steel1/im_val_cut10_400-H-9mm-4000x10_5_6.png,0,0,256,256,0,0
Steel1/im_val_cut10_400-H-9mm-4000x10_6_1/x0_y0,Steel1,im_val_cut10_400-H-9mm-4000x10,im_val_cut10_400-H-9mm-4000x10_6_1.png,0,0,0.089066,train,256,/content/drive/MyDrive/phase11-data/data/Steel1/images/im_val_cut10_400-H-9mm-4000x10_6_1.png,/content/drive/MyDrive/phase11-persistent/gt_boundaries/Steel1/im_val_cut10_400-H-9mm-4000x10_6_1.png,0,0,256,256,0,0
Steel1/im_val_cut10_400-H-9mm-4000x10_6_2/x0_y0,Steel1,im_val_cut10_400-H-9mm-4000x10,im_val_cut10_400-H-9mm-4000x10_6_2.png,0,0,0.1035,train,256,/content/drive/MyDrive/phase11-data/data/Steel1/images/im_val_cut10_400-H-9mm-4000x10_6_2.png,/content/drive/MyDrive/phase11-persistent/gt_boundaries/Steel1/im_val_cut10_400-H-9mm-4000x10_6_2.png,0,0,256,256,0,0
Steel1/im_val_cut10_400-H-9mm-4000x10_6_3/x0_y0,Steel1,im_val_cut10_400-H-9mm-4000x10,im_val_cut10_400-H-9mm-4000x10_6_3.png,0,0,0.112686,train,256,/content/drive/MyDrive/phase11-data/data/Steel1/images/im_val_cut10_400-H-9mm-4000x10_6_3.png,/content/drive/MyDrive/phase11-persistent/gt_boundaries/Steel1/im_val_cut10_400-H-9mm-4000x10_6_3.png,0,0,256,256,0,0
Steel1/im_val_cut10_400-H-9mm-4000x10_6_4/x0_y0,Steel1,im_val_cut10_400-H-9mm-4000x10,im_val_cut10_400-H-9mm-4000x10_6_4.png,0,0,0.059372,train,256,/content/drive/MyDrive/phase11-data/data/Steel1/images/im_val_cut10_400-H-9mm-4000x10_6_4.png,/content/drive/MyDrive/phase11-persistent/gt_boundaries/Steel1/im_val_cut10_400-H-9mm-4000x10_6_4.png,0,0,256,256,0,0
Steel1/im_val_cut10_400-H-9mm-4000x10_6_5/x0_y0,Steel1,im_val_cut10_400-H-9mm-4000x10,im_val_cut10_400-H-9mm-4000x10_6_5.png,0,0,0.045151,train,256,/content/drive/MyDrive/phase11-data/data/Steel1/images/im_val_cut10_400-H-9mm-4000x10_6_5.png,/content/drive/MyDrive/phase11-persistent/gt_boundaries/Steel1/im_val_cut10_400-H-9mm-4000x10_6_5.png,0,0,256,256,0,0
Steel1/im_val_cut10_400-H-9mm-4000x10_6_6/x0_y0,Steel1,im_val_cut10_400-H-9mm-4000x10,im_val_cut10_400-H-9mm-4000x10_6_6.png,0,0,0.044586,train,256,/content/drive/MyDrive/phase11-data/data/Steel1/images/im_val_cut10_400-H-9mm-4000x10_6_6.png,/content/drive/MyDrive/phase11-persistent/gt_boundaries/Steel1/im_val_cut10_400-H-9mm-4000x10_6_6.png,0,0,256,256,0,0
Steel1/im_val_cut10_400-H-9mm-4000x10_7_1/x0_y0,Steel1,im_val_cut10_400-H-9mm-4000x10,im_val_cut10_400-H-9mm-4000x10_7_1.png,0,0,0.116745,train,256,/content/drive/MyDrive/phase11-data/data/Steel1/images/im_val_cut10_400-H-9mm-4000x10_7_1.png,/content/drive/MyDrive/phase11-persistent/gt_boundaries/Steel1/im_val_cut10_400-H-9mm-4000x10_7_1.png,0,0,256,256,0,0
Steel1/im_val_cut10_400-H-9mm-4000x10_7_2/x0_y0,Steel1,im_val_cut10_400-H-9mm-4000x10,im_val_cut10_400-H-9mm-4000x10_7_2.png,0,0,0.077972,train,256,/content/drive/MyDrive/phase11-data/data/Steel1/images/im_val_cut10_400-H-9mm-4000x10_7_2.png,/content/drive/MyDrive/phase11-persistent/gt_boundaries/Steel1/im_val_cut10_400-H-9mm-4000x10_7_2.png,0,0,256,256,0,0
Steel1/im_val_cut10_400-H-9mm-4000x10_7_3/x0_y0,Steel1,im_val_cut10_400-H-9mm-4000x10,im_val_cut10_400-H-9mm-4000x10_7_3.png,0,0,0.061493,train,256,/content/drive/MyDrive/phase11-data/data/Steel1/images/im_val_cut10_400-H-9mm-4000x10_7_3.png,/content/drive/MyDrive/phase11-persistent/gt_boundaries/Steel1/im_val_cut10_400-H-9mm-4000x10_7_3.png,0,0,256,256,0,0
Steel1/im_val_cut10_400-H-9mm-4000x10_7_4/x0_y0,Steel1,im_val_cut10_400-H-9mm-4000x10,im_val_cut10_400-H-9mm-4000x10_7_4.png,0,0,0.072678,train,256,/content/drive/MyDrive/phase11-data/data/Steel1/images/im_val_cut10_400-H-9mm-4000x10_7_4.png,/content/drive/MyDrive/phase11-persistent/gt_boundaries/Steel1/im_val_cut10_400-H-9mm-4000x10_7_4.png,0,0,256,256,0,0
Steel1/im_val_cut10_400-H-9mm-4000x10_7_5/x0_y0,Steel1,im_val_cut10_400-H-9mm-4000x10,im_val_cut10_400-H-9mm-4000x10_7_5.png,0,0,0.06813,train,256,/content/drive/MyDrive/phase11-data/data/Steel1/images/im_val_cut10_400-H-9mm-4000x10_7_5.png,/content/drive/MyDrive/phase11-persistent/gt_boundaries/Steel1/im_val_cut10_400-H-9mm-4000x10_7_5.png,0,0,256,256,0,0
Steel1/im_val_cut10_400-H-9mm-4000x10_7_6/x0_y0,Steel1,im_val_cut10_400-H-9mm-4000x10,im_val_cut10_400-H-9mm-4000x10_7_6.png,0,0,0.059433,train,256,/content/drive/MyDrive/phase11-data/data/Steel1/images/im_val_cut10_400-H-9mm-4000x10_7_6.png,/content/drive/MyDrive/phase11-persistent/gt_boundaries/Steel1/im_val_cut10_400-H-9mm-4000x10_7_6.png,0,0,256,256,0,0
Steel1/im_val_cut10_400-H-9mm-4000x10_8_1/x0_y0,Steel1,im_val_cut10_400-H-9mm-4000x10,im_val_cut10_400-H-9mm-4000x10_8_1.png,0,0,0.067963,train,256,/content/drive/MyDrive/phase11-data/data/Steel1/images/im_val_cut10_400-H-9mm-4000x10_8_1.png,/content/drive/MyDrive/phase11-persistent/gt_boundaries/Steel1/im_val_cut10_400-H-9mm-4000x10_8_1.png,0,0,256,256,0,0
Steel1/im_val_cut10_400-H-9mm-4000x10_8_2/x0_y0,Steel1,im_val_cut10_400-H-9mm-4000x10,im_val_cut10_400-H-9mm-4000x10_8_2.png,0,0,0.08194,train,256,/content/drive/MyDrive/phase11-data/data/Steel1/images/im_val_cut10_400-H-9mm-4000x10_8_2.png,/content/drive/MyDrive/phase11-persistent/gt_boundaries/Steel1/im_val_cut10_400-H-9mm-4000x10_8_2.png,0,0,256,256,0,0
Steel1/im_val_cut10_400-H-9mm-4000x10_8_3/x0_y0,Steel1,im_val_cut10_400-H-9mm-4000x10,im_val_cut10_400-H-9mm-4000x10_8_3.png,0,0,0.063705,train,256,/content/drive/MyDrive/phase11-data/data/Steel1/images/im_val_cut10_400-H-9mm-4000x10_8_3.png,/content/drive/MyDrive/phase11-persistent/gt_boundaries/Steel1/im_val_cut10_400-H-9mm-4000x10_8_3.png,0,0,256,256,0,0
Steel1/im_val_cut10_400-H-9mm-4000x10_8_4/x0_y0,Steel1,im_val_cut10_400-H-9mm-4000x10,im_val_cut10_400-H-9mm-4000x10_8_4.png,0,0,0.049271,train,256,/content/drive/MyDrive/phase11-data/data/Steel1/images/im_val_cut10_400-H-9mm-4000x10_8_4.png,/content/drive/MyDrive/phase11-persistent/gt_boundaries/Steel1/im_val_cut10_400-H-9mm-4000x10_8_4.png,0,0,256,256,0,0
Steel1/im_val_cut10_400-H-9mm-4000x10_8_5/x0_y0,Steel1,im_val_cut10_400-H-9mm-4000x10,im_val_cut10_400-H-9mm-4000x10_8_5.png,0,0,0.016129,train,256,/content/drive/MyDrive/phase11-data/data/Steel1/images/im_val_cut10_400-H-9mm-4000x10_8_5.png,/content/drive/MyDrive/phase11-persistent/gt_boundaries/Steel1/im_val_cut10_400-H-9mm-4000x10_8_5.png,0,0,256,256,0,0
Steel1/im_val_cut10_400-H-9mm-4000x10_8_6/x0_y0,Steel1,im_val_cut10_400-H-9mm-4000x10,im_val_cut10_400-H-9mm-4000x10_8_6.png,0,0,0.082748,train,256,/content/drive/MyDrive/phase11-data/data/Steel1/images/im_val_cut10_400-H-9mm-4000x10_8_6.png,/content/drive/MyDrive/phase11-persistent/gt_boundaries/Steel1/im_val_cut10_400-H-9mm-4000x10_8_6.png,0,0,256,256,0,0
Steel1/im_val_cut10_400-H-9mm-4000x11_1_1/x0_y0,Steel1,im_val_cut10_400-H-9mm-4000x11,im_val_cut10_400-H-9mm-4000x11_1_1.png,0,0,0.093216,val,256,/content/drive/MyDrive/phase11-data/data/Steel1/images/im_val_cut10_400-H-9mm-4000x11_1_1.png,/content/drive/MyDrive/phase11-persistent/gt_boundaries/Steel1/im_val_cut10_400-H-9mm-4000x11_1_1.png,0,0,256,256,0,0
Steel1/im_val_cut10_400-H-9mm-4000x11_1_2/x0_y0,Steel1,im_val_cut10_400-H-9mm-4000x11,im_val_cut10_400-H-9mm-4000x11_1_2.png,0,0,0.120148,val,256,/content/drive/MyDrive/phase11-data/data/Steel1/images/im_val_cut10_400-H-9mm-4000x11_1_2.png,/content/drive/MyDrive/phase11-persistent/gt_boundaries/Steel1/im_val_cut10_400-H-9mm-4000x11_1_2.png,0,0,256,256,0,0
Steel1/im_val_cut10_400-H-9mm-4000x11_1_3/x0_y0,Steel1,im_val_cut10_400-H-9mm-4000x11,im_val_cut10_400-H-9mm-4000x11_1_3.png,0,0,0.098221,val,256,/content/drive/MyDrive/phase11-data/data/Steel1/images/im_val_cut10_400-H-9mm-4000x11_1_3.png,/content/drive/MyDrive/phase11-persistent/gt_boundaries/Steel1/im_val_cut10_400-H-9mm-4000x11_1_3.png,0,0,256,256,0,0
Steel1/im_val_cut10_400-H-9mm-4000x11_1_4/x0_y0,Steel1,im_val_cut10_400-H-9mm-4000x11,im_val_cut10_400-H-9mm-4000x11_1_4.png,0,0,0.027283,val,256,/content/drive/MyDrive/phase11-data/data/Steel1/images/im_val_cut10_400-H-9mm-4000x11_1_4.png,/content/drive/MyDrive/phase11-persistent/gt_boundaries/Steel1/im_val_cut10_400-H-9mm-4000x11_1_4.png,0,0,256,256,0,0
Steel1/im_val_cut10_400-H-9mm-4000x11_1_5/x0_y0,Steel1,im_val_cut10_400-H-9mm-4000x11,im_val_cut10_400-H-9mm-4000x11_1_5.png,0,0,0.058243,val,256,/content/drive/MyDrive/phase11-data/data/Steel1/images/im_val_cut10_400-H-9mm-4000x11_1_5.png,/content/drive/MyDrive/phase11-persistent/gt_boundaries/Steel1/im_val_cut10_400-H-9mm-4000x11_1_5.png,0,0,256,256,0,0
Steel1/im_val_cut10_400-H-9mm-4000x11_1_6/x0_y0,Steel1,im_val_cut10_400-H-9mm-4000x11,im_val_cut10_400-H-9mm-4000x11_1_6.png,0,0,0.066238,val,256,/content/drive/MyDrive/phase11-data/data/Steel1/images/im_val_cut10_400-H-9mm-4000x11_1_6.png,/content/drive/MyDrive/phase11-persistent/gt_boundaries/Steel1/im_val_cut10_400-H-9mm-4000x11_1_6.png,0,0,256,256,0,0
Steel1/im_val_cut10_400-H-9mm-4000x11_2_1/x0_y0,Steel1,im_val_cut10_400-H-9mm-4000x11,im_val_cut10_400-H-9mm-4000x11_2_1.png,0,0,0.12323,val,256,/content/drive/MyDrive/phase11-data/data/Steel1/images/im_val_cut10_400-H-9mm-4000x11_2_1.png,/content/drive/MyDrive/phase11-persistent/gt_boundaries/Steel1/im_val_cut10_400-H-9mm-4000x11_2_1.png,0,0,256,256,0,0
Steel1/im_val_cut10_400-H-9mm-4000x11_2_2/x0_y0,Steel1,im_val_cut10_400-H-9mm-4000x11,im_val_cut10_400-H-9mm-4000x11_2_2.png,0,0,0.094757,val,256,/content/drive/MyDrive/phase11-data/data/Steel1/images/im_val_cut10_400-H-9mm-4000x11_2_2.png,/content/drive/MyDrive/phase11-persistent/gt_boundaries/Steel1/im_val_cut10_400-H-9mm-4000x11_2_2.png,0,0,256,256,0,0
Steel1/im_val_cut10_400-H-9mm-4000x11_2_3/x0_y0,Steel1,im_val_cut10_400-H-9mm-4000x11,im_val_cut10_400-H-9mm-4000x11_2_3.png,0,0,0.010361,val,256,/content/drive/MyDrive/phase11-data/data/Steel1/images/im_val_cut10_400-H-9mm-4000x11_2_3.png,/content/drive/MyDrive/phase11-persistent/gt_boundaries/Steel1/im_val_cut10_400-H-9mm-4000x11_2_3.png,0,0,256,256,0,0
Steel1/im_val_cut10_400-H-9mm-4000x11_2_4/x0_y0,Steel1,im_val_cut10_400-H-9mm-4000x11,im_val_cut10_400-H-9mm-4000x11_2_4.png,0,0,0.041138,val,256,/content/drive/MyDrive/phase11-data/data/Steel1/images/im_val_cut10_400-H-9mm-4000x11_2_4.png,/content/drive/MyDrive/phase11-persistent/gt_boundaries/Steel1/im_val_cut10_400-H-9mm-4000x11_2_4.png,0,0,256,256,0,0
Steel1/im_val_cut10_400-H-9mm-4000x11_2_5/x0_y0,Steel1,im_val_cut10_400-H-9mm-4000x11,im_val_cut10_400-H-9mm-4000x11_2_5.png,0,0,0.059906,val,256,/content/drive/MyDrive/phase11-data/data/Steel1/images/im_val_cut10_400-H-9mm-4000x11_2_5.png,/content/drive/MyDrive/phase11-persistent/gt_boundaries/Steel1/im_val_cut10_400-H-9mm-4000x11_2_5.png,0,0,256,256,0,0
Steel1/im_val_cut10_400-H-9mm-4000x11_2_6/x0_y0,Steel1,im_val_cut10_400-H-9mm-4000x11,im_val_cut10_400-H-9mm-4000x11_2_6.png,0,0,0.087601,val,256,/content/drive/MyDrive/phase11-data/data/Steel1/images/im_val_cut10_400-H-9mm-4000x11_2_6.png,/content/drive/MyDrive/phase11-persistent/gt_boundaries/Steel1/im_val_cut10_400-H-9mm-4000x11_2_6.png,0,0,256,256,0,0
Steel1/im_val_cut10_400-H-9mm-4000x11_3_1/x0_y0,Steel1,im_val_cut10_400-H-9mm-4000x11,im_val_cut10_400-H-9mm-4000x11_3_1.png,0,0,0.076141,val,256,/content/drive/MyDrive/phase11-data/data/Steel1/images/im_val_cut10_400-H-9mm-4000x11_3_1.png,/content/drive/MyDrive/phase11-persistent/gt_boundaries/Steel1/im_val_cut10_400-H-9mm-4000x11_3_1.png,0,0,256,256,0,0
Steel1/im_val_cut10_400-H-9mm-4000x11_3_2/x0_y0,Steel1,im_val_cut10_400-H-9mm-4000x11,im_val_cut10_400-H-9mm-4000x11_3_2.png,0,0,0.082001,val,256,/content/drive/MyDrive/phase11-data/data/Steel1/images/im_val_cut10_400-H-9mm-4000x11_3_2.png,/content/drive/MyDrive/phase11-persistent/gt_boundaries/Steel1/im_val_cut10_400-H-9mm-4000x11_3_2.png,0,0,256,256,0,0
Steel1/im_val_cut10_400-H-9mm-4000x11_3_4/x0_y0,Steel1,im_val_cut10_400-H-9mm-4000x11,im_val_cut10_400-H-9mm-4000x11_3_4.png,0,0,0.03447,val,256,/content/drive/MyDrive/phase11-data/data/Steel1/images/im_val_cut10_400-H-9mm-4000x11_3_4.png,/content/drive/MyDrive/phase11-persistent/gt_boundaries/Steel1/im_val_cut10_400-H-9mm-4000x11_3_4.png,0,0,256,256,0,0
Steel1/im_val_cut10_400-H-9mm-4000x11_3_5/x0_y0,Steel1,im_val_cut10_400-H-9mm-4000x11,im_val_cut10_400-H-9mm-4000x11_3_5.png,0,0,0.111633,val,256,/content/drive/MyDrive/phase11-data/data/Steel1/images/im_val_cut10_400-H-9mm-4000x11_3_5.png,/content/drive/MyDrive/phase11-persistent/gt_boundaries/Steel1/im_val_cut10_400-H-9mm-4000x11_3_5.png,0,0,256,256,0,0
Steel1/im_val_cut10_400-H-9mm-4000x11_3_6/x0_y0,Steel1,im_val_cut10_400-H-9mm-4000x11,im_val_cut10_400-H-9mm-4000x11_3_6.png,0,0,0.089279,val,256,/content/drive/MyDrive/phase11-data/data/Steel1/images/im_val_cut10_400-H-9mm-4000x11_3_6.png,/content/drive/MyDrive/phase11-persistent/gt_boundaries/Steel1/im_val_cut10_400-H-9mm-4000x11_3_6.png,0,0,256,256,0,0
Steel1/im_val_cut10_400-H-9mm-4000x11_4_1/x0_y0,Steel1,im_val_cut10_400-H-9mm-4000x11,im_val_cut10_400-H-9mm-4000x11_4_1.png,0,0,0.104996,val,256,/content/drive/MyDrive/phase11-data/data/Steel1/images/im_val_cut10_400-H-9mm-4000x11_4_1.png,/content/drive/MyDrive/phase11-persistent/gt_boundaries/Steel1/im_val_cut10_400-H-9mm-4000x11_4_1.png,0,0,256,256,0,0
Steel1/im_val_cut10_400-H-9mm-4000x11_4_2/x0_y0,Steel1,im_val_cut10_400-H-9mm-4000x11,im_val_cut10_400-H-9mm-4000x11_4_2.png,0,0,0.093353,val,256,/content/drive/MyDrive/phase11-data/data/Steel1/images/im_val_cut10_400-H-9mm-4000x11_4_2.png,/content/drive/MyDrive/phase11-persistent/gt_boundaries/Steel1/im_val_cut10_400-H-9mm-4000x11_4_2.png,0,0,256,256,0,0
Steel1/im_val_cut10_400-H-9mm-4000x11_4_3/x0_y0,Steel1,im_val_cut10_400-H-9mm-4000x11,im_val_cut10_400-H-9mm-4000x11_4_3.png,0,0,0.014648,val,256,/content/drive/MyDrive/phase11-data/data/Steel1/images/im_val_cut10_400-H-9mm-4000x11_4_3.png,/content/drive/MyDrive/phase11-persistent/gt_boundaries/Steel1/im_val_cut10_400-H-9mm-4000x11_4_3.png,0,0,256,256,0,0
Steel1/im_val_cut10_400-H-9mm-4000x11_4_4/x0_y0,Steel1,im_val_cut10_400-H-9mm-4000x11,im_val_cut10_400-H-9mm-4000x11_4_4.png,0,0,0.048141,val,256,/content/drive/MyDrive/phase11-data/data/Steel1/images/im_val_cut10_400-H-9mm-4000x11_4_4.png,/content/drive/MyDrive/phase11-persistent/gt_boundaries/Steel1/im_val_cut10_400-H-9mm-4000x11_4_4.png,0,0,256,256,0,0
Steel1/im_val_cut10_400-H-9mm-4000x11_4_5/x0_y0,Steel1,im_val_cut10_400-H-9mm-4000x11,im_val_cut10_400-H-9mm-4000x11_4_5.png,0,0,0.061432,val,256,/content/drive/MyDrive/phase11-data/data/Steel1/images/im_val_cut10_400-H-9mm-4000x11_4_5.png,/content/drive/MyDrive/phase11-persistent/gt_boundaries/Steel1/im_val_cut10_400-H-9mm-4000x11_4_5.png,0,0,256,256,0,0
Steel1/im_val_cut10_400-H-9mm-4000x11_4_6/x0_y0,Steel1,im_val_cut10_400-H-9mm-4000x11,im_val_cut10_400-H-9mm-4000x11_4_6.png,0,0,0.069672,val,256,/content/drive/MyDrive/phase11-data/data/Steel1/images/im_val_cut10_400-H-9mm-4000x11_4_6.png,/content/drive/MyDrive/phase11-persistent/gt_boundaries/Steel1/im_val_cut10_400-H-9mm-4000x11_4_6.png,0,0,256,256,0,0
Steel1/im_val_cut10_400-H-9mm-4000x11_5_1/x0_y0,Steel1,im_val_cut10_400-H-9mm-4000x11,im_val_cut10_400-H-9mm-4000x11_5_1.png,0,0,0.044785,val,256,/content/drive/MyDrive/phase11-data/data/Steel1/images/im_val_cut10_400-H-9mm-4000x11_5_1.png,/content/drive/MyDrive/phase11-persistent/gt_boundaries/Steel1/im_val_cut10_400-H-9mm-4000x11_5_1.png,0,0,256,256,0,0
Steel1/im_val_cut10_400-H-9mm-4000x11_5_2/x0_y0,Steel1,im_val_cut10_400-H-9mm-4000x11,im_val_cut10_400-H-9mm-4000x11_5_2.png,0,0,0.05748,val,256,/content/drive/MyDrive/phase11-data/data/Steel1/images/im_val_cut10_400-H-9mm-4000x11_5_2.png,/content/drive/MyDrive/phase11-persistent/gt_boundaries/Steel1/im_val_cut10_400-H-9mm-4000x11_5_2.png,0,0,256,256,0,0
Steel1/im_val_cut10_400-H-9mm-4000x11_5_3/x0_y0,Steel1,im_val_cut10_400-H-9mm-4000x11,im_val_cut10_400-H-9mm-4000x11_5_3.png,0,0,0.066422,val,256,/content/drive/MyDrive/phase11-data/data/Steel1/images/im_val_cut10_400-H-9mm-4000x11_5_3.png,/content/drive/MyDrive/phase11-persistent/gt_boundaries/Steel1/im_val_cut10_400-H-9mm-4000x11_5_3.png,0,0,256,256,0,0
Steel1/im_val_cut10_400-H-9mm-4000x11_5_4/x0_y0,Steel1,im_val_cut10_400-H-9mm-4000x11,im_val_cut10_400-H-9mm-4000x11_5_4.png,0,0,0.061661,val,256,/content/drive/MyDrive/phase11-data/data/Steel1/images/im_val_cut10_400-H-9mm-4000x11_5_4.png,/content/drive/MyDrive/phase11-persistent/gt_boundaries/Steel1/im_val_cut10_400-H-9mm-4000x11_5_4.png,0,0,256,256,0,0
Steel1/im_val_cut10_400-H-9mm-4000x11_5_5/x0_y0,Steel1,im_val_cut10_400-H-9mm-4000x11,im_val_cut10_400-H-9mm-4000x11_5_5.png,0,0,0.091904,val,256,/content/drive/MyDrive/phase11-data/data/Steel1/images/im_val_cut10_400-H-9mm-4000x11_5_5.png,/content/drive/MyDrive/phase11-persistent/gt_boundaries/Steel1/im_val_cut10_400-H-9mm-4000x11_5_5.png,0,0,256,256,0,0
Steel1/im_val_cut10_400-H-9mm-4000x11_5_6/x0_y0,Steel1,im_val_cut10_400-H-9mm-4000x11,im_val_cut10_400-H-9mm-4000x11_5_6.png,0,0,0.082657,val,256,/content/drive/MyDrive/phase11-data/data/Steel1/images/im_val_cut10_400-H-9mm-4000x11_5_6.png,/content/drive/MyDrive/phase11-persistent/gt_boundaries/Steel1/im_val_cut10_400-H-9mm-4000x11_5_6.png,0,0,256,256,0,0
Steel1/im_val_cut10_400-H-9mm-4000x11_6_1/x0_y0,Steel1,im_val_cut10_400-H-9mm-4000x11,im_val_cut10_400-H-9mm-4000x11_6_1.png,0,0,0.007782,val,256,/content/drive/MyDrive/phase11-data/data/Steel1/images/im_val_cut10_400-H-9mm-4000x11_6_1.png,/content/drive/MyDrive/phase11-persistent/gt_boundaries/Steel1/im_val_cut10_400-H-9mm-4000x11_6_1.png,0,0,256,256,0,0
Steel1/im_val_cut10_400-H-9mm-4000x11_6_2/x0_y0,Steel1,im_val_cut10_400-H-9mm-4000x11,im_val_cut10_400-H-9mm-4000x11_6_2.png,0,0,0.052048,val,256,/content/drive/MyDrive/phase11-data/data/Steel1/images/im_val_cut10_400-H-9mm-4000x11_6_2.png,/content/drive/MyDrive/phase11-persistent/gt_boundaries/Steel1/im_val_cut10_400-H-9mm-4000x11_6_2.png,0,0,256,256,0,0
Steel1/im_val_cut10_400-H-9mm-4000x11_6_3/x0_y0,Steel1,im_val_cut10_400-H-9mm-4000x11,im_val_cut10_400-H-9mm-4000x11_6_3.png,0,0,0.089417,val,256,/content/drive/MyDrive/phase11-data/data/Steel1/images/im_val_cut10_400-H-9mm-4000x11_6_3.png,/content/drive/MyDrive/phase11-persistent/gt_boundaries/Steel1/im_val_cut10_400-H-9mm-4000x11_6_3.png,0,0,256,256,0,0
Steel1/im_val_cut10_400-H-9mm-4000x11_6_4/x0_y0,Steel1,im_val_cut10_400-H-9mm-4000x11,im_val_cut10_400-H-9mm-4000x11_6_4.png,0,0,0.080597,val,256,/content/drive/MyDrive/phase11-data/data/Steel1/images/im_val_cut10_400-H-9mm-4000x11_6_4.png,/content/drive/MyDrive/phase11-persistent/gt_boundaries/Steel1/im_val_cut10_400-H-9mm-4000x11_6_4.png,0,0,256,256,0,0
Steel1/im_val_cut10_400-H-9mm-4000x11_6_5/x0_y0,Steel1,im_val_cut10_400-H-9mm-4000x11,im_val_cut10_400-H-9mm-4000x11_6_5.png,0,0,0.067551,val,256,/content/drive/MyDrive/phase11-data/data/Steel1/images/im_val_cut10_400-H-9mm-4000x11_6_5.png,/content/drive/MyDrive/phase11-persistent/gt_boundaries/Steel1/im_val_cut10_400-H-9mm-4000x11_6_5.png,0,0,256,256,0,0
Steel1/im_val_cut10_400-H-9mm-4000x11_6_6/x0_y0,Steel1,im_val_cut10_400-H-9mm-4000x11,im_val_cut10_400-H-9mm-4000x11_6_6.png,0,0,0.098495,val,256,/content/drive/MyDrive/phase11-data/data/Steel1/images/im_val_cut10_400-H-9mm-4000x11_6_6.png,/content/drive/MyDrive/phase11-persistent/gt_boundaries/Steel1/im_val_cut10_400-H-9mm-4000x11_6_6.png,0,0,256,256,0,0
Steel1/im_val_cut10_400-H-9mm-4000x11_7_1/x0_y0,Steel1,im_val_cut10_400-H-9mm-4000x11,im_val_cut10_400-H-9mm-4000x11_7_1.png,0,0,0.062317,val,256,/content/drive/MyDrive/phase11-data/data/Steel1/images/im_val_cut10_400-H-9mm-4000x11_7_1.png,/content/drive/MyDrive/phase11-persistent/gt_boundaries/Steel1/im_val_cut10_400-H-9mm-4000x11_7_1.png,0,0,256,256,0,0
Steel1/im_val_cut10_400-H-9mm-4000x11_7_2/x0_y0,Steel1,im_val_cut10_400-H-9mm-4000x11,im_val_cut10_400-H-9mm-4000x11_7_2.png,0,0,0.104233,val,256,/content/drive/MyDrive/phase11-data/data/Steel1/images/im_val_cut10_400-H-9mm-4000x11_7_2.png,/content/drive/MyDrive/phase11-persistent/gt_boundaries/Steel1/im_val_cut10_400-H-9mm-4000x11_7_2.png,0,0,256,256,0,0
Steel1/im_val_cut10_400-H-9mm-4000x11_7_3/x0_y0,Steel1,im_val_cut10_400-H-9mm-4000x11,im_val_cut10_400-H-9mm-4000x11_7_3.png,0,0,0.070099,val,256,/content/drive/MyDrive/phase11-data/data/Steel1/images/im_val_cut10_400-H-9mm-4000x11_7_3.png,/content/drive/MyDrive/phase11-persistent/gt_boundaries/Steel1/im_val_cut10_400-H-9mm-4000x11_7_3.png,0,0,256,256,0,0
Steel1/im_val_cut10_400-H-9mm-4000x11_7_4/x0_y0,Steel1,im_val_cut10_400-H-9mm-4000x11,im_val_cut10_400-H-9mm-4000x11_7_4.png,0,0,0.07933,val,256,/content/drive/MyDrive/phase11-data/data/Steel1/images/im_val_cut10_400-H-9mm-4000x11_7_4.png,/content/drive/MyDrive/phase11-persistent/gt_boundaries/Steel1/im_val_cut10_400-H-9mm-4000x11_7_4.png,0,0,256,256,0,0
Steel1/im_val_cut10_400-H-9mm-4000x11_7_5/x0_y0,Steel1,im_val_cut10_400-H-9mm-4000x11,im_val_cut10_400-H-9mm-4000x11_7_5.png,0,0,0.095459,val,256,/content/drive/MyDrive/phase11-data/data/Steel1/images/im_val_cut10_400-H-9mm-4000x11_7_5.png,/content/drive/MyDrive/phase11-persistent/gt_boundaries/Steel1/im_val_cut10_400-H-9mm-4000x11_7_5.png,0,0,256,256,0,0
Steel1/im_val_cut10_400-H-9mm-4000x11_7_6/x0_y0,Steel1,im_val_cut10_400-H-9mm-4000x11,im_val_cut10_400-H-9mm-4000x11_7_6.png,0,0,0.08699,val,256,/content/drive/MyDrive/phase11-data/data/Steel1/images/im_val_cut10_400-H-9mm-4000x11_7_6.png,/content/drive/MyDrive/phase11-persistent/gt_boundaries/Steel1/im_val_cut10_400-H-9mm-4000x11_7_6.png,0,0,256,256,0,0
Steel1/im_val_cut10_400-H-9mm-4000x11_8_1/x0_y0,Steel1,im_val_cut10_400-H-9mm-4000x11,im_val_cut10_400-H-9mm-4000x11_8_1.png,0,0,0.08432,val,256,/content/drive/MyDrive/phase11-data/data/Steel1/images/im_val_cut10_400-H-9mm-4000x11_8_1.png,/content/drive/MyDrive/phase11-persistent/gt_boundaries/Steel1/im_val_cut10_400-H-9mm-4000x11_8_1.png,0,0,256,256,0,0
Steel1/im_val_cut10_400-H-9mm-4000x11_8_2/x0_y0,Steel1,im_val_cut10_400-H-9mm-4000x11,im_val_cut10_400-H-9mm-4000x11_8_2.png,0,0,0.039352,val,256,/content/drive/MyDrive/phase11-data/data/Steel1/images/im_val_cut10_400-H-9mm-4000x11_8_2.png,/content/drive/MyDrive/phase11-persistent/gt_boundaries/Steel1/im_val_cut10_400-H-9mm-4000x11_8_2.png,0,0,256,256,0,0
Steel1/im_val_cut10_400-H-9mm-4000x11_8_3/x0_y0,Steel1,im_val_cut10_400-H-9mm-4000x11,im_val_cut10_400-H-9mm-4000x11_8_3.png,0,0,0.100388,val,256,/content/drive/MyDrive/phase11-data/data/Steel1/images/im_val_cut10_400-H-9mm-4000x11_8_3.png,/content/drive/MyDrive/phase11-persistent/gt_boundaries/Steel1/im_val_cut10_400-H-9mm-4000x11_8_3.png,0,0,256,256,0,0
Steel1/im_val_cut10_400-H-9mm-4000x11_8_4/x0_y0,Steel1,im_val_cut10_400-H-9mm-4000x11,im_val_cut10_400-H-9mm-4000x11_8_4.png,0,0,0.037628,val,256,/content/drive/MyDrive/phase11-data/data/Steel1/images/im_val_cut10_400-H-9mm-4000x11_8_4.png,/content/drive/MyDrive/phase11-persistent/gt_boundaries/Steel1/im_val_cut10_400-H-9mm-4000x11_8_4.png,0,0,256,256,0,0
Steel1/im_val_cut10_400-H-9mm-4000x11_8_5/x0_y0,Steel1,im_val_cut10_400-H-9mm-4000x11,im_val_cut10_400-H-9mm-4000x11_8_5.png,0,0,0.118896,val,256,/content/drive/MyDrive/phase11-data/data/Steel1/images/im_val_cut10_400-H-9mm-4000x11_8_5.png,/content/drive/MyDrive/phase11-persistent/gt_boundaries/Steel1/im_val_cut10_400-H-9mm-4000x11_8_5.png,0,0,256,256,0,0
Steel1/im_val_cut10_400-H-9mm-4000x11_8_6/x0_y0,Steel1,im_val_cut10_400-H-9mm-4000x11,im_val_cut10_400-H-9mm-4000x11_8_6.png,0,0,0.095947,val,256,/content/drive/MyDrive/phase11-data/data/Steel1/images/im_val_cut10_400-H-9mm-4000x11_8_6.png,/content/drive/MyDrive/phase11-persistent/gt_boundaries/Steel1/im_val_cut10_400-H-9mm-4000x11_8_6.png,0,0,256,256,0,0
Steel1/im_val_cut10_400-V-12mm-4000x14_1_1/x0_y0,Steel1,im_val_cut10_400-V-12mm-4000x14,im_val_cut10_400-V-12mm-4000x14_1_1.png,0,0,0.0905,train,256,/content/drive/MyDrive/phase11-data/data/Steel1/images/im_val_cut10_400-V-12mm-4000x14_1_1.png,/content/drive/MyDrive/phase11-persistent/gt_boundaries/Steel1/im_val_cut10_400-V-12mm-4000x14_1_1.png,0,0,256,256,0,0
Steel1/im_val_cut10_400-V-12mm-4000x14_1_2/x0_y0,Steel1,im_val_cut10_400-V-12mm-4000x14,im_val_cut10_400-V-12mm-4000x14_1_2.png,0,0,0.138672,train,256,/content/drive/MyDrive/phase11-data/data/Steel1/images/im_val_cut10_400-V-12mm-4000x14_1_2.png,/content/drive/MyDrive/phase11-persistent/gt_boundaries/Steel1/im_val_cut10_400-V-12mm-4000x14_1_2.png,0,0,256,256,0,0
Steel1/im_val_cut10_400-V-12mm-4000x14_1_3/x0_y0,Steel1,im_val_cut10_400-V-12mm-4000x14,im_val_cut10_400-V-12mm-4000x14_1_3.png,0,0,0.095169,train,256,/content/drive/MyDrive/phase11-data/data/Steel1/images/im_val_cut10_400-V-12mm-4000x14_1_3.png,/content/drive/MyDrive/phase11-persistent/gt_boundaries/Steel1/im_val_cut10_400-V-12mm-4000x14_1_3.png,0,0,256,256,0,0
Steel1/im_val_cut10_400-V-12mm-4000x14_1_4/x0_y0,Steel1,im_val_cut10_400-V-12mm-4000x14,im_val_cut10_400-V-12mm-4000x14_1_4.png,0,0,0.077972,train,256,/content/drive/MyDrive/phase11-data/data/Steel1/images/im_val_cut10_400-V-12mm-4000x14_1_4.png,/content/drive/MyDrive/phase11-persistent/gt_boundaries/Steel1/im_val_cut10_400-V-12mm-4000x14_1_4.png,0,0,256,256,0,0
Steel1/im_val_cut10_400-V-12mm-4000x14_1_5/x0_y0,Steel1,im_val_cut10_400-V-12mm-4000x14,im_val_cut10_400-V-12mm-4000x14_1_5.png,0,0,0.108124,train,256,/content/drive/MyDrive/phase11-data/data/Steel1/images/im_val_cut10_400-V-12mm-4000x14_1_5.png,/content/drive/MyDrive/phase11-persistent/gt_boundaries/Steel1/im_val_cut10_400-V-12mm-4000x14_1_5.png,0,0,256,256,0,0
Steel1/im_val_cut10_400-V-12mm-4000x14_1_6/x0_y0,Steel1,im_val_cut10_400-V-12mm-4000x14,im_val_cut10_400-V-12mm-4000x14_1_6.png,0,0,0.098816,train,256,/content/drive/MyDrive/phase11-data/data/Steel1/images/im_val_cut10_400-V-12mm-4000x14_1_6.png,/content/drive/MyDrive/phase11-persistent/gt_boundaries/Steel1/im_val_cut10_400-V-12mm-4000x14_1_6.png,0,0,256,256,0,0
Steel1/im_val_cut10_400-V-12mm-4000x14_2_1/x0_y0,Steel1,im_val_cut10_400-V-12mm-4000x14,im_val_cut10_400-V-12mm-4000x14_2_1.png,0,0,0.110428,train,256,/content/drive/MyDrive/phase11-data/data/Steel1/images/im_val_cut10_400-V-12mm-4000x14_2_1.png,/content/drive/MyDrive/phase11-persistent/gt_boundaries/Steel1/im_val_cut10_400-V-12mm-4000x14_2_1.png,0,0,256,256,0,0
Steel1/im_val_cut10_400-V-12mm-4000x14_2_2/x0_y0,Steel1,im_val_cut10_400-V-12mm-4000x14,im_val_cut10_400-V-12mm-4000x14_2_2.png,0,0,0.090637,train,256,/content/drive/MyDrive/phase11-data/data/Steel1/images/im_val_cut10_400-V-12mm-4000x14_2_2.png,/content/drive/MyDrive/phase11-persistent/gt_boundaries/Steel1/im_val_cut10_400-V-12mm-4000x14_2_2.png,0,0,256,256,0,0
Steel1/im_val_cut10_400-V-12mm-4000x14_2_3/x0_y0,Steel1,im_val_cut10_400-V-12mm-4000x14,im_val_cut10_400-V-12mm-4000x14_2_3.png,0,0,0.087646,train,256,/content/drive/MyDrive/phase11-data/data/Steel1/images/im_val_cut10_400-V-12mm-4000x14_2_3.png,/content/drive/MyDrive/phase11-persistent/gt_boundaries/Steel1/im_val_cut10_400-V-12mm-4000x14_2_3.png,0,0,256,256,0,0
Steel1/im_val_cut10_400-V-12mm-4000x14_2_4/x0_y0,Steel1,im_val_cut10_400-V-12mm-4000x14,im_val_cut10_400-V-12mm-4000x14_2_4.png,0,0,0.139557,train,256,/content/drive/MyDrive/phase11-data/data/Steel1/images/im_val_cut10_400-V-12mm-4000x14_2_4.png,/content/drive/MyDrive/phase11-persistent/gt_boundaries/Steel1/im_val_cut10_400-V-12mm-4000x14_2_4.png,0,0,256,256,0,0
Steel1/im_val_cut10_400-V-12mm-4000x14_2_5/x0_y0,Steel1,im_val_cut10_400-V-12mm-4000x14,im_val_cut10_400-V-12mm-4000x14_2_5.png,0,0,0.084854,train,256,/content/drive/MyDrive/phase11-data/data/Steel1/images/im_val_cut10_400-V-12mm-4000x14_2_5.png,/content/drive/MyDrive/phase11-persistent/gt_boundaries/Steel1/im_val_cut10_400-V-12mm-4000x14_2_5.png,0,0,256,256,0,0
Steel1/im_val_cut10_400-V-12mm-4000x14_2_6/x0_y0,Steel1,im_val_cut10_400-V-12mm-4000x14,im_val_cut10_400-V-12mm-4000x14_2_6.png,0,0,0.070267,train,256,/content/drive/MyDrive/phase11-data/data/Steel1/images/im_val_cut10_400-V-12mm-4000x14_2_6.png,/content/drive/MyDrive/phase11-persistent/gt_boundaries/Steel1/im_val_cut10_400-V-12mm-4000x14_2_6.png,0,0,256,256,0,0
Steel1/im_val_cut10_400-V-12mm-4000x14_3_1/x0_y0,Steel1,im_val_cut10_400-V-12mm-4000x14,im_val_cut10_400-V-12mm-4000x14_3_1.png,0,0,0.139328,train,256,/content/drive/MyDrive/phase11-data/data/Steel1/images/im_val_cut10_400-V-12mm-4000x14_3_1.png,/content/drive/MyDrive/phase11-persistent/gt_boundaries/Steel1/im_val_cut10_400-V-12mm-4000x14_3_1.png,0,0,256,256,0,0
Steel1/im_val_cut10_400-V-12mm-4000x14_3_2/x0_y0,Steel1,im_val_cut10_400-V-12mm-4000x14,im_val_cut10_400-V-12mm-4000x14_3_2.png,0,0,0.097153,train,256,/content/drive/MyDrive/phase11-data/data/Steel1/images/im_val_cut10_400-V-12mm-4000x14_3_2.png,/content/drive/MyDrive/phase11-persistent/gt_boundaries/Steel1/im_val_cut10_400-V-12mm-4000x14_3_2.png,0,0,256,256,0,0
Steel1/im_val_cut10_400-V-12mm-4000x14_3_3/x0_y0,Steel1,im_val_cut10_400-V-12mm-4000x14,im_val_cut10_400-V-12mm-4000x14_3_3.png,0,0,0.083267,train,256,/content/drive/MyDrive/phase11-data/data/Steel1/images/im_val_cut10_400-V-12mm-4000x14_3_3.png,/content/drive/MyDrive/phase11-persistent/gt_boundaries/Steel1/im_val_cut10_400-V-12mm-4000x14_3_3.png,0,0,256,256,0,0
Steel1/im_val_cut10_400-V-12mm-4000x14_3_4/x0_y0,Steel1,im_val_cut10_400-V-12mm-4000x14,im_val_cut10_400-V-12mm-4000x14_3_4.png,0,0,0.065659,train,256,/content/drive/MyDrive/phase11-data/data/Steel1/images/im_val_cut10_400-V-12mm-4000x14_3_4.png,/content/drive/MyDrive/phase11-persistent/gt_boundaries/Steel1/im_val_cut10_400-V-12mm-4000x14_3_4.png,0,0,256,256,0,0
Steel1/im_val_cut10_400-V-12mm-4000x14_3_5/x0_y0,Steel1,im_val_cut10_400-V-12mm-4000x14,im_val_cut10_400-V-12mm-4000x14_3_5.png,0,0,0.101364,train,256,/content/drive/MyDrive/phase11-data/data/Steel1/images/im_val_cut10_400-V-12mm-4000x14_3_5.png,/content/drive/MyDrive/phase11-persistent/gt_boundaries/Steel1/im_val_cut10_400-V-12mm-4000x14_3_5.png,0,0,256,256,0,0
Steel1/im_val_cut10_400-V-12mm-4000x14_4_1/x0_y0,Steel1,im_val_cut10_400-V-12mm-4000x14,im_val_cut10_400-V-12mm-4000x14_4_1.png,0,0,0.097519,train,256,/content/drive/MyDrive/phase11-data/data/Steel1/images/im_val_cut10_400-V-12mm-4000x14_4_1.png,/content/drive/MyDrive/phase11-persistent/gt_boundaries/Steel1/im_val_cut10_400-V-12mm-4000x14_4_1.png,0,0,256,256,0,0
Steel1/im_val_cut10_400-V-12mm-4000x14_4_2/x0_y0,Steel1,im_val_cut10_400-V-12mm-4000x14,im_val_cut10_400-V-12mm-4000x14_4_2.png,0,0,0.138336,train,256,/content/drive/MyDrive/phase11-data/data/Steel1/images/im_val_cut10_400-V-12mm-4000x14_4_2.png,/content/drive/MyDrive/phase11-persistent/gt_boundaries/Steel1/im_val_cut10_400-V-12mm-4000x14_4_2.png,0,0,256,256,0,0
Steel1/im_val_cut10_400-V-12mm-4000x14_4_3/x0_y0,Steel1,im_val_cut10_400-V-12mm-4000x14,im_val_cut10_400-V-12mm-4000x14_4_3.png,0,0,0.036377,train,256,/content/drive/MyDrive/phase11-data/data/Steel1/images/im_val_cut10_400-V-12mm-4000x14_4_3.png,/content/drive/MyDrive/phase11-persistent/gt_boundaries/Steel1/im_val_cut10_400-V-12mm-4000x14_4_3.png,0,0,256,256,0,0
Steel1/im_val_cut10_400-V-12mm-4000x14_4_4/x0_y0,Steel1,im_val_cut10_400-V-12mm-4000x14,im_val_cut10_400-V-12mm-4000x14_4_4.png,0,0,0.018997,train,256,/content/drive/MyDrive/phase11-data/data/Steel1/images/im_val_cut10_400-V-12mm-4000x14_4_4.png,/content/drive/MyDrive/phase11-persistent/gt_boundaries/Steel1/im_val_cut10_400-V-12mm-4000x14_4_4.png,0,0,256,256,0,0
Steel1/im_val_cut10_400-V-12mm-4000x14_4_5/x0_y0,Steel1,im_val_cut10_400-V-12mm-4000x14,im_val_cut10_400-V-12mm-4000x14_4_5.png,0,0,0.076584,train,256,/content/drive/MyDrive/phase11-data/data/Steel1/images/im_val_cut10_400-V-12mm-4000x14_4_5.png,/content/drive/MyDrive/phase11-persistent/gt_boundaries/Steel1/im_val_cut10_400-V-12mm-4000x14_4_5.png,0,0,256,256,0,0
Steel1/im_val_cut10_400-V-12mm-4000x14_4_6/x0_y0,Steel1,im_val_cut10_400-V-12mm-4000x14,im_val_cut10_400-V-12mm-4000x14_4_6.png,0,0,0.100571,train,256,/content/drive/MyDrive/phase11-data/data/Steel1/images/im_val_cut10_400-V-12mm-4000x14_4_6.png,/content/drive/MyDrive/phase11-persistent/gt_boundaries/Steel1/im_val_cut10_400-V-12mm-4000x14_4_6.png,0,0,256,256,0,0
Steel1/im_val_cut10_400-V-12mm-4000x14_5_1/x0_y0,Steel1,im_val_cut10_400-V-12mm-4000x14,im_val_cut10_400-V-12mm-4000x14_5_1.png,0,0,0.12941,train,256,/content/drive/MyDrive/phase11-data/data/Steel1/images/im_val_cut10_400-V-12mm-4000x14_5_1.png,/content/drive/MyDrive/phase11-persistent/gt_boundaries/Steel1/im_val_cut10_400-V-12mm-4000x14_5_1.png,0,0,256,256,0,0
Steel1/im_val_cut10_400-V-12mm-4000x14_5_2/x0_y0,Steel1,im_val_cut10_400-V-12mm-4000x14,im_val_cut10_400-V-12mm-4000x14_5_2.png,0,0,0.052536,train,256,/content/drive/MyDrive/phase11-data/data/Steel1/images/im_val_cut10_400-V-12mm-4000x14_5_2.png,/content/drive/MyDrive/phase11-persistent/gt_boundaries/Steel1/im_val_cut10_400-V-12mm-4000x14_5_2.png,0,0,256,256,0,0
Steel1/im_val_cut10_400-V-12mm-4000x14_5_3/x0_y0,Steel1,im_val_cut10_400-V-12mm-4000x14,im_val_cut10_400-V-12mm-4000x14_5_3.png,0,0,0.098969,train,256,/content/drive/MyDrive/phase11-data/data/Steel1/images/im_val_cut10_400-V-12mm-4000x14_5_3.png,/content/drive/MyDrive/phase11-persistent/gt_boundaries/Steel1/im_val_cut10_400-V-12mm-4000x14_5_3.png,0,0,256,256,0,0
Steel1/im_val_cut10_400-V-12mm-4000x14_5_4/x0_y0,Steel1,im_val_cut10_400-V-12mm-4000x14,im_val_cut10_400-V-12mm-4000x14_5_4.png,0,0,0.07431,train,256,/content/drive/MyDrive/phase11-data/data/Steel1/images/im_val_cut10_400-V-12mm-4000x14_5_4.png,/content/drive/MyDrive/phase11-persistent/gt_boundaries/Steel1/im_val_cut10_400-V-12mm-4000x14_5_4.png,0,0,256,256,0,0
Steel1/im_val_cut10_400-V-12mm-4000x14_5_5/x0_y0,Steel1,im_val_cut10_400-V-12mm-4000x14,im_val_cut10_400-V-12mm-4000x14_5_5.png,0,0,0.084412,train,256,/content/drive/MyDrive/phase11-data/data/Steel1/images/im_val_cut10_400-V-12mm-4000x14_5_5.png,/content/drive/MyDrive/phase11-persistent/gt_boundaries/Steel1/im_val_cut10_400-V-12mm-4000x14_5_5.png,0,0,256,256,0,0
Steel1/im_val_cut10_400-V-12mm-4000x14_5_6/x0_y0,Steel1,im_val_cut10_400-V-12mm-4000x14,im_val_cut10_400-V-12mm-4000x14_5_6.png,0,0,0.07753,train,256,/content/drive/MyDrive/phase11-data/data/Steel1/images/im_val_cut10_400-V-12mm-4000x14_5_6.png,/content/drive/MyDrive/phase11-persistent/gt_boundaries/Steel1/im_val_cut10_400-V-12mm-4000x14_5_6.png,0,0,256,256,0,0
Steel1/im_val_cut10_400-V-12mm-4000x14_6_1/x0_y0,Steel1,im_val_cut10_400-V-12mm-4000x14,im_val_cut10_400-V-12mm-4000x14_6_1.png,0,0,0.135178,train,256,/content/drive/MyDrive/phase11-data/data/Steel1/images/im_val_cut10_400-V-12mm-4000x14_6_1.png,/content/drive/MyDrive/phase11-persistent/gt_boundaries/Steel1/im_val_cut10_400-V-12mm-4000x14_6_1.png,0,0,256,256,0,0
Steel1/im_val_cut10_400-V-12mm-4000x14_6_2/x0_y0,Steel1,im_val_cut10_400-V-12mm-4000x14,im_val_cut10_400-V-12mm-4000x14_6_2.png,0,0,0.101242,train,256,/content/drive/MyDrive/phase11-data/data/Steel1/images/im_val_cut10_400-V-12mm-4000x14_6_2.png,/content/drive/MyDrive/phase11-persistent/gt_boundaries/Steel1/im_val_cut10_400-V-12mm-4000x14_6_2.png,0,0,256,256,0,0
Steel1/im_val_cut10_400-V-12mm-4000x14_6_3/x0_y0,Steel1,im_val_cut10_400-V-12mm-4000x14,im_val_cut10_400-V-12mm-4000x14_6_3.png,0,0,0.107162,train,256,/content/drive/MyDrive/phase11-data/data/Steel1/images/im_val_cut10_400-V-12mm-4000x14_6_3.png,/content/drive/MyDrive/phase11-persistent/gt_boundaries/Steel1/im_val_cut10_400-V-12mm-4000x14_6_3.png,0,0,256,256,0,0
Steel1/im_val_cut10_400-V-12mm-4000x14_6_4/x0_y0,Steel1,im_val_cut10_400-V-12mm-4000x14,im_val_cut10_400-V-12mm-4000x14_6_4.png,0,0,0.068008,train,256,/content/drive/MyDrive/phase11-data/data/Steel1/images/im_val_cut10_400-V-12mm-4000x14_6_4.png,/content/drive/MyDrive/phase11-persistent/gt_boundaries/Steel1/im_val_cut10_400-V-12mm-4000x14_6_4.png,0,0,256,256,0,0
Steel1/im_val_cut10_400-V-12mm-4000x14_6_5/x0_y0,Steel1,im_val_cut10_400-V-12mm-4000x14,im_val_cut10_400-V-12mm-4000x14_6_5.png,0,0,0.091293,train,256,/content/drive/MyDrive/phase11-data/data/Steel1/images/im_val_cut10_400-V-12mm-4000x14_6_5.png,/content/drive/MyDrive/phase11-persistent/gt_boundaries/Steel1/im_val_cut10_400-V-12mm-4000x14_6_5.png,0,0,256,256,0,0
Steel1/im_val_cut10_400-V-12mm-4000x14_6_6/x0_y0,Steel1,im_val_cut10_400-V-12mm-4000x14,im_val_cut10_400-V-12mm-4000x14_6_6.png,0,0,0.046326,train,256,/content/drive/MyDrive/phase11-data/data/Steel1/images/im_val_cut10_400-V-12mm-4000x14_6_6.png,/content/drive/MyDrive/phase11-persistent/gt_boundaries/Steel1/im_val_cut10_400-V-12mm-4000x14_6_6.png,0,0,256,256,0,0
Steel1/im_val_cut10_400-V-12mm-4000x14_7_1/x0_y0,Steel1,im_val_cut10_400-V-12mm-4000x14,im_val_cut10_400-V-12mm-4000x14_7_1.png,0,0,0.182755,train,256,/content/drive/MyDrive/phase11-data/data/Steel1/images/im_val_cut10_400-V-12mm-4000x14_7_1.png,/content/drive/MyDrive/phase11-persistent/gt_boundaries/Steel1/im_val_cut10_400-V-12mm-4000x14_7_1.png,0,0,256,256,0,0
Steel1/im_val_cut10_400-V-12mm-4000x14_7_2/x0_y0,Steel1,im_val_cut10_400-V-12mm-4000x14,im_val_cut10_400-V-12mm-4000x14_7_2.png,0,0,0.183273,train,256,/content/drive/MyDrive/phase11-data/data/Steel1/images/im_val_cut10_400-V-12mm-4000x14_7_2.png,/content/drive/MyDrive/phase11-persistent/gt_boundaries/Steel1/im_val_cut10_400-V-12mm-4000x14_7_2.png,0,0,256,256,0,0
Steel1/im_val_cut10_400-V-12mm-4000x14_7_3/x0_y0,Steel1,im_val_cut10_400-V-12mm-4000x14,im_val_cut10_400-V-12mm-4000x14_7_3.png,0,0,0.126099,train,256,/content/drive/MyDrive/phase11-data/data/Steel1/images/im_val_cut10_400-V-12mm-4000x14_7_3.png,/content/drive/MyDrive/phase11-persistent/gt_boundaries/Steel1/im_val_cut10_400-V-12mm-4000x14_7_3.png,0,0,256,256,0,0
Steel1/im_val_cut10_400-V-12mm-4000x14_7_4/x0_y0,Steel1,im_val_cut10_400-V-12mm-4000x14,im_val_cut10_400-V-12mm-4000x14_7_4.png,0,0,0.126724,train,256,/content/drive/MyDrive/phase11-data/data/Steel1/images/im_val_cut10_400-V-12mm-4000x14_7_4.png,/content/drive/MyDrive/phase11-persistent/gt_boundaries/Steel1/im_val_cut10_400-V-12mm-4000x14_7_4.png,0,0,256,256,0,0
Steel1/im_val_cut10_400-V-12mm-4000x14_7_5/x0_y0,Steel1,im_val_cut10_400-V-12mm-4000x14,im_val_cut10_400-V-12mm-4000x14_7_5.png,0,0,0.063263,train,256,/content/drive/MyDrive/phase11-data/data/Steel1/images/im_val_cut10_400-V-12mm-4000x14_7_5.png,/content/drive/MyDrive/phase11-persistent/gt_boundaries/Steel1/im_val_cut10_400-V-12mm-4000x14_7_5.png,0,0,256,256,0,0
Steel1/im_val_cut10_400-V-12mm-4000x14_7_6/x0_y0,Steel1,im_val_cut10_400-V-12mm-4000x14,im_val_cut10_400-V-12mm-4000x14_7_6.png,0,0,0.062637,train,256,/content/drive/MyDrive/phase11-data/data/Steel1/images/im_val_cut10_400-V-12mm-4000x14_7_6.png,/content/drive/MyDrive/phase11-persistent/gt_boundaries/Steel1/im_val_cut10_400-V-12mm-4000x14_7_6.png,0,0,256,256,0,0
Steel1/im_val_cut10_400-V-12mm-4000x14_8_1/x0_y0,Steel1,im_val_cut10_400-V-12mm-4000x14,im_val_cut10_400-V-12mm-4000x14_8_1.png,0,0,0.258896,train,256,/content/drive/MyDrive/phase11-data/data/Steel1/images/im_val_cut10_400-V-12mm-4000x14_8_1.png,/content/drive/MyDrive/phase11-persistent/gt_boundaries/Steel1/im_val_cut10_400-V-12mm-4000x14_8_1.png,0,0,256,256,0,0
Steel1/im_val_cut10_400-V-12mm-4000x14_8_2/x0_y0,Steel1,im_val_cut10_400-V-12mm-4000x14,im_val_cut10_400-V-12mm-4000x14_8_2.png,0,0,0.183792,train,256,/content/drive/MyDrive/phase11-data/data/Steel1/images/im_val_cut10_400-V-12mm-4000x14_8_2.png,/content/drive/MyDrive/phase11-persistent/gt_boundaries/Steel1/im_val_cut10_400-V-12mm-4000x14_8_2.png,0,0,256,256,0,0
Steel1/im_val_cut10_400-V-12mm-4000x14_8_3/x0_y0,Steel1,im_val_cut10_400-V-12mm-4000x14,im_val_cut10_400-V-12mm-4000x14_8_3.png,0,0,0.106018,train,256,/content/drive/MyDrive/phase11-data/data/Steel1/images/im_val_cut10_400-V-12mm-4000x14_8_3.png,/content/drive/MyDrive/phase11-persistent/gt_boundaries/Steel1/im_val_cut10_400-V-12mm-4000x14_8_3.png,0,0,256,256,0,0
Steel1/im_val_cut10_400-V-12mm-4000x14_8_4/x0_y0,Steel1,im_val_cut10_400-V-12mm-4000x14,im_val_cut10_400-V-12mm-4000x14_8_4.png,0,0,0.105957,train,256,/content/drive/MyDrive/phase11-data/data/Steel1/images/im_val_cut10_400-V-12mm-4000x14_8_4.png,/content/drive/MyDrive/phase11-persistent/gt_boundaries/Steel1/im_val_cut10_400-V-12mm-4000x14_8_4.png,0,0,256,256,0,0
Steel1/im_val_cut10_400-V-12mm-4000x14_8_5/x0_y0,Steel1,im_val_cut10_400-V-12mm-4000x14,im_val_cut10_400-V-12mm-4000x14_8_5.png,0,0,0.164352,train,256,/content/drive/MyDrive/phase11-data/data/Steel1/images/im_val_cut10_400-V-12mm-4000x14_8_5.png,/content/drive/MyDrive/phase11-persistent/gt_boundaries/Steel1/im_val_cut10_400-V-12mm-4000x14_8_5.png,0,0,256,256,0,0
Steel1/im_val_cut10_400-V-12mm-4000x14_8_6/x0_y0,Steel1,im_val_cut10_400-V-12mm-4000x14,im_val_cut10_400-V-12mm-4000x14_8_6.png,0,0,0.072723,train,256,/content/drive/MyDrive/phase11-data/data/Steel1/images/im_val_cut10_400-V-12mm-4000x14_8_6.png,/content/drive/MyDrive/phase11-persistent/gt_boundaries/Steel1/im_val_cut10_400-V-12mm-4000x14_8_6.png,0,0,256,256,0,0
Steel1/im_val_cut10_400-V-6mm-4000x06_1_1/x0_y0,Steel1,im_val_cut10_400-V-6mm-4000x06,im_val_cut10_400-V-6mm-4000x06_1_1.png,0,0,0.095184,train,256,/content/drive/MyDrive/phase11-data/data/Steel1/images/im_val_cut10_400-V-6mm-4000x06_1_1.png,/content/drive/MyDrive/phase11-persistent/gt_boundaries/Steel1/im_val_cut10_400-V-6mm-4000x06_1_1.png,0,0,256,256,0,0
Steel1/im_val_cut10_400-V-6mm-4000x06_1_2/x0_y0,Steel1,im_val_cut10_400-V-6mm-4000x06,im_val_cut10_400-V-6mm-4000x06_1_2.png,0,0,0.091354,train,256,/content/drive/MyDrive/phase11-data/data/Steel1/images/im_val_cut10_400-V-6mm-4000x06_1_2.png,/content/drive/MyDrive/phase11-persistent/gt_boundaries/Steel1/im_val_cut10_400-V-6mm-4000x06_1_2.png,0,0,256,256,0,0
Steel1/im_val_cut10_400-V-6mm-4000x06_1_3/x0_y0,Steel1,im_val_cut10_400-V-6mm-4000x06,im_val_cut10_400-V-6mm-4000x06_1_3.png,0,0,0.11235,train,256,/content/drive/MyDrive/phase11-data/data/Steel1/images/im_val_cut10_400-V-6mm-4000x06_1_3.png,/content/drive/MyDrive/phase11-persistent/gt_boundaries/Steel1/im_val_cut10_400-V-6mm-4000x06_1_3.png,0,0,256,256,0,0
Steel1/im_val_cut10_400-V-6mm-4000x06_1_4/x0_y0,Steel1,im_val_cut10_400-V-6mm-4000x06,im_val_cut10_400-V-6mm-4000x06_1_4.png,0,0,0.116806,train,256,/content/drive/MyDrive/phase11-data/data/Steel1/images/im_val_cut10_400-V-6mm-4000x06_1_4.png,/content/drive/MyDrive/phase11-persistent/gt_boundaries/Steel1/im_val_cut10_400-V-6mm-4000x06_1_4.png,0,0,256,256,0,0
Steel1/im_val_cut10_400-V-6mm-4000x06_1_5/x0_y0,Steel1,im_val_cut10_400-V-6mm-4000x06,im_val_cut10_400-V-6mm-4000x06_1_5.png,0,0,0.127014,train,256,/content/drive/MyDrive/phase11-data/data/Steel1/images/im_val_cut10_400-V-6mm-4000x06_1_5.png,/content/drive/MyDrive/phase11-persistent/gt_boundaries/Steel1/im_val_cut10_400-V-6mm-4000x06_1_5.png,0,0,256,256,0,0
Steel1/im_val_cut10_400-V-6mm-4000x06_1_6/x0_y0,Steel1,im_val_cut10_400-V-6mm-4000x06,im_val_cut10_400-V-6mm-4000x06_1_6.png,0,0,0.109879,train,256,/content/drive/MyDrive/phase11-data/data/Steel1/images/im_val_cut10_400-V-6mm-4000x06_1_6.png,/content/drive/MyDrive/phase11-persistent/gt_boundaries/Steel1/im_val_cut10_400-V-6mm-4000x06_1_6.png,0,0,256,256,0,0
Steel1/im_val_cut10_400-V-6mm-4000x06_2_1/x0_y0,Steel1,im_val_cut10_400-V-6mm-4000x06,im_val_cut10_400-V-6mm-4000x06_2_1.png,0,0,0.11409,train,256,/content/drive/MyDrive/phase11-data/data/Steel1/images/im_val_cut10_400-V-6mm-4000x06_2_1.png,/content/drive/MyDrive/phase11-persistent/gt_boundaries/Steel1/im_val_cut10_400-V-6mm-4000x06_2_1.png,0,0,256,256,0,0
Steel1/im_val_cut10_400-V-6mm-4000x06_2_2/x0_y0,Steel1,im_val_cut10_400-V-6mm-4000x06,im_val_cut10_400-V-6mm-4000x06_2_2.png,0,0,0.115158,train,256,/content/drive/MyDrive/phase11-data/data/Steel1/images/im_val_cut10_400-V-6mm-4000x06_2_2.png,/content/drive/MyDrive/phase11-persistent/gt_boundaries/Steel1/im_val_cut10_400-V-6mm-4000x06_2_2.png,0,0,256,256,0,0
Steel1/im_val_cut10_400-V-6mm-4000x06_2_3/x0_y0,Steel1,im_val_cut10_400-V-6mm-4000x06,im_val_cut10_400-V-6mm-4000x06_2_3.png,0,0,0.089096,train,256,/content/drive/MyDrive/phase11-data/data/Steel1/images/im_val_cut10_400-V-6mm-4000x06_2_3.png,/content/drive/MyDrive/phase11-persistent/gt_boundaries/Steel1/im_val_cut10_400-V-6mm-4000x06_2_3.png,0,0,256,256,0,0
Steel1/im_val_cut10_400-V-6mm-4000x06_2_4/x0_y0,Steel1,im_val_cut10_400-V-6mm-4000x06,im_val_cut10_400-V-6mm-4000x06_2_4.png,0,0,0.155182,train,256,/content/drive/MyDrive/phase11-data/data/Steel1/images/im_val_cut10_400-V-6mm-4000x06_2_4.png,/content/drive/MyDrive/phase11-persistent/gt_boundaries/Steel1/im_val_cut10_400-V-6mm-4000x06_2_4.png,0,0,256,256,0,0
Steel1/im_val_cut10_400-V-6mm-4000x06_2_5/x0_y0,Steel1,im_val_cut10_400-V-6mm-4000x06,im_val_cut10_400-V-6mm-4000x06_2_5.png,0,0,0.12001,train,256,/content/drive/MyDrive/phase11-data/data/Steel1/images/im_val_cut10_400-V-6mm-4000x06_2_5.png,/content/drive/MyDrive/phase11-persistent/gt_boundaries/Steel1/im_val_cut10_400-V-6mm-4000x06_2_5.png,0,0,256,256,0,0
Steel1/im_val_cut10_400-V-6mm-4000x06_2_6/x0_y0,Steel1,im_val_cut10_400-V-6mm-4000x06,im_val_cut10_400-V-6mm-4000x06_2_6.png,0,0,0.091599,train,256,/content/drive/MyDrive/phase11-data/data/Steel1/images/im_val_cut10_400-V-6mm-4000x06_2_6.png,/content/drive/MyDrive/phase11-persistent/gt_boundaries/Steel1/im_val_cut10_400-V-6mm-4000x06_2_6.png,0,0,256,256,0,0
Steel1/im_val_cut10_400-V-6mm-4000x06_3_1/x0_y0,Steel1,im_val_cut10_400-V-6mm-4000x06,im_val_cut10_400-V-6mm-4000x06_3_1.png,0,0,0.101669,train,256,/content/drive/MyDrive/phase11-data/data/Steel1/images/im_val_cut10_400-V-6mm-4000x06_3_1.png,/content/drive/MyDrive/phase11-persistent/gt_boundaries/Steel1/im_val_cut10_400-V-6mm-4000x06_3_1.png,0,0,256,256,0,0
Steel1/im_val_cut10_400-V-6mm-4000x06_3_2/x0_y0,Steel1,im_val_cut10_400-V-6mm-4000x06,im_val_cut10_400-V-6mm-4000x06_3_2.png,0,0,0.097931,train,256,/content/drive/MyDrive/phase11-data/data/Steel1/images/im_val_cut10_400-V-6mm-4000x06_3_2.png,/content/drive/MyDrive/phase11-persistent/gt_boundaries/Steel1/im_val_cut10_400-V-6mm-4000x06_3_2.png,0,0,256,256,0,0
Steel1/im_val_cut10_400-V-6mm-4000x06_3_3/x0_y0,Steel1,im_val_cut10_400-V-6mm-4000x06,im_val_cut10_400-V-6mm-4000x06_3_3.png,0,0,0.07341,train,256,/content/drive/MyDrive/phase11-data/data/Steel1/images/im_val_cut10_400-V-6mm-4000x06_3_3.png,/content/drive/MyDrive/phase11-persistent/gt_boundaries/Steel1/im_val_cut10_400-V-6mm-4000x06_3_3.png,0,0,256,256,0,0
Steel1/im_val_cut10_400-V-6mm-4000x06_3_4/x0_y0,Steel1,im_val_cut10_400-V-6mm-4000x06,im_val_cut10_400-V-6mm-4000x06_3_4.png,0,0,0.083694,train,256,/content/drive/MyDrive/phase11-data/data/Steel1/images/im_val_cut10_400-V-6mm-4000x06_3_4.png,/content/drive/MyDrive/phase11-persistent/gt_boundaries/Steel1/im_val_cut10_400-V-6mm-4000x06_3_4.png,0,0,256,256,0,0
Steel1/im_val_cut10_400-V-6mm-4000x06_3_5/x0_y0,Steel1,im_val_cut10_400-V-6mm-4000x06,im_val_cut10_400-V-6mm-4000x06_3_5.png,0,0,0.112366,train,256,/content/drive/MyDrive/phase11-data/data/Steel1/images/im_val_cut10_400-V-6mm-4000x06_3_5.png,/content/drive/MyDrive/phase11-persistent/gt_boundaries/Steel1/im_val_cut10_400-V-6mm-4000x06_3_5.png,0,0,256,256,0,0
Steel1/im_val_cut10_400-V-6mm-4000x06_3_6/x0_y0,Steel1,im_val_cut10_400-V-6mm-4000x06,im_val_cut10_400-V-6mm-4000x06_3_6.png,0,0,0.114868,train,256,/content/drive/MyDrive/phase11-data/data/Steel1/images/im_val_cut10_400-V-6mm-4000x06_3_6.png,/content/drive/MyDrive/phase11-persistent/gt_boundaries/Steel1/im_val_cut10_400-V-6mm-4000x06_3_6.png,0,0,256,256,0,0
Steel1/im_val_cut10_400-V-6mm-4000x06_4_1/x0_y0,Steel1,im_val_cut10_400-V-6mm-4000x06,im_val_cut10_400-V-6mm-4000x06_4_1.png,0,0,0.132828,train,256,/content/drive/MyDrive/phase11-data/data/Steel1/images/im_val_cut10_400-V-6mm-4000x06_4_1.png,/content/drive/MyDrive/phase11-persistent/gt_boundaries/Steel1/im_val_cut10_400-V-6mm-4000x06_4_1.png,0,0,256,256,0,0
Steel1/im_val_cut10_400-V-6mm-4000x06_4_2/x0_y0,Steel1,im_val_cut10_400-V-6mm-4000x06,im_val_cut10_400-V-6mm-4000x06_4_2.png,0,0,0.104385,train,256,/content/drive/MyDrive/phase11-data/data/Steel1/images/im_val_cut10_400-V-6mm-4000x06_4_2.png,/content/drive/MyDrive/phase11-persistent/gt_boundaries/Steel1/im_val_cut10_400-V-6mm-4000x06_4_2.png,0,0,256,256,0,0
Steel1/im_val_cut10_400-V-6mm-4000x06_4_3/x0_y0,Steel1,im_val_cut10_400-V-6mm-4000x06,im_val_cut10_400-V-6mm-4000x06_4_3.png,0,0,0.146423,train,256,/content/drive/MyDrive/phase11-data/data/Steel1/images/im_val_cut10_400-V-6mm-4000x06_4_3.png,/content/drive/MyDrive/phase11-persistent/gt_boundaries/Steel1/im_val_cut10_400-V-6mm-4000x06_4_3.png,0,0,256,256,0,0
Steel1/im_val_cut10_400-V-6mm-4000x06_4_4/x0_y0,Steel1,im_val_cut10_400-V-6mm-4000x06,im_val_cut10_400-V-6mm-4000x06_4_4.png,0,0,0.08313,train,256,/content/drive/MyDrive/phase11-data/data/Steel1/images/im_val_cut10_400-V-6mm-4000x06_4_4.png,/content/drive/MyDrive/phase11-persistent/gt_boundaries/Steel1/im_val_cut10_400-V-6mm-4000x06_4_4.png,0,0,256,256,0,0
Steel1/im_val_cut10_400-V-6mm-4000x06_4_5/x0_y0,Steel1,im_val_cut10_400-V-6mm-4000x06,im_val_cut10_400-V-6mm-4000x06_4_5.png,0,0,0.084442,train,256,/content/drive/MyDrive/phase11-data/data/Steel1/images/im_val_cut10_400-V-6mm-4000x06_4_5.png,/content/drive/MyDrive/phase11-persistent/gt_boundaries/Steel1/im_val_cut10_400-V-6mm-4000x06_4_5.png,0,0,256,256,0,0
Steel1/im_val_cut10_400-V-6mm-4000x06_4_6/x0_y0,Steel1,im_val_cut10_400-V-6mm-4000x06,im_val_cut10_400-V-6mm-4000x06_4_6.png,0,0,0.125778,train,256,/content/drive/MyDrive/phase11-data/data/Steel1/images/im_val_cut10_400-V-6mm-4000x06_4_6.png,/content/drive/MyDrive/phase11-persistent/gt_boundaries/Steel1/im_val_cut10_400-V-6mm-4000x06_4_6.png,0,0,256,256,0,0
Steel1/im_val_cut10_400-V-6mm-4000x06_5_1/x0_y0,Steel1,im_val_cut10_400-V-6mm-4000x06,im_val_cut10_400-V-6mm-4000x06_5_1.png,0,0,0.089355,train,256,/content/drive/MyDrive/phase11-data/data/Steel1/images/im_val_cut10_400-V-6mm-4000x06_5_1.png,/content/drive/MyDrive/phase11-persistent/gt_boundaries/Steel1/im_val_cut10_400-V-6mm-4000x06_5_1.png,0,0,256,256,0,0
Steel1/im_val_cut10_400-V-6mm-4000x06_5_2/x0_y0,Steel1,im_val_cut10_400-V-6mm-4000x06,im_val_cut10_400-V-6mm-4000x06_5_2.png,0,0,0.114273,train,256,/content/drive/MyDrive/phase11-data/data/Steel1/images/im_val_cut10_400-V-6mm-4000x06_5_2.png,/content/drive/MyDrive/phase11-persistent/gt_boundaries/Steel1/im_val_cut10_400-V-6mm-4000x06_5_2.png,0,0,256,256,0,0
Steel1/im_val_cut10_400-V-6mm-4000x06_5_3/x0_y0,Steel1,im_val_cut10_400-V-6mm-4000x06,im_val_cut10_400-V-6mm-4000x06_5_3.png,0,0,0.089188,train,256,/content/drive/MyDrive/phase11-data/data/Steel1/images/im_val_cut10_400-V-6mm-4000x06_5_3.png,/content/drive/MyDrive/phase11-persistent/gt_boundaries/Steel1/im_val_cut10_400-V-6mm-4000x06_5_3.png,0,0,256,256,0,0
Steel1/im_val_cut10_400-V-6mm-4000x06_5_4/x0_y0,Steel1,im_val_cut10_400-V-6mm-4000x06,im_val_cut10_400-V-6mm-4000x06_5_4.png,0,0,0.045288,train,256,/content/drive/MyDrive/phase11-data/data/Steel1/images/im_val_cut10_400-V-6mm-4000x06_5_4.png,/content/drive/MyDrive/phase11-persistent/gt_boundaries/Steel1/im_val_cut10_400-V-6mm-4000x06_5_4.png,0,0,256,256,0,0
Steel1/im_val_cut10_400-V-6mm-4000x06_5_5/x0_y0,Steel1,im_val_cut10_400-V-6mm-4000x06,im_val_cut10_400-V-6mm-4000x06_5_5.png,0,0,0.119064,train,256,/content/drive/MyDrive/phase11-data/data/Steel1/images/im_val_cut10_400-V-6mm-4000x06_5_5.png,/content/drive/MyDrive/phase11-persistent/gt_boundaries/Steel1/im_val_cut10_400-V-6mm-4000x06_5_5.png,0,0,256,256,0,0
Steel1/im_val_cut10_400-V-6mm-4000x06_5_6/x0_y0,Steel1,im_val_cut10_400-V-6mm-4000x06,im_val_cut10_400-V-6mm-4000x06_5_6.png,0,0,0.057846,train,256,/content/drive/MyDrive/phase11-data/data/Steel1/images/im_val_cut10_400-V-6mm-4000x06_5_6.png,/content/drive/MyDrive/phase11-persistent/gt_boundaries/Steel1/im_val_cut10_400-V-6mm-4000x06_5_6.png,0,0,256,256,0,0
Steel1/im_val_cut10_400-V-6mm-4000x06_6_1/x0_y0,Steel1,im_val_cut10_400-V-6mm-4000x06,im_val_cut10_400-V-6mm-4000x06_6_1.png,0,0,0.099899,train,256,/content/drive/MyDrive/phase11-data/data/Steel1/images/im_val_cut10_400-V-6mm-4000x06_6_1.png,/content/drive/MyDrive/phase11-persistent/gt_boundaries/Steel1/im_val_cut10_400-V-6mm-4000x06_6_1.png,0,0,256,256,0,0
Steel1/im_val_cut10_400-V-6mm-4000x06_6_2/x0_y0,Steel1,im_val_cut10_400-V-6mm-4000x06,im_val_cut10_400-V-6mm-4000x06_6_2.png,0,0,0.056198,train,256,/content/drive/MyDrive/phase11-data/data/Steel1/images/im_val_cut10_400-V-6mm-4000x06_6_2.png,/content/drive/MyDrive/phase11-persistent/gt_boundaries/Steel1/im_val_cut10_400-V-6mm-4000x06_6_2.png,0,0,256,256,0,0
Steel1/im_val_cut10_400-V-6mm-4000x06_6_3/x0_y0,Steel1,im_val_cut10_400-V-6mm-4000x06,im_val_cut10_400-V-6mm-4000x06_6_3.png,0,0,0.089905,train,256,/content/drive/MyDrive/phase11-data/data/Steel1/images/im_val_cut10_400-V-6mm-4000x06_6_3.png,/content/drive/MyDrive/phase11-persistent/gt_boundaries/Steel1/im_val_cut10_400-V-6mm-4000x06_6_3.png,0,0,256,256,0,0
Steel1/im_val_cut10_400-V-6mm-4000x06_6_4/x0_y0,Steel1,im_val_cut10_400-V-6mm-4000x06,im_val_cut10_400-V-6mm-4000x06_6_4.png,0,0,0.074677,train,256,/content/drive/MyDrive/phase11-data/data/Steel1/images/im_val_cut10_400-V-6mm-4000x06_6_4.png,/content/drive/MyDrive/phase11-persistent/gt_boundaries/Steel1/im_val_cut10_400-V-6mm-4000x06_6_4.png,0,0,256,256,0,0
Steel1/im_val_cut10_400-V-6mm-4000x06_6_5/x0_y0,Steel1,im_val_cut10_400-V-6mm-4000x06,im_val_cut10_400-V-6mm-4000x06_6_5.png,0,0,0.07222,train,256,/content/drive/MyDrive/phase11-data/data/Steel1/images/im_val_cut10_400-V-6mm-4000x06_6_5.png,/content/drive/MyDrive/phase11-persistent/gt_boundaries/Steel1/im_val_cut10_400-V-6mm-4000x06_6_5.png,0,0,256,256,0,0
Steel1/im_val_cut10_400-V-6mm-4000x06_6_6/x0_y0,Steel1,im_val_cut10_400-V-6mm-4000x06,im_val_cut10_400-V-6mm-4000x06_6_6.png,0,0,0.029205,train,256,/content/drive/MyDrive/phase11-data/data/Steel1/images/im_val_cut10_400-V-6mm-4000x06_6_6.png,/content/drive/MyDrive/phase11-persistent/gt_boundaries/Steel1/im_val_cut10_400-V-6mm-4000x06_6_6.png,0,0,256,256,0,0
Steel1/im_val_cut10_400-V-6mm-4000x06_7_1/x0_y0,Steel1,im_val_cut10_400-V-6mm-4000x06,im_val_cut10_400-V-6mm-4000x06_7_1.png,0,0,0.068985,train,256,/content/drive/MyDrive/phase11-data/data/Steel1/images/im_val_cut10_400-V-6mm-4000x06_7_1.png,/content/drive/MyDrive/phase11-persistent/gt_boundaries/Steel1/im_val_cut10_400-V-6mm-4000x06_7_1.png,0,0,256,256,0,0
Steel1/im_val_cut10_400-V-6mm-4000x06_7_2/x0_y0,Steel1,im_val_cut10_400-V-6mm-4000x06,im_val_cut10_400-V-6mm-4000x06_7_2.png,0,0,0.110001,train,256,/content/drive/MyDrive/phase11-data/data/Steel1/images/im_val_cut10_400-V-6mm-4000x06_7_2.png,/content/drive/MyDrive/phase11-persistent/gt_boundaries/Steel1/im_val_cut10_400-V-6mm-4000x06_7_2.png,0,0,256,256,0,0
Steel1/im_val_cut10_400-V-6mm-4000x06_7_3/x0_y0,Steel1,im_val_cut10_400-V-6mm-4000x06,im_val_cut10_400-V-6mm-4000x06_7_3.png,0,0,0.103851,train,256,/content/drive/MyDrive/phase11-data/data/Steel1/images/im_val_cut10_400-V-6mm-4000x06_7_3.png,/content/drive/MyDrive/phase11-persistent/gt_boundaries/Steel1/im_val_cut10_400-V-6mm-4000x06_7_3.png,0,0,256,256,0,0
Steel1/im_val_cut10_400-V-6mm-4000x06_7_4/x0_y0,Steel1,im_val_cut10_400-V-6mm-4000x06,im_val_cut10_400-V-6mm-4000x06_7_4.png,0,0,0.078598,train,256,/content/drive/MyDrive/phase11-data/data/Steel1/images/im_val_cut10_400-V-6mm-4000x06_7_4.png,/content/drive/MyDrive/phase11-persistent/gt_boundaries/Steel1/im_val_cut10_400-V-6mm-4000x06_7_4.png,0,0,256,256,0,0
Steel1/im_val_cut10_400-V-6mm-4000x06_7_5/x0_y0,Steel1,im_val_cut10_400-V-6mm-4000x06,im_val_cut10_400-V-6mm-4000x06_7_5.png,0,0,0.100754,train,256,/content/drive/MyDrive/phase11-data/data/Steel1/images/im_val_cut10_400-V-6mm-4000x06_7_5.png,/content/drive/MyDrive/phase11-persistent/gt_boundaries/Steel1/im_val_cut10_400-V-6mm-4000x06_7_5.png,0,0,256,256,0,0
Steel1/im_val_cut10_400-V-6mm-4000x06_7_6/x0_y0,Steel1,im_val_cut10_400-V-6mm-4000x06,im_val_cut10_400-V-6mm-4000x06_7_6.png,0,0,0.02951,train,256,/content/drive/MyDrive/phase11-data/data/Steel1/images/im_val_cut10_400-V-6mm-4000x06_7_6.png,/content/drive/MyDrive/phase11-persistent/gt_boundaries/Steel1/im_val_cut10_400-V-6mm-4000x06_7_6.png,0,0,256,256,0,0
Steel1/im_val_cut10_400-V-6mm-4000x06_8_1/x0_y0,Steel1,im_val_cut10_400-V-6mm-4000x06,im_val_cut10_400-V-6mm-4000x06_8_1.png,0,0,0.064087,train,256,/content/drive/MyDrive/phase11-data/data/Steel1/images/im_val_cut10_400-V-6mm-4000x06_8_1.png,/content/drive/MyDrive/phase11-persistent/gt_boundaries/Steel1/im_val_cut10_400-V-6mm-4000x06_8_1.png,0,0,256,256,0,0
Steel1/im_val_cut10_400-V-6mm-4000x06_8_2/x0_y0,Steel1,im_val_cut10_400-V-6mm-4000x06,im_val_cut10_400-V-6mm-4000x06_8_2.png,0,0,0.084457,train,256,/content/drive/MyDrive/phase11-data/data/Steel1/images/im_val_cut10_400-V-6mm-4000x06_8_2.png,/content/drive/MyDrive/phase11-persistent/gt_boundaries/Steel1/im_val_cut10_400-V-6mm-4000x06_8_2.png,0,0,256,256,0,0
Steel1/im_val_cut10_400-V-6mm-4000x06_8_3/x0_y0,Steel1,im_val_cut10_400-V-6mm-4000x06,im_val_cut10_400-V-6mm-4000x06_8_3.png,0,0,0.091141,train,256,/content/drive/MyDrive/phase11-data/data/Steel1/images/im_val_cut10_400-V-6mm-4000x06_8_3.png,/content/drive/MyDrive/phase11-persistent/gt_boundaries/Steel1/im_val_cut10_400-V-6mm-4000x06_8_3.png,0,0,256,256,0,0
Steel1/im_val_cut10_400-V-6mm-4000x06_8_4/x0_y0,Steel1,im_val_cut10_400-V-6mm-4000x06,im_val_cut10_400-V-6mm-4000x06_8_4.png,0,0,0.082611,train,256,/content/drive/MyDrive/phase11-data/data/Steel1/images/im_val_cut10_400-V-6mm-4000x06_8_4.png,/content/drive/MyDrive/phase11-persistent/gt_boundaries/Steel1/im_val_cut10_400-V-6mm-4000x06_8_4.png,0,0,256,256,0,0
Steel1/im_val_cut10_400-V-6mm-4000x06_8_5/x0_y0,Steel1,im_val_cut10_400-V-6mm-4000x06,im_val_cut10_400-V-6mm-4000x06_8_5.png,0,0,0.103333,train,256,/content/drive/MyDrive/phase11-data/data/Steel1/images/im_val_cut10_400-V-6mm-4000x06_8_5.png,/content/drive/MyDrive/phase11-persistent/gt_boundaries/Steel1/im_val_cut10_400-V-6mm-4000x06_8_5.png,0,0,256,256,0,0
Steel1/im_val_cut10_400-V-6mm-4000x06_8_6/x0_y0,Steel1,im_val_cut10_400-V-6mm-4000x06,im_val_cut10_400-V-6mm-4000x06_8_6.png,0,0,0.08316,train,256,/content/drive/MyDrive/phase11-data/data/Steel1/images/im_val_cut10_400-V-6mm-4000x06_8_6.png,/content/drive/MyDrive/phase11-persistent/gt_boundaries/Steel1/im_val_cut10_400-V-6mm-4000x06_8_6.png,0,0,256,256,0,0
Steel1/im_val_cut10_400-V-6mm-4000x07_1_1/x0_y0,Steel1,im_val_cut10_400-V-6mm-4000x07,im_val_cut10_400-V-6mm-4000x07_1_1.png,0,0,0.07695,train,256,/content/drive/MyDrive/phase11-data/data/Steel1/images/im_val_cut10_400-V-6mm-4000x07_1_1.png,/content/drive/MyDrive/phase11-persistent/gt_boundaries/Steel1/im_val_cut10_400-V-6mm-4000x07_1_1.png,0,0,256,256,0,0
Steel1/im_val_cut10_400-V-6mm-4000x07_1_3/x0_y0,Steel1,im_val_cut10_400-V-6mm-4000x07,im_val_cut10_400-V-6mm-4000x07_1_3.png,0,0,0.011673,train,256,/content/drive/MyDrive/phase11-data/data/Steel1/images/im_val_cut10_400-V-6mm-4000x07_1_3.png,/content/drive/MyDrive/phase11-persistent/gt_boundaries/Steel1/im_val_cut10_400-V-6mm-4000x07_1_3.png,0,0,256,256,0,0
Steel1/im_val_cut10_400-V-6mm-4000x07_1_6/x0_y0,Steel1,im_val_cut10_400-V-6mm-4000x07,im_val_cut10_400-V-6mm-4000x07_1_6.png,0,0,0.042953,train,256,/content/drive/MyDrive/phase11-data/data/Steel1/images/im_val_cut10_400-V-6mm-4000x07_1_6.png,/content/drive/MyDrive/phase11-persistent/gt_boundaries/Steel1/im_val_cut10_400-V-6mm-4000x07_1_6.png,0,0,256,256,0,0
Steel1/im_val_cut10_400-V-6mm-4000x07_2_1/x0_y0,Steel1,im_val_cut10_400-V-6mm-4000x07,im_val_cut10_400-V-6mm-4000x07_2_1.png,0,0,0.072525,train,256,/content/drive/MyDrive/phase11-data/data/Steel1/images/im_val_cut10_400-V-6mm-4000x07_2_1.png,/content/drive/MyDrive/phase11-persistent/gt_boundaries/Steel1/im_val_cut10_400-V-6mm-4000x07_2_1.png,0,0,256,256,0,0
Steel1/im_val_cut10_400-V-6mm-4000x07_2_2/x0_y0,Steel1,im_val_cut10_400-V-6mm-4000x07,im_val_cut10_400-V-6mm-4000x07_2_2.png,0,0,0.047394,train,256,/content/drive/MyDrive/phase11-data/data/Steel1/images/im_val_cut10_400-V-6mm-4000x07_2_2.png,/content/drive/MyDrive/phase11-persistent/gt_boundaries/Steel1/im_val_cut10_400-V-6mm-4000x07_2_2.png,0,0,256,256,0,0
Steel1/im_val_cut10_400-V-6mm-4000x07_2_4/x0_y0,Steel1,im_val_cut10_400-V-6mm-4000x07,im_val_cut10_400-V-6mm-4000x07_2_4.png,0,0,0.03685,train,256,/content/drive/MyDrive/phase11-data/data/Steel1/images/im_val_cut10_400-V-6mm-4000x07_2_4.png,/content/drive/MyDrive/phase11-persistent/gt_boundaries/Steel1/im_val_cut10_400-V-6mm-4000x07_2_4.png,0,0,256,256,0,0
Steel1/im_val_cut10_400-V-6mm-4000x07_2_6/x0_y0,Steel1,im_val_cut10_400-V-6mm-4000x07,im_val_cut10_400-V-6mm-4000x07_2_6.png,0,0,0.033249,train,256,/content/drive/MyDrive/phase11-data/data/Steel1/images/im_val_cut10_400-V-6mm-4000x07_2_6.png,/content/drive/MyDrive/phase11-persistent/gt_boundaries/Steel1/im_val_cut10_400-V-6mm-4000x07_2_6.png,0,0,256,256,0,0
Steel1/im_val_cut10_400-V-6mm-4000x07_3_1/x0_y0,Steel1,im_val_cut10_400-V-6mm-4000x07,im_val_cut10_400-V-6mm-4000x07_3_1.png,0,0,0.044098,train,256,/content/drive/MyDrive/phase11-data/data/Steel1/images/im_val_cut10_400-V-6mm-4000x07_3_1.png,/content/drive/MyDrive/phase11-persistent/gt_boundaries/Steel1/im_val_cut10_400-V-6mm-4000x07_3_1.png,0,0,256,256,0,0
Steel1/im_val_cut10_400-V-6mm-4000x07_3_2/x0_y0,Steel1,im_val_cut10_400-V-6mm-4000x07,im_val_cut10_400-V-6mm-4000x07_3_2.png,0,0,0.068817,train,256,/content/drive/MyDrive/phase11-data/data/Steel1/images/im_val_cut10_400-V-6mm-4000x07_3_2.png,/content/drive/MyDrive/phase11-persistent/gt_boundaries/Steel1/im_val_cut10_400-V-6mm-4000x07_3_2.png,0,0,256,256,0,0
Steel1/im_val_cut10_400-V-6mm-4000x07_3_3/x0_y0,Steel1,im_val_cut10_400-V-6mm-4000x07,im_val_cut10_400-V-6mm-4000x07_3_3.png,0,0,0.070038,train,256,/content/drive/MyDrive/phase11-data/data/Steel1/images/im_val_cut10_400-V-6mm-4000x07_3_3.png,/content/drive/MyDrive/phase11-persistent/gt_boundaries/Steel1/im_val_cut10_400-V-6mm-4000x07_3_3.png,0,0,256,256,0,0
Steel1/im_val_cut10_400-V-6mm-4000x07_3_4/x0_y0,Steel1,im_val_cut10_400-V-6mm-4000x07,im_val_cut10_400-V-6mm-4000x07_3_4.png,0,0,0.016586,train,256,/content/drive/MyDrive/phase11-data/data/Steel1/images/im_val_cut10_400-V-6mm-4000x07_3_4.png,/content/drive/MyDrive/phase11-persistent/gt_boundaries/Steel1/im_val_cut10_400-V-6mm-4000x07_3_4.png,0,0,256,256,0,0
Steel1/im_val_cut10_400-V-6mm-4000x07_3_5/x0_y0,Steel1,im_val_cut10_400-V-6mm-4000x07,im_val_cut10_400-V-6mm-4000x07_3_5.png,0,0,0.024887,train,256,/content/drive/MyDrive/phase11-data/data/Steel1/images/im_val_cut10_400-V-6mm-4000x07_3_5.png,/content/drive/MyDrive/phase11-persistent/gt_boundaries/Steel1/im_val_cut10_400-V-6mm-4000x07_3_5.png,0,0,256,256,0,0
Steel1/im_val_cut10_400-V-6mm-4000x07_3_6/x0_y0,Steel1,im_val_cut10_400-V-6mm-4000x07,im_val_cut10_400-V-6mm-4000x07_3_6.png,0,0,0.013412,train,256,/content/drive/MyDrive/phase11-data/data/Steel1/images/im_val_cut10_400-V-6mm-4000x07_3_6.png,/content/drive/MyDrive/phase11-persistent/gt_boundaries/Steel1/im_val_cut10_400-V-6mm-4000x07_3_6.png,0,0,256,256,0,0
Steel1/im_val_cut10_400-V-6mm-4000x07_4_1/x0_y0,Steel1,im_val_cut10_400-V-6mm-4000x07,im_val_cut10_400-V-6mm-4000x07_4_1.png,0,0,0.051041,train,256,/content/drive/MyDrive/phase11-data/data/Steel1/images/im_val_cut10_400-V-6mm-4000x07_4_1.png,/content/drive/MyDrive/phase11-persistent/gt_boundaries/Steel1/im_val_cut10_400-V-6mm-4000x07_4_1.png,0,0,256,256,0,0
Steel1/im_val_cut10_400-V-6mm-4000x07_4_2/x0_y0,Steel1,im_val_cut10_400-V-6mm-4000x07,im_val_cut10_400-V-6mm-4000x07_4_2.png,0,0,0.089523,train,256,/content/drive/MyDrive/phase11-data/data/Steel1/images/im_val_cut10_400-V-6mm-4000x07_4_2.png,/content/drive/MyDrive/phase11-persistent/gt_boundaries/Steel1/im_val_cut10_400-V-6mm-4000x07_4_2.png,0,0,256,256,0,0
Steel1/im_val_cut10_400-V-6mm-4000x07_4_3/x0_y0,Steel1,im_val_cut10_400-V-6mm-4000x07,im_val_cut10_400-V-6mm-4000x07_4_3.png,0,0,0.062103,train,256,/content/drive/MyDrive/phase11-data/data/Steel1/images/im_val_cut10_400-V-6mm-4000x07_4_3.png,/content/drive/MyDrive/phase11-persistent/gt_boundaries/Steel1/im_val_cut10_400-V-6mm-4000x07_4_3.png,0,0,256,256,0,0
Steel1/im_val_cut10_400-V-6mm-4000x07_4_4/x0_y0,Steel1,im_val_cut10_400-V-6mm-4000x07,im_val_cut10_400-V-6mm-4000x07_4_4.png,0,0,0.079697,train,256,/content/drive/MyDrive/phase11-data/data/Steel1/images/im_val_cut10_400-V-6mm-4000x07_4_4.png,/content/drive/MyDrive/phase11-persistent/gt_boundaries/Steel1/im_val_cut10_400-V-6mm-4000x07_4_4.png,0,0,256,256,0,0
Steel1/im_val_cut10_400-V-6mm-4000x07_4_5/x0_y0,Steel1,im_val_cut10_400-V-6mm-4000x07,im_val_cut10_400-V-6mm-4000x07_4_5.png,0,0,0.085861,train,256,/content/drive/MyDrive/phase11-data/data/Steel1/images/im_val_cut10_400-V-6mm-4000x07_4_5.png,/content/drive/MyDrive/phase11-persistent/gt_boundaries/Steel1/im_val_cut10_400-V-6mm-4000x07_4_5.png,0,0,256,256,0,0
Steel1/im_val_cut10_400-V-6mm-4000x07_4_6/x0_y0,Steel1,im_val_cut10_400-V-6mm-4000x07,im_val_cut10_400-V-6mm-4000x07_4_6.png,0,0,0.042953,train,256,/content/drive/MyDrive/phase11-data/data/Steel1/images/im_val_cut10_400-V-6mm-4000x07_4_6.png,/content/drive/MyDrive/phase11-persistent/gt_boundaries/Steel1/im_val_cut10_400-V-6mm-4000x07_4_6.png,0,0,256,256,0,0
Steel1/im_val_cut10_400-V-6mm-4000x07_5_1/x0_y0,Steel1,im_val_cut10_400-V-6mm-4000x07,im_val_cut10_400-V-6mm-4000x07_5_1.png,0,0,0.08844,train,256,/content/drive/MyDrive/phase11-data/data/Steel1/images/im_val_cut10_400-V-6mm-4000x07_5_1.png,/content/drive/MyDrive/phase11-persistent/gt_boundaries/Steel1/im_val_cut10_400-V-6mm-4000x07_5_1.png,0,0,256,256,0,0
Steel1/im_val_cut10_400-V-6mm-4000x07_5_2/x0_y0,Steel1,im_val_cut10_400-V-6mm-4000x07,im_val_cut10_400-V-6mm-4000x07_5_2.png,0,0,0.113998,train,256,/content/drive/MyDrive/phase11-data/data/Steel1/images/im_val_cut10_400-V-6mm-4000x07_5_2.png,/content/drive/MyDrive/phase11-persistent/gt_boundaries/Steel1/im_val_cut10_400-V-6mm-4000x07_5_2.png,0,0,256,256,0,0
Steel1/im_val_cut10_400-V-6mm-4000x07_5_3/x0_y0,Steel1,im_val_cut10_400-V-6mm-4000x07,im_val_cut10_400-V-6mm-4000x07_5_3.png,0,0,0.140274,train,256,/content/drive/MyDrive/phase11-data/data/Steel1/images/im_val_cut10_400-V-6mm-4000x07_5_3.png,/content/drive/MyDrive/phase11-persistent/gt_boundaries/Steel1/im_val_cut10_400-V-6mm-4000x07_5_3.png,0,0,256,256,0,0
Steel1/im_val_cut10_400-V-6mm-4000x07_5_4/x0_y0,Steel1,im_val_cut10_400-V-6mm-4000x07,im_val_cut10_400-V-6mm-4000x07_5_4.png,0,0,0.109497,train,256,/content/drive/MyDrive/phase11-data/data/Steel1/images/im_val_cut10_400-V-6mm-4000x07_5_4.png,/content/drive/MyDrive/phase11-persistent/gt_boundaries/Steel1/im_val_cut10_400-V-6mm-4000x07_5_4.png,0,0,256,256,0,0
Steel1/im_val_cut10_400-V-6mm-4000x07_5_5/x0_y0,Steel1,im_val_cut10_400-V-6mm-4000x07,im_val_cut10_400-V-6mm-4000x07_5_5.png,0,0,0.104172,train,256,/content/drive/MyDrive/phase11-data/data/Steel1/images/im_val_cut10_400-V-6mm-4000x07_5_5.png,/content/drive/MyDrive/phase11-persistent/gt_boundaries/Steel1/im_val_cut10_400-V-6mm-4000x07_5_5.png,0,0,256,256,0,0
Steel1/im_val_cut10_400-V-6mm-4000x07_5_6/x0_y0,Steel1,im_val_cut10_400-V-6mm-4000x07,im_val_cut10_400-V-6mm-4000x07_5_6.png,0,0,0.052429,train,256,/content/drive/MyDrive/phase11-data/data/Steel1/images/im_val_cut10_400-V-6mm-4000x07_5_6.png,/content/drive/MyDrive/phase11-persistent/gt_boundaries/Steel1/im_val_cut10_400-V-6mm-4000x07_5_6.png,0,0,256,256,0,0
Steel1/im_val_cut10_400-V-6mm-4000x07_6_1/x0_y0,Steel1,im_val_cut10_400-V-6mm-4000x07,im_val_cut10_400-V-6mm-4000x07_6_1.png,0,0,0.03183,train,256,/content/drive/MyDrive/phase11-data/data/Steel1/images/im_val_cut10_400-V-6mm-4000x07_6_1.png,/content/drive/MyDrive/phase11-persistent/gt_boundaries/Steel1/im_val_cut10_400-V-6mm-4000x07_6_1.png,0,0,256,256,0,0
Steel1/im_val_cut10_400-V-6mm-4000x07_6_2/x0_y0,Steel1,im_val_cut10_400-V-6mm-4000x07,im_val_cut10_400-V-6mm-4000x07_6_2.png,0,0,0.045212,train,256,/content/drive/MyDrive/phase11-data/data/Steel1/images/im_val_cut10_400-V-6mm-4000x07_6_2.png,/content/drive/MyDrive/phase11-persistent/gt_boundaries/Steel1/im_val_cut10_400-V-6mm-4000x07_6_2.png,0,0,256,256,0,0
Steel1/im_val_cut10_400-V-6mm-4000x07_6_3/x0_y0,Steel1,im_val_cut10_400-V-6mm-4000x07,im_val_cut10_400-V-6mm-4000x07_6_3.png,0,0,0.05101,train,256,/content/drive/MyDrive/phase11-data/data/Steel1/images/im_val_cut10_400-V-6mm-4000x07_6_3.png,/content/drive/MyDrive/phase11-persistent/gt_boundaries/Steel1/im_val_cut10_400-V-6mm-4000x07_6_3.png,0,0,256,256,0,0
Steel1/im_val_cut10_400-V-6mm-4000x07_6_4/x0_y0,Steel1,im_val_cut10_400-V-6mm-4000x07,im_val_cut10_400-V-6mm-4000x07_6_4.png,0,0,0.124466,train,256,/content/drive/MyDrive/phase11-data/data/Steel1/images/im_val_cut10_400-V-6mm-4000x07_6_4.png,/content/drive/MyDrive/phase11-persistent/gt_boundaries/Steel1/im_val_cut10_400-V-6mm-4000x07_6_4.png,0,0,256,256,0,0
Steel1/im_val_cut10_400-V-6mm-4000x07_6_5/x0_y0,Steel1,im_val_cut10_400-V-6mm-4000x07,im_val_cut10_400-V-6mm-4000x07_6_5.png,0,0,0.095657,train,256,/content/drive/MyDrive/phase11-data/data/Steel1/images/im_val_cut10_400-V-6mm-4000x07_6_5.png,/content/drive/MyDrive/phase11-persistent/gt_boundaries/Steel1/im_val_cut10_400-V-6mm-4000x07_6_5.png,0,0,256,256,0,0
Steel1/im_val_cut10_400-V-6mm-4000x07_6_6/x0_y0,Steel1,im_val_cut10_400-V-6mm-4000x07,im_val_cut10_400-V-6mm-4000x07_6_6.png,0,0,0.104904,train,256,/content/drive/MyDrive/phase11-data/data/Steel1/images/im_val_cut10_400-V-6mm-4000x07_6_6.png,/content/drive/MyDrive/phase11-persistent/gt_boundaries/Steel1/im_val_cut10_400-V-6mm-4000x07_6_6.png,0,0,256,256,0,0
Steel1/im_val_cut10_400-V-6mm-4000x07_7_1/x0_y0,Steel1,im_val_cut10_400-V-6mm-4000x07,im_val_cut10_400-V-6mm-4000x07_7_1.png,0,0,0.09137,train,256,/content/drive/MyDrive/phase11-data/data/Steel1/images/im_val_cut10_400-V-6mm-4000x07_7_1.png,/content/drive/MyDrive/phase11-persistent/gt_boundaries/Steel1/im_val_cut10_400-V-6mm-4000x07_7_1.png,0,0,256,256,0,0
Steel1/im_val_cut10_400-V-6mm-4000x07_7_2/x0_y0,Steel1,im_val_cut10_400-V-6mm-4000x07,im_val_cut10_400-V-6mm-4000x07_7_2.png,0,0,0.060455,train,256,/content/drive/MyDrive/phase11-data/data/Steel1/images/im_val_cut10_400-V-6mm-4000x07_7_2.png,/content/drive/MyDrive/phase11-persistent/gt_boundaries/Steel1/im_val_cut10_400-V-6mm-4000x07_7_2.png,0,0,256,256,0,0
Steel1/im_val_cut10_400-V-6mm-4000x07_7_3/x0_y0,Steel1,im_val_cut10_400-V-6mm-4000x07,im_val_cut10_400-V-6mm-4000x07_7_3.png,0,0,0.094131,train,256,/content/drive/MyDrive/phase11-data/data/Steel1/images/im_val_cut10_400-V-6mm-4000x07_7_3.png,/content/drive/MyDrive/phase11-persistent/gt_boundaries/Steel1/im_val_cut10_400-V-6mm-4000x07_7_3.png,0,0,256,256,0,0
Steel1/im_val_cut10_400-V-6mm-4000x07_7_4/x0_y0,Steel1,im_val_cut10_400-V-6mm-4000x07,im_val_cut10_400-V-6mm-4000x07_7_4.png,0,0,0.087769,train,256,/content/drive/MyDrive/phase11-data/data/Steel1/images/im_val_cut10_400-V-6mm-4000x07_7_4.png,/content/drive/MyDrive/phase11-persistent/gt_boundaries/Steel1/im_val_cut10_400-V-6mm-4000x07_7_4.png,0,0,256,256,0,0
Steel1/im_val_cut10_400-V-6mm-4000x07_7_5/x0_y0,Steel1,im_val_cut10_400-V-6mm-4000x07,im_val_cut10_400-V-6mm-4000x07_7_5.png,0,0,0.10025,train,256,/content/drive/MyDrive/phase11-data/data/Steel1/images/im_val_cut10_400-V-6mm-4000x07_7_5.png,/content/drive/MyDrive/phase11-persistent/gt_boundaries/Steel1/im_val_cut10_400-V-6mm-4000x07_7_5.png,0,0,256,256,0,0
Steel1/im_val_cut10_400-V-6mm-4000x07_7_6/x0_y0,Steel1,im_val_cut10_400-V-6mm-4000x07,im_val_cut10_400-V-6mm-4000x07_7_6.png,0,0,0.068909,train,256,/content/drive/MyDrive/phase11-data/data/Steel1/images/im_val_cut10_400-V-6mm-4000x07_7_6.png,/content/drive/MyDrive/phase11-persistent/gt_boundaries/Steel1/im_val_cut10_400-V-6mm-4000x07_7_6.png,0,0,256,256,0,0
Steel1/im_val_cut10_400-V-6mm-4000x07_8_1/x0_y0,Steel1,im_val_cut10_400-V-6mm-4000x07,im_val_cut10_400-V-6mm-4000x07_8_1.png,0,0,0.111923,train,256,/content/drive/MyDrive/phase11-data/data/Steel1/images/im_val_cut10_400-V-6mm-4000x07_8_1.png,/content/drive/MyDrive/phase11-persistent/gt_boundaries/Steel1/im_val_cut10_400-V-6mm-4000x07_8_1.png,0,0,256,256,0,0
Steel1/im_val_cut10_400-V-6mm-4000x07_8_2/x0_y0,Steel1,im_val_cut10_400-V-6mm-4000x07,im_val_cut10_400-V-6mm-4000x07_8_2.png,0,0,0.09198,train,256,/content/drive/MyDrive/phase11-data/data/Steel1/images/im_val_cut10_400-V-6mm-4000x07_8_2.png,/content/drive/MyDrive/phase11-persistent/gt_boundaries/Steel1/im_val_cut10_400-V-6mm-4000x07_8_2.png,0,0,256,256,0,0
Steel1/im_val_cut10_400-V-6mm-4000x07_8_3/x0_y0,Steel1,im_val_cut10_400-V-6mm-4000x07,im_val_cut10_400-V-6mm-4000x07_8_3.png,0,0,0.101456,train,256,/content/drive/MyDrive/phase11-data/data/Steel1/images/im_val_cut10_400-V-6mm-4000x07_8_3.png,/content/drive/MyDrive/phase11-persistent/gt_boundaries/Steel1/im_val_cut10_400-V-6mm-4000x07_8_3.png,0,0,256,256,0,0
Steel1/im_val_cut10_400-V-6mm-4000x07_8_4/x0_y0,Steel1,im_val_cut10_400-V-6mm-4000x07,im_val_cut10_400-V-6mm-4000x07_8_4.png,0,0,0.111526,train,256,/content/drive/MyDrive/phase11-data/data/Steel1/images/im_val_cut10_400-V-6mm-4000x07_8_4.png,/content/drive/MyDrive/phase11-persistent/gt_boundaries/Steel1/im_val_cut10_400-V-6mm-4000x07_8_4.png,0,0,256,256,0,0
Steel1/im_val_cut10_400-V-6mm-4000x07_8_5/x0_y0,Steel1,im_val_cut10_400-V-6mm-4000x07,im_val_cut10_400-V-6mm-4000x07_8_5.png,0,0,0.078598,train,256,/content/drive/MyDrive/phase11-data/data/Steel1/images/im_val_cut10_400-V-6mm-4000x07_8_5.png,/content/drive/MyDrive/phase11-persistent/gt_boundaries/Steel1/im_val_cut10_400-V-6mm-4000x07_8_5.png,0,0,256,256,0,0
Steel1/im_val_cut10_400-V-6mm-4000x07_8_6/x0_y0,Steel1,im_val_cut10_400-V-6mm-4000x07,im_val_cut10_400-V-6mm-4000x07_8_6.png,0,0,0.084,train,256,/content/drive/MyDrive/phase11-data/data/Steel1/images/im_val_cut10_400-V-6mm-4000x07_8_6.png,/content/drive/MyDrive/phase11-persistent/gt_boundaries/Steel1/im_val_cut10_400-V-6mm-4000x07_8_6.png,0,0,256,256,0,0
Steel1/im_val_cut10_400-V-9mm-4000x10_1_1/x0_y0,Steel1,im_val_cut10_400-V-9mm-4000x10,im_val_cut10_400-V-9mm-4000x10_1_1.png,0,0,0.108231,train,256,/content/drive/MyDrive/phase11-data/data/Steel1/images/im_val_cut10_400-V-9mm-4000x10_1_1.png,/content/drive/MyDrive/phase11-persistent/gt_boundaries/Steel1/im_val_cut10_400-V-9mm-4000x10_1_1.png,0,0,256,256,0,0
Steel1/im_val_cut10_400-V-9mm-4000x10_1_2/x0_y0,Steel1,im_val_cut10_400-V-9mm-4000x10,im_val_cut10_400-V-9mm-4000x10_1_2.png,0,0,0.091034,train,256,/content/drive/MyDrive/phase11-data/data/Steel1/images/im_val_cut10_400-V-9mm-4000x10_1_2.png,/content/drive/MyDrive/phase11-persistent/gt_boundaries/Steel1/im_val_cut10_400-V-9mm-4000x10_1_2.png,0,0,256,256,0,0
Steel1/im_val_cut10_400-V-9mm-4000x10_1_3/x0_y0,Steel1,im_val_cut10_400-V-9mm-4000x10,im_val_cut10_400-V-9mm-4000x10_1_3.png,0,0,0.104065,train,256,/content/drive/MyDrive/phase11-data/data/Steel1/images/im_val_cut10_400-V-9mm-4000x10_1_3.png,/content/drive/MyDrive/phase11-persistent/gt_boundaries/Steel1/im_val_cut10_400-V-9mm-4000x10_1_3.png,0,0,256,256,0,0
Steel1/im_val_cut10_400-V-9mm-4000x10_1_4/x0_y0,Steel1,im_val_cut10_400-V-9mm-4000x10,im_val_cut10_400-V-9mm-4000x10_1_4.png,0,0,0.070923,train,256,/content/drive/MyDrive/phase11-data/data/Steel1/images/im_val_cut10_400-V-9mm-4000x10_1_4.png,/content/drive/MyDrive/phase11-persistent/gt_boundaries/Steel1/im_val_cut10_400-V-9mm-4000x10_1_4.png,0,0,256,256,0,0
Steel1/im_val_cut10_400-V-9mm-4000x10_1_5/x0_y0,Steel1,im_val_cut10_400-V-9mm-4000x10,im_val_cut10_400-V-9mm-4000x10_1_5.png,0,0,0.140686,train,256,/content/drive/MyDrive/phase11-data/data/Steel1/images/im_val_cut10_400-V-9mm-4000x10_1_5.png,/content/drive/MyDrive/phase11-persistent/gt_boundaries/Steel1/im_val_cut10_400-V-9mm-4000x10_1_5.png,0,0,256,256,0,0
Steel1/im_val_cut10_400-V-9mm-4000x10_1_6/x0_y0,Steel1,im_val_cut10_400-V-9mm-4000x10,im_val_cut10_400-V-9mm-4000x10_1_6.png,0,0,0.126724,train,256,/content/drive/MyDrive/phase11-data/data/Steel1/images/im_val_cut10_400-V-9mm-4000x10_1_6.png,/content/drive/MyDrive/phase11-persistent/gt_boundaries/Steel1/im_val_cut10_400-V-9mm-4000x10_1_6.png,0,0,256,256,0,0
Steel1/im_val_cut10_400-V-9mm-4000x10_2_1/x0_y0,Steel1,im_val_cut10_400-V-9mm-4000x10,im_val_cut10_400-V-9mm-4000x10_2_1.png,0,0,0.120331,train,256,/content/drive/MyDrive/phase11-data/data/Steel1/images/im_val_cut10_400-V-9mm-4000x10_2_1.png,/content/drive/MyDrive/phase11-persistent/gt_boundaries/Steel1/im_val_cut10_400-V-9mm-4000x10_2_1.png,0,0,256,256,0,0
Steel1/im_val_cut10_400-V-9mm-4000x10_2_2/x0_y0,Steel1,im_val_cut10_400-V-9mm-4000x10,im_val_cut10_400-V-9mm-4000x10_2_2.png,0,0,0.115707,train,256,/content/drive/MyDrive/phase11-data/data/Steel1/images/im_val_cut10_400-V-9mm-4000x10_2_2.png,/content/drive/MyDrive/phase11-persistent/gt_boundaries/Steel1/im_val_cut10_400-V-9mm-4000x10_2_2.png,0,0,256,256,0,0
Steel1/im_val_cut10_400-V-9mm-4000x10_2_3/x0_y0,Steel1,im_val_cut10_400-V-9mm-4000x10,im_val_cut10_400-V-9mm-4000x10_2_3.png,0,0,0.124512,train,256,/content/drive/MyDrive/phase11-data/data/Steel1/images/im_val_cut10_400-V-9mm-4000x10_2_3.png,/content/drive/MyDrive/phase11-persistent/gt_boundaries/Steel1/im_val_cut10_400-V-9mm-4000x10_2_3.png,0,0,256,256,0,0
Steel1/im_val_cut10_400-V-9mm-4000x10_2_4/x0_y0,Steel1,im_val_cut10_400-V-9mm-4000x10,im_val_cut10_400-V-9mm-4000x10_2_4.png,0,0,0.10817,train,256,/content/drive/MyDrive/phase11-data/data/Steel1/images/im_val_cut10_400-V-9mm-4000x10_2_4.png,/content/drive/MyDrive/phase11-persistent/gt_boundaries/Steel1/im_val_cut10_400-V-9mm-4000x10_2_4.png,0,0,256,256,0,0
Steel1/im_val_cut10_400-V-9mm-4000x10_2_5/x0_y0,Steel1,im_val_cut10_400-V-9mm-4000x10,im_val_cut10_400-V-9mm-4000x10_2_5.png,0,0,0.15004,train,256,/content/drive/MyDrive/phase11-data/data/Steel1/images/im_val_cut10_400-V-9mm-4000x10_2_5.png,/content/drive/MyDrive/phase11-persistent/gt_boundaries/Steel1/im_val_cut10_400-V-9mm-4000x10_2_5.png,0,0,256,256,0,0
Steel1/im_val_cut10_400-V-9mm-4000x10_2_6/x0_y0,Steel1,im_val_cut10_400-V-9mm-4000x10,im_val_cut10_400-V-9mm-4000x10_2_6.png,0,0,0.146561,train,256,/content/drive/MyDrive/phase11-data/data/Steel1/images/im_val_cut10_400-V-9mm-4000x10_2_6.png,/content/drive/MyDrive/phase11-persistent/gt_boundaries/Steel1/im_val_cut10_400-V-9mm-4000x10_2_6.png,0,0,256,256,0,0
Steel1/im_val_cut10_400-V-9mm-4000x10_3_1/x0_y0,Steel1,im_val_cut10_400-V-9mm-4000x10,im_val_cut10_400-V-9mm-4000x10_3_1.png,0,0,0.093353,train,256,/content/drive/MyDrive/phase11-data/data/Steel1/images/im_val_cut10_400-V-9mm-4000x10_3_1.png,/content/drive/MyDrive/phase11-persistent/gt_boundaries/Steel1/im_val_cut10_400-V-9mm-4000x10_3_1.png,0,0,256,256,0,0
Steel1/im_val_cut10_400-V-9mm-4000x10_3_2/x0_y0,Steel1,im_val_cut10_400-V-9mm-4000x10,im_val_cut10_400-V-9mm-4000x10_3_2.png,0,0,0.110245,train,256,/content/drive/MyDrive/phase11-data/data/Steel1/images/im_val_cut10_400-V-9mm-4000x10_3_2.png,/content/drive/MyDrive/phase11-persistent/gt_boundaries/Steel1/im_val_cut10_400-V-9mm-4000x10_3_2.png,0,0,256,256,0,0
Steel1/im_val_cut10_400-V-9mm-4000x10_3_3/x0_y0,Steel1,im_val_cut10_400-V-9mm-4000x10,im_val_cut10_400-V-9mm-4000x10_3_3.png,0,0,0.145096,train,256,/content/drive/MyDrive/phase11-data/data/Steel1/images/im_val_cut10_400-V-9mm-4000x10_3_3.png,/content/drive/MyDrive/phase11-persistent/gt_boundaries/Steel1/im_val_cut10_400-V-9mm-4000x10_3_3.png,0,0,256,256,0,0
Steel1/im_val_cut10_400-V-9mm-4000x10_3_4/x0_y0,Steel1,im_val_cut10_400-V-9mm-4000x10,im_val_cut10_400-V-9mm-4000x10_3_4.png,0,0,0.087616,train,256,/content/drive/MyDrive/phase11-data/data/Steel1/images/im_val_cut10_400-V-9mm-4000x10_3_4.png,/content/drive/MyDrive/phase11-persistent/gt_boundaries/Steel1/im_val_cut10_400-V-9mm-4000x10_3_4.png,0,0,256,256,0,0
Steel1/im_val_cut10_400-V-9mm-4000x10_3_5/x0_y0,Steel1,im_val_cut10_400-V-9mm-4000x10,im_val_cut10_400-V-9mm-4000x10_3_5.png,0,0,0.147751,train,256,/content/drive/MyDrive/phase11-data/data/Steel1/images/im_val_cut10_400-V-9mm-4000x10_3_5.png,/content/drive/MyDrive/phase11-persistent/gt_boundaries/Steel1/im_val_cut10_400-V-9mm-4000x10_3_5.png,0,0,256,256,0,0
Steel1/im_val_cut10_400-V-9mm-4000x10_3_6/x0_y0,Steel1,im_val_cut10_400-V-9mm-4000x10,im_val_cut10_400-V-9mm-4000x10_3_6.png,0,0,0.142288,train,256,/content/drive/MyDrive/phase11-data/data/Steel1/images/im_val_cut10_400-V-9mm-4000x10_3_6.png,/content/drive/MyDrive/phase11-persistent/gt_boundaries/Steel1/im_val_cut10_400-V-9mm-4000x10_3_6.png,0,0,256,256,0,0
Steel1/im_val_cut10_400-V-9mm-4000x10_4_1/x0_y0,Steel1,im_val_cut10_400-V-9mm-4000x10,im_val_cut10_400-V-9mm-4000x10_4_1.png,0,0,0.120529,train,256,/content/drive/MyDrive/phase11-data/data/Steel1/images/im_val_cut10_400-V-9mm-4000x10_4_1.png,/content/drive/MyDrive/phase11-persistent/gt_boundaries/Steel1/im_val_cut10_400-V-9mm-4000x10_4_1.png,0,0,256,256,0,0
Steel1/im_val_cut10_400-V-9mm-4000x10_4_2/x0_y0,Steel1,im_val_cut10_400-V-9mm-4000x10,im_val_cut10_400-V-9mm-4000x10_4_2.png,0,0,0.124359,train,256,/content/drive/MyDrive/phase11-data/data/Steel1/images/im_val_cut10_400-V-9mm-4000x10_4_2.png,/content/drive/MyDrive/phase11-persistent/gt_boundaries/Steel1/im_val_cut10_400-V-9mm-4000x10_4_2.png,0,0,256,256,0,0
Steel1/im_val_cut10_400-V-9mm-4000x10_4_3/x0_y0,Steel1,im_val_cut10_400-V-9mm-4000x10,im_val_cut10_400-V-9mm-4000x10_4_3.png,0,0,0.098557,train,256,/content/drive/MyDrive/phase11-data/data/Steel1/images/im_val_cut10_400-V-9mm-4000x10_4_3.png,/content/drive/MyDrive/phase11-persistent/gt_boundaries/Steel1/im_val_cut10_400-V-9mm-4000x10_4_3.png,0,0,256,256,0,0
Steel1/im_val_cut10_400-V-9mm-4000x10_4_4/x0_y0,Steel1,im_val_cut10_400-V-9mm-4000x10,im_val_cut10_400-V-9mm-4000x10_4_4.png,0,0,0.064392,train,256,/content/drive/MyDrive/phase11-data/data/Steel1/images/im_val_cut10_400-V-9mm-4000x10_4_4.png,/content/drive/MyDrive/phase11-persistent/gt_boundaries/Steel1/im_val_cut10_400-V-9mm-4000x10_4_4.png,0,0,256,256,0,0
Steel1/im_val_cut10_400-V-9mm-4000x10_4_5/x0_y0,Steel1,im_val_cut10_400-V-9mm-4000x10,im_val_cut10_400-V-9mm-4000x10_4_5.png,0,0,0.152634,train,256,/content/drive/MyDrive/phase11-data/data/Steel1/images/im_val_cut10_400-V-9mm-4000x10_4_5.png,/content/drive/MyDrive/phase11-persistent/gt_boundaries/Steel1/im_val_cut10_400-V-9mm-4000x10_4_5.png,0,0,256,256,0,0
Steel1/im_val_cut10_400-V-9mm-4000x10_4_6/x0_y0,Steel1,im_val_cut10_400-V-9mm-4000x10,im_val_cut10_400-V-9mm-4000x10_4_6.png,0,0,0.132507,train,256,/content/drive/MyDrive/phase11-data/data/Steel1/images/im_val_cut10_400-V-9mm-4000x10_4_6.png,/content/drive/MyDrive/phase11-persistent/gt_boundaries/Steel1/im_val_cut10_400-V-9mm-4000x10_4_6.png,0,0,256,256,0,0
Steel1/im_val_cut10_400-V-9mm-4000x10_5_1/x0_y0,Steel1,im_val_cut10_400-V-9mm-4000x10,im_val_cut10_400-V-9mm-4000x10_5_1.png,0,0,0.117371,train,256,/content/drive/MyDrive/phase11-data/data/Steel1/images/im_val_cut10_400-V-9mm-4000x10_5_1.png,/content/drive/MyDrive/phase11-persistent/gt_boundaries/Steel1/im_val_cut10_400-V-9mm-4000x10_5_1.png,0,0,256,256,0,0
Steel1/im_val_cut10_400-V-9mm-4000x10_5_2/x0_y0,Steel1,im_val_cut10_400-V-9mm-4000x10,im_val_cut10_400-V-9mm-4000x10_5_2.png,0,0,0.118866,train,256,/content/drive/MyDrive/phase11-data/data/Steel1/images/im_val_cut10_400-V-9mm-4000x10_5_2.png,/content/drive/MyDrive/phase11-persistent/gt_boundaries/Steel1/im_val_cut10_400-V-9mm-4000x10_5_2.png,0,0,256,256,0,0
Steel1/im_val_cut10_400-V-9mm-4000x10_5_3/x0_y0,Steel1,im_val_cut10_400-V-9mm-4000x10,im_val_cut10_400-V-9mm-4000x10_5_3.png,0,0,0.116501,train,256,/content/drive/MyDrive/phase11-data/data/Steel1/images/im_val_cut10_400-V-9mm-4000x10_5_3.png,/content/drive/MyDrive/phase11-persistent/gt_boundaries/Steel1/im_val_cut10_400-V-9mm-4000x10_5_3.png,0,0,256,256,0,0
Steel1/im_val_cut10_400-V-9mm-4000x10_5_4/x0_y0,Steel1,im_val_cut10_400-V-9mm-4000x10,im_val_cut10_400-V-9mm-4000x10_5_4.png,0,0,0.133179,train,256,/content/drive/MyDrive/phase11-data/data/Steel1/images/im_val_cut10_400-V-9mm-4000x10_5_4.png,/content/drive/MyDrive/phase11-persistent/gt_boundaries/Steel1/im_val_cut10_400-V-9mm-4000x10_5_4.png,0,0,256,256,0,0
Steel1/im_val_cut10_400-V-9mm-4000x10_5_5/x0_y0,Steel1,im_val_cut10_400-V-9mm-4000x10,im_val_cut10_400-V-9mm-4000x10_5_5.png,0,0,0.116882,train,256,/content/drive/MyDrive/phase11-data/data/Steel1/images/im_val_cut10_400-V-9mm-4000x10_5_5.png,/content/drive/MyDrive/phase11-persistent/gt_boundaries/Steel1/im_val_cut10_400-V-9mm-4000x10_5_5.png,0,0,256,256,0,0
Steel1/im_val_cut10_400-V-9mm-4000x10_5_6/x0_y0,Steel1,im_val_cut10_400-V-9mm-4000x10,im_val_cut10_400-V-9mm-4000x10_5_6.png,0,0,0.110992,train,256,/content/drive/MyDrive/phase11-data/data/Steel1/images/im_val_cut10_400-V-9mm-4000x10_5_6.png,/content/drive/MyDrive/phase11-persistent/gt_boundaries/Steel1/im_val_cut10_400-V-9mm-4000x10_5_6.png,0,0,256,256,0,0
Steel1/im_val_cut10_400-V-9mm-4000x10_6_1/x0_y0,Steel1,im_val_cut10_400-V-9mm-4000x10,im_val_cut10_400-V-9mm-4000x10_6_1.png,0,0,0.167755,train,256,/content/drive/MyDrive/phase11-data/data/Steel1/images/im_val_cut10_400-V-9mm-4000x10_6_1.png,/content/drive/MyDrive/phase11-persistent/gt_boundaries/Steel1/im_val_cut10_400-V-9mm-4000x10_6_1.png,0,0,256,256,0,0
Steel1/im_val_cut10_400-V-9mm-4000x10_6_2/x0_y0,Steel1,im_val_cut10_400-V-9mm-4000x10,im_val_cut10_400-V-9mm-4000x10_6_2.png,0,0,0.13414,train,256,/content/drive/MyDrive/phase11-data/data/Steel1/images/im_val_cut10_400-V-9mm-4000x10_6_2.png,/content/drive/MyDrive/phase11-persistent/gt_boundaries/Steel1/im_val_cut10_400-V-9mm-4000x10_6_2.png,0,0,256,256,0,0
Steel1/im_val_cut10_400-V-9mm-4000x10_6_3/x0_y0,Steel1,im_val_cut10_400-V-9mm-4000x10,im_val_cut10_400-V-9mm-4000x10_6_3.png,0,0,0.130005,train,256,/content/drive/MyDrive/phase11-data/data/Steel1/images/im_val_cut10_400-V-9mm-4000x10_6_3.png,/content/drive/MyDrive/phase11-persistent/gt_boundaries/Steel1/im_val_cut10_400-V-9mm-4000x10_6_3.png,0,0,256,256,0,0
Steel1/im_val_cut10_400-V-9mm-4000x10_6_4/x0_y0,Steel1,im_val_cut10_400-V-9mm-4000x10,im_val_cut10_400-V-9mm-4000x10_6_4.png,0,0,0.137238,train,256,/content/drive/MyDrive/phase11-data/data/Steel1/images/im_val_cut10_400-V-9mm-4000x10_6_4.png,/content/drive/MyDrive/phase11-persistent/gt_boundaries/Steel1/im_val_cut10_400-V-9mm-4000x10_6_4.png,0,0,256,256,0,0
Steel1/im_val_cut10_400-V-9mm-4000x10_6_5/x0_y0,Steel1,im_val_cut10_400-V-9mm-4000x10,im_val_cut10_400-V-9mm-4000x10_6_5.png,0,0,0.083572,train,256,/content/drive/MyDrive/phase11-data/data/Steel1/images/im_val_cut10_400-V-9mm-4000x10_6_5.png,/content/drive/MyDrive/phase11-persistent/gt_boundaries/Steel1/im_val_cut10_400-V-9mm-4000x10_6_5.png,0,0,256,256,0,0
Steel1/im_val_cut10_400-V-9mm-4000x10_6_6/x0_y0,Steel1,im_val_cut10_400-V-9mm-4000x10,im_val_cut10_400-V-9mm-4000x10_6_6.png,0,0,0.104156,train,256,/content/drive/MyDrive/phase11-data/data/Steel1/images/im_val_cut10_400-V-9mm-4000x10_6_6.png,/content/drive/MyDrive/phase11-persistent/gt_boundaries/Steel1/im_val_cut10_400-V-9mm-4000x10_6_6.png,0,0,256,256,0,0
Steel1/im_val_cut10_400-V-9mm-4000x10_7_1/x0_y0,Steel1,im_val_cut10_400-V-9mm-4000x10,im_val_cut10_400-V-9mm-4000x10_7_1.png,0,0,0.121445,train,256,/content/drive/MyDrive/phase11-data/data/Steel1/images/im_val_cut10_400-V-9mm-4000x10_7_1.png,/content/drive/MyDrive/phase11-persistent/gt_boundaries/Steel1/im_val_cut10_400-V-9mm-4000x10_7_1.png,0,0,256,256,0,0
Steel1/im_val_cut10_400-V-9mm-4000x10_7_2/x0_y0,Steel1,im_val_cut10_400-V-9mm-4000x10,im_val_cut10_400-V-9mm-4000x10_7_2.png,0,0,0.138489,train,256,/content/drive/MyDrive/phase11-data/data/Steel1/images/im_val_cut10_400-V-9mm-4000x10_7_2.png,/content/drive/MyDrive/phase11-persistent/gt_boundaries/Steel1/im_val_cut10_400-V-9mm-4000x10_7_2.png,0,0,256,256,0,0
Steel1/im_val_cut10_400-V-9mm-4000x10_7_3/x0_y0,Steel1,im_val_cut10_400-V-9mm-4000x10,im_val_cut10_400-V-9mm-4000x10_7_3.png,0,0,0.076767,train,256,/content/drive/MyDrive/phase11-data/data/Steel1/images/im_val_cut10_400-V-9mm-4000x10_7_3.png,/content/drive/MyDrive/phase11-persistent/gt_boundaries/Steel1/im_val_cut10_400-V-9mm-4000x10_7_3.png,0,0,256,256,0,0
Steel1/im_val_cut10_400-V-9mm-4000x10_7_4/x0_y0,Steel1,im_val_cut10_400-V-9mm-4000x10,im_val_cut10_400-V-9mm-4000x10_7_4.png,0,0,0.074966,train,256,/content/drive/MyDrive/phase11-data/data/Steel1/images/im_val_cut10_400-V-9mm-4000x10_7_4.png,/content/drive/MyDrive/phase11-persistent/gt_boundaries/Steel1/im_val_cut10_400-V-9mm-4000x10_7_4.png,0,0,256,256,0,0
Steel1/im_val_cut10_400-V-9mm-4000x10_7_5/x0_y0,Steel1,im_val_cut10_400-V-9mm-4000x10,im_val_cut10_400-V-9mm-4000x10_7_5.png,0,0,0.094894,train,256,/content/drive/MyDrive/phase11-data/data/Steel1/images/im_val_cut10_400-V-9mm-4000x10_7_5.png,/content/drive/MyDrive/phase11-persistent/gt_boundaries/Steel1/im_val_cut10_400-V-9mm-4000x10_7_5.png,0,0,256,256,0,0
Steel1/im_val_cut10_400-V-9mm-4000x10_7_6/x0_y0,Steel1,im_val_cut10_400-V-9mm-4000x10,im_val_cut10_400-V-9mm-4000x10_7_6.png,0,0,0.096146,train,256,/content/drive/MyDrive/phase11-data/data/Steel1/images/im_val_cut10_400-V-9mm-4000x10_7_6.png,/content/drive/MyDrive/phase11-persistent/gt_boundaries/Steel1/im_val_cut10_400-V-9mm-4000x10_7_6.png,0,0,256,256,0,0
Steel1/im_val_cut10_400-V-9mm-4000x10_8_1/x0_y0,Steel1,im_val_cut10_400-V-9mm-4000x10,im_val_cut10_400-V-9mm-4000x10_8_1.png,0,0,0.086166,train,256,/content/drive/MyDrive/phase11-data/data/Steel1/images/im_val_cut10_400-V-9mm-4000x10_8_1.png,/content/drive/MyDrive/phase11-persistent/gt_boundaries/Steel1/im_val_cut10_400-V-9mm-4000x10_8_1.png,0,0,256,256,0,0
Steel1/im_val_cut10_400-V-9mm-4000x10_8_2/x0_y0,Steel1,im_val_cut10_400-V-9mm-4000x10,im_val_cut10_400-V-9mm-4000x10_8_2.png,0,0,0.141403,train,256,/content/drive/MyDrive/phase11-data/data/Steel1/images/im_val_cut10_400-V-9mm-4000x10_8_2.png,/content/drive/MyDrive/phase11-persistent/gt_boundaries/Steel1/im_val_cut10_400-V-9mm-4000x10_8_2.png,0,0,256,256,0,0
Steel1/im_val_cut10_400-V-9mm-4000x10_8_3/x0_y0,Steel1,im_val_cut10_400-V-9mm-4000x10,im_val_cut10_400-V-9mm-4000x10_8_3.png,0,0,0.012192,train,256,/content/drive/MyDrive/phase11-data/data/Steel1/images/im_val_cut10_400-V-9mm-4000x10_8_3.png,/content/drive/MyDrive/phase11-persistent/gt_boundaries/Steel1/im_val_cut10_400-V-9mm-4000x10_8_3.png,0,0,256,256,0,0
Steel1/im_val_cut10_400-V-9mm-4000x10_8_4/x0_y0,Steel1,im_val_cut10_400-V-9mm-4000x10,im_val_cut10_400-V-9mm-4000x10_8_4.png,0,0,0.132568,train,256,/content/drive/MyDrive/phase11-data/data/Steel1/images/im_val_cut10_400-V-9mm-4000x10_8_4.png,/content/drive/MyDrive/phase11-persistent/gt_boundaries/Steel1/im_val_cut10_400-V-9mm-4000x10_8_4.png,0,0,256,256,0,0
Steel1/im_val_cut10_400-V-9mm-4000x10_8_5/x0_y0,Steel1,im_val_cut10_400-V-9mm-4000x10,im_val_cut10_400-V-9mm-4000x10_8_5.png,0,0,0.086716,train,256,/content/drive/MyDrive/phase11-data/data/Steel1/images/im_val_cut10_400-V-9mm-4000x10_8_5.png,/content/drive/MyDrive/phase11-persistent/gt_boundaries/Steel1/im_val_cut10_400-V-9mm-4000x10_8_5.png,0,0,256,256,0,0
Steel1/im_val_cut10_400-V-9mm-4000x10_8_6/x0_y0,Steel1,im_val_cut10_400-V-9mm-4000x10,im_val_cut10_400-V-9mm-4000x10_8_6.png,0,0,0.098541,train,256,/content/drive/MyDrive/phase11-data/data/Steel1/images/im_val_cut10_400-V-9mm-4000x10_8_6.png,/content/drive/MyDrive/phase11-persistent/gt_boundaries/Steel1/im_val_cut10_400-V-9mm-4000x10_8_6.png,0,0,256,256,0,0
Steel1/im_val_cut10_400-V-9mm-4000x11_1_1/x0_y0,Steel1,im_val_cut10_400-V-9mm-4000x11,im_val_cut10_400-V-9mm-4000x11_1_1.png,0,0,0.113815,val,256,/content/drive/MyDrive/phase11-data/data/Steel1/images/im_val_cut10_400-V-9mm-4000x11_1_1.png,/content/drive/MyDrive/phase11-persistent/gt_boundaries/Steel1/im_val_cut10_400-V-9mm-4000x11_1_1.png,0,0,256,256,0,0
Steel1/im_val_cut10_400-V-9mm-4000x11_1_2/x0_y0,Steel1,im_val_cut10_400-V-9mm-4000x11,im_val_cut10_400-V-9mm-4000x11_1_2.png,0,0,0.137848,val,256,/content/drive/MyDrive/phase11-data/data/Steel1/images/im_val_cut10_400-V-9mm-4000x11_1_2.png,/content/drive/MyDrive/phase11-persistent/gt_boundaries/Steel1/im_val_cut10_400-V-9mm-4000x11_1_2.png,0,0,256,256,0,0
Steel1/im_val_cut10_400-V-9mm-4000x11_1_3/x0_y0,Steel1,im_val_cut10_400-V-9mm-4000x11,im_val_cut10_400-V-9mm-4000x11_1_3.png,0,0,0.141815,val,256,/content/drive/MyDrive/phase11-data/data/Steel1/images/im_val_cut10_400-V-9mm-4000x11_1_3.png,/content/drive/MyDrive/phase11-persistent/gt_boundaries/Steel1/im_val_cut10_400-V-9mm-4000x11_1_3.png,0,0,256,256,0,0
Steel1/im_val_cut10_400-V-9mm-4000x11_1_4/x0_y0,Steel1,im_val_cut10_400-V-9mm-4000x11,im_val_cut10_400-V-9mm-4000x11_1_4.png,0,0,0.12178,val,256,/content/drive/MyDrive/phase11-data/data/Steel1/images/im_val_cut10_400-V-9mm-4000x11_1_4.png,/content/drive/MyDrive/phase11-persistent/gt_boundaries/Steel1/im_val_cut10_400-V-9mm-4000x11_1_4.png,0,0,256,256,0,0
Steel1/im_val_cut10_400-V-9mm-4000x11_1_5/x0_y0,Steel1,im_val_cut10_400-V-9mm-4000x11,im_val_cut10_400-V-9mm-4000x11_1_5.png,0,0,0.176636,val,256,/content/drive/MyDrive/phase11-data/data/Steel1/images/im_val_cut10_400-V-9mm-4000x11_1_5.png,/content/drive/MyDrive/phase11-persistent/gt_boundaries/Steel1/im_val_cut10_400-V-9mm-4000x11_1_5.png,0,0,256,256,0,0
Steel1/im_val_cut10_400-V-9mm-4000x11_1_6/x0_y0,Steel1,im_val_cut10_400-V-9mm-4000x11,im_val_cut10_400-V-9mm-4000x11_1_6.png,0,0,0.102859,val,256,/content/drive/MyDrive/phase11-data/data/Steel1/images/im_val_cut10_400-V-9mm-4000x11_1_6.png,/content/drive/MyDrive/phase11-persistent/gt_boundaries/Steel1/im_val_cut10_400-V-9mm-4000x11_1_6.png,0,0,256,256,0,0
Steel1/im_val_cut10_400-V-9mm-4000x11_2_1/x0_y0,Steel1,im_val_cut10_400-V-9mm-4000x11,im_val_cut10_400-V-9mm-4000x11_2_1.png,0,0,0.132019,val,256,/content/drive/MyDrive/phase11-data/data/Steel1/images/im_val_cut10_400-V-9mm-4000x11_2_1.png,/content/drive/MyDrive/phase11-persistent/gt_boundaries/Steel1/im_val_cut10_400-V-9mm-4000x11_2_1.png,0,0,256,256,0,0
Steel1/im_val_cut10_400-V-9mm-4000x11_2_2/x0_y0,Steel1,im_val_cut10_400-V-9mm-4000x11,im_val_cut10_400-V-9mm-4000x11_2_2.png,0,0,0.109039,val,256,/content/drive/MyDrive/phase11-data/data/Steel1/images/im_val_cut10_400-V-9mm-4000x11_2_2.png,/content/drive/MyDrive/phase11-persistent/gt_boundaries/Steel1/im_val_cut10_400-V-9mm-4000x11_2_2.png,0,0,256,256,0,0
Steel1/im_val_cut10_400-V-9mm-4000x11_2_3/x0_y0,Steel1,im_val_cut10_400-V-9mm-4000x11,im_val_cut10_400-V-9mm-4000x11_2_3.png,0,0,0.11084,val,256,/content/drive/MyDrive/phase11-data/data/Steel1/images/im_val_cut10_400-V-9mm-4000x11_2_3.png,/content/drive/MyDrive/phase11-persistent/gt_boundaries/Steel1/im_val_cut10_400-V-9mm-4000x11_2_3.png,0,0,256,256,0,0
Steel1/im_val_cut10_400-V-9mm-4000x11_2_4/x0_y0,Steel1,im_val_cut10_400-V-9mm-4000x11,im_val_cut10_400-V-9mm-4000x11_2_4.png,0,0,0.13649,val,256,/content/drive/MyDrive/phase11-data/data/Steel1/images/im_val_cut10_400-V-9mm-4000x11_2_4.png,/content/drive/MyDrive/phase11-persistent/gt_boundaries/Steel1/im_val_cut10_400-V-9mm-4000x11_2_4.png,0,0,256,256,0,0
Steel1/im_val_cut10_400-V-9mm-4000x11_2_5/x0_y0,Steel1,im_val_cut10_400-V-9mm-4000x11,im_val_cut10_400-V-9mm-4000x11_2_5.png,0,0,0.121933,val,256,/content/drive/MyDrive/phase11-data/data/Steel1/images/im_val_cut10_400-V-9mm-4000x11_2_5.png,/content/drive/MyDrive/phase11-persistent/gt_boundaries/Steel1/im_val_cut10_400-V-9mm-4000x11_2_5.png,0,0,256,256,0,0
Steel1/im_val_cut10_400-V-9mm-4000x11_2_6/x0_y0,Steel1,im_val_cut10_400-V-9mm-4000x11,im_val_cut10_400-V-9mm-4000x11_2_6.png,0,0,0.087875,val,256,/content/drive/MyDrive/phase11-data/data/Steel1/images/im_val_cut10_400-V-9mm-4000x11_2_6.png,/content/drive/MyDrive/phase11-persistent/gt_boundaries/Steel1/im_val_cut10_400-V-9mm-4000x11_2_6.png,0,0,256,256,0,0
Steel1/im_val_cut10_400-V-9mm-4000x11_3_1/x0_y0,Steel1,im_val_cut10_400-V-9mm-4000x11,im_val_cut10_400-V-9mm-4000x11_3_1.png,0,0,0.1026,val,256,/content/drive/MyDrive/phase11-data/data/Steel1/images/im_val_cut10_400-V-9mm-4000x11_3_1.png,/content/drive/MyDrive/phase11-persistent/gt_boundaries/Steel1/im_val_cut10_400-V-9mm-4000x11_3_1.png,0,0,256,256,0,0
Steel1/im_val_cut10_400-V-9mm-4000x11_3_2/x0_y0,Steel1,im_val_cut10_400-V-9mm-4000x11,im_val_cut10_400-V-9mm-4000x11_3_2.png,0,0,0.030457,val,256,/content/drive/MyDrive/phase11-data/data/Steel1/images/im_val_cut10_400-V-9mm-4000x11_3_2.png,/content/drive/MyDrive/phase11-persistent/gt_boundaries/Steel1/im_val_cut10_400-V-9mm-4000x11_3_2.png,0,0,256,256,0,0
Steel1/im_val_cut10_400-V-9mm-4000x11_3_3/x0_y0,Steel1,im_val_cut10_400-V-9mm-4000x11,im_val_cut10_400-V-9mm-4000x11_3_3.png,0,0,0.063156,val,256,/content/drive/MyDrive/phase11-data/data/Steel1/images/im_val_cut10_400-V-9mm-4000x11_3_3.png,/content/drive/MyDrive/phase11-persistent/gt_boundaries/Steel1/im_val_cut10_400-V-9mm-4000x11_3_3.png,0,0,256,256,0,0
Steel1/im_val_cut10_400-V-9mm-4000x11_3_4/x0_y0,Steel1,im_val_cut10_400-V-9mm-4000x11,im_val_cut10_400-V-9mm-4000x11_3_4.png,0,0,0.106689,val,256,/content/drive/MyDrive/phase11-data/data/Steel1/images/im_val_cut10_400-V-9mm-4000x11_3_4.png,/content/drive/MyDrive/phase11-persistent/gt_boundaries/Steel1/im_val_cut10_400-V-9mm-4000x11_3_4.png,0,0,256,256,0,0
Steel1/im_val_cut10_400-V-9mm-4000x11_3_5/x0_y0,Steel1,im_val_cut10_400-V-9mm-4000x11,im_val_cut10_400-V-9mm-4000x11_3_5.png,0,0,0.097336,val,256,/content/drive/MyDrive/phase11-data/data/Steel1/images/im_val_cut10_400-V-9mm-4000x11_3_5.png,/content/drive/MyDrive/phase11-persistent/gt_boundaries/Steel1/im_val_cut10_400-V-9mm-4000x11_3_5.png,0,0,256,256,0,0
Steel1/im_val_cut10_400-V-9mm-4000x11_3_6/x0_y0,Steel1,im_val_cut10_400-V-9mm-4000x11,im_val_cut10_400-V-9mm-4000x11_3_6.png,0,0,0.111847,val,256,/content/drive/MyDrive/phase11-data/data/Steel1/images/im_val_cut10_400-V-9mm-4000x11_3_6.png,/content/drive/MyDrive/phase11-persistent/gt_boundaries/Steel1/im_val_cut10_400-V-9mm-4000x11_3_6.png,0,0,256,256,0,0
Steel1/im_val_cut10_400-V-9mm-4000x11_4_1/x0_y0,Steel1,im_val_cut10_400-V-9mm-4000x11,im_val_cut10_400-V-9mm-4000x11_4_1.png,0,0,0.12645,val,256,/content/drive/MyDrive/phase11-data/data/Steel1/images/im_val_cut10_400-V-9mm-4000x11_4_1.png,/content/drive/MyDrive/phase11-persistent/gt_boundaries/Steel1/im_val_cut10_400-V-9mm-4000x11_4_1.png,0,0,256,256,0,0
Steel1/im_val_cut10_400-V-9mm-4000x11_4_2/x0_y0,Steel1,im_val_cut10_400-V-9mm-4000x11,im_val_cut10_400-V-9mm-4000x11_4_2.png,0,0,0.081894,val,256,/content/drive/MyDrive/phase11-data/data/Steel1/images/im_val_cut10_400-V-9mm-4000x11_4_2.png,/content/drive/MyDrive/phase11-persistent/gt_boundaries/Steel1/im_val_cut10_400-V-9mm-4000x11_4_2.png,0,0,256,256,0,0
Steel1/im_val_cut10_400-V-9mm-4000x11_4_3/x0_y0,Steel1,im_val_cut10_400-V-9mm-4000x11,im_val_cut10_400-V-9mm-4000x11_4_3.png,0,0,0.119217,val,256,/content/drive/MyDrive/phase11-data/data/Steel1/images/im_val_cut10_400-V-9mm-4000x11_4_3.png,/content/drive/MyDrive/phase11-persistent/gt_boundaries/Steel1/im_val_cut10_400-V-9mm-4000x11_4_3.png,0,0,256,256,0,0
Steel1/im_val_cut10_400-V-9mm-4000x11_4_4/x0_y0,Steel1,im_val_cut10_400-V-9mm-4000x11,im_val_cut10_400-V-9mm-4000x11_4_4.png,0,0,0.091843,val,256,/content/drive/MyDrive/phase11-data/data/Steel1/images/im_val_cut10_400-V-9mm-4000x11_4_4.png,/content/drive/MyDrive/phase11-persistent/gt_boundaries/Steel1/im_val_cut10_400-V-9mm-4000x11_4_4.png,0,0,256,256,0,0
Steel1/im_val_cut10_400-V-9mm-4000x11_4_5/x0_y0,Steel1,im_val_cut10_400-V-9mm-4000x11,im_val_cut10_400-V-9mm-4000x11_4_5.png,0,0,0.114807,val,256,/content/drive/MyDrive/phase11-data/data/Steel1/images/im_val_cut10_400-V-9mm-4000x11_4_5.png,/content/drive/MyDrive/phase11-persistent/gt_boundaries/Steel1/im_val_cut10_400-V-9mm-4000x11_4_5.png,0,0,256,256,0,0
Steel1/im_val_cut10_400-V-9mm-4000x11_4_6/x0_y0,Steel1,im_val_cut10_400-V-9mm-4000x11,im_val_cut10_400-V-9mm-4000x11_4_6.png,0,0,0.095108,val,256,/content/drive/MyDrive/phase11-data/data/Steel1/images/im_val_cut10_400-V-9mm-4000x11_4_6.png,/content/drive/MyDrive/phase11-persistent/gt_boundaries/Steel1/im_val_cut10_400-V-9mm-4000x11_4_6.png,0,0,256,256,0,0
Steel1/im_val_cut10_400-V-9mm-4000x11_5_1/x0_y0,Steel1,im_val_cut10_400-V-9mm-4000x11,im_val_cut10_400-V-9mm-4000x11_5_1.png,0,0,0.162781,val,256,/content/drive/MyDrive/phase11-data/data/Steel1/images/im_val_cut10_400-V-9mm-4000x11_5_1.png,/content/drive/MyDrive/phase11-persistent/gt_boundaries/Steel1/im_val_cut10_400-V-9mm-4000x11_5_1.png,0,0,256,256,0,0
Steel1/im_val_cut10_400-V-9mm-4000x11_5_2/x0_y0,Steel1,im_val_cut10_400-V-9mm-4000x11,im_val_cut10_400-V-9mm-4000x11_5_2.png,0,0,0.075851,val,256,/content/drive/MyDrive/phase11-data/data/Steel1/images/im_val_cut10_400-V-9mm-4000x11_5_2.png,/content/drive/MyDrive/phase11-persistent/gt_boundaries/Steel1/im_val_cut10_400-V-9mm-4000x11_5_2.png,0,0,256,256,0,0
Steel1/im_val_cut10_400-V-9mm-4000x11_5_3/x0_y0,Steel1,im_val_cut10_400-V-9mm-4000x11,im_val_cut10_400-V-9mm-4000x11_5_3.png,0,0,0.123398,val,256,/content/drive/MyDrive/phase11-data/data/Steel1/images/im_val_cut10_400-V-9mm-4000x11_5_3.png,/content/drive/MyDrive/phase11-persistent/gt_boundaries/Steel1/im_val_cut10_400-V-9mm-4000x11_5_3.png,0,0,256,256,0,0
Steel1/im_val_cut10_400-V-9mm-4000x11_5_4/x0_y0,Steel1,im_val_cut10_400-V-9mm-4000x11,im_val_cut10_400-V-9mm-4000x11_5_4.png,0,0,0.109253,val,256,/content/drive/MyDrive/phase11-data/data/Steel1/images/im_val_cut10_400-V-9mm-4000x11_5_4.png,/content/drive/MyDrive/phase11-persistent/gt_boundaries/Steel1/im_val_cut10_400-V-9mm-4000x11_5_4.png,0,0,256,256,0,0
Steel1/im_val_cut10_400-V-9mm-4000x11_5_5/x0_y0,Steel1,im_val_cut10_400-V-9mm-4000x11,im_val_cut10_400-V-9mm-4000x11_5_5.png,0,0,0.07695,val,256,/content/drive/MyDrive/phase11-data/data/Steel1/images/im_val_cut10_400-V-9mm-4000x11_5_5.png,/content/drive/MyDrive/phase11-persistent/gt_boundaries/Steel1/im_val_cut10_400-V-9mm-4000x11_5_5.png,0,0,256,256,0,0
Steel1/im_val_cut10_400-V-9mm-4000x11_5_6/x0_y0,Steel1,im_val_cut10_400-V-9mm-4000x11,im_val_cut10_400-V-9mm-4000x11_5_6.png,0,0,0.135941,val,256,/content/drive/MyDrive/phase11-data/data/Steel1/images/im_val_cut10_400-V-9mm-4000x11_5_6.png,/content/drive/MyDrive/phase11-persistent/gt_boundaries/Steel1/im_val_cut10_400-V-9mm-4000x11_5_6.png,0,0,256,256,0,0
Steel1/im_val_cut10_400-V-9mm-4000x11_6_1/x0_y0,Steel1,im_val_cut10_400-V-9mm-4000x11,im_val_cut10_400-V-9mm-4000x11_6_1.png,0,0,0.093384,val,256,/content/drive/MyDrive/phase11-data/data/Steel1/images/im_val_cut10_400-V-9mm-4000x11_6_1.png,/content/drive/MyDrive/phase11-persistent/gt_boundaries/Steel1/im_val_cut10_400-V-9mm-4000x11_6_1.png,0,0,256,256,0,0
Steel1/im_val_cut10_400-V-9mm-4000x11_6_2/x0_y0,Steel1,im_val_cut10_400-V-9mm-4000x11,im_val_cut10_400-V-9mm-4000x11_6_2.png,0,0,0.12204,val,256,/content/drive/MyDrive/phase11-data/data/Steel1/images/im_val_cut10_400-V-9mm-4000x11_6_2.png,/content/drive/MyDrive/phase11-persistent/gt_boundaries/Steel1/im_val_cut10_400-V-9mm-4000x11_6_2.png,0,0,256,256,0,0
Steel1/im_val_cut10_400-V-9mm-4000x11_6_3/x0_y0,Steel1,im_val_cut10_400-V-9mm-4000x11,im_val_cut10_400-V-9mm-4000x11_6_3.png,0,0,0.140503,val,256,/content/drive/MyDrive/phase11-data/data/Steel1/images/im_val_cut10_400-V-9mm-4000x11_6_3.png,/content/drive/MyDrive/phase11-persistent/gt_boundaries/Steel1/im_val_cut10_400-V-9mm-4000x11_6_3.png,0,0,256,256,0,0
Steel1/im_val_cut10_400-V-9mm-4000x11_6_4/x0_y0,Steel1,im_val_cut10_400-V-9mm-4000x11,im_val_cut10_400-V-9mm-4000x11_6_4.png,0,0,0.079895,val,256,/content/drive/MyDrive/phase11-data/data/Steel1/images/im_val_cut10_400-V-9mm-4000x11_6_4.png,/content/drive/MyDrive/phase11-persistent/gt_boundaries/Steel1/im_val_cut10_400-V-9mm-4000x11_6_4.png,0,0,256,256,0,0
Steel1/im_val_cut10_400-V-9mm-4000x11_6_5/x0_y0,Steel1,im_val_cut10_400-V-9mm-4000x11,im_val_cut10_400-V-9mm-4000x11_6_5.png,0,0,0.157089,val,256,/content/drive/MyDrive/phase11-data/data/Steel1/images/im_val_cut10_400-V-9mm-4000x11_6_5.png,/content/drive/MyDrive/phase11-persistent/gt_boundaries/Steel1/im_val_cut10_400-V-9mm-4000x11_6_5.png,0,0,256,256,0,0
Steel1/im_val_cut10_400-V-9mm-4000x11_6_6/x0_y0,Steel1,im_val_cut10_400-V-9mm-4000x11,im_val_cut10_400-V-9mm-4000x11_6_6.png,0,0,0.099457,val,256,/content/drive/MyDrive/phase11-data/data/Steel1/images/im_val_cut10_400-V-9mm-4000x11_6_6.png,/content/drive/MyDrive/phase11-persistent/gt_boundaries/Steel1/im_val_cut10_400-V-9mm-4000x11_6_6.png,0,0,256,256,0,0
Steel1/im_val_cut10_400-V-9mm-4000x11_7_1/x0_y0,Steel1,im_val_cut10_400-V-9mm-4000x11,im_val_cut10_400-V-9mm-4000x11_7_1.png,0,0,0.144394,val,256,/content/drive/MyDrive/phase11-data/data/Steel1/images/im_val_cut10_400-V-9mm-4000x11_7_1.png,/content/drive/MyDrive/phase11-persistent/gt_boundaries/Steel1/im_val_cut10_400-V-9mm-4000x11_7_1.png,0,0,256,256,0,0
Steel1/im_val_cut10_400-V-9mm-4000x11_7_2/x0_y0,Steel1,im_val_cut10_400-V-9mm-4000x11,im_val_cut10_400-V-9mm-4000x11_7_2.png,0,0,0.121933,val,256,/content/drive/MyDrive/phase11-data/data/Steel1/images/im_val_cut10_400-V-9mm-4000x11_7_2.png,/content/drive/MyDrive/phase11-persistent/gt_boundaries/Steel1/im_val_cut10_400-V-9mm-4000x11_7_2.png,0,0,256,256,0,0
Steel1/im_val_cut10_400-V-9mm-4000x11_7_3/x0_y0,Steel1,im_val_cut10_400-V-9mm-4000x11,im_val_cut10_400-V-9mm-4000x11_7_3.png,0,0,0.075455,val,256,/content/drive/MyDrive/phase11-data/data/Steel1/images/im_val_cut10_400-V-9mm-4000x11_7_3.png,/content/drive/MyDrive/phase11-persistent/gt_boundaries/Steel1/im_val_cut10_400-V-9mm-4000x11_7_3.png,0,0,256,256,0,0
Steel1/im_val_cut10_400-V-9mm-4000x11_7_4/x0_y0,Steel1,im_val_cut10_400-V-9mm-4000x11,im_val_cut10_400-V-9mm-4000x11_7_4.png,0,0,0.100113,val,256,/content/drive/MyDrive/phase11-data/data/Steel1/images/im_val_cut10_400-V-9mm-4000x11_7_4.png,/content/drive/MyDrive/phase11-persistent/gt_boundaries/Steel1/im_val_cut10_400-V-9mm-4000x11_7_4.png,0,0,256,256,0,0
Steel1/im_val_cut10_400-V-9mm-4000x11_7_5/x0_y0,Steel1,im_val_cut10_400-V-9mm-4000x11,im_val_cut10_400-V-9mm-4000x11_7_5.png,0,0,0.151917,val,256,/content/drive/MyDrive/phase11-data/data/Steel1/images/im_val_cut10_400-V-9mm-4000x11_7_5.png,/content/drive/MyDrive/phase11-persistent/gt_boundaries/Steel1/im_val_cut10_400-V-9mm-4000x11_7_5.png,0,0,256,256,0,0
Steel1/im_val_cut10_400-V-9mm-4000x11_7_6/x0_y0,Steel1,im_val_cut10_400-V-9mm-4000x11,im_val_cut10_400-V-9mm-4000x11_7_6.png,0,0,0.119278,val,256,/content/drive/MyDrive/phase11-data/data/Steel1/images/im_val_cut10_400-V-9mm-4000x11_7_6.png,/content/drive/MyDrive/phase11-persistent/gt_boundaries/Steel1/im_val_cut10_400-V-9mm-4000x11_7_6.png,0,0,256,256,0,0
Steel1/im_val_cut10_400-V-9mm-4000x11_8_1/x0_y0,Steel1,im_val_cut10_400-V-9mm-4000x11,im_val_cut10_400-V-9mm-4000x11_8_1.png,0,0,0.131989,val,256,/content/drive/MyDrive/phase11-data/data/Steel1/images/im_val_cut10_400-V-9mm-4000x11_8_1.png,/content/drive/MyDrive/phase11-persistent/gt_boundaries/Steel1/im_val_cut10_400-V-9mm-4000x11_8_1.png,0,0,256,256,0,0
Steel1/im_val_cut10_400-V-9mm-4000x11_8_2/x0_y0,Steel1,im_val_cut10_400-V-9mm-4000x11,im_val_cut10_400-V-9mm-4000x11_8_2.png,0,0,0.140808,val,256,/content/drive/MyDrive/phase11-data/data/Steel1/images/im_val_cut10_400-V-9mm-4000x11_8_2.png,/content/drive/MyDrive/phase11-persistent/gt_boundaries/Steel1/im_val_cut10_400-V-9mm-4000x11_8_2.png,0,0,256,256,0,0
Steel1/im_val_cut10_400-V-9mm-4000x11_8_3/x0_y0,Steel1,im_val_cut10_400-V-9mm-4000x11,im_val_cut10_400-V-9mm-4000x11_8_3.png,0,0,0.13298,val,256,/content/drive/MyDrive/phase11-data/data/Steel1/images/im_val_cut10_400-V-9mm-4000x11_8_3.png,/content/drive/MyDrive/phase11-persistent/gt_boundaries/Steel1/im_val_cut10_400-V-9mm-4000x11_8_3.png,0,0,256,256,0,0
Steel1/im_val_cut10_400-V-9mm-4000x11_8_4/x0_y0,Steel1,im_val_cut10_400-V-9mm-4000x11,im_val_cut10_400-V-9mm-4000x11_8_4.png,0,0,0.136612,val,256,/content/drive/MyDrive/phase11-data/data/Steel1/images/im_val_cut10_400-V-9mm-4000x11_8_4.png,/content/drive/MyDrive/phase11-persistent/gt_boundaries/Steel1/im_val_cut10_400-V-9mm-4000x11_8_4.png,0,0,256,256,0,0
Steel1/im_val_cut10_400-V-9mm-4000x11_8_5/x0_y0,Steel1,im_val_cut10_400-V-9mm-4000x11,im_val_cut10_400-V-9mm-4000x11_8_5.png,0,0,0.147583,val,256,/content/drive/MyDrive/phase11-data/data/Steel1/images/im_val_cut10_400-V-9mm-4000x11_8_5.png,/content/drive/MyDrive/phase11-persistent/gt_boundaries/Steel1/im_val_cut10_400-V-9mm-4000x11_8_5.png,0,0,256,256,0,0
Steel1/im_val_cut10_400-V-9mm-4000x11_8_6/x0_y0,Steel1,im_val_cut10_400-V-9mm-4000x11,im_val_cut10_400-V-9mm-4000x11_8_6.png,0,0,0.121765,val,256,/content/drive/MyDrive/phase11-data/data/Steel1/images/im_val_cut10_400-V-9mm-4000x11_8_6.png,/content/drive/MyDrive/phase11-persistent/gt_boundaries/Steel1/im_val_cut10_400-V-9mm-4000x11_8_6.png,0,0,256,256,0,0
Steel2/87431041_tile_0_0/x0_y0,Steel2,87431041,87431041_tile_0_0.png,0,0,0.132248,val,256,/content/drive/MyDrive/phase11-data/data/Steel2/images/87431041_tile_0_0.png,/content/drive/MyDrive/phase11-persistent/gt_boundaries/Steel2/87431041_tile_0_0.png,0,0,256,256,0,0
Steel2/87431041_tile_0_1024/x0_y0,Steel2,87431041,87431041_tile_0_1024.png,0,0,0.126495,val,256,/content/drive/MyDrive/phase11-data/data/Steel2/images/87431041_tile_0_1024.png,/content/drive/MyDrive/phase11-persistent/gt_boundaries/Steel2/87431041_tile_0_1024.png,0,0,256,256,0,0
Steel2/87431041_tile_0_1280/x0_y0,Steel2,87431041,87431041_tile_0_1280.png,0,0,0.129623,val,256,/content/drive/MyDrive/phase11-data/data/Steel2/images/87431041_tile_0_1280.png,/content/drive/MyDrive/phase11-persistent/gt_boundaries/Steel2/87431041_tile_0_1280.png,0,0,256,256,0,0
Steel2/87431041_tile_0_1536/x0_y0,Steel2,87431041,87431041_tile_0_1536.png,0,0,0.157501,val,256,/content/drive/MyDrive/phase11-data/data/Steel2/images/87431041_tile_0_1536.png,/content/drive/MyDrive/phase11-persistent/gt_boundaries/Steel2/87431041_tile_0_1536.png,0,0,256,256,0,0
Steel2/87431041_tile_0_1792/x0_y0,Steel2,87431041,87431041_tile_0_1792.png,0,0,0.178406,val,256,/content/drive/MyDrive/phase11-data/data/Steel2/images/87431041_tile_0_1792.png,/content/drive/MyDrive/phase11-persistent/gt_boundaries/Steel2/87431041_tile_0_1792.png,0,0,256,256,0,0
Steel2/87431041_tile_0_2048/x0_y0,Steel2,87431041,87431041_tile_0_2048.png,0,0,0.173965,val,256,/content/drive/MyDrive/phase11-data/data/Steel2/images/87431041_tile_0_2048.png,/content/drive/MyDrive/phase11-persistent/gt_boundaries/Steel2/87431041_tile_0_2048.png,0,0,256,256,0,0
Steel2/87431041_tile_0_256/x0_y0,Steel2,87431041,87431041_tile_0_256.png,0,0,0.079651,val,256,/content/drive/MyDrive/phase11-data/data/Steel2/images/87431041_tile_0_256.png,/content/drive/MyDrive/phase11-persistent/gt_boundaries/Steel2/87431041_tile_0_256.png,0,0,256,256,0,0
Steel2/87431041_tile_0_512/x0_y0,Steel2,87431041,87431041_tile_0_512.png,0,0,0.147324,val,256,/content/drive/MyDrive/phase11-data/data/Steel2/images/87431041_tile_0_512.png,/content/drive/MyDrive/phase11-persistent/gt_boundaries/Steel2/87431041_tile_0_512.png,0,0,256,256,0,0
Steel2/87431041_tile_0_768/x0_y0,Steel2,87431041,87431041_tile_0_768.png,0,0,0.128098,val,256,/content/drive/MyDrive/phase11-data/data/Steel2/images/87431041_tile_0_768.png,/content/drive/MyDrive/phase11-persistent/gt_boundaries/Steel2/87431041_tile_0_768.png,0,0,256,256,0,0
Steel2/87431041_tile_1024_0/x0_y0,Steel2,87431041,87431041_tile_1024_0.png,0,0,0.209076,val,256,/content/drive/MyDrive/phase11-data/data/Steel2/images/87431041_tile_1024_0.png,/content/drive/MyDrive/phase11-persistent/gt_boundaries/Steel2/87431041_tile_1024_0.png,0,0,256,256,0,0
Steel2/87431041_tile_1024_1024/x0_y0,Steel2,87431041,87431041_tile_1024_1024.png,0,0,0.150635,val,256,/content/drive/MyDrive/phase11-data/data/Steel2/images/87431041_tile_1024_1024.png,/content/drive/MyDrive/phase11-persistent/gt_boundaries/Steel2/87431041_tile_1024_1024.png,0,0,256,256,0,0
Steel2/87431041_tile_1024_1280/x0_y0,Steel2,87431041,87431041_tile_1024_1280.png,0,0,0.182678,val,256,/content/drive/MyDrive/phase11-data/data/Steel2/images/87431041_tile_1024_1280.png,/content/drive/MyDrive/phase11-persistent/gt_boundaries/Steel2/87431041_tile_1024_1280.png,0,0,256,256,0,0
Steel2/87431041_tile_1024_1536/x0_y0,Steel2,87431041,87431041_tile_1024_1536.png,0,0,0.192337,val,256,/content/drive/MyDrive/phase11-data/data/Steel2/images/87431041_tile_1024_1536.png,/content/drive/MyDrive/phase11-persistent/gt_boundaries/Steel2/87431041_tile_1024_1536.png,0,0,256,256,0,0
Steel2/87431041_tile_1024_1792/x0_y0,Steel2,87431041,87431041_tile_1024_1792.png,0,0,0.164932,val,256,/content/drive/MyDrive/phase11-data/data/Steel2/images/87431041_tile_1024_1792.png,/content/drive/MyDrive/phase11-persistent/gt_boundaries/Steel2/87431041_tile_1024_1792.png,0,0,256,256,0,0
Steel2/87431041_tile_1024_2048/x0_y0,Steel2,87431041,87431041_tile_1024_2048.png,0,0,0.21405,val,256,/content/drive/MyDrive/phase11-data/data/Steel2/images/87431041_tile_1024_2048.png,/content/drive/MyDrive/phase11-persistent/gt_boundaries/Steel2/87431041_tile_1024_2048.png,0,0,256,256,0,0
Steel2/87431041_tile_1024_256/x0_y0,Steel2,87431041,87431041_tile_1024_256.png,0,0,0.206665,val,256,/content/drive/MyDrive/phase11-data/data/Steel2/images/87431041_tile_1024_256.png,/content/drive/MyDrive/phase11-persistent/gt_boundaries/Steel2/87431041_tile_1024_256.png,0,0,256,256,0,0
Steel2/87431041_tile_1024_512/x0_y0,Steel2,87431041,87431041_tile_1024_512.png,0,0,0.191818,val,256,/content/drive/MyDrive/phase11-data/data/Steel2/images/87431041_tile_1024_512.png,/content/drive/MyDrive/phase11-persistent/gt_boundaries/Steel2/87431041_tile_1024_512.png,0,0,256,256,0,0
Steel2/87431041_tile_1024_768/x0_y0,Steel2,87431041,87431041_tile_1024_768.png,0,0,0.173996,val,256,/content/drive/MyDrive/phase11-data/data/Steel2/images/87431041_tile_1024_768.png,/content/drive/MyDrive/phase11-persistent/gt_boundaries/Steel2/87431041_tile_1024_768.png,0,0,256,256,0,0
Steel2/87431041_tile_1280_0/x0_y0,Steel2,87431041,87431041_tile_1280_0.png,0,0,0.227478,val,256,/content/drive/MyDrive/phase11-data/data/Steel2/images/87431041_tile_1280_0.png,/content/drive/MyDrive/phase11-persistent/gt_boundaries/Steel2/87431041_tile_1280_0.png,0,0,256,256,0,0
Steel2/87431041_tile_1280_1024/x0_y0,Steel2,87431041,87431041_tile_1280_1024.png,0,0,0.123138,val,256,/content/drive/MyDrive/phase11-data/data/Steel2/images/87431041_tile_1280_1024.png,/content/drive/MyDrive/phase11-persistent/gt_boundaries/Steel2/87431041_tile_1280_1024.png,0,0,256,256,0,0
Steel2/87431041_tile_1280_1280/x0_y0,Steel2,87431041,87431041_tile_1280_1280.png,0,0,0.186234,val,256,/content/drive/MyDrive/phase11-data/data/Steel2/images/87431041_tile_1280_1280.png,/content/drive/MyDrive/phase11-persistent/gt_boundaries/Steel2/87431041_tile_1280_1280.png,0,0,256,256,0,0
Steel2/87431041_tile_1280_1536/x0_y0,Steel2,87431041,87431041_tile_1280_1536.png,0,0,0.161453,val,256,/content/drive/MyDrive/phase11-data/data/Steel2/images/87431041_tile_1280_1536.png,/content/drive/MyDrive/phase11-persistent/gt_boundaries/Steel2/87431041_tile_1280_1536.png,0,0,256,256,0,0
Steel2/87431041_tile_1280_1792/x0_y0,Steel2,87431041,87431041_tile_1280_1792.png,0,0,0.177368,val,256,/content/drive/MyDrive/phase11-data/data/Steel2/images/87431041_tile_1280_1792.png,/content/drive/MyDrive/phase11-persistent/gt_boundaries/Steel2/87431041_tile_1280_1792.png,0,0,256,256,0,0
Steel2/87431041_tile_1280_2048/x0_y0,Steel2,87431041,87431041_tile_1280_2048.png,0,0,0.251999,val,256,/content/drive/MyDrive/phase11-data/data/Steel2/images/87431041_tile_1280_2048.png,/content/drive/MyDrive/phase11-persistent/gt_boundaries/Steel2/87431041_tile_1280_2048.png,0,0,256,256,0,0
Steel2/87431041_tile_1280_256/x0_y0,Steel2,87431041,87431041_tile_1280_256.png,0,0,0.166138,val,256,/content/drive/MyDrive/phase11-data/data/Steel2/images/87431041_tile_1280_256.png,/content/drive/MyDrive/phase11-persistent/gt_boundaries/Steel2/87431041_tile_1280_256.png,0,0,256,256,0,0
Steel2/87431041_tile_1280_512/x0_y0,Steel2,87431041,87431041_tile_1280_512.png,0,0,0.177704,val,256,/content/drive/MyDrive/phase11-data/data/Steel2/images/87431041_tile_1280_512.png,/content/drive/MyDrive/phase11-persistent/gt_boundaries/Steel2/87431041_tile_1280_512.png,0,0,256,256,0,0
Steel2/87431041_tile_1280_768/x0_y0,Steel2,87431041,87431041_tile_1280_768.png,0,0,0.173096,val,256,/content/drive/MyDrive/phase11-data/data/Steel2/images/87431041_tile_1280_768.png,/content/drive/MyDrive/phase11-persistent/gt_boundaries/Steel2/87431041_tile_1280_768.png,0,0,256,256,0,0
Steel2/87431041_tile_1536_0/x0_y0,Steel2,87431041,87431041_tile_1536_0.png,0,0,0.221069,val,256,/content/drive/MyDrive/phase11-data/data/Steel2/images/87431041_tile_1536_0.png,/content/drive/MyDrive/phase11-persistent/gt_boundaries/Steel2/87431041_tile_1536_0.png,0,0,256,256,0,0
Steel2/87431041_tile_1536_1024/x0_y0,Steel2,87431041,87431041_tile_1536_1024.png,0,0,0.152527,val,256,/content/drive/MyDrive/phase11-data/data/Steel2/images/87431041_tile_1536_1024.png,/content/drive/MyDrive/phase11-persistent/gt_boundaries/Steel2/87431041_tile_1536_1024.png,0,0,256,256,0,0
Steel2/87431041_tile_1536_1280/x0_y0,Steel2,87431041,87431041_tile_1536_1280.png,0,0,0.167816,val,256,/content/drive/MyDrive/phase11-data/data/Steel2/images/87431041_tile_1536_1280.png,/content/drive/MyDrive/phase11-persistent/gt_boundaries/Steel2/87431041_tile_1536_1280.png,0,0,256,256,0,0
Steel2/87431041_tile_1536_1536/x0_y0,Steel2,87431041,87431041_tile_1536_1536.png,0,0,0.211075,val,256,/content/drive/MyDrive/phase11-data/data/Steel2/images/87431041_tile_1536_1536.png,/content/drive/MyDrive/phase11-persistent/gt_boundaries/Steel2/87431041_tile_1536_1536.png,0,0,256,256,0,0
Steel2/87431041_tile_1536_1792/x0_y0,Steel2,87431041,87431041_tile_1536_1792.png,0,0,0.216415,val,256,/content/drive/MyDrive/phase11-data/data/Steel2/images/87431041_tile_1536_1792.png,/content/drive/MyDrive/phase11-persistent/gt_boundaries/Steel2/87431041_tile_1536_1792.png,0,0,256,256,0,0
Steel2/87431041_tile_1536_2048/x0_y0,Steel2,87431041,87431041_tile_1536_2048.png,0,0,0.218292,val,256,/content/drive/MyDrive/phase11-data/data/Steel2/images/87431041_tile_1536_2048.png,/content/drive/MyDrive/phase11-persistent/gt_boundaries/Steel2/87431041_tile_1536_2048.png,0,0,256,256,0,0
Steel2/87431041_tile_1536_256/x0_y0,Steel2,87431041,87431041_tile_1536_256.png,0,0,0.16452,val,256,/content/drive/MyDrive/phase11-data/data/Steel2/images/87431041_tile_1536_256.png,/content/drive/MyDrive/phase11-persistent/gt_boundaries/Steel2/87431041_tile_1536_256.png,0,0,256,256,0,0
Steel2/87431041_tile_1536_512/x0_y0,Steel2,87431041,87431041_tile_1536_512.png,0,0,0.157867,val,256,/content/drive/MyDrive/phase11-data/data/Steel2/images/87431041_tile_1536_512.png,/content/drive/MyDrive/phase11-persistent/gt_boundaries/Steel2/87431041_tile_1536_512.png,0,0,256,256,0,0
Steel2/87431041_tile_1536_768/x0_y0,Steel2,87431041,87431041_tile_1536_768.png,0,0,0.186249,val,256,/content/drive/MyDrive/phase11-data/data/Steel2/images/87431041_tile_1536_768.png,/content/drive/MyDrive/phase11-persistent/gt_boundaries/Steel2/87431041_tile_1536_768.png,0,0,256,256,0,0
Steel2/87431041_tile_1792_0/x0_y0,Steel2,87431041,87431041_tile_1792_0.png,0,0,0.231476,val,256,/content/drive/MyDrive/phase11-data/data/Steel2/images/87431041_tile_1792_0.png,/content/drive/MyDrive/phase11-persistent/gt_boundaries/Steel2/87431041_tile_1792_0.png,0,0,256,256,0,0
Steel2/87431041_tile_1792_1024/x0_y0,Steel2,87431041,87431041_tile_1792_1024.png,0,0,0.12442,val,256,/content/drive/MyDrive/phase11-data/data/Steel2/images/87431041_tile_1792_1024.png,/content/drive/MyDrive/phase11-persistent/gt_boundaries/Steel2/87431041_tile_1792_1024.png,0,0,256,256,0,0
Steel2/87431041_tile_1792_1280/x0_y0,Steel2,87431041,87431041_tile_1792_1280.png,0,0,0.150146,val,256,/content/drive/MyDrive/phase11-data/data/Steel2/images/87431041_tile_1792_1280.png,/content/drive/MyDrive/phase11-persistent/gt_boundaries/Steel2/87431041_tile_1792_1280.png,0,0,256,256,0,0
Steel2/87431041_tile_1792_1536/x0_y0,Steel2,87431041,87431041_tile_1792_1536.png,0,0,0.217453,val,256,/content/drive/MyDrive/phase11-data/data/Steel2/images/87431041_tile_1792_1536.png,/content/drive/MyDrive/phase11-persistent/gt_boundaries/Steel2/87431041_tile_1792_1536.png,0,0,256,256,0,0
Steel2/87431041_tile_1792_1792/x0_y0,Steel2,87431041,87431041_tile_1792_1792.png,0,0,0.194153,val,256,/content/drive/MyDrive/phase11-data/data/Steel2/images/87431041_tile_1792_1792.png,/content/drive/MyDrive/phase11-persistent/gt_boundaries/Steel2/87431041_tile_1792_1792.png,0,0,256,256,0,0
Steel2/87431041_tile_1792_2048/x0_y0,Steel2,87431041,87431041_tile_1792_2048.png,0,0,0.210999,val,256,/content/drive/MyDrive/phase11-data/data/Steel2/images/87431041_tile_1792_2048.png,/content/drive/MyDrive/phase11-persistent/gt_boundaries/Steel2/87431041_tile_1792_2048.png,0,0,256,256,0,0
Steel2/87431041_tile_1792_256/x0_y0,Steel2,87431041,87431041_tile_1792_256.png,0,0,0.203796,val,256,/content/drive/MyDrive/phase11-data/data/Steel2/images/87431041_tile_1792_256.png,/content/drive/MyDrive/phase11-persistent/gt_boundaries/Steel2/87431041_tile_1792_256.png,0,0,256,256,0,0
Steel2/87431041_tile_1792_512/x0_y0,Steel2,87431041,87431041_tile_1792_512.png,0,0,0.193909,val,256,/content/drive/MyDrive/phase11-data/data/Steel2/images/87431041_tile_1792_512.png,/content/drive/MyDrive/phase11-persistent/gt_boundaries/Steel2/87431041_tile_1792_512.png,0,0,256,256,0,0
Steel2/87431041_tile_1792_768/x0_y0,Steel2,87431041,87431041_tile_1792_768.png,0,0,0.187714,val,256,/content/drive/MyDrive/phase11-data/data/Steel2/images/87431041_tile_1792_768.png,/content/drive/MyDrive/phase11-persistent/gt_boundaries/Steel2/87431041_tile_1792_768.png,0,0,256,256,0,0
Steel2/87431041_tile_2048_0/x0_y0,Steel2,87431041,87431041_tile_2048_0.png,0,0,0.253403,val,256,/content/drive/MyDrive/phase11-data/data/Steel2/images/87431041_tile_2048_0.png,/content/drive/MyDrive/phase11-persistent/gt_boundaries/Steel2/87431041_tile_2048_0.png,0,0,256,256,0,0
Steel2/87431041_tile_2048_1024/x0_y0,Steel2,87431041,87431041_tile_2048_1024.png,0,0,0.212585,val,256,/content/drive/MyDrive/phase11-data/data/Steel2/images/87431041_tile_2048_1024.png,/content/drive/MyDrive/phase11-persistent/gt_boundaries/Steel2/87431041_tile_2048_1024.png,0,0,256,256,0,0
Steel2/87431041_tile_2048_1280/x0_y0,Steel2,87431041,87431041_tile_2048_1280.png,0,0,0.227097,val,256,/content/drive/MyDrive/phase11-data/data/Steel2/images/87431041_tile_2048_1280.png,/content/drive/MyDrive/phase11-persistent/gt_boundaries/Steel2/87431041_tile_2048_1280.png,0,0,256,256,0,0
Steel2/87431041_tile_2048_1536/x0_y0,Steel2,87431041,87431041_tile_2048_1536.png,0,0,0.198822,val,256,/content/drive/MyDrive/phase11-data/data/Steel2/images/87431041_tile_2048_1536.png,/content/drive/MyDrive/phase11-persistent/gt_boundaries/Steel2/87431041_tile_2048_1536.png,0,0,256,256,0,0
Steel2/87431041_tile_2048_1792/x0_y0,Steel2,87431041,87431041_tile_2048_1792.png,0,0,0.221405,val,256,/content/drive/MyDrive/phase11-data/data/Steel2/images/87431041_tile_2048_1792.png,/content/drive/MyDrive/phase11-persistent/gt_boundaries/Steel2/87431041_tile_2048_1792.png,0,0,256,256,0,0
Steel2/87431041_tile_2048_2048/x0_y0,Steel2,87431041,87431041_tile_2048_2048.png,0,0,0.230118,val,256,/content/drive/MyDrive/phase11-data/data/Steel2/images/87431041_tile_2048_2048.png,/content/drive/MyDrive/phase11-persistent/gt_boundaries/Steel2/87431041_tile_2048_2048.png,0,0,256,256,0,0
Steel2/87431041_tile_2048_256/x0_y0,Steel2,87431041,87431041_tile_2048_256.png,0,0,0.200592,val,256,/content/drive/MyDrive/phase11-data/data/Steel2/images/87431041_tile_2048_256.png,/content/drive/MyDrive/phase11-persistent/gt_boundaries/Steel2/87431041_tile_2048_256.png,0,0,256,256,0,0
Steel2/87431041_tile_2048_512/x0_y0,Steel2,87431041,87431041_tile_2048_512.png,0,0,0.236603,val,256,/content/drive/MyDrive/phase11-data/data/Steel2/images/87431041_tile_2048_512.png,/content/drive/MyDrive/phase11-persistent/gt_boundaries/Steel2/87431041_tile_2048_512.png,0,0,256,256,0,0
Steel2/87431041_tile_2048_768/x0_y0,Steel2,87431041,87431041_tile_2048_768.png,0,0,0.161163,val,256,/content/drive/MyDrive/phase11-data/data/Steel2/images/87431041_tile_2048_768.png,/content/drive/MyDrive/phase11-persistent/gt_boundaries/Steel2/87431041_tile_2048_768.png,0,0,256,256,0,0
Steel2/87431041_tile_2304_0/x0_y0,Steel2,87431041,87431041_tile_2304_0.png,0,0,0.235657,val,256,/content/drive/MyDrive/phase11-data/data/Steel2/images/87431041_tile_2304_0.png,/content/drive/MyDrive/phase11-persistent/gt_boundaries/Steel2/87431041_tile_2304_0.png,0,0,256,256,0,0
Steel2/87431041_tile_2304_1024/x0_y0,Steel2,87431041,87431041_tile_2304_1024.png,0,0,0.231216,val,256,/content/drive/MyDrive/phase11-data/data/Steel2/images/87431041_tile_2304_1024.png,/content/drive/MyDrive/phase11-persistent/gt_boundaries/Steel2/87431041_tile_2304_1024.png,0,0,256,256,0,0
Steel2/87431041_tile_2304_1280/x0_y0,Steel2,87431041,87431041_tile_2304_1280.png,0,0,0.230118,val,256,/content/drive/MyDrive/phase11-data/data/Steel2/images/87431041_tile_2304_1280.png,/content/drive/MyDrive/phase11-persistent/gt_boundaries/Steel2/87431041_tile_2304_1280.png,0,0,256,256,0,0
Steel2/87431041_tile_2304_1536/x0_y0,Steel2,87431041,87431041_tile_2304_1536.png,0,0,0.242935,val,256,/content/drive/MyDrive/phase11-data/data/Steel2/images/87431041_tile_2304_1536.png,/content/drive/MyDrive/phase11-persistent/gt_boundaries/Steel2/87431041_tile_2304_1536.png,0,0,256,256,0,0
Steel2/87431041_tile_2304_1792/x0_y0,Steel2,87431041,87431041_tile_2304_1792.png,0,0,0.233368,val,256,/content/drive/MyDrive/phase11-data/data/Steel2/images/87431041_tile_2304_1792.png,/content/drive/MyDrive/phase11-persistent/gt_boundaries/Steel2/87431041_tile_2304_1792.png,0,0,256,256,0,0
Steel2/87431041_tile_2304_2048/x0_y0,Steel2,87431041,87431041_tile_2304_2048.png,0,0,0.23378,val,256,/content/drive/MyDrive/phase11-data/data/Steel2/images/87431041_tile_2304_2048.png,/content/drive/MyDrive/phase11-persistent/gt_boundaries/Steel2/87431041_tile_2304_2048.png,0,0,256,256,0,0
Steel2/87431041_tile_2304_256/x0_y0,Steel2,87431041,87431041_tile_2304_256.png,0,0,0.236267,val,256,/content/drive/MyDrive/phase11-data/data/Steel2/images/87431041_tile_2304_256.png,/content/drive/MyDrive/phase11-persistent/gt_boundaries/Steel2/87431041_tile_2304_256.png,0,0,256,256,0,0
Steel2/87431041_tile_2304_512/x0_y0,Steel2,87431041,87431041_tile_2304_512.png,0,0,0.21492,val,256,/content/drive/MyDrive/phase11-data/data/Steel2/images/87431041_tile_2304_512.png,/content/drive/MyDrive/phase11-persistent/gt_boundaries/Steel2/87431041_tile_2304_512.png,0,0,256,256,0,0
Steel2/87431041_tile_2304_768/x0_y0,Steel2,87431041,87431041_tile_2304_768.png,0,0,0.204819,val,256,/content/drive/MyDrive/phase11-data/data/Steel2/images/87431041_tile_2304_768.png,/content/drive/MyDrive/phase11-persistent/gt_boundaries/Steel2/87431041_tile_2304_768.png,0,0,256,256,0,0
Steel2/87431041_tile_2560_0/x0_y0,Steel2,87431041,87431041_tile_2560_0.png,0,0,0.228683,val,256,/content/drive/MyDrive/phase11-data/data/Steel2/images/87431041_tile_2560_0.png,/content/drive/MyDrive/phase11-persistent/gt_boundaries/Steel2/87431041_tile_2560_0.png,0,0,256,256,0,0
Steel2/87431041_tile_2560_1024/x0_y0,Steel2,87431041,87431041_tile_2560_1024.png,0,0,0.205109,val,256,/content/drive/MyDrive/phase11-data/data/Steel2/images/87431041_tile_2560_1024.png,/content/drive/MyDrive/phase11-persistent/gt_boundaries/Steel2/87431041_tile_2560_1024.png,0,0,256,256,0,0
Steel2/87431041_tile_2560_1280/x0_y0,Steel2,87431041,87431041_tile_2560_1280.png,0,0,0.210449,val,256,/content/drive/MyDrive/phase11-data/data/Steel2/images/87431041_tile_2560_1280.png,/content/drive/MyDrive/phase11-persistent/gt_boundaries/Steel2/87431041_tile_2560_1280.png,0,0,256,256,0,0
Steel2/87431041_tile_2560_1536/x0_y0,Steel2,87431041,87431041_tile_2560_1536.png,0,0,0.231033,val,256,/content/drive/MyDrive/phase11-data/data/Steel2/images/87431041_tile_2560_1536.png,/content/drive/MyDrive/phase11-persistent/gt_boundaries/Steel2/87431041_tile_2560_1536.png,0,0,256,256,0,0
Steel2/87431041_tile_2560_1792/x0_y0,Steel2,87431041,87431041_tile_2560_1792.png,0,0,0.243256,val,256,/content/drive/MyDrive/phase11-data/data/Steel2/images/87431041_tile_2560_1792.png,/content/drive/MyDrive/phase11-persistent/gt_boundaries/Steel2/87431041_tile_2560_1792.png,0,0,256,256,0,0
Steel2/87431041_tile_2560_2048/x0_y0,Steel2,87431041,87431041_tile_2560_2048.png,0,0,0.25798,val,256,/content/drive/MyDrive/phase11-data/data/Steel2/images/87431041_tile_2560_2048.png,/content/drive/MyDrive/phase11-persistent/gt_boundaries/Steel2/87431041_tile_2560_2048.png,0,0,256,256,0,0
Steel2/87431041_tile_2560_256/x0_y0,Steel2,87431041,87431041_tile_2560_256.png,0,0,0.215485,val,256,/content/drive/MyDrive/phase11-data/data/Steel2/images/87431041_tile_2560_256.png,/content/drive/MyDrive/phase11-persistent/gt_boundaries/Steel2/87431041_tile_2560_256.png,0,0,256,256,0,0
Steel2/87431041_tile_2560_512/x0_y0,Steel2,87431041,87431041_tile_2560_512.png,0,0,0.228577,val,256,/content/drive/MyDrive/phase11-data/data/Steel2/images/87431041_tile_2560_512.png,/content/drive/MyDrive/phase11-persistent/gt_boundaries/Steel2/87431041_tile_2560_512.png,0,0,256,256,0,0
Steel2/87431041_tile_2560_768/x0_y0,Steel2,87431041,87431041_tile_2560_768.png,0,0,0.214905,val,256,/content/drive/MyDrive/phase11-data/data/Steel2/images/87431041_tile_2560_768.png,/content/drive/MyDrive/phase11-persistent/gt_boundaries/Steel2/87431041_tile_2560_768.png,0,0,256,256,0,0
Steel2/87431041_tile_256_0/x0_y0,Steel2,87431041,87431041_tile_256_0.png,0,0,0.143311,val,256,/content/drive/MyDrive/phase11-data/data/Steel2/images/87431041_tile_256_0.png,/content/drive/MyDrive/phase11-persistent/gt_boundaries/Steel2/87431041_tile_256_0.png,0,0,256,256,0,0
Steel2/87431041_tile_256_1024/x0_y0,Steel2,87431041,87431041_tile_256_1024.png,0,0,0.122559,val,256,/content/drive/MyDrive/phase11-data/data/Steel2/images/87431041_tile_256_1024.png,/content/drive/MyDrive/phase11-persistent/gt_boundaries/Steel2/87431041_tile_256_1024.png,0,0,256,256,0,0
Steel2/87431041_tile_256_1280/x0_y0,Steel2,87431041,87431041_tile_256_1280.png,0,0,0.169952,val,256,/content/drive/MyDrive/phase11-data/data/Steel2/images/87431041_tile_256_1280.png,/content/drive/MyDrive/phase11-persistent/gt_boundaries/Steel2/87431041_tile_256_1280.png,0,0,256,256,0,0
Steel2/87431041_tile_256_1536/x0_y0,Steel2,87431041,87431041_tile_256_1536.png,0,0,0.144577,val,256,/content/drive/MyDrive/phase11-data/data/Steel2/images/87431041_tile_256_1536.png,/content/drive/MyDrive/phase11-persistent/gt_boundaries/Steel2/87431041_tile_256_1536.png,0,0,256,256,0,0
Steel2/87431041_tile_256_1792/x0_y0,Steel2,87431041,87431041_tile_256_1792.png,0,0,0.170731,val,256,/content/drive/MyDrive/phase11-data/data/Steel2/images/87431041_tile_256_1792.png,/content/drive/MyDrive/phase11-persistent/gt_boundaries/Steel2/87431041_tile_256_1792.png,0,0,256,256,0,0
Steel2/87431041_tile_256_2048/x0_y0,Steel2,87431041,87431041_tile_256_2048.png,0,0,0.178146,val,256,/content/drive/MyDrive/phase11-data/data/Steel2/images/87431041_tile_256_2048.png,/content/drive/MyDrive/phase11-persistent/gt_boundaries/Steel2/87431041_tile_256_2048.png,0,0,256,256,0,0
Steel2/87431041_tile_256_256/x0_y0,Steel2,87431041,87431041_tile_256_256.png,0,0,0.125443,val,256,/content/drive/MyDrive/phase11-data/data/Steel2/images/87431041_tile_256_256.png,/content/drive/MyDrive/phase11-persistent/gt_boundaries/Steel2/87431041_tile_256_256.png,0,0,256,256,0,0
Steel2/87431041_tile_256_512/x0_y0,Steel2,87431041,87431041_tile_256_512.png,0,0,0.152557,val,256,/content/drive/MyDrive/phase11-data/data/Steel2/images/87431041_tile_256_512.png,/content/drive/MyDrive/phase11-persistent/gt_boundaries/Steel2/87431041_tile_256_512.png,0,0,256,256,0,0
Steel2/87431041_tile_256_768/x0_y0,Steel2,87431041,87431041_tile_256_768.png,0,0,0.157776,val,256,/content/drive/MyDrive/phase11-data/data/Steel2/images/87431041_tile_256_768.png,/content/drive/MyDrive/phase11-persistent/gt_boundaries/Steel2/87431041_tile_256_768.png,0,0,256,256,0,0
Steel2/87431041_tile_2816_0/x0_y0,Steel2,87431041,87431041_tile_2816_0.png,0,0,0.215256,val,256,/content/drive/MyDrive/phase11-data/data/Steel2/images/87431041_tile_2816_0.png,/content/drive/MyDrive/phase11-persistent/gt_boundaries/Steel2/87431041_tile_2816_0.png,0,0,256,256,0,0
Steel2/87431041_tile_2816_1024/x0_y0,Steel2,87431041,87431041_tile_2816_1024.png,0,0,0.21315,val,256,/content/drive/MyDrive/phase11-data/data/Steel2/images/87431041_tile_2816_1024.png,/content/drive/MyDrive/phase11-persistent/gt_boundaries/Steel2/87431041_tile_2816_1024.png,0,0,256,256,0,0
Steel2/87431041_tile_2816_1280/x0_y0,Steel2,87431041,87431041_tile_2816_1280.png,0,0,0.229828,val,256,/content/drive/MyDrive/phase11-data/data/Steel2/images/87431041_tile_2816_1280.png,/content/drive/MyDrive/phase11-persistent/gt_boundaries/Steel2/87431041_tile_2816_1280.png,0,0,256,256,0,0
Steel2/87431041_tile_2816_1536/x0_y0,Steel2,87431041,87431041_tile_2816_1536.png,0,0,0.213989,val,256,/content/drive/MyDrive/phase11-data/data/Steel2/images/87431041_tile_2816_1536.png,/content/drive/MyDrive/phase11-persistent/gt_boundaries/Steel2/87431041_tile_2816_1536.png,0,0,256,256,0,0
Steel2/87431041_tile_2816_1792/x0_y0,Steel2,87431041,87431041_tile_2816_1792.png,0,0,0.243958,val,256,/content/drive/MyDrive/phase11-data/data/Steel2/images/87431041_tile_2816_1792.png,/content/drive/MyDrive/phase11-persistent/gt_boundaries/Steel2/87431041_tile_2816_1792.png,0,0,256,256,0,0
Steel2/87431041_tile_2816_2048/x0_y0,Steel2,87431041,87431041_tile_2816_2048.png,0,0,0.262344,val,256,/content/drive/MyDrive/phase11-data/data/Steel2/images/87431041_tile_2816_2048.png,/content/drive/MyDrive/phase11-persistent/gt_boundaries/Steel2/87431041_tile_2816_2048.png,0,0,256,256,0,0
Steel2/87431041_tile_2816_256/x0_y0,Steel2,87431041,87431041_tile_2816_256.png,0,0,0.214096,val,256,/content/drive/MyDrive/phase11-data/data/Steel2/images/87431041_tile_2816_256.png,/content/drive/MyDrive/phase11-persistent/gt_boundaries/Steel2/87431041_tile_2816_256.png,0,0,256,256,0,0
Steel2/87431041_tile_2816_512/x0_y0,Steel2,87431041,87431041_tile_2816_512.png,0,0,0.225693,val,256,/content/drive/MyDrive/phase11-data/data/Steel2/images/87431041_tile_2816_512.png,/content/drive/MyDrive/phase11-persistent/gt_boundaries/Steel2/87431041_tile_2816_512.png,0,0,256,256,0,0
Steel2/87431041_tile_2816_768/x0_y0,Steel2,87431041,87431041_tile_2816_768.png,0,0,0.252243,val,256,/content/drive/MyDrive/phase11-data/data/Steel2/images/87431041_tile_2816_768.png,/content/drive/MyDrive/phase11-persistent/gt_boundaries/Steel2/87431041_tile_2816_768.png,0,0,256,256,0,0
Steel2/87431041_tile_3072_0/x0_y0,Steel2,87431041,87431041_tile_3072_0.png,0,0,0.249527,val,256,/content/drive/MyDrive/phase11-data/data/Steel2/images/87431041_tile_3072_0.png,/content/drive/MyDrive/phase11-persistent/gt_boundaries/Steel2/87431041_tile_3072_0.png,0,0,256,256,0,0
Steel2/87431041_tile_3072_1024/x0_y0,Steel2,87431041,87431041_tile_3072_1024.png,0,0,0.220535,val,256,/content/drive/MyDrive/phase11-data/data/Steel2/images/87431041_tile_3072_1024.png,/content/drive/MyDrive/phase11-persistent/gt_boundaries/Steel2/87431041_tile_3072_1024.png,0,0,256,256,0,0
Steel2/87431041_tile_3072_1280/x0_y0,Steel2,87431041,87431041_tile_3072_1280.png,0,0,0.224228,val,256,/content/drive/MyDrive/phase11-data/data/Steel2/images/87431041_tile_3072_1280.png,/content/drive/MyDrive/phase11-persistent/gt_boundaries/Steel2/87431041_tile_3072_1280.png,0,0,256,256,0,0
Steel2/87431041_tile_3072_1536/x0_y0,Steel2,87431041,87431041_tile_3072_1536.png,0,0,0.204468,val,256,/content/drive/MyDrive/phase11-data/data/Steel2/images/87431041_tile_3072_1536.png,/content/drive/MyDrive/phase11-persistent/gt_boundaries/Steel2/87431041_tile_3072_1536.png,0,0,256,256,0,0
Steel2/87431041_tile_3072_1792/x0_y0,Steel2,87431041,87431041_tile_3072_1792.png,0,0,0.255295,val,256,/content/drive/MyDrive/phase11-data/data/Steel2/images/87431041_tile_3072_1792.png,/content/drive/MyDrive/phase11-persistent/gt_boundaries/Steel2/87431041_tile_3072_1792.png,0,0,256,256,0,0
Steel2/87431041_tile_3072_2048/x0_y0,Steel2,87431041,87431041_tile_3072_2048.png,0,0,0.250107,val,256,/content/drive/MyDrive/phase11-data/data/Steel2/images/87431041_tile_3072_2048.png,/content/drive/MyDrive/phase11-persistent/gt_boundaries/Steel2/87431041_tile_3072_2048.png,0,0,256,256,0,0
Steel2/87431041_tile_3072_256/x0_y0,Steel2,87431041,87431041_tile_3072_256.png,0,0,0.217178,val,256,/content/drive/MyDrive/phase11-data/data/Steel2/images/87431041_tile_3072_256.png,/content/drive/MyDrive/phase11-persistent/gt_boundaries/Steel2/87431041_tile_3072_256.png,0,0,256,256,0,0
Steel2/87431041_tile_3072_512/x0_y0,Steel2,87431041,87431041_tile_3072_512.png,0,0,0.199936,val,256,/content/drive/MyDrive/phase11-data/data/Steel2/images/87431041_tile_3072_512.png,/content/drive/MyDrive/phase11-persistent/gt_boundaries/Steel2/87431041_tile_3072_512.png,0,0,256,256,0,0
Steel2/87431041_tile_3072_768/x0_y0,Steel2,87431041,87431041_tile_3072_768.png,0,0,0.239883,val,256,/content/drive/MyDrive/phase11-data/data/Steel2/images/87431041_tile_3072_768.png,/content/drive/MyDrive/phase11-persistent/gt_boundaries/Steel2/87431041_tile_3072_768.png,0,0,256,256,0,0
Steel2/87431041_tile_3328_0/x0_y0,Steel2,87431041,87431041_tile_3328_0.png,0,0,0.123077,val,256,/content/drive/MyDrive/phase11-data/data/Steel2/images/87431041_tile_3328_0.png,/content/drive/MyDrive/phase11-persistent/gt_boundaries/Steel2/87431041_tile_3328_0.png,0,0,256,256,0,0
Steel2/87431041_tile_3328_1024/x0_y0,Steel2,87431041,87431041_tile_3328_1024.png,0,0,0.184738,val,256,/content/drive/MyDrive/phase11-data/data/Steel2/images/87431041_tile_3328_1024.png,/content/drive/MyDrive/phase11-persistent/gt_boundaries/Steel2/87431041_tile_3328_1024.png,0,0,256,256,0,0
Steel2/87431041_tile_3328_1280/x0_y0,Steel2,87431041,87431041_tile_3328_1280.png,0,0,0.130127,val,256,/content/drive/MyDrive/phase11-data/data/Steel2/images/87431041_tile_3328_1280.png,/content/drive/MyDrive/phase11-persistent/gt_boundaries/Steel2/87431041_tile_3328_1280.png,0,0,256,256,0,0
Steel2/87431041_tile_3328_1536/x0_y0,Steel2,87431041,87431041_tile_3328_1536.png,0,0,0.150269,val,256,/content/drive/MyDrive/phase11-data/data/Steel2/images/87431041_tile_3328_1536.png,/content/drive/MyDrive/phase11-persistent/gt_boundaries/Steel2/87431041_tile_3328_1536.png,0,0,256,256,0,0
Steel2/87431041_tile_3328_1792/x0_y0,Steel2,87431041,87431041_tile_3328_1792.png,0,0,0.167999,val,256,/content/drive/MyDrive/phase11-data/data/Steel2/images/87431041_tile_3328_1792.png,/content/drive/MyDrive/phase11-persistent/gt_boundaries/Steel2/87431041_tile_3328_1792.png,0,0,256,256,0,0
Steel2/87431041_tile_3328_2048/x0_y0,Steel2,87431041,87431041_tile_3328_2048.png,0,0,0.187927,val,256,/content/drive/MyDrive/phase11-data/data/Steel2/images/87431041_tile_3328_2048.png,/content/drive/MyDrive/phase11-persistent/gt_boundaries/Steel2/87431041_tile_3328_2048.png,0,0,256,256,0,0
Steel2/87431041_tile_3328_256/x0_y0,Steel2,87431041,87431041_tile_3328_256.png,0,0,0.120773,val,256,/content/drive/MyDrive/phase11-data/data/Steel2/images/87431041_tile_3328_256.png,/content/drive/MyDrive/phase11-persistent/gt_boundaries/Steel2/87431041_tile_3328_256.png,0,0,256,256,0,0
Steel2/87431041_tile_3328_512/x0_y0,Steel2,87431041,87431041_tile_3328_512.png,0,0,0.167648,val,256,/content/drive/MyDrive/phase11-data/data/Steel2/images/87431041_tile_3328_512.png,/content/drive/MyDrive/phase11-persistent/gt_boundaries/Steel2/87431041_tile_3328_512.png,0,0,256,256,0,0
Steel2/87431041_tile_3328_768/x0_y0,Steel2,87431041,87431041_tile_3328_768.png,0,0,0.153259,val,256,/content/drive/MyDrive/phase11-data/data/Steel2/images/87431041_tile_3328_768.png,/content/drive/MyDrive/phase11-persistent/gt_boundaries/Steel2/87431041_tile_3328_768.png,0,0,256,256,0,0
Steel2/87431041_tile_512_0/x0_y0,Steel2,87431041,87431041_tile_512_0.png,0,0,0.192932,val,256,/content/drive/MyDrive/phase11-data/data/Steel2/images/87431041_tile_512_0.png,/content/drive/MyDrive/phase11-persistent/gt_boundaries/Steel2/87431041_tile_512_0.png,0,0,256,256,0,0
Steel2/87431041_tile_512_1024/x0_y0,Steel2,87431041,87431041_tile_512_1024.png,0,0,0.11322,val,256,/content/drive/MyDrive/phase11-data/data/Steel2/images/87431041_tile_512_1024.png,/content/drive/MyDrive/phase11-persistent/gt_boundaries/Steel2/87431041_tile_512_1024.png,0,0,256,256,0,0
Steel2/87431041_tile_512_1280/x0_y0,Steel2,87431041,87431041_tile_512_1280.png,0,0,0.133133,val,256,/content/drive/MyDrive/phase11-data/data/Steel2/images/87431041_tile_512_1280.png,/content/drive/MyDrive/phase11-persistent/gt_boundaries/Steel2/87431041_tile_512_1280.png,0,0,256,256,0,0
Steel2/87431041_tile_512_1536/x0_y0,Steel2,87431041,87431041_tile_512_1536.png,0,0,0.181244,val,256,/content/drive/MyDrive/phase11-data/data/Steel2/images/87431041_tile_512_1536.png,/content/drive/MyDrive/phase11-persistent/gt_boundaries/Steel2/87431041_tile_512_1536.png,0,0,256,256,0,0
Steel2/87431041_tile_512_1792/x0_y0,Steel2,87431041,87431041_tile_512_1792.png,0,0,0.194016,val,256,/content/drive/MyDrive/phase11-data/data/Steel2/images/87431041_tile_512_1792.png,/content/drive/MyDrive/phase11-persistent/gt_boundaries/Steel2/87431041_tile_512_1792.png,0,0,256,256,0,0
Steel2/87431041_tile_512_2048/x0_y0,Steel2,87431041,87431041_tile_512_2048.png,0,0,0.17099,val,256,/content/drive/MyDrive/phase11-data/data/Steel2/images/87431041_tile_512_2048.png,/content/drive/MyDrive/phase11-persistent/gt_boundaries/Steel2/87431041_tile_512_2048.png,0,0,256,256,0,0
Steel2/87431041_tile_512_256/x0_y0,Steel2,87431041,87431041_tile_512_256.png,0,0,0.143906,val,256,/content/drive/MyDrive/phase11-data/data/Steel2/images/87431041_tile_512_256.png,/content/drive/MyDrive/phase11-persistent/gt_boundaries/Steel2/87431041_tile_512_256.png,0,0,256,256,0,0
Steel2/87431041_tile_512_512/x0_y0,Steel2,87431041,87431041_tile_512_512.png,0,0,0.165359,val,256,/content/drive/MyDrive/phase11-data/data/Steel2/images/87431041_tile_512_512.png,/content/drive/MyDrive/phase11-persistent/gt_boundaries/Steel2/87431041_tile_512_512.png,0,0,256,256,0,0
Steel2/87431041_tile_512_768/x0_y0,Steel2,87431041,87431041_tile_512_768.png,0,0,0.114822,val,256,/content/drive/MyDrive/phase11-data/data/Steel2/images/87431041_tile_512_768.png,/content/drive/MyDrive/phase11-persistent/gt_boundaries/Steel2/87431041_tile_512_768.png,0,0,256,256,0,0
Steel2/87431041_tile_768_0/x0_y0,Steel2,87431041,87431041_tile_768_0.png,0,0,0.19252,val,256,/content/drive/MyDrive/phase11-data/data/Steel2/images/87431041_tile_768_0.png,/content/drive/MyDrive/phase11-persistent/gt_boundaries/Steel2/87431041_tile_768_0.png,0,0,256,256,0,0
Steel2/87431041_tile_768_1024/x0_y0,Steel2,87431041,87431041_tile_768_1024.png,0,0,0.134369,val,256,/content/drive/MyDrive/phase11-data/data/Steel2/images/87431041_tile_768_1024.png,/content/drive/MyDrive/phase11-persistent/gt_boundaries/Steel2/87431041_tile_768_1024.png,0,0,256,256,0,0
Steel2/87431041_tile_768_1280/x0_y0,Steel2,87431041,87431041_tile_768_1280.png,0,0,0.162079,val,256,/content/drive/MyDrive/phase11-data/data/Steel2/images/87431041_tile_768_1280.png,/content/drive/MyDrive/phase11-persistent/gt_boundaries/Steel2/87431041_tile_768_1280.png,0,0,256,256,0,0
Steel2/87431041_tile_768_1536/x0_y0,Steel2,87431041,87431041_tile_768_1536.png,0,0,0.164215,val,256,/content/drive/MyDrive/phase11-data/data/Steel2/images/87431041_tile_768_1536.png,/content/drive/MyDrive/phase11-persistent/gt_boundaries/Steel2/87431041_tile_768_1536.png,0,0,256,256,0,0
Steel2/87431041_tile_768_1792/x0_y0,Steel2,87431041,87431041_tile_768_1792.png,0,0,0.20755,val,256,/content/drive/MyDrive/phase11-data/data/Steel2/images/87431041_tile_768_1792.png,/content/drive/MyDrive/phase11-persistent/gt_boundaries/Steel2/87431041_tile_768_1792.png,0,0,256,256,0,0
Steel2/87431041_tile_768_2048/x0_y0,Steel2,87431041,87431041_tile_768_2048.png,0,0,0.212692,val,256,/content/drive/MyDrive/phase11-data/data/Steel2/images/87431041_tile_768_2048.png,/content/drive/MyDrive/phase11-persistent/gt_boundaries/Steel2/87431041_tile_768_2048.png,0,0,256,256,0,0
Steel2/87431041_tile_768_256/x0_y0,Steel2,87431041,87431041_tile_768_256.png,0,0,0.167618,val,256,/content/drive/MyDrive/phase11-data/data/Steel2/images/87431041_tile_768_256.png,/content/drive/MyDrive/phase11-persistent/gt_boundaries/Steel2/87431041_tile_768_256.png,0,0,256,256,0,0
Steel2/87431041_tile_768_512/x0_y0,Steel2,87431041,87431041_tile_768_512.png,0,0,0.170105,val,256,/content/drive/MyDrive/phase11-data/data/Steel2/images/87431041_tile_768_512.png,/content/drive/MyDrive/phase11-persistent/gt_boundaries/Steel2/87431041_tile_768_512.png,0,0,256,256,0,0
Steel2/87431041_tile_768_768/x0_y0,Steel2,87431041,87431041_tile_768_768.png,0,0,0.129868,val,256,/content/drive/MyDrive/phase11-data/data/Steel2/images/87431041_tile_768_768.png,/content/drive/MyDrive/phase11-persistent/gt_boundaries/Steel2/87431041_tile_768_768.png,0,0,256,256,0,0
Steel2/87440491_tile_0_0/x0_y0,Steel2,87440491,87440491_tile_0_0.png,0,0,0.127121,train,256,/content/drive/MyDrive/phase11-data/data/Steel2/images/87440491_tile_0_0.png,/content/drive/MyDrive/phase11-persistent/gt_boundaries/Steel2/87440491_tile_0_0.png,0,0,256,256,0,0
Steel2/87440491_tile_0_1024/x0_y0,Steel2,87440491,87440491_tile_0_1024.png,0,0,0.13472,train,256,/content/drive/MyDrive/phase11-data/data/Steel2/images/87440491_tile_0_1024.png,/content/drive/MyDrive/phase11-persistent/gt_boundaries/Steel2/87440491_tile_0_1024.png,0,0,256,256,0,0
Steel2/87440491_tile_0_1280/x0_y0,Steel2,87440491,87440491_tile_0_1280.png,0,0,0.142578,train,256,/content/drive/MyDrive/phase11-data/data/Steel2/images/87440491_tile_0_1280.png,/content/drive/MyDrive/phase11-persistent/gt_boundaries/Steel2/87440491_tile_0_1280.png,0,0,256,256,0,0
Steel2/87440491_tile_0_1536/x0_y0,Steel2,87440491,87440491_tile_0_1536.png,0,0,0.13562,train,256,/content/drive/MyDrive/phase11-data/data/Steel2/images/87440491_tile_0_1536.png,/content/drive/MyDrive/phase11-persistent/gt_boundaries/Steel2/87440491_tile_0_1536.png,0,0,256,256,0,0
Steel2/87440491_tile_0_1792/x0_y0,Steel2,87440491,87440491_tile_0_1792.png,0,0,0.162628,train,256,/content/drive/MyDrive/phase11-data/data/Steel2/images/87440491_tile_0_1792.png,/content/drive/MyDrive/phase11-persistent/gt_boundaries/Steel2/87440491_tile_0_1792.png,0,0,256,256,0,0
Steel2/87440491_tile_0_2048/x0_y0,Steel2,87440491,87440491_tile_0_2048.png,0,0,0.223206,train,256,/content/drive/MyDrive/phase11-data/data/Steel2/images/87440491_tile_0_2048.png,/content/drive/MyDrive/phase11-persistent/gt_boundaries/Steel2/87440491_tile_0_2048.png,0,0,256,256,0,0
Steel2/87440491_tile_0_256/x0_y0,Steel2,87440491,87440491_tile_0_256.png,0,0,0.094177,train,256,/content/drive/MyDrive/phase11-data/data/Steel2/images/87440491_tile_0_256.png,/content/drive/MyDrive/phase11-persistent/gt_boundaries/Steel2/87440491_tile_0_256.png,0,0,256,256,0,0
Steel2/87440491_tile_0_512/x0_y0,Steel2,87440491,87440491_tile_0_512.png,0,0,0.109192,train,256,/content/drive/MyDrive/phase11-data/data/Steel2/images/87440491_tile_0_512.png,/content/drive/MyDrive/phase11-persistent/gt_boundaries/Steel2/87440491_tile_0_512.png,0,0,256,256,0,0
Steel2/87440491_tile_0_768/x0_y0,Steel2,87440491,87440491_tile_0_768.png,0,0,0.100311,train,256,/content/drive/MyDrive/phase11-data/data/Steel2/images/87440491_tile_0_768.png,/content/drive/MyDrive/phase11-persistent/gt_boundaries/Steel2/87440491_tile_0_768.png,0,0,256,256,0,0
Steel2/87440491_tile_1024_0/x0_y0,Steel2,87440491,87440491_tile_1024_0.png,0,0,0.136673,train,256,/content/drive/MyDrive/phase11-data/data/Steel2/images/87440491_tile_1024_0.png,/content/drive/MyDrive/phase11-persistent/gt_boundaries/Steel2/87440491_tile_1024_0.png,0,0,256,256,0,0
Steel2/87440491_tile_1024_1024/x0_y0,Steel2,87440491,87440491_tile_1024_1024.png,0,0,0.076294,train,256,/content/drive/MyDrive/phase11-data/data/Steel2/images/87440491_tile_1024_1024.png,/content/drive/MyDrive/phase11-persistent/gt_boundaries/Steel2/87440491_tile_1024_1024.png,0,0,256,256,0,0
Steel2/87440491_tile_1024_1280/x0_y0,Steel2,87440491,87440491_tile_1024_1280.png,0,0,0.054565,train,256,/content/drive/MyDrive/phase11-data/data/Steel2/images/87440491_tile_1024_1280.png,/content/drive/MyDrive/phase11-persistent/gt_boundaries/Steel2/87440491_tile_1024_1280.png,0,0,256,256,0,0
Steel2/87440491_tile_1024_1536/x0_y0,Steel2,87440491,87440491_tile_1024_1536.png,0,0,0.114441,train,256,/content/drive/MyDrive/phase11-data/data/Steel2/images/87440491_tile_1024_1536.png,/content/drive/MyDrive/phase11-persistent/gt_boundaries/Steel2/87440491_tile_1024_1536.png,0,0,256,256,0,0
Steel2/87440491_tile_1024_1792/x0_y0,Steel2,87440491,87440491_tile_1024_1792.png,0,0,0.165451,train,256,/content/drive/MyDrive/phase11-data/data/Steel2/images/87440491_tile_1024_1792.png,/content/drive/MyDrive/phase11-persistent/gt_boundaries/Steel2/87440491_tile_1024_1792.png,0,0,256,256,0,0
Steel2/87440491_tile_1024_2048/x0_y0,Steel2,87440491,87440491_tile_1024_2048.png,0,0,0.213654,train,256,/content/drive/MyDrive/phase11-data/data/Steel2/images/87440491_tile_1024_2048.png,/content/drive/MyDrive/phase11-persistent/gt_boundaries/Steel2/87440491_tile_1024_2048.png,0,0,256,256,0,0
Steel2/87440491_tile_1024_256/x0_y0,Steel2,87440491,87440491_tile_1024_256.png,0,0,0.094406,train,256,/content/drive/MyDrive/phase11-data/data/Steel2/images/87440491_tile_1024_256.png,/content/drive/MyDrive/phase11-persistent/gt_boundaries/Steel2/87440491_tile_1024_256.png,0,0,256,256,0,0
Steel2/87440491_tile_1024_512/x0_y0,Steel2,87440491,87440491_tile_1024_512.png,0,0,0.078842,train,256,/content/drive/MyDrive/phase11-data/data/Steel2/images/87440491_tile_1024_512.png,/content/drive/MyDrive/phase11-persistent/gt_boundaries/Steel2/87440491_tile_1024_512.png,0,0,256,256,0,0
Steel2/87440491_tile_1024_768/x0_y0,Steel2,87440491,87440491_tile_1024_768.png,0,0,0.068192,train,256,/content/drive/MyDrive/phase11-data/data/Steel2/images/87440491_tile_1024_768.png,/content/drive/MyDrive/phase11-persistent/gt_boundaries/Steel2/87440491_tile_1024_768.png,0,0,256,256,0,0
Steel2/87440491_tile_1280_0/x0_y0,Steel2,87440491,87440491_tile_1280_0.png,0,0,0.117325,train,256,/content/drive/MyDrive/phase11-data/data/Steel2/images/87440491_tile_1280_0.png,/content/drive/MyDrive/phase11-persistent/gt_boundaries/Steel2/87440491_tile_1280_0.png,0,0,256,256,0,0
Steel2/87440491_tile_1280_1024/x0_y0,Steel2,87440491,87440491_tile_1280_1024.png,0,0,0.043442,train,256,/content/drive/MyDrive/phase11-data/data/Steel2/images/87440491_tile_1280_1024.png,/content/drive/MyDrive/phase11-persistent/gt_boundaries/Steel2/87440491_tile_1280_1024.png,0,0,256,256,0,0
Steel2/87440491_tile_1280_1280/x0_y0,Steel2,87440491,87440491_tile_1280_1280.png,0,0,0.057709,train,256,/content/drive/MyDrive/phase11-data/data/Steel2/images/87440491_tile_1280_1280.png,/content/drive/MyDrive/phase11-persistent/gt_boundaries/Steel2/87440491_tile_1280_1280.png,0,0,256,256,0,0
Steel2/87440491_tile_1280_1536/x0_y0,Steel2,87440491,87440491_tile_1280_1536.png,0,0,0.106705,train,256,/content/drive/MyDrive/phase11-data/data/Steel2/images/87440491_tile_1280_1536.png,/content/drive/MyDrive/phase11-persistent/gt_boundaries/Steel2/87440491_tile_1280_1536.png,0,0,256,256,0,0
Steel2/87440491_tile_1280_1792/x0_y0,Steel2,87440491,87440491_tile_1280_1792.png,0,0,0.183609,train,256,/content/drive/MyDrive/phase11-data/data/Steel2/images/87440491_tile_1280_1792.png,/content/drive/MyDrive/phase11-persistent/gt_boundaries/Steel2/87440491_tile_1280_1792.png,0,0,256,256,0,0
Steel2/87440491_tile_1280_2048/x0_y0,Steel2,87440491,87440491_tile_1280_2048.png,0,0,0.202728,train,256,/content/drive/MyDrive/phase11-data/data/Steel2/images/87440491_tile_1280_2048.png,/content/drive/MyDrive/phase11-persistent/gt_boundaries/Steel2/87440491_tile_1280_2048.png,0,0,256,256,0,0
Steel2/87440491_tile_1280_256/x0_y0,Steel2,87440491,87440491_tile_1280_256.png,0,0,0.108627,train,256,/content/drive/MyDrive/phase11-data/data/Steel2/images/87440491_tile_1280_256.png,/content/drive/MyDrive/phase11-persistent/gt_boundaries/Steel2/87440491_tile_1280_256.png,0,0,256,256,0,0
Steel2/87440491_tile_1280_512/x0_y0,Steel2,87440491,87440491_tile_1280_512.png,0,0,0.072433,train,256,/content/drive/MyDrive/phase11-data/data/Steel2/images/87440491_tile_1280_512.png,/content/drive/MyDrive/phase11-persistent/gt_boundaries/Steel2/87440491_tile_1280_512.png,0,0,256,256,0,0
Steel2/87440491_tile_1280_768/x0_y0,Steel2,87440491,87440491_tile_1280_768.png,0,0,0.034637,train,256,/content/drive/MyDrive/phase11-data/data/Steel2/images/87440491_tile_1280_768.png,/content/drive/MyDrive/phase11-persistent/gt_boundaries/Steel2/87440491_tile_1280_768.png,0,0,256,256,0,0
Steel2/87440491_tile_1536_0/x0_y0,Steel2,87440491,87440491_tile_1536_0.png,0,0,0.122818,train,256,/content/drive/MyDrive/phase11-data/data/Steel2/images/87440491_tile_1536_0.png,/content/drive/MyDrive/phase11-persistent/gt_boundaries/Steel2/87440491_tile_1536_0.png,0,0,256,256,0,0
Steel2/87440491_tile_1536_1024/x0_y0,Steel2,87440491,87440491_tile_1536_1024.png,0,0,0.020355,train,256,/content/drive/MyDrive/phase11-data/data/Steel2/images/87440491_tile_1536_1024.png,/content/drive/MyDrive/phase11-persistent/gt_boundaries/Steel2/87440491_tile_1536_1024.png,0,0,256,256,0,0
Steel2/87440491_tile_1536_1280/x0_y0,Steel2,87440491,87440491_tile_1536_1280.png,0,0,0.072083,train,256,/content/drive/MyDrive/phase11-data/data/Steel2/images/87440491_tile_1536_1280.png,/content/drive/MyDrive/phase11-persistent/gt_boundaries/Steel2/87440491_tile_1536_1280.png,0,0,256,256,0,0
Steel2/87440491_tile_1536_1536/x0_y0,Steel2,87440491,87440491_tile_1536_1536.png,0,0,0.07959,train,256,/content/drive/MyDrive/phase11-data/data/Steel2/images/87440491_tile_1536_1536.png,/content/drive/MyDrive/phase11-persistent/gt_boundaries/Steel2/87440491_tile_1536_1536.png,0,0,256,256,0,0
Steel2/87440491_tile_1536_1792/x0_y0,Steel2,87440491,87440491_tile_1536_1792.png,0,0,0.170517,train,256,/content/drive/MyDrive/phase11-data/data/Steel2/images/87440491_tile_1536_1792.png,/content/drive/MyDrive/phase11-persistent/gt_boundaries/Steel2/87440491_tile_1536_1792.png,0,0,256,256,0,0
Steel2/87440491_tile_1536_2048/x0_y0,Steel2,87440491,87440491_tile_1536_2048.png,0,0,0.235733,train,256,/content/drive/MyDrive/phase11-data/data/Steel2/images/87440491_tile_1536_2048.png,/content/drive/MyDrive/phase11-persistent/gt_boundaries/Steel2/87440491_tile_1536_2048.png,0,0,256,256,0,0
Steel2/87440491_tile_1536_256/x0_y0,Steel2,87440491,87440491_tile_1536_256.png,0,0,0.112976,train,256,/content/drive/MyDrive/phase11-data/data/Steel2/images/87440491_tile_1536_256.png,/content/drive/MyDrive/phase11-persistent/gt_boundaries/Steel2/87440491_tile_1536_256.png,0,0,256,256,0,0
Steel2/87440491_tile_1536_512/x0_y0,Steel2,87440491,87440491_tile_1536_512.png,0,0,0.051315,train,256,/content/drive/MyDrive/phase11-data/data/Steel2/images/87440491_tile_1536_512.png,/content/drive/MyDrive/phase11-persistent/gt_boundaries/Steel2/87440491_tile_1536_512.png,0,0,256,256,0,0
Steel2/87440491_tile_1536_768/x0_y0,Steel2,87440491,87440491_tile_1536_768.png,0,0,0.037781,train,256,/content/drive/MyDrive/phase11-data/data/Steel2/images/87440491_tile_1536_768.png,/content/drive/MyDrive/phase11-persistent/gt_boundaries/Steel2/87440491_tile_1536_768.png,0,0,256,256,0,0
Steel2/87440491_tile_1792_0/x0_y0,Steel2,87440491,87440491_tile_1792_0.png,0,0,0.16716,train,256,/content/drive/MyDrive/phase11-data/data/Steel2/images/87440491_tile_1792_0.png,/content/drive/MyDrive/phase11-persistent/gt_boundaries/Steel2/87440491_tile_1792_0.png,0,0,256,256,0,0
Steel2/87440491_tile_1792_1024/x0_y0,Steel2,87440491,87440491_tile_1792_1024.png,0,0,0.023743,train,256,/content/drive/MyDrive/phase11-data/data/Steel2/images/87440491_tile_1792_1024.png,/content/drive/MyDrive/phase11-persistent/gt_boundaries/Steel2/87440491_tile_1792_1024.png,0,0,256,256,0,0
Steel2/87440491_tile_1792_1280/x0_y0,Steel2,87440491,87440491_tile_1792_1280.png,0,0,0.077133,train,256,/content/drive/MyDrive/phase11-data/data/Steel2/images/87440491_tile_1792_1280.png,/content/drive/MyDrive/phase11-persistent/gt_boundaries/Steel2/87440491_tile_1792_1280.png,0,0,256,256,0,0
Steel2/87440491_tile_1792_1536/x0_y0,Steel2,87440491,87440491_tile_1792_1536.png,0,0,0.115601,train,256,/content/drive/MyDrive/phase11-data/data/Steel2/images/87440491_tile_1792_1536.png,/content/drive/MyDrive/phase11-persistent/gt_boundaries/Steel2/87440491_tile_1792_1536.png,0,0,256,256,0,0
Steel2/87440491_tile_1792_1792/x0_y0,Steel2,87440491,87440491_tile_1792_1792.png,0,0,0.197128,train,256,/content/drive/MyDrive/phase11-data/data/Steel2/images/87440491_tile_1792_1792.png,/content/drive/MyDrive/phase11-persistent/gt_boundaries/Steel2/87440491_tile_1792_1792.png,0,0,256,256,0,0
Steel2/87440491_tile_1792_2048/x0_y0,Steel2,87440491,87440491_tile_1792_2048.png,0,0,0.193024,train,256,/content/drive/MyDrive/phase11-data/data/Steel2/images/87440491_tile_1792_2048.png,/content/drive/MyDrive/phase11-persistent/gt_boundaries/Steel2/87440491_tile_1792_2048.png,0,0,256,256,0,0
Steel2/87440491_tile_1792_256/x0_y0,Steel2,87440491,87440491_tile_1792_256.png,0,0,0.119217,train,256,/content/drive/MyDrive/phase11-data/data/Steel2/images/87440491_tile_1792_256.png,/content/drive/MyDrive/phase11-persistent/gt_boundaries/Steel2/87440491_tile_1792_256.png,0,0,256,256,0,0
Steel2/87440491_tile_1792_512/x0_y0,Steel2,87440491,87440491_tile_1792_512.png,0,0,0.104813,train,256,/content/drive/MyDrive/phase11-data/data/Steel2/images/87440491_tile_1792_512.png,/content/drive/MyDrive/phase11-persistent/gt_boundaries/Steel2/87440491_tile_1792_512.png,0,0,256,256,0,0
Steel2/87440491_tile_1792_768/x0_y0,Steel2,87440491,87440491_tile_1792_768.png,0,0,0.067322,train,256,/content/drive/MyDrive/phase11-data/data/Steel2/images/87440491_tile_1792_768.png,/content/drive/MyDrive/phase11-persistent/gt_boundaries/Steel2/87440491_tile_1792_768.png,0,0,256,256,0,0
Steel2/87440491_tile_2048_0/x0_y0,Steel2,87440491,87440491_tile_2048_0.png,0,0,0.160217,train,256,/content/drive/MyDrive/phase11-data/data/Steel2/images/87440491_tile_2048_0.png,/content/drive/MyDrive/phase11-persistent/gt_boundaries/Steel2/87440491_tile_2048_0.png,0,0,256,256,0,0
Steel2/87440491_tile_2048_1024/x0_y0,Steel2,87440491,87440491_tile_2048_1024.png,0,0,0.119965,train,256,/content/drive/MyDrive/phase11-data/data/Steel2/images/87440491_tile_2048_1024.png,/content/drive/MyDrive/phase11-persistent/gt_boundaries/Steel2/87440491_tile_2048_1024.png,0,0,256,256,0,0
Steel2/87440491_tile_2048_1280/x0_y0,Steel2,87440491,87440491_tile_2048_1280.png,0,0,0.116714,train,256,/content/drive/MyDrive/phase11-data/data/Steel2/images/87440491_tile_2048_1280.png,/content/drive/MyDrive/phase11-persistent/gt_boundaries/Steel2/87440491_tile_2048_1280.png,0,0,256,256,0,0
Steel2/87440491_tile_2048_1536/x0_y0,Steel2,87440491,87440491_tile_2048_1536.png,0,0,0.118195,train,256,/content/drive/MyDrive/phase11-data/data/Steel2/images/87440491_tile_2048_1536.png,/content/drive/MyDrive/phase11-persistent/gt_boundaries/Steel2/87440491_tile_2048_1536.png,0,0,256,256,0,0
Steel2/87440491_tile_2048_1792/x0_y0,Steel2,87440491,87440491_tile_2048_1792.png,0,0,0.169144,train,256,/content/drive/MyDrive/phase11-data/data/Steel2/images/87440491_tile_2048_1792.png,/content/drive/MyDrive/phase11-persistent/gt_boundaries/Steel2/87440491_tile_2048_1792.png,0,0,256,256,0,0
Steel2/87440491_tile_2048_2048/x0_y0,Steel2,87440491,87440491_tile_2048_2048.png,0,0,0.222534,train,256,/content/drive/MyDrive/phase11-data/data/Steel2/images/87440491_tile_2048_2048.png,/content/drive/MyDrive/phase11-persistent/gt_boundaries/Steel2/87440491_tile_2048_2048.png,0,0,256,256,0,0
Steel2/87440491_tile_2048_256/x0_y0,Steel2,87440491,87440491_tile_2048_256.png,0,0,0.177628,train,256,/content/drive/MyDrive/phase11-data/data/Steel2/images/87440491_tile_2048_256.png,/content/drive/MyDrive/phase11-persistent/gt_boundaries/Steel2/87440491_tile_2048_256.png,0,0,256,256,0,0
Steel2/87440491_tile_2048_512/x0_y0,Steel2,87440491,87440491_tile_2048_512.png,0,0,0.165146,train,256,/content/drive/MyDrive/phase11-data/data/Steel2/images/87440491_tile_2048_512.png,/content/drive/MyDrive/phase11-persistent/gt_boundaries/Steel2/87440491_tile_2048_512.png,0,0,256,256,0,0
Steel2/87440491_tile_2048_768/x0_y0,Steel2,87440491,87440491_tile_2048_768.png,0,0,0.108917,train,256,/content/drive/MyDrive/phase11-data/data/Steel2/images/87440491_tile_2048_768.png,/content/drive/MyDrive/phase11-persistent/gt_boundaries/Steel2/87440491_tile_2048_768.png,0,0,256,256,0,0
Steel2/87440491_tile_2304_0/x0_y0,Steel2,87440491,87440491_tile_2304_0.png,0,0,0.166718,train,256,/content/drive/MyDrive/phase11-data/data/Steel2/images/87440491_tile_2304_0.png,/content/drive/MyDrive/phase11-persistent/gt_boundaries/Steel2/87440491_tile_2304_0.png,0,0,256,256,0,0
Steel2/87440491_tile_2304_1024/x0_y0,Steel2,87440491,87440491_tile_2304_1024.png,0,0,0.175385,train,256,/content/drive/MyDrive/phase11-data/data/Steel2/images/87440491_tile_2304_1024.png,/content/drive/MyDrive/phase11-persistent/gt_boundaries/Steel2/87440491_tile_2304_1024.png,0,0,256,256,0,0
Steel2/87440491_tile_2304_1280/x0_y0,Steel2,87440491,87440491_tile_2304_1280.png,0,0,0.169006,train,256,/content/drive/MyDrive/phase11-data/data/Steel2/images/87440491_tile_2304_1280.png,/content/drive/MyDrive/phase11-persistent/gt_boundaries/Steel2/87440491_tile_2304_1280.png,0,0,256,256,0,0
Steel2/87440491_tile_2304_1536/x0_y0,Steel2,87440491,87440491_tile_2304_1536.png,0,0,0.204361,train,256,/content/drive/MyDrive/phase11-data/data/Steel2/images/87440491_tile_2304_1536.png,/content/drive/MyDrive/phase11-persistent/gt_boundaries/Steel2/87440491_tile_2304_1536.png,0,0,256,256,0,0
Steel2/87440491_tile_2304_1792/x0_y0,Steel2,87440491,87440491_tile_2304_1792.png,0,0,0.21524,train,256,/content/drive/MyDrive/phase11-data/data/Steel2/images/87440491_tile_2304_1792.png,/content/drive/MyDrive/phase11-persistent/gt_boundaries/Steel2/87440491_tile_2304_1792.png,0,0,256,256,0,0
Steel2/87440491_tile_2304_2048/x0_y0,Steel2,87440491,87440491_tile_2304_2048.png,0,0,0.225632,train,256,/content/drive/MyDrive/phase11-data/data/Steel2/images/87440491_tile_2304_2048.png,/content/drive/MyDrive/phase11-persistent/gt_boundaries/Steel2/87440491_tile_2304_2048.png,0,0,256,256,0,0
Steel2/87440491_tile_2304_256/x0_y0,Steel2,87440491,87440491_tile_2304_256.png,0,0,0.169769,train,256,/content/drive/MyDrive/phase11-data/data/Steel2/images/87440491_tile_2304_256.png,/content/drive/MyDrive/phase11-persistent/gt_boundaries/Steel2/87440491_tile_2304_256.png,0,0,256,256,0,0
Steel2/87440491_tile_2304_512/x0_y0,Steel2,87440491,87440491_tile_2304_512.png,0,0,0.166428,train,256,/content/drive/MyDrive/phase11-data/data/Steel2/images/87440491_tile_2304_512.png,/content/drive/MyDrive/phase11-persistent/gt_boundaries/Steel2/87440491_tile_2304_512.png,0,0,256,256,0,0
Steel2/87440491_tile_2304_768/x0_y0,Steel2,87440491,87440491_tile_2304_768.png,0,0,0.109909,train,256,/content/drive/MyDrive/phase11-data/data/Steel2/images/87440491_tile_2304_768.png,/content/drive/MyDrive/phase11-persistent/gt_boundaries/Steel2/87440491_tile_2304_768.png,0,0,256,256,0,0
Steel2/87440491_tile_2560_0/x0_y0,Steel2,87440491,87440491_tile_2560_0.png,0,0,0.213638,train,256,/content/drive/MyDrive/phase11-data/data/Steel2/images/87440491_tile_2560_0.png,/content/drive/MyDrive/phase11-persistent/gt_boundaries/Steel2/87440491_tile_2560_0.png,0,0,256,256,0,0
Steel2/87440491_tile_2560_1024/x0_y0,Steel2,87440491,87440491_tile_2560_1024.png,0,0,0.21109,train,256,/content/drive/MyDrive/phase11-data/data/Steel2/images/87440491_tile_2560_1024.png,/content/drive/MyDrive/phase11-persistent/gt_boundaries/Steel2/87440491_tile_2560_1024.png,0,0,256,256,0,0
Steel2/87440491_tile_2560_1280/x0_y0,Steel2,87440491,87440491_tile_2560_1280.png,0,0,0.226913,train,256,/content/drive/MyDrive/phase11-data/data/Steel2/images/87440491_tile_2560_1280.png,/content/drive/MyDrive/phase11-persistent/gt_boundaries/Steel2/87440491_tile_2560_1280.png,0,0,256,256,0,0
Steel2/87440491_tile_2560_1536/x0_y0,Steel2,87440491,87440491_tile_2560_1536.png,0,0,0.237427,train,256,/content/drive/MyDrive/phase11-data/data/Steel2/images/87440491_tile_2560_1536.png,/content/drive/MyDrive/phase11-persistent/gt_boundaries/Steel2/87440491_tile_2560_1536.png,0,0,256,256,0,0
Steel2/87440491_tile_2560_1792/x0_y0,Steel2,87440491,87440491_tile_2560_1792.png,0,0,0.219055,train,256,/content/drive/MyDrive/phase11-data/data/Steel2/images/87440491_tile_2560_1792.png,/content/drive/MyDrive/phase11-persistent/gt_boundaries/Steel2/87440491_tile_2560_1792.png,0,0,256,256,0,0
Steel2/87440491_tile_2560_2048/x0_y0,Steel2,87440491,87440491_tile_2560_2048.png,0,0,0.238831,train,256,/content/drive/MyDrive/phase11-data/data/Steel2/images/87440491_tile_2560_2048.png,/content/drive/MyDrive/phase11-persistent/gt_boundaries/Steel2/87440491_tile_2560_2048.png,0,0,256,256,0,0
Steel2/87440491_tile_2560_256/x0_y0,Steel2,87440491,87440491_tile_2560_256.png,0,0,0.215073,train,256,/content/drive/MyDrive/phase11-data/data/Steel2/images/87440491_tile_2560_256.png,/content/drive/MyDrive/phase11-persistent/gt_boundaries/Steel2/87440491_tile_2560_256.png,0,0,256,256,0,0
Steel2/87440491_tile_2560_512/x0_y0,Steel2,87440491,87440491_tile_2560_512.png,0,0,0.22139,train,256,/content/drive/MyDrive/phase11-data/data/Steel2/images/87440491_tile_2560_512.png,/content/drive/MyDrive/phase11-persistent/gt_boundaries/Steel2/87440491_tile_2560_512.png,0,0,256,256,0,0
Steel2/87440491_tile_2560_768/x0_y0,Steel2,87440491,87440491_tile_2560_768.png,0,0,0.19075,train,256,/content/drive/MyDrive/phase11-data/data/Steel2/images/87440491_tile_2560_768.png,/content/drive/MyDrive/phase11-persistent/gt_boundaries/Steel2/87440491_tile_2560_768.png,0,0,256,256,0,0
Steel2/87440491_tile_256_0/x0_y0,Steel2,87440491,87440491_tile_256_0.png,0,0,0.113144,train,256,/content/drive/MyDrive/phase11-data/data/Steel2/images/87440491_tile_256_0.png,/content/drive/MyDrive/phase11-persistent/gt_boundaries/Steel2/87440491_tile_256_0.png,0,0,256,256,0,0
Steel2/87440491_tile_256_1024/x0_y0,Steel2,87440491,87440491_tile_256_1024.png,0,0,0.125061,train,256,/content/drive/MyDrive/phase11-data/data/Steel2/images/87440491_tile_256_1024.png,/content/drive/MyDrive/phase11-persistent/gt_boundaries/Steel2/87440491_tile_256_1024.png,0,0,256,256,0,0
Steel2/87440491_tile_256_1280/x0_y0,Steel2,87440491,87440491_tile_256_1280.png,0,0,0.163391,train,256,/content/drive/MyDrive/phase11-data/data/Steel2/images/87440491_tile_256_1280.png,/content/drive/MyDrive/phase11-persistent/gt_boundaries/Steel2/87440491_tile_256_1280.png,0,0,256,256,0,0
Steel2/87440491_tile_256_1536/x0_y0,Steel2,87440491,87440491_tile_256_1536.png,0,0,0.140747,train,256,/content/drive/MyDrive/phase11-data/data/Steel2/images/87440491_tile_256_1536.png,/content/drive/MyDrive/phase11-persistent/gt_boundaries/Steel2/87440491_tile_256_1536.png,0,0,256,256,0,0
Steel2/87440491_tile_256_1792/x0_y0,Steel2,87440491,87440491_tile_256_1792.png,0,0,0.146042,train,256,/content/drive/MyDrive/phase11-data/data/Steel2/images/87440491_tile_256_1792.png,/content/drive/MyDrive/phase11-persistent/gt_boundaries/Steel2/87440491_tile_256_1792.png,0,0,256,256,0,0
Steel2/87440491_tile_256_2048/x0_y0,Steel2,87440491,87440491_tile_256_2048.png,0,0,0.20166,train,256,/content/drive/MyDrive/phase11-data/data/Steel2/images/87440491_tile_256_2048.png,/content/drive/MyDrive/phase11-persistent/gt_boundaries/Steel2/87440491_tile_256_2048.png,0,0,256,256,0,0
Steel2/87440491_tile_256_256/x0_y0,Steel2,87440491,87440491_tile_256_256.png,0,0,0.113815,train,256,/content/drive/MyDrive/phase11-data/data/Steel2/images/87440491_tile_256_256.png,/content/drive/MyDrive/phase11-persistent/gt_boundaries/Steel2/87440491_tile_256_256.png,0,0,256,256,0,0
Steel2/87440491_tile_256_512/x0_y0,Steel2,87440491,87440491_tile_256_512.png,0,0,0.079193,train,256,/content/drive/MyDrive/phase11-data/data/Steel2/images/87440491_tile_256_512.png,/content/drive/MyDrive/phase11-persistent/gt_boundaries/Steel2/87440491_tile_256_512.png,0,0,256,256,0,0
Steel2/87440491_tile_256_768/x0_y0,Steel2,87440491,87440491_tile_256_768.png,0,0,0.120239,train,256,/content/drive/MyDrive/phase11-data/data/Steel2/images/87440491_tile_256_768.png,/content/drive/MyDrive/phase11-persistent/gt_boundaries/Steel2/87440491_tile_256_768.png,0,0,256,256,0,0
Steel2/87440491_tile_2816_0/x0_y0,Steel2,87440491,87440491_tile_2816_0.png,0,0,0.19458,train,256,/content/drive/MyDrive/phase11-data/data/Steel2/images/87440491_tile_2816_0.png,/content/drive/MyDrive/phase11-persistent/gt_boundaries/Steel2/87440491_tile_2816_0.png,0,0,256,256,0,0
Steel2/87440491_tile_2816_1024/x0_y0,Steel2,87440491,87440491_tile_2816_1024.png,0,0,0.264816,train,256,/content/drive/MyDrive/phase11-data/data/Steel2/images/87440491_tile_2816_1024.png,/content/drive/MyDrive/phase11-persistent/gt_boundaries/Steel2/87440491_tile_2816_1024.png,0,0,256,256,0,0
Steel2/87440491_tile_2816_1280/x0_y0,Steel2,87440491,87440491_tile_2816_1280.png,0,0,0.232407,train,256,/content/drive/MyDrive/phase11-data/data/Steel2/images/87440491_tile_2816_1280.png,/content/drive/MyDrive/phase11-persistent/gt_boundaries/Steel2/87440491_tile_2816_1280.png,0,0,256,256,0,0
Steel2/87440491_tile_2816_1536/x0_y0,Steel2,87440491,87440491_tile_2816_1536.png,0,0,0.245911,train,256,/content/drive/MyDrive/phase11-data/data/Steel2/images/87440491_tile_2816_1536.png,/content/drive/MyDrive/phase11-persistent/gt_boundaries/Steel2/87440491_tile_2816_1536.png,0,0,256,256,0,0
Steel2/87440491_tile_2816_1792/x0_y0,Steel2,87440491,87440491_tile_2816_1792.png,0,0,0.272491,train,256,/content/drive/MyDrive/phase11-data/data/Steel2/images/87440491_tile_2816_1792.png,/content/drive/MyDrive/phase11-persistent/gt_boundaries/Steel2/87440491_tile_2816_1792.png,0,0,256,256,0,0
Steel2/87440491_tile_2816_2048/x0_y0,Steel2,87440491,87440491_tile_2816_2048.png,0,0,0.228882,train,256,/content/drive/MyDrive/phase11-data/data/Steel2/images/87440491_tile_2816_2048.png,/content/drive/MyDrive/phase11-persistent/gt_boundaries/Steel2/87440491_tile_2816_2048.png,0,0,256,256,0,0
Steel2/87440491_tile_2816_256/x0_y0,Steel2,87440491,87440491_tile_2816_256.png,0,0,0.227493,train,256,/content/drive/MyDrive/phase11-data/data/Steel2/images/87440491_tile_2816_256.png,/content/drive/MyDrive/phase11-persistent/gt_boundaries/Steel2/87440491_tile_2816_256.png,0,0,256,256,0,0
Steel2/87440491_tile_2816_512/x0_y0,Steel2,87440491,87440491_tile_2816_512.png,0,0,0.212555,train,256,/content/drive/MyDrive/phase11-data/data/Steel2/images/87440491_tile_2816_512.png,/content/drive/MyDrive/phase11-persistent/gt_boundaries/Steel2/87440491_tile_2816_512.png,0,0,256,256,0,0
Steel2/87440491_tile_2816_768/x0_y0,Steel2,87440491,87440491_tile_2816_768.png,0,0,0.22876,train,256,/content/drive/MyDrive/phase11-data/data/Steel2/images/87440491_tile_2816_768.png,/content/drive/MyDrive/phase11-persistent/gt_boundaries/Steel2/87440491_tile_2816_768.png,0,0,256,256,0,0
Steel2/87440491_tile_3072_0/x0_y0,Steel2,87440491,87440491_tile_3072_0.png,0,0,0.207703,train,256,/content/drive/MyDrive/phase11-data/data/Steel2/images/87440491_tile_3072_0.png,/content/drive/MyDrive/phase11-persistent/gt_boundaries/Steel2/87440491_tile_3072_0.png,0,0,256,256,0,0
Steel2/87440491_tile_3072_1024/x0_y0,Steel2,87440491,87440491_tile_3072_1024.png,0,0,0.233917,train,256,/content/drive/MyDrive/phase11-data/data/Steel2/images/87440491_tile_3072_1024.png,/content/drive/MyDrive/phase11-persistent/gt_boundaries/Steel2/87440491_tile_3072_1024.png,0,0,256,256,0,0
Steel2/87440491_tile_3072_1280/x0_y0,Steel2,87440491,87440491_tile_3072_1280.png,0,0,0.285828,train,256,/content/drive/MyDrive/phase11-data/data/Steel2/images/87440491_tile_3072_1280.png,/content/drive/MyDrive/phase11-persistent/gt_boundaries/Steel2/87440491_tile_3072_1280.png,0,0,256,256,0,0
Steel2/87440491_tile_3072_1536/x0_y0,Steel2,87440491,87440491_tile_3072_1536.png,0,0,0.285583,train,256,/content/drive/MyDrive/phase11-data/data/Steel2/images/87440491_tile_3072_1536.png,/content/drive/MyDrive/phase11-persistent/gt_boundaries/Steel2/87440491_tile_3072_1536.png,0,0,256,256,0,0
Steel2/87440491_tile_3072_1792/x0_y0,Steel2,87440491,87440491_tile_3072_1792.png,0,0,0.264465,train,256,/content/drive/MyDrive/phase11-data/data/Steel2/images/87440491_tile_3072_1792.png,/content/drive/MyDrive/phase11-persistent/gt_boundaries/Steel2/87440491_tile_3072_1792.png,0,0,256,256,0,0
Steel2/87440491_tile_3072_2048/x0_y0,Steel2,87440491,87440491_tile_3072_2048.png,0,0,0.285324,train,256,/content/drive/MyDrive/phase11-data/data/Steel2/images/87440491_tile_3072_2048.png,/content/drive/MyDrive/phase11-persistent/gt_boundaries/Steel2/87440491_tile_3072_2048.png,0,0,256,256,0,0
Steel2/87440491_tile_3072_256/x0_y0,Steel2,87440491,87440491_tile_3072_256.png,0,0,0.242661,train,256,/content/drive/MyDrive/phase11-data/data/Steel2/images/87440491_tile_3072_256.png,/content/drive/MyDrive/phase11-persistent/gt_boundaries/Steel2/87440491_tile_3072_256.png,0,0,256,256,0,0
Steel2/87440491_tile_3072_512/x0_y0,Steel2,87440491,87440491_tile_3072_512.png,0,0,0.23764,train,256,/content/drive/MyDrive/phase11-data/data/Steel2/images/87440491_tile_3072_512.png,/content/drive/MyDrive/phase11-persistent/gt_boundaries/Steel2/87440491_tile_3072_512.png,0,0,256,256,0,0
Steel2/87440491_tile_3072_768/x0_y0,Steel2,87440491,87440491_tile_3072_768.png,0,0,0.2556,train,256,/content/drive/MyDrive/phase11-data/data/Steel2/images/87440491_tile_3072_768.png,/content/drive/MyDrive/phase11-persistent/gt_boundaries/Steel2/87440491_tile_3072_768.png,0,0,256,256,0,0
Steel2/87440491_tile_3328_0/x0_y0,Steel2,87440491,87440491_tile_3328_0.png,0,0,0.171829,train,256,/content/drive/MyDrive/phase11-data/data/Steel2/images/87440491_tile_3328_0.png,/content/drive/MyDrive/phase11-persistent/gt_boundaries/Steel2/87440491_tile_3328_0.png,0,0,256,256,0,0
Steel2/87440491_tile_3328_1024/x0_y0,Steel2,87440491,87440491_tile_3328_1024.png,0,0,0.162537,train,256,/content/drive/MyDrive/phase11-data/data/Steel2/images/87440491_tile_3328_1024.png,/content/drive/MyDrive/phase11-persistent/gt_boundaries/Steel2/87440491_tile_3328_1024.png,0,0,256,256,0,0
Steel2/87440491_tile_3328_1280/x0_y0,Steel2,87440491,87440491_tile_3328_1280.png,0,0,0.183121,train,256,/content/drive/MyDrive/phase11-data/data/Steel2/images/87440491_tile_3328_1280.png,/content/drive/MyDrive/phase11-persistent/gt_boundaries/Steel2/87440491_tile_3328_1280.png,0,0,256,256,0,0
Steel2/87440491_tile_3328_1536/x0_y0,Steel2,87440491,87440491_tile_3328_1536.png,0,0,0.177765,train,256,/content/drive/MyDrive/phase11-data/data/Steel2/images/87440491_tile_3328_1536.png,/content/drive/MyDrive/phase11-persistent/gt_boundaries/Steel2/87440491_tile_3328_1536.png,0,0,256,256,0,0
Steel2/87440491_tile_3328_1792/x0_y0,Steel2,87440491,87440491_tile_3328_1792.png,0,0,0.209946,train,256,/content/drive/MyDrive/phase11-data/data/Steel2/images/87440491_tile_3328_1792.png,/content/drive/MyDrive/phase11-persistent/gt_boundaries/Steel2/87440491_tile_3328_1792.png,0,0,256,256,0,0
Steel2/87440491_tile_3328_2048/x0_y0,Steel2,87440491,87440491_tile_3328_2048.png,0,0,0.205322,train,256,/content/drive/MyDrive/phase11-data/data/Steel2/images/87440491_tile_3328_2048.png,/content/drive/MyDrive/phase11-persistent/gt_boundaries/Steel2/87440491_tile_3328_2048.png,0,0,256,256,0,0
Steel2/87440491_tile_3328_256/x0_y0,Steel2,87440491,87440491_tile_3328_256.png,0,0,0.162155,train,256,/content/drive/MyDrive/phase11-data/data/Steel2/images/87440491_tile_3328_256.png,/content/drive/MyDrive/phase11-persistent/gt_boundaries/Steel2/87440491_tile_3328_256.png,0,0,256,256,0,0
Steel2/87440491_tile_3328_512/x0_y0,Steel2,87440491,87440491_tile_3328_512.png,0,0,0.190048,train,256,/content/drive/MyDrive/phase11-data/data/Steel2/images/87440491_tile_3328_512.png,/content/drive/MyDrive/phase11-persistent/gt_boundaries/Steel2/87440491_tile_3328_512.png,0,0,256,256,0,0
Steel2/87440491_tile_3328_768/x0_y0,Steel2,87440491,87440491_tile_3328_768.png,0,0,0.158569,train,256,/content/drive/MyDrive/phase11-data/data/Steel2/images/87440491_tile_3328_768.png,/content/drive/MyDrive/phase11-persistent/gt_boundaries/Steel2/87440491_tile_3328_768.png,0,0,256,256,0,0
Steel2/87440491_tile_512_0/x0_y0,Steel2,87440491,87440491_tile_512_0.png,0,0,0.119537,train,256,/content/drive/MyDrive/phase11-data/data/Steel2/images/87440491_tile_512_0.png,/content/drive/MyDrive/phase11-persistent/gt_boundaries/Steel2/87440491_tile_512_0.png,0,0,256,256,0,0
Steel2/87440491_tile_512_1024/x0_y0,Steel2,87440491,87440491_tile_512_1024.png,0,0,0.133545,train,256,/content/drive/MyDrive/phase11-data/data/Steel2/images/87440491_tile_512_1024.png,/content/drive/MyDrive/phase11-persistent/gt_boundaries/Steel2/87440491_tile_512_1024.png,0,0,256,256,0,0
Steel2/87440491_tile_512_1280/x0_y0,Steel2,87440491,87440491_tile_512_1280.png,0,0,0.09993,train,256,/content/drive/MyDrive/phase11-data/data/Steel2/images/87440491_tile_512_1280.png,/content/drive/MyDrive/phase11-persistent/gt_boundaries/Steel2/87440491_tile_512_1280.png,0,0,256,256,0,0
Steel2/87440491_tile_512_1536/x0_y0,Steel2,87440491,87440491_tile_512_1536.png,0,0,0.134155,train,256,/content/drive/MyDrive/phase11-data/data/Steel2/images/87440491_tile_512_1536.png,/content/drive/MyDrive/phase11-persistent/gt_boundaries/Steel2/87440491_tile_512_1536.png,0,0,256,256,0,0
Steel2/87440491_tile_512_1792/x0_y0,Steel2,87440491,87440491_tile_512_1792.png,0,0,0.160568,train,256,/content/drive/MyDrive/phase11-data/data/Steel2/images/87440491_tile_512_1792.png,/content/drive/MyDrive/phase11-persistent/gt_boundaries/Steel2/87440491_tile_512_1792.png,0,0,256,256,0,0
Steel2/87440491_tile_512_2048/x0_y0,Steel2,87440491,87440491_tile_512_2048.png,0,0,0.22551,train,256,/content/drive/MyDrive/phase11-data/data/Steel2/images/87440491_tile_512_2048.png,/content/drive/MyDrive/phase11-persistent/gt_boundaries/Steel2/87440491_tile_512_2048.png,0,0,256,256,0,0
Steel2/87440491_tile_512_256/x0_y0,Steel2,87440491,87440491_tile_512_256.png,0,0,0.08815,train,256,/content/drive/MyDrive/phase11-data/data/Steel2/images/87440491_tile_512_256.png,/content/drive/MyDrive/phase11-persistent/gt_boundaries/Steel2/87440491_tile_512_256.png,0,0,256,256,0,0
Steel2/87440491_tile_512_512/x0_y0,Steel2,87440491,87440491_tile_512_512.png,0,0,0.072205,train,256,/content/drive/MyDrive/phase11-data/data/Steel2/images/87440491_tile_512_512.png,/content/drive/MyDrive/phase11-persistent/gt_boundaries/Steel2/87440491_tile_512_512.png,0,0,256,256,0,0
Steel2/87440491_tile_512_768/x0_y0,Steel2,87440491,87440491_tile_512_768.png,0,0,0.085159,train,256,/content/drive/MyDrive/phase11-data/data/Steel2/images/87440491_tile_512_768.png,/content/drive/MyDrive/phase11-persistent/gt_boundaries/Steel2/87440491_tile_512_768.png,0,0,256,256,0,0
Steel2/87440491_tile_768_0/x0_y0,Steel2,87440491,87440491_tile_768_0.png,0,0,0.138153,train,256,/content/drive/MyDrive/phase11-data/data/Steel2/images/87440491_tile_768_0.png,/content/drive/MyDrive/phase11-persistent/gt_boundaries/Steel2/87440491_tile_768_0.png,0,0,256,256,0,0
Steel2/87440491_tile_768_1024/x0_y0,Steel2,87440491,87440491_tile_768_1024.png,0,0,0.097549,train,256,/content/drive/MyDrive/phase11-data/data/Steel2/images/87440491_tile_768_1024.png,/content/drive/MyDrive/phase11-persistent/gt_boundaries/Steel2/87440491_tile_768_1024.png,0,0,256,256,0,0
Steel2/87440491_tile_768_1280/x0_y0,Steel2,87440491,87440491_tile_768_1280.png,0,0,0.091934,train,256,/content/drive/MyDrive/phase11-data/data/Steel2/images/87440491_tile_768_1280.png,/content/drive/MyDrive/phase11-persistent/gt_boundaries/Steel2/87440491_tile_768_1280.png,0,0,256,256,0,0
Steel2/87440491_tile_768_1536/x0_y0,Steel2,87440491,87440491_tile_768_1536.png,0,0,0.11113,train,256,/content/drive/MyDrive/phase11-data/data/Steel2/images/87440491_tile_768_1536.png,/content/drive/MyDrive/phase11-persistent/gt_boundaries/Steel2/87440491_tile_768_1536.png,0,0,256,256,0,0
Steel2/87440491_tile_768_1792/x0_y0,Steel2,87440491,87440491_tile_768_1792.png,0,0,0.152283,train,256,/content/drive/MyDrive/phase11-data/data/Steel2/images/87440491_tile_768_1792.png,/content/drive/MyDrive/phase11-persistent/gt_boundaries/Steel2/87440491_tile_768_1792.png,0,0,256,256,0,0
Steel2/87440491_tile_768_2048/x0_y0,Steel2,87440491,87440491_tile_768_2048.png,0,0,0.217819,train,256,/content/drive/MyDrive/phase11-data/data/Steel2/images/87440491_tile_768_2048.png,/content/drive/MyDrive/phase11-persistent/gt_boundaries/Steel2/87440491_tile_768_2048.png,0,0,256,256,0,0
Steel2/87440491_tile_768_256/x0_y0,Steel2,87440491,87440491_tile_768_256.png,0,0,0.113174,train,256,/content/drive/MyDrive/phase11-data/data/Steel2/images/87440491_tile_768_256.png,/content/drive/MyDrive/phase11-persistent/gt_boundaries/Steel2/87440491_tile_768_256.png,0,0,256,256,0,0
Steel2/87440491_tile_768_512/x0_y0,Steel2,87440491,87440491_tile_768_512.png,0,0,0.096664,train,256,/content/drive/MyDrive/phase11-data/data/Steel2/images/87440491_tile_768_512.png,/content/drive/MyDrive/phase11-persistent/gt_boundaries/Steel2/87440491_tile_768_512.png,0,0,256,256,0,0
Steel2/87440491_tile_768_768/x0_y0,Steel2,87440491,87440491_tile_768_768.png,0,0,0.080643,train,256,/content/drive/MyDrive/phase11-data/data/Steel2/images/87440491_tile_768_768.png,/content/drive/MyDrive/phase11-persistent/gt_boundaries/Steel2/87440491_tile_768_768.png,0,0,256,256,0,0
Steel2/87450661_tile_0_0/x0_y0,Steel2,87450661,87450661_tile_0_0.png,0,0,0.144867,train,256,/content/drive/MyDrive/phase11-data/data/Steel2/images/87450661_tile_0_0.png,/content/drive/MyDrive/phase11-persistent/gt_boundaries/Steel2/87450661_tile_0_0.png,0,0,256,256,0,0
Steel2/87450661_tile_0_1024/x0_y0,Steel2,87450661,87450661_tile_0_1024.png,0,0,0.142487,train,256,/content/drive/MyDrive/phase11-data/data/Steel2/images/87450661_tile_0_1024.png,/content/drive/MyDrive/phase11-persistent/gt_boundaries/Steel2/87450661_tile_0_1024.png,0,0,256,256,0,0
Steel2/87450661_tile_0_1280/x0_y0,Steel2,87450661,87450661_tile_0_1280.png,0,0,0.181137,train,256,/content/drive/MyDrive/phase11-data/data/Steel2/images/87450661_tile_0_1280.png,/content/drive/MyDrive/phase11-persistent/gt_boundaries/Steel2/87450661_tile_0_1280.png,0,0,256,256,0,0
Steel2/87450661_tile_0_1536/x0_y0,Steel2,87450661,87450661_tile_0_1536.png,0,0,0.141342,train,256,/content/drive/MyDrive/phase11-data/data/Steel2/images/87450661_tile_0_1536.png,/content/drive/MyDrive/phase11-persistent/gt_boundaries/Steel2/87450661_tile_0_1536.png,0,0,256,256,0,0
Steel2/87450661_tile_0_1792/x0_y0,Steel2,87450661,87450661_tile_0_1792.png,0,0,0.176788,train,256,/content/drive/MyDrive/phase11-data/data/Steel2/images/87450661_tile_0_1792.png,/content/drive/MyDrive/phase11-persistent/gt_boundaries/Steel2/87450661_tile_0_1792.png,0,0,256,256,0,0
Steel2/87450661_tile_0_2048/x0_y0,Steel2,87450661,87450661_tile_0_2048.png,0,0,0.190445,train,256,/content/drive/MyDrive/phase11-data/data/Steel2/images/87450661_tile_0_2048.png,/content/drive/MyDrive/phase11-persistent/gt_boundaries/Steel2/87450661_tile_0_2048.png,0,0,256,256,0,0
Steel2/87450661_tile_0_256/x0_y0,Steel2,87450661,87450661_tile_0_256.png,0,0,0.148834,train,256,/content/drive/MyDrive/phase11-data/data/Steel2/images/87450661_tile_0_256.png,/content/drive/MyDrive/phase11-persistent/gt_boundaries/Steel2/87450661_tile_0_256.png,0,0,256,256,0,0
Steel2/87450661_tile_0_512/x0_y0,Steel2,87450661,87450661_tile_0_512.png,0,0,0.151886,train,256,/content/drive/MyDrive/phase11-data/data/Steel2/images/87450661_tile_0_512.png,/content/drive/MyDrive/phase11-persistent/gt_boundaries/Steel2/87450661_tile_0_512.png,0,0,256,256,0,0
Steel2/87450661_tile_0_768/x0_y0,Steel2,87450661,87450661_tile_0_768.png,0,0,0.178055,train,256,/content/drive/MyDrive/phase11-data/data/Steel2/images/87450661_tile_0_768.png,/content/drive/MyDrive/phase11-persistent/gt_boundaries/Steel2/87450661_tile_0_768.png,0,0,256,256,0,0
Steel2/87450661_tile_1024_0/x0_y0,Steel2,87450661,87450661_tile_1024_0.png,0,0,0.224731,train,256,/content/drive/MyDrive/phase11-data/data/Steel2/images/87450661_tile_1024_0.png,/content/drive/MyDrive/phase11-persistent/gt_boundaries/Steel2/87450661_tile_1024_0.png,0,0,256,256,0,0
Steel2/87450661_tile_1024_1024/x0_y0,Steel2,87450661,87450661_tile_1024_1024.png,0,0,0.148758,train,256,/content/drive/MyDrive/phase11-data/data/Steel2/images/87450661_tile_1024_1024.png,/content/drive/MyDrive/phase11-persistent/gt_boundaries/Steel2/87450661_tile_1024_1024.png,0,0,256,256,0,0
Steel2/87450661_tile_1024_1280/x0_y0,Steel2,87450661,87450661_tile_1024_1280.png,0,0,0.156403,train,256,/content/drive/MyDrive/phase11-data/data/Steel2/images/87450661_tile_1024_1280.png,/content/drive/MyDrive/phase11-persistent/gt_boundaries/Steel2/87450661_tile_1024_1280.png,0,0,256,256,0,0
Steel2/87450661_tile_1024_1536/x0_y0,Steel2,87450661,87450661_tile_1024_1536.png,0,0,0.218262,train,256,/content/drive/MyDrive/phase11-data/data/Steel2/images/87450661_tile_1024_1536.png,/content/drive/MyDrive/phase11-persistent/gt_boundaries/Steel2/87450661_tile_1024_1536.png,0,0,256,256,0,0
Steel2/87450661_tile_1024_1792/x0_y0,Steel2,87450661,87450661_tile_1024_1792.png,0,0,0.190659,train,256,/content/drive/MyDrive/phase11-data/data/Steel2/images/87450661_tile_1024_1792.png,/content/drive/MyDrive/phase11-persistent/gt_boundaries/Steel2/87450661_tile_1024_1792.png,0,0,256,256,0,0
Steel2/87450661_tile_1024_2048/x0_y0,Steel2,87450661,87450661_tile_1024_2048.png,0,0,0.202225,train,256,/content/drive/MyDrive/phase11-data/data/Steel2/images/87450661_tile_1024_2048.png,/content/drive/MyDrive/phase11-persistent/gt_boundaries/Steel2/87450661_tile_1024_2048.png,0,0,256,256,0,0
Steel2/87450661_tile_1024_256/x0_y0,Steel2,87450661,87450661_tile_1024_256.png,0,0,0.165695,train,256,/content/drive/MyDrive/phase11-data/data/Steel2/images/87450661_tile_1024_256.png,/content/drive/MyDrive/phase11-persistent/gt_boundaries/Steel2/87450661_tile_1024_256.png,0,0,256,256,0,0
Steel2/87450661_tile_1024_512/x0_y0,Steel2,87450661,87450661_tile_1024_512.png,0,0,0.143402,train,256,/content/drive/MyDrive/phase11-data/data/Steel2/images/87450661_tile_1024_512.png,/content/drive/MyDrive/phase11-persistent/gt_boundaries/Steel2/87450661_tile_1024_512.png,0,0,256,256,0,0
Steel2/87450661_tile_1024_768/x0_y0,Steel2,87450661,87450661_tile_1024_768.png,0,0,0.138214,train,256,/content/drive/MyDrive/phase11-data/data/Steel2/images/87450661_tile_1024_768.png,/content/drive/MyDrive/phase11-persistent/gt_boundaries/Steel2/87450661_tile_1024_768.png,0,0,256,256,0,0
Steel2/87450661_tile_1280_0/x0_y0,Steel2,87450661,87450661_tile_1280_0.png,0,0,0.201797,train,256,/content/drive/MyDrive/phase11-data/data/Steel2/images/87450661_tile_1280_0.png,/content/drive/MyDrive/phase11-persistent/gt_boundaries/Steel2/87450661_tile_1280_0.png,0,0,256,256,0,0
Steel2/87450661_tile_1280_1024/x0_y0,Steel2,87450661,87450661_tile_1280_1024.png,0,0,0.124405,train,256,/content/drive/MyDrive/phase11-data/data/Steel2/images/87450661_tile_1280_1024.png,/content/drive/MyDrive/phase11-persistent/gt_boundaries/Steel2/87450661_tile_1280_1024.png,0,0,256,256,0,0
Steel2/87450661_tile_1280_1280/x0_y0,Steel2,87450661,87450661_tile_1280_1280.png,0,0,0.140228,train,256,/content/drive/MyDrive/phase11-data/data/Steel2/images/87450661_tile_1280_1280.png,/content/drive/MyDrive/phase11-persistent/gt_boundaries/Steel2/87450661_tile_1280_1280.png,0,0,256,256,0,0
Steel2/87450661_tile_1280_1536/x0_y0,Steel2,87450661,87450661_tile_1280_1536.png,0,0,0.172806,train,256,/content/drive/MyDrive/phase11-data/data/Steel2/images/87450661_tile_1280_1536.png,/content/drive/MyDrive/phase11-persistent/gt_boundaries/Steel2/87450661_tile_1280_1536.png,0,0,256,256,0,0
Steel2/87450661_tile_1280_1792/x0_y0,Steel2,87450661,87450661_tile_1280_1792.png,0,0,0.261749,train,256,/content/drive/MyDrive/phase11-data/data/Steel2/images/87450661_tile_1280_1792.png,/content/drive/MyDrive/phase11-persistent/gt_boundaries/Steel2/87450661_tile_1280_1792.png,0,0,256,256,0,0
Steel2/87450661_tile_1280_2048/x0_y0,Steel2,87450661,87450661_tile_1280_2048.png,0,0,0.209381,train,256,/content/drive/MyDrive/phase11-data/data/Steel2/images/87450661_tile_1280_2048.png,/content/drive/MyDrive/phase11-persistent/gt_boundaries/Steel2/87450661_tile_1280_2048.png,0,0,256,256,0,0
Steel2/87450661_tile_1280_256/x0_y0,Steel2,87450661,87450661_tile_1280_256.png,0,0,0.163055,train,256,/content/drive/MyDrive/phase11-data/data/Steel2/images/87450661_tile_1280_256.png,/content/drive/MyDrive/phase11-persistent/gt_boundaries/Steel2/87450661_tile_1280_256.png,0,0,256,256,0,0
Steel2/87450661_tile_1280_512/x0_y0,Steel2,87450661,87450661_tile_1280_512.png,0,0,0.18161,train,256,/content/drive/MyDrive/phase11-data/data/Steel2/images/87450661_tile_1280_512.png,/content/drive/MyDrive/phase11-persistent/gt_boundaries/Steel2/87450661_tile_1280_512.png,0,0,256,256,0,0
Steel2/87450661_tile_1280_768/x0_y0,Steel2,87450661,87450661_tile_1280_768.png,0,0,0.140656,train,256,/content/drive/MyDrive/phase11-data/data/Steel2/images/87450661_tile_1280_768.png,/content/drive/MyDrive/phase11-persistent/gt_boundaries/Steel2/87450661_tile_1280_768.png,0,0,256,256,0,0
Steel2/87450661_tile_1536_0/x0_y0,Steel2,87450661,87450661_tile_1536_0.png,0,0,0.216446,train,256,/content/drive/MyDrive/phase11-data/data/Steel2/images/87450661_tile_1536_0.png,/content/drive/MyDrive/phase11-persistent/gt_boundaries/Steel2/87450661_tile_1536_0.png,0,0,256,256,0,0
Steel2/87450661_tile_1536_1024/x0_y0,Steel2,87450661,87450661_tile_1536_1024.png,0,0,0.056976,train,256,/content/drive/MyDrive/phase11-data/data/Steel2/images/87450661_tile_1536_1024.png,/content/drive/MyDrive/phase11-persistent/gt_boundaries/Steel2/87450661_tile_1536_1024.png,0,0,256,256,0,0
Steel2/87450661_tile_1536_1280/x0_y0,Steel2,87450661,87450661_tile_1536_1280.png,0,0,0.078613,train,256,/content/drive/MyDrive/phase11-data/data/Steel2/images/87450661_tile_1536_1280.png,/content/drive/MyDrive/phase11-persistent/gt_boundaries/Steel2/87450661_tile_1536_1280.png,0,0,256,256,0,0
Steel2/87450661_tile_1536_1536/x0_y0,Steel2,87450661,87450661_tile_1536_1536.png,0,0,0.159531,train,256,/content/drive/MyDrive/phase11-data/data/Steel2/images/87450661_tile_1536_1536.png,/content/drive/MyDrive/phase11-persistent/gt_boundaries/Steel2/87450661_tile_1536_1536.png,0,0,256,256,0,0
Steel2/87450661_tile_1536_1792/x0_y0,Steel2,87450661,87450661_tile_1536_1792.png,0,0,0.214401,train,256,/content/drive/MyDrive/phase11-data/data/Steel2/images/87450661_tile_1536_1792.png,/content/drive/MyDrive/phase11-persistent/gt_boundaries/Steel2/87450661_tile_1536_1792.png,0,0,256,256,0,0
Steel2/87450661_tile_1536_2048/x0_y0,Steel2,87450661,87450661_tile_1536_2048.png,0,0,0.208359,train,256,/content/drive/MyDrive/phase11-data/data/Steel2/images/87450661_tile_1536_2048.png,/content/drive/MyDrive/phase11-persistent/gt_boundaries/Steel2/87450661_tile_1536_2048.png,0,0,256,256,0,0
Steel2/87450661_tile_1536_256/x0_y0,Steel2,87450661,87450661_tile_1536_256.png,0,0,0.19101,train,256,/content/drive/MyDrive/phase11-data/data/Steel2/images/87450661_tile_1536_256.png,/content/drive/MyDrive/phase11-persistent/gt_boundaries/Steel2/87450661_tile_1536_256.png,0,0,256,256,0,0
Steel2/87450661_tile_1536_512/x0_y0,Steel2,87450661,87450661_tile_1536_512.png,0,0,0.111252,train,256,/content/drive/MyDrive/phase11-data/data/Steel2/images/87450661_tile_1536_512.png,/content/drive/MyDrive/phase11-persistent/gt_boundaries/Steel2/87450661_tile_1536_512.png,0,0,256,256,0,0
Steel2/87450661_tile_1536_768/x0_y0,Steel2,87450661,87450661_tile_1536_768.png,0,0,0.14267,train,256,/content/drive/MyDrive/phase11-data/data/Steel2/images/87450661_tile_1536_768.png,/content/drive/MyDrive/phase11-persistent/gt_boundaries/Steel2/87450661_tile_1536_768.png,0,0,256,256,0,0
Steel2/87450661_tile_1792_0/x0_y0,Steel2,87450661,87450661_tile_1792_0.png,0,0,0.222916,train,256,/content/drive/MyDrive/phase11-data/data/Steel2/images/87450661_tile_1792_0.png,/content/drive/MyDrive/phase11-persistent/gt_boundaries/Steel2/87450661_tile_1792_0.png,0,0,256,256,0,0
Steel2/87450661_tile_1792_1024/x0_y0,Steel2,87450661,87450661_tile_1792_1024.png,0,0,0.08345,train,256,/content/drive/MyDrive/phase11-data/data/Steel2/images/87450661_tile_1792_1024.png,/content/drive/MyDrive/phase11-persistent/gt_boundaries/Steel2/87450661_tile_1792_1024.png,0,0,256,256,0,0
Steel2/87450661_tile_1792_1280/x0_y0,Steel2,87450661,87450661_tile_1792_1280.png,0,0,0.09671,train,256,/content/drive/MyDrive/phase11-data/data/Steel2/images/87450661_tile_1792_1280.png,/content/drive/MyDrive/phase11-persistent/gt_boundaries/Steel2/87450661_tile_1792_1280.png,0,0,256,256,0,0
Steel2/87450661_tile_1792_1536/x0_y0,Steel2,87450661,87450661_tile_1792_1536.png,0,0,0.164413,train,256,/content/drive/MyDrive/phase11-data/data/Steel2/images/87450661_tile_1792_1536.png,/content/drive/MyDrive/phase11-persistent/gt_boundaries/Steel2/87450661_tile_1792_1536.png,0,0,256,256,0,0
Steel2/87450661_tile_1792_1792/x0_y0,Steel2,87450661,87450661_tile_1792_1792.png,0,0,0.2146,train,256,/content/drive/MyDrive/phase11-data/data/Steel2/images/87450661_tile_1792_1792.png,/content/drive/MyDrive/phase11-persistent/gt_boundaries/Steel2/87450661_tile_1792_1792.png,0,0,256,256,0,0
Steel2/87450661_tile_1792_2048/x0_y0,Steel2,87450661,87450661_tile_1792_2048.png,0,0,0.258408,train,256,/content/drive/MyDrive/phase11-data/data/Steel2/images/87450661_tile_1792_2048.png,/content/drive/MyDrive/phase11-persistent/gt_boundaries/Steel2/87450661_tile_1792_2048.png,0,0,256,256,0,0
Steel2/87450661_tile_1792_256/x0_y0,Steel2,87450661,87450661_tile_1792_256.png,0,0,0.227402,train,256,/content/drive/MyDrive/phase11-data/data/Steel2/images/87450661_tile_1792_256.png,/content/drive/MyDrive/phase11-persistent/gt_boundaries/Steel2/87450661_tile_1792_256.png,0,0,256,256,0,0
Steel2/87450661_tile_1792_512/x0_y0,Steel2,87450661,87450661_tile_1792_512.png,0,0,0.22963,train,256,/content/drive/MyDrive/phase11-data/data/Steel2/images/87450661_tile_1792_512.png,/content/drive/MyDrive/phase11-persistent/gt_boundaries/Steel2/87450661_tile_1792_512.png,0,0,256,256,0,0
Steel2/87450661_tile_1792_768/x0_y0,Steel2,87450661,87450661_tile_1792_768.png,0,0,0.165466,train,256,/content/drive/MyDrive/phase11-data/data/Steel2/images/87450661_tile_1792_768.png,/content/drive/MyDrive/phase11-persistent/gt_boundaries/Steel2/87450661_tile_1792_768.png,0,0,256,256,0,0
Steel2/87450661_tile_2048_0/x0_y0,Steel2,87450661,87450661_tile_2048_0.png,0,0,0.211426,train,256,/content/drive/MyDrive/phase11-data/data/Steel2/images/87450661_tile_2048_0.png,/content/drive/MyDrive/phase11-persistent/gt_boundaries/Steel2/87450661_tile_2048_0.png,0,0,256,256,0,0
Steel2/87450661_tile_2048_1024/x0_y0,Steel2,87450661,87450661_tile_2048_1024.png,0,0,0.179153,train,256,/content/drive/MyDrive/phase11-data/data/Steel2/images/87450661_tile_2048_1024.png,/content/drive/MyDrive/phase11-persistent/gt_boundaries/Steel2/87450661_tile_2048_1024.png,0,0,256,256,0,0
Steel2/87450661_tile_2048_1280/x0_y0,Steel2,87450661,87450661_tile_2048_1280.png,0,0,0.171707,train,256,/content/drive/MyDrive/phase11-data/data/Steel2/images/87450661_tile_2048_1280.png,/content/drive/MyDrive/phase11-persistent/gt_boundaries/Steel2/87450661_tile_2048_1280.png,0,0,256,256,0,0
Steel2/87450661_tile_2048_1536/x0_y0,Steel2,87450661,87450661_tile_2048_1536.png,0,0,0.208221,train,256,/content/drive/MyDrive/phase11-data/data/Steel2/images/87450661_tile_2048_1536.png,/content/drive/MyDrive/phase11-persistent/gt_boundaries/Steel2/87450661_tile_2048_1536.png,0,0,256,256,0,0
Steel2/87450661_tile_2048_1792/x0_y0,Steel2,87450661,87450661_tile_2048_1792.png,0,0,0.211792,train,256,/content/drive/MyDrive/phase11-data/data/Steel2/images/87450661_tile_2048_1792.png,/content/drive/MyDrive/phase11-persistent/gt_boundaries/Steel2/87450661_tile_2048_1792.png,0,0,256,256,0,0
Steel2/87450661_tile_2048_2048/x0_y0,Steel2,87450661,87450661_tile_2048_2048.png,0,0,0.284805,train,256,/content/drive/MyDrive/phase11-data/data/Steel2/images/87450661_tile_2048_2048.png,/content/drive/MyDrive/phase11-persistent/gt_boundaries/Steel2/87450661_tile_2048_2048.png,0,0,256,256,0,0
Steel2/87450661_tile_2048_256/x0_y0,Steel2,87450661,87450661_tile_2048_256.png,0,0,0.265244,train,256,/content/drive/MyDrive/phase11-data/data/Steel2/images/87450661_tile_2048_256.png,/content/drive/MyDrive/phase11-persistent/gt_boundaries/Steel2/87450661_tile_2048_256.png,0,0,256,256,0,0
Steel2/87450661_tile_2048_512/x0_y0,Steel2,87450661,87450661_tile_2048_512.png,0,0,0.218094,train,256,/content/drive/MyDrive/phase11-data/data/Steel2/images/87450661_tile_2048_512.png,/content/drive/MyDrive/phase11-persistent/gt_boundaries/Steel2/87450661_tile_2048_512.png,0,0,256,256,0,0
Steel2/87450661_tile_2048_768/x0_y0,Steel2,87450661,87450661_tile_2048_768.png,0,0,0.195465,train,256,/content/drive/MyDrive/phase11-data/data/Steel2/images/87450661_tile_2048_768.png,/content/drive/MyDrive/phase11-persistent/gt_boundaries/Steel2/87450661_tile_2048_768.png,0,0,256,256,0,0
Steel2/87450661_tile_2304_0/x0_y0,Steel2,87450661,87450661_tile_2304_0.png,0,0,0.241714,train,256,/content/drive/MyDrive/phase11-data/data/Steel2/images/87450661_tile_2304_0.png,/content/drive/MyDrive/phase11-persistent/gt_boundaries/Steel2/87450661_tile_2304_0.png,0,0,256,256,0,0
Steel2/87450661_tile_2304_1024/x0_y0,Steel2,87450661,87450661_tile_2304_1024.png,0,0,0.215118,train,256,/content/drive/MyDrive/phase11-data/data/Steel2/images/87450661_tile_2304_1024.png,/content/drive/MyDrive/phase11-persistent/gt_boundaries/Steel2/87450661_tile_2304_1024.png,0,0,256,256,0,0
Steel2/87450661_tile_2304_1280/x0_y0,Steel2,87450661,87450661_tile_2304_1280.png,0,0,0.239822,train,256,/content/drive/MyDrive/phase11-data/data/Steel2/images/87450661_tile_2304_1280.png,/content/drive/MyDrive/phase11-persistent/gt_boundaries/Steel2/87450661_tile_2304_1280.png,0,0,256,256,0,0
Steel2/87450661_tile_2304_1536/x0_y0,Steel2,87450661,87450661_tile_2304_1536.png,0,0,0.251816,train,256,/content/drive/MyDrive/phase11-data/data/Steel2/images/87450661_tile_2304_1536.png,/content/drive/MyDrive/phase11-persistent/gt_boundaries/Steel2/87450661_tile_2304_1536.png,0,0,256,256,0,0
Steel2/87450661_tile_2304_1792/x0_y0,Steel2,87450661,87450661_tile_2304_1792.png,0,0,0.239838,train,256,/content/drive/MyDrive/phase11-data/data/Steel2/images/87450661_tile_2304_1792.png,/content/drive/MyDrive/phase11-persistent/gt_boundaries/Steel2/87450661_tile_2304_1792.png,0,0,256,256,0,0
Steel2/87450661_tile_2304_2048/x0_y0,Steel2,87450661,87450661_tile_2304_2048.png,0,0,0.27301,train,256,/content/drive/MyDrive/phase11-data/data/Steel2/images/87450661_tile_2304_2048.png,/content/drive/MyDrive/phase11-persistent/gt_boundaries/Steel2/87450661_tile_2304_2048.png,0,0,256,256,0,0
Steel2/87450661_tile_2304_256/x0_y0,Steel2,87450661,87450661_tile_2304_256.png,0,0,0.249268,train,256,/content/drive/MyDrive/phase11-data/data/Steel2/images/87450661_tile_2304_256.png,/content/drive/MyDrive/phase11-persistent/gt_boundaries/Steel2/87450661_tile_2304_256.png,0,0,256,256,0,0
Steel2/87450661_tile_2304_512/x0_y0,Steel2,87450661,87450661_tile_2304_512.png,0,0,0.250275,train,256,/content/drive/MyDrive/phase11-data/data/Steel2/images/87450661_tile_2304_512.png,/content/drive/MyDrive/phase11-persistent/gt_boundaries/Steel2/87450661_tile_2304_512.png,0,0,256,256,0,0
Steel2/87450661_tile_2304_768/x0_y0,Steel2,87450661,87450661_tile_2304_768.png,0,0,0.242706,train,256,/content/drive/MyDrive/phase11-data/data/Steel2/images/87450661_tile_2304_768.png,/content/drive/MyDrive/phase11-persistent/gt_boundaries/Steel2/87450661_tile_2304_768.png,0,0,256,256,0,0
Steel2/87450661_tile_2560_0/x0_y0,Steel2,87450661,87450661_tile_2560_0.png,0,0,0.245071,train,256,/content/drive/MyDrive/phase11-data/data/Steel2/images/87450661_tile_2560_0.png,/content/drive/MyDrive/phase11-persistent/gt_boundaries/Steel2/87450661_tile_2560_0.png,0,0,256,256,0,0
Steel2/87450661_tile_2560_1024/x0_y0,Steel2,87450661,87450661_tile_2560_1024.png,0,0,0.259705,train,256,/content/drive/MyDrive/phase11-data/data/Steel2/images/87450661_tile_2560_1024.png,/content/drive/MyDrive/phase11-persistent/gt_boundaries/Steel2/87450661_tile_2560_1024.png,0,0,256,256,0,0
Steel2/87450661_tile_2560_1280/x0_y0,Steel2,87450661,87450661_tile_2560_1280.png,0,0,0.284439,train,256,/content/drive/MyDrive/phase11-data/data/Steel2/images/87450661_tile_2560_1280.png,/content/drive/MyDrive/phase11-persistent/gt_boundaries/Steel2/87450661_tile_2560_1280.png,0,0,256,256,0,0
Steel2/87450661_tile_2560_1536/x0_y0,Steel2,87450661,87450661_tile_2560_1536.png,0,0,0.27774,train,256,/content/drive/MyDrive/phase11-data/data/Steel2/images/87450661_tile_2560_1536.png,/content/drive/MyDrive/phase11-persistent/gt_boundaries/Steel2/87450661_tile_2560_1536.png,0,0,256,256,0,0
Steel2/87450661_tile_2560_1792/x0_y0,Steel2,87450661,87450661_tile_2560_1792.png,0,0,0.284775,train,256,/content/drive/MyDrive/phase11-data/data/Steel2/images/87450661_tile_2560_1792.png,/content/drive/MyDrive/phase11-persistent/gt_boundaries/Steel2/87450661_tile_2560_1792.png,0,0,256,256,0,0
Steel2/87450661_tile_2560_2048/x0_y0,Steel2,87450661,87450661_tile_2560_2048.png,0,0,0.308853,train,256,/content/drive/MyDrive/phase11-data/data/Steel2/images/87450661_tile_2560_2048.png,/content/drive/MyDrive/phase11-persistent/gt_boundaries/Steel2/87450661_tile_2560_2048.png,0,0,256,256,0,0
Steel2/87450661_tile_2560_256/x0_y0,Steel2,87450661,87450661_tile_2560_256.png,0,0,0.255386,train,256,/content/drive/MyDrive/phase11-data/data/Steel2/images/87450661_tile_2560_256.png,/content/drive/MyDrive/phase11-persistent/gt_boundaries/Steel2/87450661_tile_2560_256.png,0,0,256,256,0,0
Steel2/87450661_tile_2560_512/x0_y0,Steel2,87450661,87450661_tile_2560_512.png,0,0,0.296616,train,256,/content/drive/MyDrive/phase11-data/data/Steel2/images/87450661_tile_2560_512.png,/content/drive/MyDrive/phase11-persistent/gt_boundaries/Steel2/87450661_tile_2560_512.png,0,0,256,256,0,0
Steel2/87450661_tile_2560_768/x0_y0,Steel2,87450661,87450661_tile_2560_768.png,0,0,0.273956,train,256,/content/drive/MyDrive/phase11-data/data/Steel2/images/87450661_tile_2560_768.png,/content/drive/MyDrive/phase11-persistent/gt_boundaries/Steel2/87450661_tile_2560_768.png,0,0,256,256,0,0
Steel2/87450661_tile_256_0/x0_y0,Steel2,87450661,87450661_tile_256_0.png,0,0,0.152893,train,256,/content/drive/MyDrive/phase11-data/data/Steel2/images/87450661_tile_256_0.png,/content/drive/MyDrive/phase11-persistent/gt_boundaries/Steel2/87450661_tile_256_0.png,0,0,256,256,0,0
Steel2/87450661_tile_256_1024/x0_y0,Steel2,87450661,87450661_tile_256_1024.png,0,0,0.160309,train,256,/content/drive/MyDrive/phase11-data/data/Steel2/images/87450661_tile_256_1024.png,/content/drive/MyDrive/phase11-persistent/gt_boundaries/Steel2/87450661_tile_256_1024.png,0,0,256,256,0,0
Steel2/87450661_tile_256_1280/x0_y0,Steel2,87450661,87450661_tile_256_1280.png,0,0,0.168594,train,256,/content/drive/MyDrive/phase11-data/data/Steel2/images/87450661_tile_256_1280.png,/content/drive/MyDrive/phase11-persistent/gt_boundaries/Steel2/87450661_tile_256_1280.png,0,0,256,256,0,0
Steel2/87450661_tile_256_1536/x0_y0,Steel2,87450661,87450661_tile_256_1536.png,0,0,0.152969,train,256,/content/drive/MyDrive/phase11-data/data/Steel2/images/87450661_tile_256_1536.png,/content/drive/MyDrive/phase11-persistent/gt_boundaries/Steel2/87450661_tile_256_1536.png,0,0,256,256,0,0
Steel2/87450661_tile_256_1792/x0_y0,Steel2,87450661,87450661_tile_256_1792.png,0,0,0.173935,train,256,/content/drive/MyDrive/phase11-data/data/Steel2/images/87450661_tile_256_1792.png,/content/drive/MyDrive/phase11-persistent/gt_boundaries/Steel2/87450661_tile_256_1792.png,0,0,256,256,0,0
Steel2/87450661_tile_256_2048/x0_y0,Steel2,87450661,87450661_tile_256_2048.png,0,0,0.19455,train,256,/content/drive/MyDrive/phase11-data/data/Steel2/images/87450661_tile_256_2048.png,/content/drive/MyDrive/phase11-persistent/gt_boundaries/Steel2/87450661_tile_256_2048.png,0,0,256,256,0,0
Steel2/87450661_tile_256_256/x0_y0,Steel2,87450661,87450661_tile_256_256.png,0,0,0.1409,train,256,/content/drive/MyDrive/phase11-data/data/Steel2/images/87450661_tile_256_256.png,/content/drive/MyDrive/phase11-persistent/gt_boundaries/Steel2/87450661_tile_256_256.png,0,0,256,256,0,0
Steel2/87450661_tile_256_512/x0_y0,Steel2,87450661,87450661_tile_256_512.png,0,0,0.157593,train,256,/content/drive/MyDrive/phase11-data/data/Steel2/images/87450661_tile_256_512.png,/content/drive/MyDrive/phase11-persistent/gt_boundaries/Steel2/87450661_tile_256_512.png,0,0,256,256,0,0
Steel2/87450661_tile_256_768/x0_y0,Steel2,87450661,87450661_tile_256_768.png,0,0,0.173553,train,256,/content/drive/MyDrive/phase11-data/data/Steel2/images/87450661_tile_256_768.png,/content/drive/MyDrive/phase11-persistent/gt_boundaries/Steel2/87450661_tile_256_768.png,0,0,256,256,0,0
Steel2/87450661_tile_2816_0/x0_y0,Steel2,87450661,87450661_tile_2816_0.png,0,0,0.243164,train,256,/content/drive/MyDrive/phase11-data/data/Steel2/images/87450661_tile_2816_0.png,/content/drive/MyDrive/phase11-persistent/gt_boundaries/Steel2/87450661_tile_2816_0.png,0,0,256,256,0,0
Steel2/87450661_tile_2816_1024/x0_y0,Steel2,87450661,87450661_tile_2816_1024.png,0,0,0.318176,train,256,/content/drive/MyDrive/phase11-data/data/Steel2/images/87450661_tile_2816_1024.png,/content/drive/MyDrive/phase11-persistent/gt_boundaries/Steel2/87450661_tile_2816_1024.png,0,0,256,256,0,0
Steel2/87450661_tile_2816_1280/x0_y0,Steel2,87450661,87450661_tile_2816_1280.png,0,0,0.26889,train,256,/content/drive/MyDrive/phase11-data/data/Steel2/images/87450661_tile_2816_1280.png,/content/drive/MyDrive/phase11-persistent/gt_boundaries/Steel2/87450661_tile_2816_1280.png,0,0,256,256,0,0
Steel2/87450661_tile_2816_1536/x0_y0,Steel2,87450661,87450661_tile_2816_1536.png,0,0,0.307419,train,256,/content/drive/MyDrive/phase11-data/data/Steel2/images/87450661_tile_2816_1536.png,/content/drive/MyDrive/phase11-persistent/gt_boundaries/Steel2/87450661_tile_2816_1536.png,0,0,256,256,0,0
Steel2/87450661_tile_2816_1792/x0_y0,Steel2,87450661,87450661_tile_2816_1792.png,0,0,0.304688,train,256,/content/drive/MyDrive/phase11-data/data/Steel2/images/87450661_tile_2816_1792.png,/content/drive/MyDrive/phase11-persistent/gt_boundaries/Steel2/87450661_tile_2816_1792.png,0,0,256,256,0,0
Steel2/87450661_tile_2816_2048/x0_y0,Steel2,87450661,87450661_tile_2816_2048.png,0,0,0.307098,train,256,/content/drive/MyDrive/phase11-data/data/Steel2/images/87450661_tile_2816_2048.png,/content/drive/MyDrive/phase11-persistent/gt_boundaries/Steel2/87450661_tile_2816_2048.png,0,0,256,256,0,0
Steel2/87450661_tile_2816_256/x0_y0,Steel2,87450661,87450661_tile_2816_256.png,0,0,0.266144,train,256,/content/drive/MyDrive/phase11-data/data/Steel2/images/87450661_tile_2816_256.png,/content/drive/MyDrive/phase11-persistent/gt_boundaries/Steel2/87450661_tile_2816_256.png,0,0,256,256,0,0
Steel2/87450661_tile_2816_512/x0_y0,Steel2,87450661,87450661_tile_2816_512.png,0,0,0.246597,train,256,/content/drive/MyDrive/phase11-data/data/Steel2/images/87450661_tile_2816_512.png,/content/drive/MyDrive/phase11-persistent/gt_boundaries/Steel2/87450661_tile_2816_512.png,0,0,256,256,0,0
Steel2/87450661_tile_2816_768/x0_y0,Steel2,87450661,87450661_tile_2816_768.png,0,0,0.322052,train,256,/content/drive/MyDrive/phase11-data/data/Steel2/images/87450661_tile_2816_768.png,/content/drive/MyDrive/phase11-persistent/gt_boundaries/Steel2/87450661_tile_2816_768.png,0,0,256,256,0,0
Steel2/87450661_tile_3072_0/x0_y0,Steel2,87450661,87450661_tile_3072_0.png,0,0,0.208389,train,256,/content/drive/MyDrive/phase11-data/data/Steel2/images/87450661_tile_3072_0.png,/content/drive/MyDrive/phase11-persistent/gt_boundaries/Steel2/87450661_tile_3072_0.png,0,0,256,256,0,0
Steel2/87450661_tile_3072_1024/x0_y0,Steel2,87450661,87450661_tile_3072_1024.png,0,0,0.284653,train,256,/content/drive/MyDrive/phase11-data/data/Steel2/images/87450661_tile_3072_1024.png,/content/drive/MyDrive/phase11-persistent/gt_boundaries/Steel2/87450661_tile_3072_1024.png,0,0,256,256,0,0
Steel2/87450661_tile_3072_1280/x0_y0,Steel2,87450661,87450661_tile_3072_1280.png,0,0,0.337769,train,256,/content/drive/MyDrive/phase11-data/data/Steel2/images/87450661_tile_3072_1280.png,/content/drive/MyDrive/phase11-persistent/gt_boundaries/Steel2/87450661_tile_3072_1280.png,0,0,256,256,0,0
Steel2/87450661_tile_3072_1536/x0_y0,Steel2,87450661,87450661_tile_3072_1536.png,0,0,0.329514,train,256,/content/drive/MyDrive/phase11-data/data/Steel2/images/87450661_tile_3072_1536.png,/content/drive/MyDrive/phase11-persistent/gt_boundaries/Steel2/87450661_tile_3072_1536.png,0,0,256,256,0,0
Steel2/87450661_tile_3072_1792/x0_y0,Steel2,87450661,87450661_tile_3072_1792.png,0,0,0.32193,train,256,/content/drive/MyDrive/phase11-data/data/Steel2/images/87450661_tile_3072_1792.png,/content/drive/MyDrive/phase11-persistent/gt_boundaries/Steel2/87450661_tile_3072_1792.png,0,0,256,256,0,0
Steel2/87450661_tile_3072_2048/x0_y0,Steel2,87450661,87450661_tile_3072_2048.png,0,0,0.333313,train,256,/content/drive/MyDrive/phase11-data/data/Steel2/images/87450661_tile_3072_2048.png,/content/drive/MyDrive/phase11-persistent/gt_boundaries/Steel2/87450661_tile_3072_2048.png,0,0,256,256,0,0
Steel2/87450661_tile_3072_256/x0_y0,Steel2,87450661,87450661_tile_3072_256.png,0,0,0.253174,train,256,/content/drive/MyDrive/phase11-data/data/Steel2/images/87450661_tile_3072_256.png,/content/drive/MyDrive/phase11-persistent/gt_boundaries/Steel2/87450661_tile_3072_256.png,0,0,256,256,0,0
Steel2/87450661_tile_3072_512/x0_y0,Steel2,87450661,87450661_tile_3072_512.png,0,0,0.283371,train,256,/content/drive/MyDrive/phase11-data/data/Steel2/images/87450661_tile_3072_512.png,/content/drive/MyDrive/phase11-persistent/gt_boundaries/Steel2/87450661_tile_3072_512.png,0,0,256,256,0,0
Steel2/87450661_tile_3072_768/x0_y0,Steel2,87450661,87450661_tile_3072_768.png,0,0,0.310303,train,256,/content/drive/MyDrive/phase11-data/data/Steel2/images/87450661_tile_3072_768.png,/content/drive/MyDrive/phase11-persistent/gt_boundaries/Steel2/87450661_tile_3072_768.png,0,0,256,256,0,0
Steel2/87450661_tile_3328_0/x0_y0,Steel2,87450661,87450661_tile_3328_0.png,0,0,0.17067,train,256,/content/drive/MyDrive/phase11-data/data/Steel2/images/87450661_tile_3328_0.png,/content/drive/MyDrive/phase11-persistent/gt_boundaries/Steel2/87450661_tile_3328_0.png,0,0,256,256,0,0
Steel2/87450661_tile_3328_1024/x0_y0,Steel2,87450661,87450661_tile_3328_1024.png,0,0,0.18486,train,256,/content/drive/MyDrive/phase11-data/data/Steel2/images/87450661_tile_3328_1024.png,/content/drive/MyDrive/phase11-persistent/gt_boundaries/Steel2/87450661_tile_3328_1024.png,0,0,256,256,0,0
Steel2/87450661_tile_3328_1280/x0_y0,Steel2,87450661,87450661_tile_3328_1280.png,0,0,0.194107,train,256,/content/drive/MyDrive/phase11-data/data/Steel2/images/87450661_tile_3328_1280.png,/content/drive/MyDrive/phase11-persistent/gt_boundaries/Steel2/87450661_tile_3328_1280.png,0,0,256,256,0,0
Steel2/87450661_tile_3328_1536/x0_y0,Steel2,87450661,87450661_tile_3328_1536.png,0,0,0.202698,train,256,/content/drive/MyDrive/phase11-data/data/Steel2/images/87450661_tile_3328_1536.png,/content/drive/MyDrive/phase11-persistent/gt_boundaries/Steel2/87450661_tile_3328_1536.png,0,0,256,256,0,0
Steel2/87450661_tile_3328_1792/x0_y0,Steel2,87450661,87450661_tile_3328_1792.png,0,0,0.212585,train,256,/content/drive/MyDrive/phase11-data/data/Steel2/images/87450661_tile_3328_1792.png,/content/drive/MyDrive/phase11-persistent/gt_boundaries/Steel2/87450661_tile_3328_1792.png,0,0,256,256,0,0
Steel2/87450661_tile_3328_2048/x0_y0,Steel2,87450661,87450661_tile_3328_2048.png,0,0,0.19313,train,256,/content/drive/MyDrive/phase11-data/data/Steel2/images/87450661_tile_3328_2048.png,/content/drive/MyDrive/phase11-persistent/gt_boundaries/Steel2/87450661_tile_3328_2048.png,0,0,256,256,0,0
Steel2/87450661_tile_3328_256/x0_y0,Steel2,87450661,87450661_tile_3328_256.png,0,0,0.179504,train,256,/content/drive/MyDrive/phase11-data/data/Steel2/images/87450661_tile_3328_256.png,/content/drive/MyDrive/phase11-persistent/gt_boundaries/Steel2/87450661_tile_3328_256.png,0,0,256,256,0,0
Steel2/87450661_tile_3328_512/x0_y0,Steel2,87450661,87450661_tile_3328_512.png,0,0,0.198318,train,256,/content/drive/MyDrive/phase11-data/data/Steel2/images/87450661_tile_3328_512.png,/content/drive/MyDrive/phase11-persistent/gt_boundaries/Steel2/87450661_tile_3328_512.png,0,0,256,256,0,0
Steel2/87450661_tile_3328_768/x0_y0,Steel2,87450661,87450661_tile_3328_768.png,0,0,0.206345,train,256,/content/drive/MyDrive/phase11-data/data/Steel2/images/87450661_tile_3328_768.png,/content/drive/MyDrive/phase11-persistent/gt_boundaries/Steel2/87450661_tile_3328_768.png,0,0,256,256,0,0
Steel2/87450661_tile_512_0/x0_y0,Steel2,87450661,87450661_tile_512_0.png,0,0,0.195389,train,256,/content/drive/MyDrive/phase11-data/data/Steel2/images/87450661_tile_512_0.png,/content/drive/MyDrive/phase11-persistent/gt_boundaries/Steel2/87450661_tile_512_0.png,0,0,256,256,0,0
Steel2/87450661_tile_512_1024/x0_y0,Steel2,87450661,87450661_tile_512_1024.png,0,0,0.203949,train,256,/content/drive/MyDrive/phase11-data/data/Steel2/images/87450661_tile_512_1024.png,/content/drive/MyDrive/phase11-persistent/gt_boundaries/Steel2/87450661_tile_512_1024.png,0,0,256,256,0,0
Steel2/87450661_tile_512_1280/x0_y0,Steel2,87450661,87450661_tile_512_1280.png,0,0,0.179321,train,256,/content/drive/MyDrive/phase11-data/data/Steel2/images/87450661_tile_512_1280.png,/content/drive/MyDrive/phase11-persistent/gt_boundaries/Steel2/87450661_tile_512_1280.png,0,0,256,256,0,0
Steel2/87450661_tile_512_1536/x0_y0,Steel2,87450661,87450661_tile_512_1536.png,0,0,0.17807,train,256,/content/drive/MyDrive/phase11-data/data/Steel2/images/87450661_tile_512_1536.png,/content/drive/MyDrive/phase11-persistent/gt_boundaries/Steel2/87450661_tile_512_1536.png,0,0,256,256,0,0
Steel2/87450661_tile_512_1792/x0_y0,Steel2,87450661,87450661_tile_512_1792.png,0,0,0.162216,train,256,/content/drive/MyDrive/phase11-data/data/Steel2/images/87450661_tile_512_1792.png,/content/drive/MyDrive/phase11-persistent/gt_boundaries/Steel2/87450661_tile_512_1792.png,0,0,256,256,0,0
Steel2/87450661_tile_512_2048/x0_y0,Steel2,87450661,87450661_tile_512_2048.png,0,0,0.201797,train,256,/content/drive/MyDrive/phase11-data/data/Steel2/images/87450661_tile_512_2048.png,/content/drive/MyDrive/phase11-persistent/gt_boundaries/Steel2/87450661_tile_512_2048.png,0,0,256,256,0,0
Steel2/87450661_tile_512_256/x0_y0,Steel2,87450661,87450661_tile_512_256.png,0,0,0.194427,train,256,/content/drive/MyDrive/phase11-data/data/Steel2/images/87450661_tile_512_256.png,/content/drive/MyDrive/phase11-persistent/gt_boundaries/Steel2/87450661_tile_512_256.png,0,0,256,256,0,0
Steel2/87450661_tile_512_512/x0_y0,Steel2,87450661,87450661_tile_512_512.png,0,0,0.177475,train,256,/content/drive/MyDrive/phase11-data/data/Steel2/images/87450661_tile_512_512.png,/content/drive/MyDrive/phase11-persistent/gt_boundaries/Steel2/87450661_tile_512_512.png,0,0,256,256,0,0
Steel2/87450661_tile_512_768/x0_y0,Steel2,87450661,87450661_tile_512_768.png,0,0,0.187363,train,256,/content/drive/MyDrive/phase11-data/data/Steel2/images/87450661_tile_512_768.png,/content/drive/MyDrive/phase11-persistent/gt_boundaries/Steel2/87450661_tile_512_768.png,0,0,256,256,0,0
Steel2/87450661_tile_768_0/x0_y0,Steel2,87450661,87450661_tile_768_0.png,0,0,0.196228,train,256,/content/drive/MyDrive/phase11-data/data/Steel2/images/87450661_tile_768_0.png,/content/drive/MyDrive/phase11-persistent/gt_boundaries/Steel2/87450661_tile_768_0.png,0,0,256,256,0,0
Steel2/87450661_tile_768_1024/x0_y0,Steel2,87450661,87450661_tile_768_1024.png,0,0,0.187759,train,256,/content/drive/MyDrive/phase11-data/data/Steel2/images/87450661_tile_768_1024.png,/content/drive/MyDrive/phase11-persistent/gt_boundaries/Steel2/87450661_tile_768_1024.png,0,0,256,256,0,0
Steel2/87450661_tile_768_1280/x0_y0,Steel2,87450661,87450661_tile_768_1280.png,0,0,0.204437,train,256,/content/drive/MyDrive/phase11-data/data/Steel2/images/87450661_tile_768_1280.png,/content/drive/MyDrive/phase11-persistent/gt_boundaries/Steel2/87450661_tile_768_1280.png,0,0,256,256,0,0
Steel2/87450661_tile_768_1536/x0_y0,Steel2,87450661,87450661_tile_768_1536.png,0,0,0.178604,train,256,/content/drive/MyDrive/phase11-data/data/Steel2/images/87450661_tile_768_1536.png,/content/drive/MyDrive/phase11-persistent/gt_boundaries/Steel2/87450661_tile_768_1536.png,0,0,256,256,0,0
Steel2/87450661_tile_768_1792/x0_y0,Steel2,87450661,87450661_tile_768_1792.png,0,0,0.195374,train,256,/content/drive/MyDrive/phase11-data/data/Steel2/images/87450661_tile_768_1792.png,/content/drive/MyDrive/phase11-persistent/gt_boundaries/Steel2/87450661_tile_768_1792.png,0,0,256,256,0,0
Steel2/87450661_tile_768_2048/x0_y0,Steel2,87450661,87450661_tile_768_2048.png,0,0,0.177292,train,256,/content/drive/MyDrive/phase11-data/data/Steel2/images/87450661_tile_768_2048.png,/content/drive/MyDrive/phase11-persistent/gt_boundaries/Steel2/87450661_tile_768_2048.png,0,0,256,256,0,0
Steel2/87450661_tile_768_256/x0_y0,Steel2,87450661,87450661_tile_768_256.png,0,0,0.190948,train,256,/content/drive/MyDrive/phase11-data/data/Steel2/images/87450661_tile_768_256.png,/content/drive/MyDrive/phase11-persistent/gt_boundaries/Steel2/87450661_tile_768_256.png,0,0,256,256,0,0
Steel2/87450661_tile_768_512/x0_y0,Steel2,87450661,87450661_tile_768_512.png,0,0,0.203781,train,256,/content/drive/MyDrive/phase11-data/data/Steel2/images/87450661_tile_768_512.png,/content/drive/MyDrive/phase11-persistent/gt_boundaries/Steel2/87450661_tile_768_512.png,0,0,256,256,0,0
Steel2/87450661_tile_768_768/x0_y0,Steel2,87450661,87450661_tile_768_768.png,0,0,0.16481,train,256,/content/drive/MyDrive/phase11-data/data/Steel2/images/87450661_tile_768_768.png,/content/drive/MyDrive/phase11-persistent/gt_boundaries/Steel2/87450661_tile_768_768.png,0,0,256,256,0,0
